rectangular plate barcode labels for PIXL-Spinnaker	sample	experiment sheet	dilution or cells/uL	uL plated	agar_plate_media	media batch date	Unnamed: 7	Unnamed: 8	__stage	__source_sheet	target_plate_ID	library	array density	link	target_plate_media_type	media_batch_date	glycerol_stock_label	Unnamed: 9	Unnamed: 10	barcode	plate_media	MAT alpha array barcode (typically a MAGESTIC array, also can be yT100)	MAT a barcoder array (REDI BC V5 and yT182/yT183)	MAT alpha array description (MAGESTIC/MARVEL libraries, yT100, etc.)	MAT a array description (SHA435 REDI BC V5, yT18X, etc.)	RED	BLUE	YELLOW	GREEN	plate media	dilution	384 YPD+G418 agar plate barcode	384 YPD+G418 glycerol stock plate label	Unnamed: 2	Unnamed: 3	1536 consolidation plate description	Unnamed: 5	Unnamed: 6	Unnamed: 11	Unnamed: 12	batch_number	rearray_file_number_suffix	Target_plate_ID	first_source_plate	second_source_plate	total_colonies_from_first_source_plate	total_colonies_from_second_source_plate	for REDI plate
1000.0	"yL274+yL275+yL276 barcoded           12500-fold dilution
with additional 6g YPD+G418              100 uL
O/N outgrowth 20220426                     "	source	random spread		nan		nan	nan	Source	Source_Plates_1000-1999																																						
1001.0	"yL274+yL275+yL276 barcoded           12500-fold dilution
with additional 6g YPD+G418              100 uL
O/N outgrowth 20220426                     "	source	random spread		nan		nan	nan	Source	Source_Plates_1000-1999																																						
1002.0	"yL274+yL275+yL276 barcoded           12500-fold dilution
with additional 6g YPD+G418              100 uL
O/N outgrowth 20220426                     "	source	random spread		nan		nan	nan	Source	Source_Plates_1000-1999																																						
1003.0	"yL274+yL275+yL276 barcoded           12500-fold dilution
with additional 6g YPD+G418              100 uL
O/N outgrowth 20220426                     "	source	random spread		nan		nan	nan	Source	Source_Plates_1000-1999																																						
1004.0	"yL274+yL275+yL276 barcoded           12500-fold dilution
with additional 6g YPD+G418              100 uL
O/N outgrowth 20220426                     "	source	random spread		nan		nan	nan	Source	Source_Plates_1000-1999																																						
1005.0	"yL274+yL275+yL276 barcoded           12500-fold dilution
with additional 6g YPD+G418              100 uL
O/N outgrowth 20220426                     "	source	random spread		nan		nan	nan	Source	Source_Plates_1000-1999																																						
1006.0	"yL274+yL275+yL276 barcoded           12500-fold dilution
with additional 6g YPD+G418              100 uL
O/N outgrowth 20220426                     "	source	random spread		nan		nan	nan	Source	Source_Plates_1000-1999																																						
1007.0	"yL274+yL275+yL276 barcoded           12500-fold dilution
with additional 6g YPD+G418              100 uL
O/N outgrowth 20220426                     "	source	random spread		nan		nan	nan	Source	Source_Plates_1000-1999																																						
1008.0	"yL274+yL275+yL276 barcoded           12500-fold dilution
with additional 6g YPD+G418              100 uL
O/N outgrowth 20220426                     "	source	random spread		nan		nan	nan	Source	Source_Plates_1000-1999																																						
1009.0	"yL274+yL275+yL276 barcoded           12500-fold dilution
with additional 6g YPD+G418              100 uL
O/N outgrowth 20220426                     "	source	random spread		nan		nan	nan	Source	Source_Plates_1000-1999																																						
1010.0	"yL274+yL275+yL276 barcoded           12500-fold dilution
with additional 6g YPD+G418              100 uL
O/N outgrowth 20220426                     "	source	random spread		nan		nan	nan	Source	Source_Plates_1000-1999																																						
1011.0	yL274+yL275+yL276	target	1536		nan		nan	nan	Source	Source_Plates_1000-1999																																						
1012.0	yL274+yL275+yL276	target	nan		nan		nan	nan	Source	Source_Plates_1000-1999																																						
1013.0	yL274+yL275+yL276	target	nan		nan		nan	nan	Source	Source_Plates_1000-1999																																						
1014.0	yL274+yL275+yL276	target	nan		nan		nan	nan	Source	Source_Plates_1000-1999																																						
1015.0	yL274+yL275+yL276	target	nan		nan		nan	nan	Source	Source_Plates_1000-1999																																						
1016.0	yL274+yL275+yL276	target	nan		nan		nan	nan	Source	Source_Plates_1000-1999																																						
1017.0	nan	nan	nan		nan		nan	nan	Source	Source_Plates_1000-1999																																						
1018.0	nan	nan	nan		nan		nan	nan	Source	Source_Plates_1000-1999																																						
1019.0	nan	nan	nan		nan		nan	nan	Source	Source_Plates_1000-1999																																						
1020.0	nan	nan	nan		nan		nan	nan	Source	Source_Plates_1000-1999																																						
1021.0	nan	nan	nan		nan		nan	nan	Source	Source_Plates_1000-1999																																						
1022.0	nan	nan	nan		nan		nan	nan	Source	Source_Plates_1000-1999																																						
1023.0	nan	nan	nan		nan		nan	nan	Source	Source_Plates_1000-1999																																						
1024.0	nan	nan	nan		nan		nan	nan	Source	Source_Plates_1000-1999																																						
1025.0	nan	nan	nan		nan		nan	nan	Source	Source_Plates_1000-1999																																						
1026.0	nan	nan	nan		nan		nan	nan	Source	Source_Plates_1000-1999																																						
1027.0	nan	nan	nan		nan		nan	nan	Source	Source_Plates_1000-1999																																						
1028.0	nan	nan	nan		nan		nan	nan	Source	Source_Plates_1000-1999																																						
1029.0	nan	nan	nan		nan		nan	nan	Source	Source_Plates_1000-1999																																						
1030.0	nan	nan	nan		nan		nan	nan	Source	Source_Plates_1000-1999																																						
1031.0	nan	nan	nan		nan		nan	nan	Source	Source_Plates_1000-1999																																						
1032.0	nan	nan	nan		nan		nan	nan	Source	Source_Plates_1000-1999																																						
1033.0	nan	nan	nan		nan		nan	nan	Source	Source_Plates_1000-1999																																						
1034.0	nan	nan	nan		nan		nan	nan	Source	Source_Plates_1000-1999																																						
1035.0	nan	nan	nan		nan		nan	nan	Source	Source_Plates_1000-1999																																						
1036.0	nan	nan	nan		nan		nan	nan	Source	Source_Plates_1000-1999																																						
1037.0	nan	nan	nan		nan		nan	nan	Source	Source_Plates_1000-1999																																						
1038.0	nan	nan	nan		nan		nan	nan	Source	Source_Plates_1000-1999																																						
1039.0	nan	nan	nan		nan		nan	nan	Source	Source_Plates_1000-1999																																						
1040.0	nan	nan	nan		nan		nan	nan	Source	Source_Plates_1000-1999																																						
1041.0	nan	nan	nan		nan		nan	nan	Source	Source_Plates_1000-1999																																						
1042.0	nan	nan	nan		nan		nan	nan	Source	Source_Plates_1000-1999																																						
1043.0	nan	nan	nan		nan		nan	nan	Source	Source_Plates_1000-1999																																						
1044.0	nan	nan	nan		nan		nan	nan	Source	Source_Plates_1000-1999																																						
1045.0	nan	nan	nan		nan		nan	nan	Source	Source_Plates_1000-1999																																						
1046.0	nan	nan	nan		nan		nan	nan	Source	Source_Plates_1000-1999																																						
1047.0	nan	nan	nan		nan		nan	nan	Source	Source_Plates_1000-1999																																						
1048.0	nan	nan	nan		nan		nan	nan	Source	Source_Plates_1000-1999																																						
1049.0	nan	nan	nan		nan		nan	nan	Source	Source_Plates_1000-1999																																						
1050.0	nan	nan	nan		nan		nan	nan	Source	Source_Plates_1000-1999																																						
1051.0	nan	nan	nan		nan		nan	nan	Source	Source_Plates_1000-1999																																						
1052.0	nan	nan	nan		nan		nan	nan	Source	Source_Plates_1000-1999																																						
1053.0	nan	nan	nan		nan		nan	nan	Source	Source_Plates_1000-1999																																						
1054.0	nan	nan	nan		nan		nan	nan	Source	Source_Plates_1000-1999																																						
1055.0	nan	nan	nan		nan		nan	nan	Source	Source_Plates_1000-1999																																						
1056.0	nan	nan	nan		nan		nan	nan	Source	Source_Plates_1000-1999																																						
1057.0	nan	nan	nan		nan		nan	nan	Source	Source_Plates_1000-1999																																						
1058.0	nan	nan	nan		nan		nan	nan	Source	Source_Plates_1000-1999																																						
1059.0	nan	nan	nan		nan		nan	nan	Source	Source_Plates_1000-1999																																						
1060.0	nan	nan	nan		nan		nan	nan	Source	Source_Plates_1000-1999																																						
1061.0	nan	nan	nan		nan		nan	nan	Source	Source_Plates_1000-1999																																						
1062.0	nan	nan	nan		nan		nan	nan	Source	Source_Plates_1000-1999																																						
1063.0	nan	nan	nan		nan		nan	nan	Source	Source_Plates_1000-1999																																						
1064.0	nan	nan	nan		nan		nan	nan	Source	Source_Plates_1000-1999																																						
1065.0	nan	nan	nan		nan		nan	nan	Source	Source_Plates_1000-1999																																						
1066.0	nan	nan	nan		nan		nan	nan	Source	Source_Plates_1000-1999																																						
1067.0	nan	nan	nan		nan		nan	nan	Source	Source_Plates_1000-1999																																						
1068.0	nan	nan	nan		nan		nan	nan	Source	Source_Plates_1000-1999																																						
1069.0	nan	nan	nan		nan		nan	nan	Source	Source_Plates_1000-1999																																						
1070.0	nan	nan	nan		nan		nan	nan	Source	Source_Plates_1000-1999																																						
1071.0	nan	nan	nan		nan		nan	nan	Source	Source_Plates_1000-1999																																						
1072.0	nan	nan	nan		nan		nan	nan	Source	Source_Plates_1000-1999																																						
1073.0	nan	nan	nan		nan		nan	nan	Source	Source_Plates_1000-1999																																						
1074.0	nan	nan	nan		nan		nan	nan	Source	Source_Plates_1000-1999																																						
1075.0	nan	nan	nan		nan		nan	nan	Source	Source_Plates_1000-1999																																						
1076.0	nan	nan	nan		nan		nan	nan	Source	Source_Plates_1000-1999																																						
1077.0	nan	nan	nan		nan		nan	nan	Source	Source_Plates_1000-1999																																						
1078.0	nan	nan	nan		nan		nan	nan	Source	Source_Plates_1000-1999																																						
1079.0	nan	nan	nan		nan		nan	nan	Source	Source_Plates_1000-1999																																						
1080.0	nan	nan	nan		nan		nan	nan	Source	Source_Plates_1000-1999																																						
1081.0	nan	nan	nan		nan		nan	nan	Source	Source_Plates_1000-1999																																						
1082.0	nan	nan	nan		nan		nan	nan	Source	Source_Plates_1000-1999																																						
1083.0	nan	nan	nan		nan		nan	nan	Source	Source_Plates_1000-1999																																						
1084.0	nan	nan	nan		nan		nan	nan	Source	Source_Plates_1000-1999																																						
1085.0	nan	nan	nan		nan		nan	nan	Source	Source_Plates_1000-1999																																						
1086.0	nan	nan	nan		nan		nan	nan	Source	Source_Plates_1000-1999																																						
1087.0	nan	nan	nan		nan		nan	nan	Source	Source_Plates_1000-1999																																						
1088.0	nan	nan	nan		nan		nan	nan	Source	Source_Plates_1000-1999																																						
1089.0	nan	nan	nan		nan		nan	nan	Source	Source_Plates_1000-1999																																						
1090.0	nan	nan	nan		nan		nan	nan	Source	Source_Plates_1000-1999																																						
1091.0	nan	nan	nan		nan		nan	nan	Source	Source_Plates_1000-1999																																						
1092.0	nan	nan	nan		nan		nan	nan	Source	Source_Plates_1000-1999																																						
1093.0	nan	nan	nan		nan		nan	nan	Source	Source_Plates_1000-1999																																						
1094.0	nan	nan	nan		nan		nan	nan	Source	Source_Plates_1000-1999																																						
1095.0	nan	nan	nan		nan		nan	nan	Source	Source_Plates_1000-1999																																						
1096.0	nan	nan	nan		nan		nan	nan	Source	Source_Plates_1000-1999																																						
1097.0	nan	nan	nan		nan		nan	nan	Source	Source_Plates_1000-1999																																						
1098.0	nan	nan	nan		nan		nan	nan	Source	Source_Plates_1000-1999																																						
1099.0	nan	nan	nan		nan		nan	nan	Source	Source_Plates_1000-1999																																						
1100.0	nan	nan	nan		nan		nan	nan	Source	Source_Plates_1000-1999																																						
1101.0	yL284	nan	nan		nan		nan	nan	Source	Source_Plates_1000-1999																																						
1102.0	yL274 plate wash + YPD+G418 O/N glycerol stock into 1st CSM-HIS+Galactose 20220508    2500-fold dilution in H2O --> 50 uL plated   onto CSM-HIS+5FOA	nan	nan		nan		nan	nan	Source	Source_Plates_1000-1999																																						
1103.0	yL274 plate wash + YPD+G418 O/N glycerol stock into 1st CSM-HIS+Galactose 20220508    2500-fold dilution in H2O --> 100 uL plated   onto CSM-HIS+5FOA	nan	nan		nan		nan	nan	Source	Source_Plates_1000-1999																																						
1104.0	yL274 plate wash + YPD+G418 O/N glycerol stock into 1st CSM-HIS+Galactose 20220508    2500-fold dilution in H2O --> 200 uL plated   onto CSM-HIS+5FOA	nan	nan		nan		nan	nan	Source	Source_Plates_1000-1999																																						
1105.0	yL274 plate wash + YPD+G418 O/N glycerol stock into 1st CSM-HIS+Galactose 20220508    2500-fold dilution in H2O --> 400 uL plated   onto CSM-HIS+5FOA	nan	nan		nan		nan	nan	Source	Source_Plates_1000-1999																																						
1106.0	yL279 plate wash + YPD+G418 O/N glycerol stock into 1st CSM-HIS+Galactose 20220508    2500-fold dilution in H2O --> 50 uL plated   onto CSM-HIS+5FOA	nan	nan		nan		nan	nan	Source	Source_Plates_1000-1999																																						
1107.0	yL279 plate wash + YPD+G418 O/N glycerol stock into 1st CSM-HIS+Galactose 20220508    2500-fold dilution in H2O --> 100 uL plated   onto CSM-HIS+5FOA	nan	nan		nan		nan	nan	Source	Source_Plates_1000-1999																																						
1108.0	yL279 plate wash + YPD+G418 O/N glycerol stock into 1st CSM-HIS+Galactose 20220508    2500-fold dilution in H2O --> 200 uL plated   onto CSM-HIS+5FOA	nan	nan		nan		nan	nan	Source	Source_Plates_1000-1999																																						
1109.0	yL279 plate wash + YPD+G418 O/N glycerol stock into 1st CSM-HIS+Galactose 20220508    2500-fold dilution in H2O --> 400 uL plated   onto CSM-HIS+5FOA	nan	nan		nan		nan	nan	Source	Source_Plates_1000-1999																																						
1110.0	yL274 plate wash + YPD+G418 O/N glycerol stock into 2nd CSM-HIS+Galactose 20220509    2500-fold dilution in H2O --> 200 uL plated onto CSM-HIS+5FOA	nan	nan		nan		nan	nan	Source	Source_Plates_1000-1999																																						
1111.0	yL274 plate wash + YPD+G418 O/N glycerol stock into 2nd CSM-HIS+Galactose 20220509    2500-fold dilution in H2O --> 200 uL plated onto CSM-HIS+5FOA	nan	nan		nan		nan	nan	Source	Source_Plates_1000-1999																																						
1112.0	yL274 plate wash + YPD+G418 O/N glycerol stock into 2nd CSM-HIS+Galactose 20220509    2500-fold dilution in H2O --> 200 uL plated onto CSM-HIS+5FOA	nan	nan		nan		nan	nan	Source	Source_Plates_1000-1999																																						
1113.0	yL279 plate wash + YPD+G418 O/N glycerol stock into 2nd CSM-HIS+Galactose 20220509    2500-fold dilution in H2O --> 200 uL plated onto CSM-HIS+5FOA	nan	nan		nan		nan	nan	Source	Source_Plates_1000-1999																																						
1114.0	yL279 plate wash + YPD+G418 O/N glycerol stock into 2nd CSM-HIS+Galactose 20220509    2500-fold dilution in H2O --> 200 uL plated onto CSM-HIS+5FOA	nan	nan		nan		nan	nan	Source	Source_Plates_1000-1999																																						
1115.0	yL279 plate wash + YPD+G418 O/N glycerol stock into 2nd CSM-HIS+Galactose 20220509    2500-fold dilution in H2O --> 200 uL plated onto CSM-HIS+5FOA	nan	nan		nan		nan	nan	Source	Source_Plates_1000-1999																																						
1116.0	yL279 plate wash + YPD+G418 O/N glycerol stock into 2nd CSM-HIS+Galactose 20220509    2500-fold dilution in H2O --> 200 uL plated onto CSM-HIS+5FOA	nan	nan		nan		nan	nan	Source	Source_Plates_1000-1999																																						
1117.0	yL274 plate wash + YPD+G418 O/N glycerol stock into 1st CSM-HIS+Galactose 20220508    2500-fold dilution in H2O --> 200 uL plated onto CSM-HIS+5FOA	nan	nan		nan		nan	nan	Source	Source_Plates_1000-1999																																						
1118.0	yL274 plate wash + YPD+G418 O/N glycerol stock into 1st CSM-HIS+Galactose 20220508    2500-fold dilution in H2O --> 200 uL plated onto CSM-HIS+5FOA	nan	nan		nan		nan	nan	Source	Source_Plates_1000-1999																																						
1119.0	yL274 plate wash + YPD+G418 O/N glycerol stock into 1st CSM-HIS+Galactose 20220508    2500-fold dilution in H2O --> 200 uL plated onto CSM-HIS+5FOA	nan	nan		nan		nan	nan	Source	Source_Plates_1000-1999																																						
1120.0	yL274 plate wash + YPD+G418 O/N glycerol stock into 1st CSM-HIS+Galactose 20220508    2500-fold dilution in H2O --> 200 uL plated onto CSM-HIS+5FOA	nan	nan		nan		nan	nan	Source	Source_Plates_1000-1999																																						
1121.0	yL279 plate wash + YPD+G418 O/N glycerol stock into 1st CSM-HIS+Galactose 20220508    2500-fold dilution in H2O --> 200 uL plated onto CSM-HIS+5FOA	nan	nan		nan		nan	nan	Source	Source_Plates_1000-1999																																						
1122.0	yL279 plate wash + YPD+G418 O/N glycerol stock into 1st CSM-HIS+Galactose 20220508    2500-fold dilution in H2O --> 200 uL plated onto CSM-HIS+5FOA	nan	nan		nan		nan	nan	Source	Source_Plates_1000-1999																																						
1123.0	yL279 plate wash + YPD+G418 O/N glycerol stock into 1st CSM-HIS+Galactose 20220508    2500-fold dilution in H2O --> 200 uL plated onto CSM-HIS+5FOA	nan	nan		nan		nan	nan	Source	Source_Plates_1000-1999																																						
1124.0	yL279 plate wash + YPD+G418 O/N glycerol stock into 1st CSM-HIS+Galactose 20220508    2500-fold dilution in H2O --> 200 uL plated onto CSM-HIS+5FOA	nan	nan		nan		nan	nan	Source	Source_Plates_1000-1999																																						
1125.0	yL279 plate wash + YPD+G418 O/N glycerol stock into 1st CSM-HIS+Galactose 20220508    2500-fold dilution in H2O --> 200 uL plated onto CSM-HIS+5FOA	nan	nan		nan		nan	nan	Source	Source_Plates_1000-1999																																						
1126.0	yL274 plate wash + YPD+G418 O/N glycerol stock into 2nd CSM-HIS+Galactose 20220509    2500-fold dilution in H2O --> 50 uL plated onto CSM-HIS+5FOA	nan	nan		nan		nan	nan	Source	Source_Plates_1000-1999																																						
1127.0	yL274 plate wash + YPD+G418 O/N glycerol stock into 2nd CSM-HIS+Galactose 20220509    2500-fold dilution in H2O --> 50 uL plated onto CSM-HIS+5FOA	nan	nan		nan		nan	nan	Source	Source_Plates_1000-1999																																						
1128.0	yL274 plate wash + YPD+G418 O/N glycerol stock into 2nd CSM-HIS+Galactose 20220509    2500-fold dilution in H2O --> 50 uL plated onto CSM-HIS+5FOA	nan	nan		nan		nan	nan	Source	Source_Plates_1000-1999																																						
1129.0	yL274 plate wash + YPD+G418 O/N glycerol stock into 2nd CSM-HIS+Galactose 20220509    2500-fold dilution in H2O --> 50 uL plated onto CSM-HIS+5FOA	nan	nan		nan		nan	nan	Source	Source_Plates_1000-1999																																						
1130.0	yL279 plate wash + YPD+G418 O/N glycerol stock into 2nd CSM-HIS+Galactose 20220509    2500-fold dilution in H2O --> 50 uL plated onto CSM-HIS+5FOA	nan	nan		nan		nan	nan	Source	Source_Plates_1000-1999																																						
1131.0	yL279 plate wash + YPD+G418 O/N glycerol stock into 2nd CSM-HIS+Galactose 20220509    2500-fold dilution in H2O --> 50 uL plated onto CSM-HIS+5FOA	nan	nan		nan		nan	nan	Source	Source_Plates_1000-1999																																						
1132.0	yL279 plate wash + YPD+G418 O/N glycerol stock into 2nd CSM-HIS+Galactose 20220509    2500-fold dilution in H2O --> 50 uL plated onto CSM-HIS+5FOA	nan	nan		nan		nan	nan	Source	Source_Plates_1000-1999																																						
1133.0	yL279 plate wash + YPD+G418 O/N glycerol stock into 2nd CSM-HIS+Galactose 20220509    2500-fold dilution in H2O --> 50 uL plated onto CSM-HIS+5FOA	nan	nan		nan		nan	nan	Source	Source_Plates_1000-1999																																						
1134.0	yL279 plate wash + YPD+G418 O/N glycerol stock into 2nd CSM-HIS+Galactose 20220509    2500-fold dilution in H2O --> 50 uL plated onto CSM-HIS+5FOA	nan	nan		nan		nan	nan	Source	Source_Plates_1000-1999																																						
1135.0	yL279 plate wash + YPD+G418 O/N glycerol stock into 2nd CSM-HIS+Galactose 20220509    2500-fold dilution in H2O --> 50 uL plated onto CSM-HIS+5FOA	nan	nan		nan		nan	nan	Source	Source_Plates_1000-1999																																						
1136.0	yL279 plate wash + YPD+G418 O/N glycerol stock into 2nd CSM-HIS+Galactose 20220509    2500-fold dilution in H2O --> 50 uL plated onto CSM-HIS+5FOA	nan	nan		nan		nan	nan	Source	Source_Plates_1000-1999																																						
1137.0	yL279 plate wash + YPD+G418 O/N glycerol stock into 2nd CSM-HIS+Galactose 20220509    2500-fold dilution in H2O --> 50 uL plated onto CSM-HIS+5FOA	nan	nan		nan		nan	nan	Source	Source_Plates_1000-1999																																						
1138.0	yL274 plate wash + YPD+G418 O/N glycerol stock into 2nd CSM-HIS+Galactose 20220509    2500-fold dilution in H2O --> 50 uL plated onto CSM-HIS+5FOA	nan	nan		nan		nan	nan	Source	Source_Plates_1000-1999																																						
1139.0	yL274 plate wash + YPD+G418 O/N glycerol stock into 2nd CSM-HIS+Galactose 20220509    2500-fold dilution in H2O --> 50 uL plated onto CSM-HIS+5FOA	nan	nan		nan		nan	nan	Source	Source_Plates_1000-1999																																						
1140.0	yL275 plate wash + YPD+G418 O/N glycerol stock into 1st CSM-HIS+Galactose 20220508	nan	nan		nan		nan	nan	Source	Source_Plates_1000-1999																																						
1141.0	yL275 plate wash + YPD+G418 O/N glycerol stock into 1st CSM-HIS+Galactose 20220508	nan	nan		nan		nan	nan	Source	Source_Plates_1000-1999																																						
1142.0	yL275 plate wash + YPD+G418 O/N glycerol stock into 1st CSM-HIS+Galactose 20220508	nan	nan		nan		nan	nan	Source	Source_Plates_1000-1999																																						
1143.0	yL275 plate wash + YPD+G418 O/N glycerol stock into 1st CSM-HIS+Galactose 20220508	nan	nan		nan		nan	nan	Source	Source_Plates_1000-1999																																						
1144.0	yL284 plate wash + YPD+G418 O/N glycerol stock into 1st CSM-HIS+Galactose 20220508	nan	nan		nan		nan	nan	Source	Source_Plates_1000-1999																																						
1145.0	yL284 plate wash + YPD+G418 O/N glycerol stock into 1st CSM-HIS+Galactose 20220508	nan	nan		nan		nan	nan	Source	Source_Plates_1000-1999																																						
1146.0	yL284 plate wash + YPD+G418 O/N glycerol stock into 1st CSM-HIS+Galactose 20220508	nan	nan		nan		nan	nan	Source	Source_Plates_1000-1999																																						
1147.0	yL284 plate wash + YPD+G418 O/N glycerol stock into 1st CSM-HIS+Galactose 20220508	nan	nan		nan		nan	nan	Source	Source_Plates_1000-1999																																						
1148.0	yL275 plate wash + YPD+G418 O/N glycerol stock into 2nd CSM-HIS+Galactose 20220509	nan	nan		nan		nan	nan	Source	Source_Plates_1000-1999																																						
1149.0	yL275 plate wash + YPD+G418 O/N glycerol stock into 2nd CSM-HIS+Galactose 20220509	nan	nan		nan		nan	nan	Source	Source_Plates_1000-1999																																						
1150.0	yL275 plate wash + YPD+G418 O/N glycerol stock into 2nd CSM-HIS+Galactose 20220509	nan	nan		nan		nan	nan	Source	Source_Plates_1000-1999																																						
1151.0	yL275 plate wash + YPD+G418 O/N glycerol stock into 2nd CSM-HIS+Galactose 20220509	nan	nan		nan		nan	nan	Source	Source_Plates_1000-1999																																						
1152.0	yL284 plate wash + YPD+G418 O/N glycerol stock into 2nd CSM-HIS+Galactose 20220509	nan	nan		nan		nan	nan	Source	Source_Plates_1000-1999																																						
1153.0	yL284 plate wash + YPD+G418 O/N glycerol stock into 2nd CSM-HIS+Galactose 20220509	nan	nan		nan		nan	nan	Source	Source_Plates_1000-1999																																						
1154.0	yL284 plate wash + YPD+G418 O/N glycerol stock into 2nd CSM-HIS+Galactose 20220509	nan	nan		nan		nan	nan	Source	Source_Plates_1000-1999																																						
1155.0	yL284 plate wash + YPD+G418 O/N glycerol stock into 2nd CSM-HIS+Galactose 20220509	nan	nan		nan		nan	nan	Source	Source_Plates_1000-1999																																						
1156.0	yL275 plate wash + YPD+G418 O/N glycerol stock into 1st CSM-HIS+Galactose 20220508	nan	nan		nan		nan	nan	Source	Source_Plates_1000-1999																																						
1157.0	yL275 plate wash + YPD+G418 O/N glycerol stock into 1st CSM-HIS+Galactose 20220508	nan	nan		nan		nan	nan	Source	Source_Plates_1000-1999																																						
1158.0	yL275 plate wash + YPD+G418 O/N glycerol stock into 1st CSM-HIS+Galactose 20220508	nan	nan		nan		nan	nan	Source	Source_Plates_1000-1999																																						
1159.0	yL275 plate wash + YPD+G418 O/N glycerol stock into 1st CSM-HIS+Galactose 20220508	nan	nan		nan		nan	nan	Source	Source_Plates_1000-1999																																						
1160.0	yL284 plate wash + YPD+G418 O/N glycerol stock into 1st CSM-HIS+Galactose 20220508	nan	nan		nan		nan	nan	Source	Source_Plates_1000-1999																																						
1161.0	yL284 plate wash + YPD+G418 O/N glycerol stock into 1st CSM-HIS+Galactose 20220508	nan	nan		nan		nan	nan	Source	Source_Plates_1000-1999																																						
1162.0	yL284 plate wash + YPD+G418 O/N glycerol stock into 1st CSM-HIS+Galactose 20220508	nan	nan		nan		nan	nan	Source	Source_Plates_1000-1999																																						
1163.0	yL284 plate wash + YPD+G418 O/N glycerol stock into 1st CSM-HIS+Galactose 20220508	nan	nan		nan		nan	nan	Source	Source_Plates_1000-1999																																						
1164.0	yL275 plate wash + YPD+G418 O/N glycerol stock into 2nd CSM-HIS+Galactose 20220509	nan	nan		nan		nan	nan	Source	Source_Plates_1000-1999																																						
1165.0	yL275 plate wash + YPD+G418 O/N glycerol stock into 2nd CSM-HIS+Galactose 20220509	nan	nan		nan		nan	nan	Source	Source_Plates_1000-1999																																						
1166.0	yL275 plate wash + YPD+G418 O/N glycerol stock into 2nd CSM-HIS+Galactose 20220509	nan	nan		nan		nan	nan	Source	Source_Plates_1000-1999																																						
1167.0	yL275 plate wash + YPD+G418 O/N glycerol stock into 2nd CSM-HIS+Galactose 20220509	nan	nan		nan		nan	nan	Source	Source_Plates_1000-1999																																						
1168.0	yL284 plate wash + YPD+G418 O/N glycerol stock into 2nd CSM-HIS+Galactose 20220509	nan	nan		nan		nan	nan	Source	Source_Plates_1000-1999																																						
1169.0	yL284 plate wash + YPD+G418 O/N glycerol stock into 2nd CSM-HIS+Galactose 20220509	nan	nan		nan		nan	nan	Source	Source_Plates_1000-1999																																						
1170.0	yL284 plate wash + YPD+G418 O/N glycerol stock into 2nd CSM-HIS+Galactose 20220509	nan	nan		nan		nan	nan	Source	Source_Plates_1000-1999																																						
1171.0	yL284 plate wash + YPD+G418 O/N glycerol stock into 2nd CSM-HIS+Galactose 20220509	nan	nan		nan		nan	nan	Source	Source_Plates_1000-1999																																						
1172.0	20220607_SaCas9_X1_guide_donor_cleavage_libraries_trafo_1-1 	20220607_SaCas9_X1_site_SpCas9_trafo	2500	100.0	nan		nan	nan	Source	Source_Plates_1000-1999																																						
1173.0	20220607_SaCas9_X1_guide_donor_cleavage_libraries_trafo_1-2	20220607_SaCas9_X1_site_SpCas9_trafo	2500	100.0	nan		nan	nan	Source	Source_Plates_1000-1999																																						
1174.0	20220607_SaCas9_X1_guide_donor_cleavage_libraries_trafo_1-3	20220607_SaCas9_X1_site_SpCas9_trafo	2500	100.0	nan		nan	nan	Source	Source_Plates_1000-1999																																						
1175.0	20220607_SaCas9_X1_guide_donor_cleavage_libraries_trafo_4-1 	20220607_SaCas9_X1_site_SpCas9_trafo	2500	100.0	nan		nan	nan	Source	Source_Plates_1000-1999																																						
1176.0	20220607_SaCas9_X1_guide_donor_cleavage_libraries_trafo_4-2	20220607_SaCas9_X1_site_SpCas9_trafo	2500	100.0	nan		nan	nan	Source	Source_Plates_1000-1999																																						
1177.0	20220607_SaCas9_X1_guide_donor_cleavage_libraries_trafo_4-3	20220607_SaCas9_X1_site_SpCas9_trafo	2500	100.0	nan		nan	nan	Source	Source_Plates_1000-1999																																						
1178.0	20220504_MAGESTIC_QTL_libraries_yL304_to_yL315 YPD outgrowth time zero 20,000X dilution 100 uL	20220607_SaCas9_X1_guide_donor_cleavage_libraries	20000	100.0	nan		nan	nan	Source	Source_Plates_1000-1999																																						
1179.0	20220504_MAGESTIC_QTL_libraries_yL304_to_yL315 YPD outgrowth time zero 20,000X dilution 150 uL	20220607_SaCas9_X1_guide_donor_cleavage_libraries	20000	150.0	nan		nan	nan	Source	Source_Plates_1000-1999																																						
1180.0	20220504_MAGESTIC_QTL_libraries_yL304_to_yL315 Cadmium Chloride 20,000X dilution 100 uL	20220607_SaCas9_X1_guide_donor_cleavage_libraries	20000	100.0	nan		nan	nan	Source	Source_Plates_1000-1999																																						
1181.0	20220504_MAGESTIC_QTL_libraries_yL304_to_yL315 YP+glycerol 10,000X dilution 100 uL	20220607_SaCas9_X1_guide_donor_cleavage_libraries	10000	100.0	nan		nan	nan	Source	Source_Plates_1000-1999																																						
1182.0	yL320	nan	From the 2nd CSM-URA-HIS+galactose+ 1 μg/mL aTc outgrowth, 25 uL (500 cells) plated onto CSM-HIS-URA+300 uM 5FC		nan		nan	nan	Source	Source_Plates_1000-1999																																						
1183.0	yL320	nan	From the 2nd CSM-URA-HIS+galactose+ 1 μg/mL aTc outgrowth, 25 uL (500 cells) plated onto CSM-HIS-URA+300 uM 5FC		nan		nan	nan	Source	Source_Plates_1000-1999																																						
1184.0	yL320	nan	From the 2nd CSM-URA-HIS+galactose+ 1 μg/mL aTc outgrowth, 50 uL (1000 cells) plated onto CSM-HIS-URA+300 uM 5FC		nan		nan	nan	Source	Source_Plates_1000-1999																																						
1185.0	yL320	nan	From the 2nd CSM-URA-HIS+galactose+ 1 μg/mL aTc outgrowth, 50 uL (1000 cells) plated onto CSM-HIS-URA+300 uM 5FC		nan		nan	nan	Source	Source_Plates_1000-1999																																						
1186.0	yL322	nan	nan		nan		nan	nan	Source	Source_Plates_1000-1999																																						
1187.0	yL322	nan	nan		nan		nan	nan	Source	Source_Plates_1000-1999																																						
1188.0	yL322	nan	nan		nan		nan	nan	Source	Source_Plates_1000-1999																																						
1189.0	yL322	nan	nan		nan		nan	nan	Source	Source_Plates_1000-1999																																						
1190.0	yL324 (SC-Arg-Ura + YNB w/AS + galactose + 1 μg/mL aTc, 3rd passage), plated for 1152 colonies	nan	nan		nan		nan	nan	Source	Source_Plates_1000-1999																																						
1191.0	yL324 (SC-Arg-Ura + YNB w/AS + galactose + 1 μg/mL aTc, 3rd passage), plated for 1152 colonies	nan	nan		nan		nan	nan	Source	Source_Plates_1000-1999																																						
1192.0	yL326 (SC-Arg-Ura + YNB w/AS + galactose + 1 μg/mL aTc, 3rd passage), plated for 1152 colonies	nan	nan		nan		nan	nan	Source	Source_Plates_1000-1999																																						
1193.0	yL326 (SC-Arg-Ura + YNB w/AS + galactose + 1 μg/mL aTc, 3rd passage), plated for 1152 colonies	nan	nan		nan		nan	nan	Source	Source_Plates_1000-1999																																						
1194.0	yL328 (SC-Arg-Ura + YNB w/AS + galactose + 1 μg/mL aTc, 3rd passage), plated for 1152 colonies	nan	nan		nan		nan	nan	Source	Source_Plates_1000-1999																																						
1195.0	yL328 (SC-Arg-Ura + YNB w/AS + galactose + 1 μg/mL aTc, 3rd passage), plated for 1152 colonies	nan	nan		nan		nan	nan	Source	Source_Plates_1000-1999																																						
1196.0	yL330 (SC-Arg-Ura + YNB w/AS + galactose + 1 μg/mL aTc, 3rd passage), plated for 1152 colonies	nan	nan		nan		nan	nan	Source	Source_Plates_1000-1999																																						
1197.0	yL330 (SC-Arg-Ura + YNB w/AS + galactose + 1 μg/mL aTc, 3rd passage), plated for 1152 colonies	nan	nan		nan		nan	nan	Source	Source_Plates_1000-1999																																						
1198.0	yL324 (SC-Arg-Ura + YNB w/AS + galactose + 1 μg/mL aTc, 3rd passage), plated for 1152 colonies	nan	nan		nan		nan	nan	Source	Source_Plates_1000-1999																																						
1199.0	yL324 (SC-Arg-Ura + YNB w/AS + galactose + 1 μg/mL aTc, 3rd passage), plated for 1152 colonies	nan	nan		nan		nan	nan	Source	Source_Plates_1000-1999																																						
1200.0	yL326 (SC-Arg-Ura + YNB w/AS + galactose + 1 μg/mL aTc, 3rd passage), plated for 1152 colonies	nan	nan		nan		nan	nan	Source	Source_Plates_1000-1999																																						
1201.0	yL326 (SC-Arg-Ura + YNB w/AS + galactose + 1 μg/mL aTc, 3rd passage), plated for 1152 colonies	nan	nan		nan		nan	nan	Source	Source_Plates_1000-1999																																						
1202.0	yL328 (SC-Arg-Ura + YNB w/AS + galactose + 1 μg/mL aTc, 3rd passage), plated for 1152 colonies	nan	nan		nan		nan	nan	Source	Source_Plates_1000-1999																																						
1203.0	yL328 (SC-Arg-Ura + YNB w/AS + galactose + 1 μg/mL aTc, 3rd passage), plated for 1152 colonies	nan	nan		nan		nan	nan	Source	Source_Plates_1000-1999																																						
1204.0	yL330 (SC-Arg-Ura + YNB w/AS + galactose + 1 μg/mL aTc, 3rd passage), plated for 1152 colonies	nan	nan		nan		nan	nan	Source	Source_Plates_1000-1999																																						
1205.0	yL330 (SC-Arg-Ura + YNB w/AS + galactose + 1 μg/mL aTc, 3rd passage), plated for 1152 colonies	nan	nan		nan		nan	nan	Source	Source_Plates_1000-1999																																						
1206.0	yL324 (SC-Arg-Ura + YNB w/AS + galactose + 1 μg/mL aTc, 3rd passage), plated for 1152 colonies	nan	nan		nan		nan	nan	Source	Source_Plates_1000-1999																																						
1207.0	yL324 (SC-Arg-Ura + YNB w/AS + galactose + 1 μg/mL aTc, 3rd passage), plated for 1152 colonies	nan	nan		nan		nan	nan	Source	Source_Plates_1000-1999																																						
1208.0	yL324 (SC-Arg-Ura + YNB w/AS + galactose + 1 μg/mL aTc, 3rd passage), plated for 1152 colonies	nan	nan		nan		nan	nan	Source	Source_Plates_1000-1999																																						
1209.0	yL324 (SC-Arg-Ura + YNB w/AS + galactose + 1 μg/mL aTc, 3rd passage), plated for 1152 colonies	nan	nan		nan		nan	nan	Source	Source_Plates_1000-1999																																						
1210.0	yL324 (SC-Arg-Ura + YNB w/AS + galactose + 1 μg/mL aTc, 3rd passage), plated for 1152 colonies	nan	nan		nan		nan	nan	Source	Source_Plates_1000-1999																																						
1211.0	yL324 (SC-Arg-Ura + YNB w/AS + galactose + 1 μg/mL aTc, 3rd passage), plated for 1152 colonies	nan	nan		nan		nan	nan	Source	Source_Plates_1000-1999																																						
1212.0	yL324 (SC-Arg-Ura + YNB w/AS + galactose + 1 μg/mL aTc, 3rd passage), plated for 1152 colonies	nan	nan		nan		nan	nan	Source	Source_Plates_1000-1999																																						
1213.0	yL324 (SC-Arg-Ura + YNB w/AS + galactose + 1 μg/mL aTc, 3rd passage), plated for 1152 colonies	nan	nan		nan		nan	nan	Source	Source_Plates_1000-1999																																						
1214.0	yL326 (SC-Arg-Ura + YNB w/AS + galactose + 1 μg/mL aTc, 3rd passage), plated for 1152 colonies	nan	nan		nan		nan	nan	Source	Source_Plates_1000-1999																																						
1215.0	yL326 (SC-Arg-Ura + YNB w/AS + galactose + 1 μg/mL aTc, 3rd passage), plated for 1152 colonies	nan	nan		nan		nan	nan	Source	Source_Plates_1000-1999																																						
1216.0	yL326 (SC-Arg-Ura + YNB w/AS + galactose + 1 μg/mL aTc, 3rd passage), plated for 1152 colonies	nan	nan		nan		nan	nan	Source	Source_Plates_1000-1999																																						
1217.0	yL326 (SC-Arg-Ura + YNB w/AS + galactose + 1 μg/mL aTc, 3rd passage), plated for 1152 colonies	nan	nan		nan		nan	nan	Source	Source_Plates_1000-1999																																						
1218.0	yL326 (SC-Arg-Ura + YNB w/AS + galactose + 1 μg/mL aTc, 3rd passage), plated for 1152 colonies	nan	nan		nan		nan	nan	Source	Source_Plates_1000-1999																																						
1219.0	yL326 (SC-Arg-Ura + YNB w/AS + galactose + 1 μg/mL aTc, 3rd passage), plated for 1152 colonies	nan	nan		nan		nan	nan	Source	Source_Plates_1000-1999																																						
1220.0	yL326 (SC-Arg-Ura + YNB w/AS + galactose + 1 μg/mL aTc, 3rd passage), plated for 1152 colonies	nan	nan		nan		nan	nan	Source	Source_Plates_1000-1999																																						
1221.0	yL326 (SC-Arg-Ura + YNB w/AS + galactose + 1 μg/mL aTc, 3rd passage), plated for 1152 colonies	nan	nan		nan		nan	nan	Source	Source_Plates_1000-1999																																						
1222.0	yL328 (SC-Arg-Ura + YNB w/AS + galactose + 1 μg/mL aTc, 3rd passage), plated for 1152 colonies	nan	nan		nan		nan	nan	Source	Source_Plates_1000-1999																																						
1223.0	yL328 (SC-Arg-Ura + YNB w/AS + galactose + 1 μg/mL aTc, 3rd passage), plated for 1152 colonies	nan	nan		nan		nan	nan	Source	Source_Plates_1000-1999																																						
1224.0	yL328 (SC-Arg-Ura + YNB w/AS + galactose + 1 μg/mL aTc, 3rd passage), plated for 1152 colonies	nan	nan		nan		nan	nan	Source	Source_Plates_1000-1999																																						
1225.0	yL328 (SC-Arg-Ura + YNB w/AS + galactose + 1 μg/mL aTc, 3rd passage), plated for 1152 colonies	nan	nan		nan		nan	nan	Source	Source_Plates_1000-1999																																						
1226.0	yL328 (SC-Arg-Ura + YNB w/AS + galactose + 1 μg/mL aTc, 3rd passage), plated for 1152 colonies	nan	nan		nan		nan	nan	Source	Source_Plates_1000-1999																																						
1227.0	yL328 (SC-Arg-Ura + YNB w/AS + galactose + 1 μg/mL aTc, 3rd passage), plated for 1152 colonies	nan	nan		nan		nan	nan	Source	Source_Plates_1000-1999																																						
1228.0	yL328 (SC-Arg-Ura + YNB w/AS + galactose + 1 μg/mL aTc, 3rd passage), plated for 1152 colonies	nan	nan		nan		nan	nan	Source	Source_Plates_1000-1999																																						
1229.0	yL328 (SC-Arg-Ura + YNB w/AS + galactose + 1 μg/mL aTc, 3rd passage), plated for 1152 colonies	nan	nan		nan		nan	nan	Source	Source_Plates_1000-1999																																						
1230.0	yL330 (SC-Arg-Ura + YNB w/AS + galactose + 1 μg/mL aTc, 3rd passage), plated for 1152 colonies	nan	nan		nan		nan	nan	Source	Source_Plates_1000-1999																																						
1231.0	yL330 (SC-Arg-Ura + YNB w/AS + galactose + 1 μg/mL aTc, 3rd passage), plated for 1152 colonies	nan	nan		nan		nan	nan	Source	Source_Plates_1000-1999																																						
1232.0	yL330 (SC-Arg-Ura + YNB w/AS + galactose + 1 μg/mL aTc, 3rd passage), plated for 1152 colonies	nan	nan		nan		nan	nan	Source	Source_Plates_1000-1999																																						
1233.0	yL330 (SC-Arg-Ura + YNB w/AS + galactose + 1 μg/mL aTc, 3rd passage), plated for 1152 colonies	nan	nan		nan		nan	nan	Source	Source_Plates_1000-1999																																						
1234.0	yL330 (SC-Arg-Ura + YNB w/AS + galactose + 1 μg/mL aTc, 3rd passage), plated for 1152 colonies	nan	nan		nan		nan	nan	Source	Source_Plates_1000-1999																																						
1235.0	yL330 (SC-Arg-Ura + YNB w/AS + galactose + 1 μg/mL aTc, 3rd passage), plated for 1152 colonies	nan	nan		nan		nan	nan	Source	Source_Plates_1000-1999																																						
1236.0	yL330 (SC-Arg-Ura + YNB w/AS + galactose + 1 μg/mL aTc, 3rd passage), plated for 1152 colonies	nan	nan		nan		nan	nan	Source	Source_Plates_1000-1999																																						
1237.0	yL330 (SC-Arg-Ura + YNB w/AS + galactose + 1 μg/mL aTc, 3rd passage), plated for 1152 colonies	nan	nan		nan		nan	nan	Source	Source_Plates_1000-1999																																						
1238.0	yL320 (from CSM-URA-HIS+galactose+ 1 μg/mL aTc outgrowth, 2nd passage), plated for 3072 colonies	few colonies grew!	nan		nan		nan	nan	Source	Source_Plates_1000-1999																																						
1239.0	yL320 (from CSM-URA-HIS+galactose+ 1 μg/mL aTc outgrowth, 2nd passage), plated for 3072 colonies	few colonies grew!	nan		nan		nan	nan	Source	Source_Plates_1000-1999																																						
1240.0	yL320 (from CSM-URA-HIS+galactose+ 1 μg/mL aTc outgrowth, 2nd passage), plated for 3072 colonies	few colonies grew!	nan		nan		nan	nan	Source	Source_Plates_1000-1999																																						
1241.0	yL320 (from CSM-URA-HIS+galactose+ 1 μg/mL aTc outgrowth, 2nd passage), plated for 3072 colonies	few colonies grew!	nan		nan		nan	nan	Source	Source_Plates_1000-1999																																						
1242.0	yL322 (from CSM-URA-HIS+galactose+ 1 μg/mL aTc outgrowth, 2nd passage), plated for 3072 colonies	few colonies grew!	nan		nan		nan	nan	Source	Source_Plates_1000-1999																																						
1243.0	yL322 (from CSM-URA-HIS+galactose+ 1 μg/mL aTc outgrowth, 2nd passage), plated for 3072 colonies	few colonies grew!	nan		nan		nan	nan	Source	Source_Plates_1000-1999																																						
1244.0	yL322 (from CSM-URA-HIS+galactose+ 1 μg/mL aTc outgrowth, 2nd passage), plated for 3072 colonies	few colonies grew!	nan		nan		nan	nan	Source	Source_Plates_1000-1999																																						
1245.0	yL322 (from CSM-URA-HIS+galactose+ 1 μg/mL aTc outgrowth, 2nd passage), plated for 3072 colonies	few colonies grew!	nan		nan		nan	nan	Source	Source_Plates_1000-1999																																						
1246.0	yL324 (SC-Arg-Ura + YNB w/AS + galactose + 1 μg/mL aTc, 3rd passage), plated for 1152 colonies	nan	nan		SC-Arg-Ura+canavanine from 2/6/23		nan	nan	Source	Source_Plates_1000-1999																																						
1247.0	yL324 (SC-Arg-Ura + YNB w/AS + galactose + 1 μg/mL aTc, 3rd passage), plated for 1152 colonies	nan	nan		SC-Arg-Ura+5FC+canavanine from 3/6/23		nan	nan	Source	Source_Plates_1000-1999																																						
1248.0	yL324 (SC-Arg-Ura + YNB w/AS + galactose + 1 μg/mL aTc, 3rd passage), plated for 1152 colonies	nan	nan		SC-Arg-Ura+5FC+canavanine from 3/9/23		nan	nan	Source	Source_Plates_1000-1999																																						
1249.0	yL324 (SC-Arg-Ura + YNB w/AS + galactose + 1 μg/mL aTc, 3rd passage), plated for 1152 colonies	nan	nan		SC-Arg-Ura+5FC+canavanine from 3/10/23		nan	nan	Source	Source_Plates_1000-1999																																						
1250.0	yL324 (SC-Arg-Ura + YNB w/AS + galactose + 1 μg/mL aTc, 3rd passage), plated for 1152 colonies	nan	nan		SC-Arg-Ura+5FC from 3/10/23		nan	nan	Source	Source_Plates_1000-1999																																						
1251.0	yL324 (SC-Arg-Ura + YNB w/AS + galactose + 1 μg/mL aTc, 3rd passage), plated for 1152 colonies	nan	nan		SC-Arg-Ura+canavanine from 3/10/23		nan	nan	Source	Source_Plates_1000-1999																																						
1252.0	20230316_trafo_15 YPD+G418 outgrowth (5 uL plated onto CSM-Leu+5FOA pH 5.8)	https://docs.google.com/spreadsheets/d/13uJAv7PvUjBzh1h4u5q1TUumWPZeiCb0MMVvTNhVxVo/edit#gid=616932340&range=A103:H103	nan		nan		nan	nan	Source	Source_Plates_1000-1999																																						
1253.0	20230316_trafo_15 YPD+G418 outgrowth (15 uL plated onto CSM-Leu+5FOA pH 5.8)	https://docs.google.com/spreadsheets/d/13uJAv7PvUjBzh1h4u5q1TUumWPZeiCb0MMVvTNhVxVo/edit#gid=616932340&range=A103:H103	nan		nan		nan	nan	Source	Source_Plates_1000-1999																																						
1254.0	20230316_trafo_15 YPD+G418 outgrowth (20 uL plated onto CSM-Leu-Trp pH 5.8)	https://docs.google.com/spreadsheets/d/13uJAv7PvUjBzh1h4u5q1TUumWPZeiCb0MMVvTNhVxVo/edit#gid=616932340&range=A103:H103	nan		nan		nan	nan	Source	Source_Plates_1000-1999																																						
1255.0	20230316_trafo_15 YPD+G418 outgrowth (20 uL plated onto CSM-Leu-Trp pH 5.8)	https://docs.google.com/spreadsheets/d/13uJAv7PvUjBzh1h4u5q1TUumWPZeiCb0MMVvTNhVxVo/edit#gid=616932340&range=A103:H103	nan		nan		nan	nan	Source	Source_Plates_1000-1999																																						
1256.0	20230316_trafo_15 YPD+G418 outgrowth (20 uL plated onto CSM-Leu-Trp pH 5.8) Angela plated	https://docs.google.com/spreadsheets/d/13uJAv7PvUjBzh1h4u5q1TUumWPZeiCb0MMVvTNhVxVo/edit#gid=616932340&range=A103:H103	nan		nan		nan	nan	Source	Source_Plates_1000-1999																																						
1257.0	20230316_trafo_15 YPD+G418 outgrowth (20 uL plated onto CSM-Leu-Trp pH 5.8) Angela plated	https://docs.google.com/spreadsheets/d/13uJAv7PvUjBzh1h4u5q1TUumWPZeiCb0MMVvTNhVxVo/edit#gid=616932340&range=A103:H103	nan		nan		nan	nan	Source	Source_Plates_1000-1999																																						
1258.0	20230323_trafo_7 (2 uL plated onto CSM-Leu-Trp pH 5.8)	https://docs.google.com/spreadsheets/d/13uJAv7PvUjBzh1h4u5q1TUumWPZeiCb0MMVvTNhVxVo/edit#gid=22887297&range=A126:F147	nan		nan		nan	nan	Source	Source_Plates_1000-1999																																						
1259.0	20230323_trafo_7 (10 uL plated onto CSM-Leu-Trp pH 5.8)	https://docs.google.com/spreadsheets/d/13uJAv7PvUjBzh1h4u5q1TUumWPZeiCb0MMVvTNhVxVo/edit#gid=22887297&range=A126:F147	nan		nan		nan	nan	Source	Source_Plates_1000-1999																																						
1260.0	20230323_trafo_7 (15 uL plated onto CSM-Leu-Trp pH 5.8)	https://docs.google.com/spreadsheets/d/13uJAv7PvUjBzh1h4u5q1TUumWPZeiCb0MMVvTNhVxVo/edit#gid=22887297&range=A126:F147	nan		nan		nan	nan	Source	Source_Plates_1000-1999																																						
1261.0	20230323_trafo_7 (15 uL plated onto CSM-Leu-Trp pH 5.8)	https://docs.google.com/spreadsheets/d/13uJAv7PvUjBzh1h4u5q1TUumWPZeiCb0MMVvTNhVxVo/edit#gid=22887297&range=A126:F147	nan		nan		nan	nan	Source	Source_Plates_1000-1999																																						
1262.0	20230323_trafo_7 (35 uL plated onto CSM-Leu-Trp pH 5.8) Angela plated	https://docs.google.com/spreadsheets/d/13uJAv7PvUjBzh1h4u5q1TUumWPZeiCb0MMVvTNhVxVo/edit#gid=22887297&range=A126:F147	nan		nan		nan	nan	Source	Source_Plates_1000-1999																																						
1263.0	20230323_trafo_7 (35 uL plated onto CSM-Leu-Trp pH 5.8) Angela plated	https://docs.google.com/spreadsheets/d/13uJAv7PvUjBzh1h4u5q1TUumWPZeiCb0MMVvTNhVxVo/edit#gid=22887297&range=A126:F147	nan		nan		nan	nan	Source	Source_Plates_1000-1999																																						
1264.0	20230323_trafo_5 (2 uL plated onto CSM-His-Trp pH 5.8)	https://docs.google.com/spreadsheets/d/13uJAv7PvUjBzh1h4u5q1TUumWPZeiCb0MMVvTNhVxVo/edit#gid=22887297&range=A126:F147	nan		nan		nan	nan	Source	Source_Plates_1000-1999																																						
1265.0	20230323_trafo_5 (4 uL plated onto CSM-His-Trp pH 5.8)	https://docs.google.com/spreadsheets/d/13uJAv7PvUjBzh1h4u5q1TUumWPZeiCb0MMVvTNhVxVo/edit#gid=22887297&range=A126:F147	nan		nan		nan	nan	Source	Source_Plates_1000-1999																																						
1266.0	20230323_trafo_5 (4 uL plated onto CSM-His-Trp pH 5.8)	https://docs.google.com/spreadsheets/d/13uJAv7PvUjBzh1h4u5q1TUumWPZeiCb0MMVvTNhVxVo/edit#gid=22887297&range=A126:F147	nan		nan		nan	nan	Source	Source_Plates_1000-1999																																						
1267.0	20230323_trafo_5 (4 uL plated onto CSM-His-Trp pH 5.8)	https://docs.google.com/spreadsheets/d/13uJAv7PvUjBzh1h4u5q1TUumWPZeiCb0MMVvTNhVxVo/edit#gid=22887297&range=A126:F147	nan		nan		nan	nan	Source	Source_Plates_1000-1999																																						
1268.0	20230323_trafo_5 (4 uL plated onto CSM-His-Trp pH 5.8)	https://docs.google.com/spreadsheets/d/13uJAv7PvUjBzh1h4u5q1TUumWPZeiCb0MMVvTNhVxVo/edit#gid=22887297&range=A126:F147	nan		nan		nan	nan	Source	Source_Plates_1000-1999																																						
1269.0	20230323_trafo_5 (6 uL plated onto CSM-His-Trp pH 5.8) Angela plated	https://docs.google.com/spreadsheets/d/13uJAv7PvUjBzh1h4u5q1TUumWPZeiCb0MMVvTNhVxVo/edit#gid=22887297&range=A126:F147	nan		nan		nan	nan	Source	Source_Plates_1000-1999																																						
1270.0	20230323_trafo_5 (6 uL plated onto CSM-His-Trp pH 5.8) Angela plated	https://docs.google.com/spreadsheets/d/13uJAv7PvUjBzh1h4u5q1TUumWPZeiCb0MMVvTNhVxVo/edit#gid=22887297&range=A126:F147	nan		nan		nan	nan	Source	Source_Plates_1000-1999																																						
1271.0	20230323_trafo_5 (6 uL plated onto CSM-His-Trp pH 5.8) Angela plated	https://docs.google.com/spreadsheets/d/13uJAv7PvUjBzh1h4u5q1TUumWPZeiCb0MMVvTNhVxVo/edit#gid=22887297&range=A126:F147	nan		nan		nan	nan	Source	Source_Plates_1000-1999																																						
1272.0	20230323_trafo_5 (6 uL plated onto CSM-His-Trp pH 5.8) Angela plated	https://docs.google.com/spreadsheets/d/13uJAv7PvUjBzh1h4u5q1TUumWPZeiCb0MMVvTNhVxVo/edit#gid=22887297&range=A126:F147	nan		nan		nan	nan	Source	Source_Plates_1000-1999																																						
1273.0	yT100 20230324_trafo_1 (CSM-Ura plate wash)	20230324_yT100_trafos	10000	10.0	SC-Ura + YNB w/AS + dextrose + 300 uM 5FC (pH 5.8) 	2023-03-10	nan	nan	Source	Source_Plates_1000-1999																																						
1274.0	yT100 20230324_trafo_1 (CSM-Ura plate wash)	20230324_yT100_trafos	10000	15.0	SC-Ura + YNB w/AS + dextrose + 300 uM 5FC (pH 5.8) 	2023-03-10	nan	nan	Source	Source_Plates_1000-1999																																						
1275.0	yT100 20230324_trafo_1 (CSM-Ura plate wash)	20230324_yT100_trafos	10000	20.0	SC-Ura + YNB w/AS + dextrose + 300 uM 5FC (pH 5.8) 	2023-03-10	nan	nan	Source	Source_Plates_1000-1999																																						
1276.0	yT100 20230324_trafo_1 (CSM-Ura plate wash)	20230324_yT100_trafos	10000	25.0	SC-Ura + YNB w/AS + dextrose + 300 uM 5FC (pH 5.8) 	2023-03-10	nan	nan	Source	Source_Plates_1000-1999																																						
1277.0	yT100 20230324_trafo_4 (CSM-Ura plate wash)	20230324_yT100_trafos	10000	10.0	SC-Ura + YNB w/AS + dextrose + 300 uM 5FC (pH 5.8) 	2023-03-10	nan	nan	Source	Source_Plates_1000-1999																																						
1278.0	yT100 20230324_trafo_4 (CSM-Ura plate wash)	20230324_yT100_trafos	10000	15.0	SC-Ura + YNB w/AS + dextrose + 300 uM 5FC (pH 5.8) 	2023-03-10	nan	nan	Source	Source_Plates_1000-1999																																						
1279.0	yT100 20230324_trafo_4 (CSM-Ura plate wash)	20230324_yT100_trafos	10000	20.0	SC-Ura + YNB w/AS + dextrose + 300 uM 5FC (pH 5.8) 	2023-03-10	nan	nan	Source	Source_Plates_1000-1999																																						
1280.0	yT100 20230324_trafo_4 (CSM-Ura plate wash)	20230324_yT100_trafos	10000	25.0	SC-Ura + YNB w/AS + dextrose + 300 uM 5FC (pH 5.8) 	2023-03-10	nan	nan	Source	Source_Plates_1000-1999																																						
1281.0	yT100 20230324_trafo_1 (CSM-Ura plate wash)	20230324_yT100_trafos	10000	10.0	SC-Ura + YNB w/AS + dextrose + 300 uM 5FC (pH 5.8) 	2023-04-13	nan	nan	Source	Source_Plates_1000-1999																																						
1282.0	yT100 20230324_trafo_1 (CSM-Ura plate wash)	20230324_yT100_trafos	10000	25.0	SC-Ura + YNB w/AS + dextrose + 300 uM 5FC (pH 5.8) 	2023-04-13	nan	nan	Source	Source_Plates_1000-1999																																						
1283.0	yT100 20230324_trafo_1 (CSM-Ura plate wash)	20230324_yT100_trafos	10000	50.0	SC-Ura + YNB w/AS + dextrose + 300 uM 5FC (pH 5.8) 	2023-04-13	nan	nan	Source	Source_Plates_1000-1999																																						
1284.0	yT100 20230324_trafo_1 (CSM-Ura plate wash)	20230324_yT100_trafos	10000	100.0	SC-Ura + YNB w/AS + dextrose + 300 uM 5FC (pH 5.8) 	2023-04-13	nan	nan	Source	Source_Plates_1000-1999																																						
1285.0	yT100 20230324_trafo_4 (CSM-Ura plate wash)	20230324_yT100_trafos	10000	10.0	SC-Ura + YNB w/AS + dextrose + 300 uM 5FC (pH 5.8) 	2023-04-13	nan	nan	Source	Source_Plates_1000-1999																																						
1286.0	yT100 20230324_trafo_4 (CSM-Ura plate wash)	20230324_yT100_trafos	10000	25.0	SC-Ura + YNB w/AS + dextrose + 300 uM 5FC (pH 5.8) 	2023-04-13	nan	nan	Source	Source_Plates_1000-1999																																						
1287.0	yT100 20230324_trafo_4 (CSM-Ura plate wash)	20230324_yT100_trafos	10000	50.0	SC-Ura + YNB w/AS + dextrose + 300 uM 5FC (pH 5.8) 	2023-04-13	nan	nan	Source	Source_Plates_1000-1999																																						
1288.0	yT100 20230324_trafo_4 (CSM-Ura plate wash)	20230324_yT100_trafos	10000	100.0	SC-Ura + YNB w/AS + dextrose + 300 uM 5FC (pH 5.8) 	2023-04-13	nan	nan	Source	Source_Plates_1000-1999																																						
1289.0	yT184 202304123_trafo_1 (YPD outgrowth)	https://docs.google.com/spreadsheets/d/13uJAv7PvUjBzh1h4u5q1TUumWPZeiCb0MMVvTNhVxVo/edit#gid=1387846395&range=A82:G96	no dilution of outgrowth	72.0	SC-Ura + YNB w/AS + dextrose + 300 uM 5FC (pH 5.8) 	2023-04-13	nan	1289 = yT184 202304123_trafo_1 (YPD outgrowth)	Source	Source_Plates_1000-1999																																						
1290.0	yT184 202304123_trafo_1 (YPD outgrowth)	https://docs.google.com/spreadsheets/d/13uJAv7PvUjBzh1h4u5q1TUumWPZeiCb0MMVvTNhVxVo/edit#gid=1387846395&range=A82:G96	no dilution of outgrowth	72.0	SC-Ura + YNB w/AS + dextrose + 300 uM 5FC (pH 5.8) 	2023-04-13	nan	1290 = yT184 202304123_trafo_1 (YPD outgrowth)	Source	Source_Plates_1000-1999																																						
1291.0	yT185 202304123_trafo_2 (YPD outgrowth)	https://docs.google.com/spreadsheets/d/13uJAv7PvUjBzh1h4u5q1TUumWPZeiCb0MMVvTNhVxVo/edit#gid=1387846395&range=A82:G96	no dilution of outgrowth	72.0	SC-Ura + YNB w/AS + dextrose + 300 uM 5FC (pH 5.8) 	2023-04-13	nan	1291 = yT185 202304123_trafo_2 (YPD outgrowth)	Source	Source_Plates_1000-1999																																						
1292.0	yT185 202304123_trafo_2 (YPD outgrowth)	https://docs.google.com/spreadsheets/d/13uJAv7PvUjBzh1h4u5q1TUumWPZeiCb0MMVvTNhVxVo/edit#gid=1387846395&range=A82:G96	no dilution of outgrowth	72.0	SC-Ura + YNB w/AS + dextrose + 300 uM 5FC (pH 5.8) 	2023-04-13	nan	1292 = yT185 202304123_trafo_2 (YPD outgrowth)	Source	Source_Plates_1000-1999																																						
1293.0	yT184 20230413_trafo_1 (YPD outgrowth)	https://docs.google.com/spreadsheets/d/13uJAv7PvUjBzh1h4u5q1TUumWPZeiCb0MMVvTNhVxVo/edit#gid=1387846395&range=A82:G96	no dilution of outgrowth	60.0	SC-Ura + YNB w/AS + dextrose + 300 uM 5FC (pH 5.8)	2023-04-13	nan	1293 = yT184 20230413_trafo_1 (YPD outgrowth)	Source	Source_Plates_1000-1999																																						
1294.0	yT184 20230413_trafo_1 (YPD outgrowth)	https://docs.google.com/spreadsheets/d/13uJAv7PvUjBzh1h4u5q1TUumWPZeiCb0MMVvTNhVxVo/edit#gid=1387846395&range=A82:G96	no dilution of outgrowth	60.0	SC-Ura + YNB w/AS + dextrose + 300 uM 5FC (pH 5.8)	2023-04-13	nan	1294 = yT184 20230413_trafo_1 (YPD outgrowth)	Source	Source_Plates_1000-1999																																						
1295.0	yT184 20230413_trafo_1 (YPD outgrowth)	https://docs.google.com/spreadsheets/d/13uJAv7PvUjBzh1h4u5q1TUumWPZeiCb0MMVvTNhVxVo/edit#gid=1387846395&range=A82:G96	no dilution of outgrowth	60.0	SC-Ura + YNB w/AS + dextrose + 300 uM 5FC (pH 5.8)	2023-04-13	nan	1295 = yT184 20230413_trafo_1 (YPD outgrowth)	Source	Source_Plates_1000-1999																																						
1296.0	yT184 20230413_trafo_1 (YPD outgrowth)	https://docs.google.com/spreadsheets/d/13uJAv7PvUjBzh1h4u5q1TUumWPZeiCb0MMVvTNhVxVo/edit#gid=1387846395&range=A82:G96	no dilution of outgrowth	60.0	SC-Ura + YNB w/AS + dextrose + 300 uM 5FC (pH 5.8)	2023-04-13	nan	1296 = yT184 20230413_trafo_1 (YPD outgrowth)	Source	Source_Plates_1000-1999																																						
1297.0	yT184 20230413_trafo_1 (YPD outgrowth	https://docs.google.com/spreadsheets/d/13uJAv7PvUjBzh1h4u5q1TUumWPZeiCb0MMVvTNhVxVo/edit#gid=1387846395&range=A82:G96	no dilution of outgrowth	50.0	SC-Ura + YNB w/AS + dextrose + 300 uM 5FC (pH 5.8)	2023-04-13	nan	1297 = yT184 20230413_trafo_1 (YPD outgrowth	Source	Source_Plates_1000-1999																																						
1298.0	yT185 20230413_trafo_2 (YPD outgrowth)	https://docs.google.com/spreadsheets/d/13uJAv7PvUjBzh1h4u5q1TUumWPZeiCb0MMVvTNhVxVo/edit#gid=1387846395&range=A82:G96	no dilution of outgrowth	60.0	SC-Ura + YNB w/AS + dextrose + 300 uM 5FC (pH 5.8)	2023-04-13	nan	1298 = yT185 20230413_trafo_2 (YPD outgrowth)	Source	Source_Plates_1000-1999																																						
1299.0	yT185 20230413_trafo_2 (YPD outgrowth)	https://docs.google.com/spreadsheets/d/13uJAv7PvUjBzh1h4u5q1TUumWPZeiCb0MMVvTNhVxVo/edit#gid=1387846395&range=A82:G96	no dilution of outgrowth	60.0	SC-Ura + YNB w/AS + dextrose + 300 uM 5FC (pH 5.8)	2023-04-13	nan	1299 = yT185 20230413_trafo_2 (YPD outgrowth)	Source	Source_Plates_1000-1999																																						
1300.0	yT185 20230413_trafo_2 (YPD outgrowth)	https://docs.google.com/spreadsheets/d/13uJAv7PvUjBzh1h4u5q1TUumWPZeiCb0MMVvTNhVxVo/edit#gid=1387846395&range=A82:G96	no dilution of outgrowth	60.0	SC-Ura + YNB w/AS + dextrose + 300 uM 5FC (pH 5.8)	2023-04-13	nan	1300 = yT185 20230413_trafo_2 (YPD outgrowth)	Source	Source_Plates_1000-1999																																						
1301.0	yT185 20230413_trafo_2 (YPD outgrowth)	https://docs.google.com/spreadsheets/d/13uJAv7PvUjBzh1h4u5q1TUumWPZeiCb0MMVvTNhVxVo/edit#gid=1387846395&range=A82:G96	no dilution of outgrowth	60.0	SC-Ura + YNB w/AS + dextrose + 300 uM 5FC (pH 5.8)	2023-04-13	nan	1301 = yT185 20230413_trafo_2 (YPD outgrowth)	Source	Source_Plates_1000-1999																																						
1302.0	yT185 20230413_trafo_2 (YPD outgrowth)	https://docs.google.com/spreadsheets/d/13uJAv7PvUjBzh1h4u5q1TUumWPZeiCb0MMVvTNhVxVo/edit#gid=1387846395&range=A82:G96	no dilution of outgrowth	50.0	SC-Ura + YNB w/AS + dextrose + 300 uM 5FC (pH 5.8)	2023-04-13	nan	1302 = yT185 20230413_trafo_2 (YPD outgrowth)	Source	Source_Plates_1000-1999																																						
1303.0	yL310 200 uL plated 20230531	https://docs.google.com/spreadsheets/d/1wBpmzIw5LJkV1VoW9fagt4k7XKeu-V3bj10GXLbtANI/edit#gid=606517845&range=A6:F13	nan		nan		nan	nan	Source	Source_Plates_1000-1999																																						
1304.0	yL310 50 uL plated 20230531	https://docs.google.com/spreadsheets/d/1wBpmzIw5LJkV1VoW9fagt4k7XKeu-V3bj10GXLbtANI/edit#gid=606517845&range=A6:F13	nan		nan		nan	nan	Source	Source_Plates_1000-1999																																						
1305.0	yL311 200 uL plated 20230531	https://docs.google.com/spreadsheets/d/1wBpmzIw5LJkV1VoW9fagt4k7XKeu-V3bj10GXLbtANI/edit#gid=606517845&range=A6:F13	nan		nan		nan	nan	Source	Source_Plates_1000-1999																																						
1306.0	yL311 50 uL plated 20230531	https://docs.google.com/spreadsheets/d/1wBpmzIw5LJkV1VoW9fagt4k7XKeu-V3bj10GXLbtANI/edit#gid=606517845&range=A6:F13	nan		nan		nan	nan	Source	Source_Plates_1000-1999																																						
1307.0	yL312 200 uL plated 20230531	https://docs.google.com/spreadsheets/d/1wBpmzIw5LJkV1VoW9fagt4k7XKeu-V3bj10GXLbtANI/edit#gid=606517845&range=A6:F13	nan		nan		nan	nan	Source	Source_Plates_1000-1999																																						
1308.0	yL312 50 uL plated 20230531	https://docs.google.com/spreadsheets/d/1wBpmzIw5LJkV1VoW9fagt4k7XKeu-V3bj10GXLbtANI/edit#gid=606517845&range=A6:F13	nan		nan		nan	nan	Source	Source_Plates_1000-1999																																						
1309.0	yL313 200 uL plated 20230531	https://docs.google.com/spreadsheets/d/1wBpmzIw5LJkV1VoW9fagt4k7XKeu-V3bj10GXLbtANI/edit#gid=606517845&range=A6:F13	nan		nan		nan	nan	Source	Source_Plates_1000-1999																																						
1310.0	yL313 50 uL plated 20230531	https://docs.google.com/spreadsheets/d/1wBpmzIw5LJkV1VoW9fagt4k7XKeu-V3bj10GXLbtANI/edit#gid=606517845&range=A6:F13	nan		nan		nan	nan	Source	Source_Plates_1000-1999																																						
1311.0	yL314 200 uL plated 20230531	https://docs.google.com/spreadsheets/d/1wBpmzIw5LJkV1VoW9fagt4k7XKeu-V3bj10GXLbtANI/edit#gid=606517845&range=A6:F13	nan		nan		nan	nan	Source	Source_Plates_1000-1999																																						
1312.0	yL314 50 uL plated 20230531	https://docs.google.com/spreadsheets/d/1wBpmzIw5LJkV1VoW9fagt4k7XKeu-V3bj10GXLbtANI/edit#gid=606517845&range=A6:F13	nan		nan		nan	nan	Source	Source_Plates_1000-1999																																						
1313.0	yL315 200 uL plated 20230531	https://docs.google.com/spreadsheets/d/1wBpmzIw5LJkV1VoW9fagt4k7XKeu-V3bj10GXLbtANI/edit#gid=606517845&range=A6:F13	nan		nan		nan	nan	Source	Source_Plates_1000-1999																																						
1314.0	yL315 50 uL plated 20230531	https://docs.google.com/spreadsheets/d/1wBpmzIw5LJkV1VoW9fagt4k7XKeu-V3bj10GXLbtANI/edit#gid=606517845&range=A6:F13	nan		nan		systematic offset issue	nan	Source	Source_Plates_1000-1999																																						
1315.0	yL310 50 uL plated 20230603	https://docs.google.com/spreadsheets/d/1wBpmzIw5LJkV1VoW9fagt4k7XKeu-V3bj10GXLbtANI/edit#gid=606517845&range=A6:F13	nan		nan		systematic offset issue	nan	Source	Source_Plates_1000-1999																																						
1316.0	yL310 50 uL plated 20230603	https://docs.google.com/spreadsheets/d/1wBpmzIw5LJkV1VoW9fagt4k7XKeu-V3bj10GXLbtANI/edit#gid=606517845&range=A6:F13	nan		nan		nan	nan	Source	Source_Plates_1000-1999																																						
1317.0	yL311 50 uL plated 20230603	https://docs.google.com/spreadsheets/d/1wBpmzIw5LJkV1VoW9fagt4k7XKeu-V3bj10GXLbtANI/edit#gid=606517845&range=A6:F13	nan		nan		systematic offset issue	nan	Source	Source_Plates_1000-1999																																						
1318.0	yL311 50 uL plated 20230603	https://docs.google.com/spreadsheets/d/1wBpmzIw5LJkV1VoW9fagt4k7XKeu-V3bj10GXLbtANI/edit#gid=606517845&range=A6:F13	nan		nan		nan	nan	Source	Source_Plates_1000-1999																																						
1319.0	yL312 50 uL plated 20230603	https://docs.google.com/spreadsheets/d/1wBpmzIw5LJkV1VoW9fagt4k7XKeu-V3bj10GXLbtANI/edit#gid=606517845&range=A6:F13	nan		nan		nan	nan	Source	Source_Plates_1000-1999																																						
1320.0	yL312 50 uL plated 20230603	https://docs.google.com/spreadsheets/d/1wBpmzIw5LJkV1VoW9fagt4k7XKeu-V3bj10GXLbtANI/edit#gid=606517845&range=A6:F13	nan		nan		nan	nan	Source	Source_Plates_1000-1999																																						
1321.0	yL313 50 uL plated 20230603	https://docs.google.com/spreadsheets/d/1wBpmzIw5LJkV1VoW9fagt4k7XKeu-V3bj10GXLbtANI/edit#gid=606517845&range=A6:F13	nan		nan		nan	nan	Source	Source_Plates_1000-1999																																						
1322.0	yL313 50 uL plated 20230603	https://docs.google.com/spreadsheets/d/1wBpmzIw5LJkV1VoW9fagt4k7XKeu-V3bj10GXLbtANI/edit#gid=606517845&range=A6:F13	nan		nan		nan	nan	Source	Source_Plates_1000-1999																																						
1323.0	yL314 50 uL plated 20230603	https://docs.google.com/spreadsheets/d/1wBpmzIw5LJkV1VoW9fagt4k7XKeu-V3bj10GXLbtANI/edit#gid=606517845&range=A6:F13	nan		nan		nan	nan	Source	Source_Plates_1000-1999																																						
1324.0	yL314 50 uL plated 20230603	https://docs.google.com/spreadsheets/d/1wBpmzIw5LJkV1VoW9fagt4k7XKeu-V3bj10GXLbtANI/edit#gid=606517845&range=A6:F13	nan		nan		nan	nan	Source	Source_Plates_1000-1999																																						
1325.0	yL315 50 uL plated 20230603	https://docs.google.com/spreadsheets/d/1wBpmzIw5LJkV1VoW9fagt4k7XKeu-V3bj10GXLbtANI/edit#gid=606517845&range=A6:F13	nan		nan		nan	nan	Source	Source_Plates_1000-1999																																						
1326.0	yL315 50 uL plated 20230603	https://docs.google.com/spreadsheets/d/1wBpmzIw5LJkV1VoW9fagt4k7XKeu-V3bj10GXLbtANI/edit#gid=606517845&range=A6:F13	nan		nan		systematic offset issue	nan	Source	Source_Plates_1000-1999																																						
1327.0	yL310 100 uL plated 20230601	nan	nan		nan		nan	nan	Source	Source_Plates_1000-1999																																						
1328.0	yL310 200 uL plated 20230601	nan	nan		nan		nan	nan	Source	Source_Plates_1000-1999																																						
1329.0	yL311 100 uL plated 20230601	nan	nan		nan		nan	nan	Source	Source_Plates_1000-1999																																						
1330.0	yL311 200 uL plated 20230601	nan	nan		nan		nan	nan	Source	Source_Plates_1000-1999																																						
1331.0	yL312 100 uL plated 20230601	nan	nan		nan		nan	nan	Source	Source_Plates_1000-1999																																						
1332.0	yL312 200 uL plated 20230601	nan	nan		nan		nan	nan	Source	Source_Plates_1000-1999																																						
1333.0	yL313 100 uL plated 20230601	nan	nan		nan		nan	nan	Source	Source_Plates_1000-1999																																						
1334.0	yL313 200 uL plated 20230601	nan	nan		nan		nan	nan	Source	Source_Plates_1000-1999																																						
1335.0	yL314 100 uL plated 20230601	nan	nan		nan		nan	nan	Source	Source_Plates_1000-1999																																						
1336.0	yL314 200 uL plated 20230601	nan	nan		nan		nan	nan	Source	Source_Plates_1000-1999																																						
1337.0	yL315 100 uL plated 20230601	nan	nan		nan		nan	nan	Source	Source_Plates_1000-1999																																						
1338.0	yL315 200 uL plated 20230601	nan	nan		nan		nan	nan	Source	Source_Plates_1000-1999																																						
1339.0	yL310	nan	nan		YPD+G418	2023-06-16	nan	nan	Source	Source_Plates_1000-1999																																						
1340.0	yL310	nan	nan		YPD+G418	2023-06-16	nan	nan	Source	Source_Plates_1000-1999																																						
1341.0	yL310	nan	nan		YPD+G418	2023-06-16	nan	nan	Source	Source_Plates_1000-1999																																						
1342.0	yL310	nan	nan		YPD+G418	2023-06-16	nan	nan	Source	Source_Plates_1000-1999																																						
1343.0	yL311	nan	nan		YPD+G418	2023-06-16	nan	nan	Source	Source_Plates_1000-1999																																						
1344.0	yL311	nan	nan		YPD+G418	2023-06-16	nan	nan	Source	Source_Plates_1000-1999																																						
1345.0	yL311	nan	nan		YPD+G418	2023-06-16	nan	nan	Source	Source_Plates_1000-1999																																						
1346.0	yL311	nan	nan		YPD+G418	2023-06-16	nan	nan	Source	Source_Plates_1000-1999																																						
1347.0	yL312	nan	nan		YPD+G418	2023-06-16	nan	nan	Source	Source_Plates_1000-1999																																						
1348.0	yL312	nan	nan		YPD+G418	2023-06-16	nan	nan	Source	Source_Plates_1000-1999																																						
1349.0	yL312	nan	nan		YPD+G418	2023-06-16	nan	nan	Source	Source_Plates_1000-1999																																						
1350.0	yL312	nan	nan		YPD+G418	2023-06-16	nan	nan	Source	Source_Plates_1000-1999																																						
1351.0	yL313	nan	nan		YPD+G418	2023-06-16	nan	nan	Source	Source_Plates_1000-1999																																						
1352.0	yL313	nan	nan		YPD+G418	2023-06-16	nan	nan	Source	Source_Plates_1000-1999																																						
1353.0	yL313	nan	nan		YPD+G418	2023-06-16	nan	nan	Source	Source_Plates_1000-1999																																						
1354.0	yL313	nan	nan		YPD+G418	2023-06-16	nan	nan	Source	Source_Plates_1000-1999																																						
1355.0	yL314	nan	nan		YPD+G418	2023-06-16	nan	nan	Source	Source_Plates_1000-1999																																						
1356.0	yL314	nan	nan		YPD+G418	2023-06-16	nan	nan	Source	Source_Plates_1000-1999																																						
1357.0	yL314	nan	nan		YPD+G418	2023-06-16	nan	nan	Source	Source_Plates_1000-1999																																						
1358.0	yL314	nan	nan		YPD+G418	2023-06-16	nan	nan	Source	Source_Plates_1000-1999																																						
1359.0	yL315	nan	nan		YPD+G418	2023-06-16	nan	nan	Source	Source_Plates_1000-1999																																						
1360.0	yL315	nan	nan		YPD+G418	2023-06-16	nan	nan	Source	Source_Plates_1000-1999																																						
1361.0	yL315	nan	nan		YPD+G418	2023-06-16	nan	nan	Source	Source_Plates_1000-1999																																						
1362.0	yL315	nan	nan		YPD+G418	2023-06-16	nan	nan	Source	Source_Plates_1000-1999																																						
1363.0	yL310	nan	nan		YPD+G418	2023-06-07	nan	nan	Source	Source_Plates_1000-1999																																						
1364.0	yL310	nan	nan		YPD+G418	2023-06-07	nan	nan	Source	Source_Plates_1000-1999																																						
1365.0	yL310	nan	nan		YPD+G418	2023-06-07	nan	nan	Source	Source_Plates_1000-1999																																						
1366.0	yL310	nan	nan		YPD+G418	2023-06-07	nan	nan	Source	Source_Plates_1000-1999																																						
1367.0	yL311	nan	nan		YPD+G418	2023-06-07	nan	nan	Source	Source_Plates_1000-1999																																						
1368.0	yL311	nan	nan		YPD+G418	2023-06-07	nan	nan	Source	Source_Plates_1000-1999																																						
1369.0	yL311	nan	nan		YPD+G418	2023-06-07	nan	nan	Source	Source_Plates_1000-1999																																						
1370.0	yL311	nan	nan		YPD+G418	2023-06-07	nan	nan	Source	Source_Plates_1000-1999																																						
1371.0	yL312	nan	nan		YPD+G418	2023-06-07	nan	nan	Source	Source_Plates_1000-1999																																						
1372.0	yL312	nan	nan		YPD+G418	2023-06-07	nan	nan	Source	Source_Plates_1000-1999																																						
1373.0	yL312	nan	nan		YPD+G418	2023-06-07	nan	nan	Source	Source_Plates_1000-1999																																						
1374.0	yL312	nan	nan		YPD+G418	2023-06-07	nan	nan	Source	Source_Plates_1000-1999																																						
1375.0	yL313	nan	nan		YPD+G418	2023-06-07	nan	nan	Source	Source_Plates_1000-1999																																						
1376.0	yL313	nan	nan		YPD+G418	2023-06-07	nan	nan	Source	Source_Plates_1000-1999																																						
1377.0	yL313	nan	nan		YPD+G418	2023-06-07	nan	nan	Source	Source_Plates_1000-1999																																						
1378.0	yL313	nan	nan		YPD+G418	2023-06-07	nan	nan	Source	Source_Plates_1000-1999																																						
1379.0	yL314	nan	nan		YPD+G418	2023-06-07	nan	nan	Source	Source_Plates_1000-1999																																						
1380.0	yL314	nan	nan		YPD+G418	2023-06-07	nan	nan	Source	Source_Plates_1000-1999																																						
1381.0	yL314	nan	nan		YPD+G418	2023-06-07	nan	nan	Source	Source_Plates_1000-1999																																						
1382.0	yL314	nan	nan		YPD+G418	2023-06-07	nan	nan	Source	Source_Plates_1000-1999																																						
1383.0	yL315	nan	nan		YPD+G418	2023-06-07	nan	nan	Source	Source_Plates_1000-1999																																						
1384.0	yL315	nan	nan		YPD+G418	2023-06-07	nan	nan	Source	Source_Plates_1000-1999																																						
1385.0	yL315	nan	nan		YPD+G418	2023-06-07	nan	nan	Source	Source_Plates_1000-1999																																						
1386.0	yL315	nan	nan		YPD+G418	2023-06-07	nan	nan	Source	Source_Plates_1000-1999																																						
1387.0	yL356 (750 cells plates)	nan	nan		YPD+G418	2023-06-07	nan	nan	Source	Source_Plates_1000-1999																																						
1388.0	yL356 (1500 cells plates)	nan	nan		nan		nan	nan	Source	Source_Plates_1000-1999																																						
1389.0	yL357 (750 cells plates)	nan	nan		nan		nan	nan	Source	Source_Plates_1000-1999																																						
1390.0	yL357 (1500 cells plates)	nan	nan		nan		nan	nan	Source	Source_Plates_1000-1999																																						
1391.0	yL358 (750 cells plates)	nan	nan		nan		nan	nan	Source	Source_Plates_1000-1999																																						
1392.0	yL358 (1500 cells plates)	nan	nan		nan		nan	nan	Source	Source_Plates_1000-1999																																						
1393.0	yL356	20220607_SaCas9_X1_guide_donor_cleavage_libraries	40 cells per uL	200.0	YPD+Hyg	2023-11-22	nan	nan	Source	Source_Plates_1000-1999																																						
1394.0	yL356	20220607_SaCas9_X1_guide_donor_cleavage_libraries	40 cells per uL	200.0	YPD+Hyg	2023-11-22	nan	nan	Source	Source_Plates_1000-1999																																						
1395.0	yL356	20220607_SaCas9_X1_guide_donor_cleavage_libraries	40 cells per uL	200.0	YPD+Hyg	2023-11-22	nan	nan	Source	Source_Plates_1000-1999																																						
1396.0	yL356	20220607_SaCas9_X1_guide_donor_cleavage_libraries	40 cells per uL	200.0	YPD+Hyg	2023-11-22	nan	nan	Source	Source_Plates_1000-1999																																						
1397.0	yL357	20220607_SaCas9_X1_guide_donor_cleavage_libraries	40 cells per uL	200.0	YPD+Hyg	2023-11-22	nan	nan	Source	Source_Plates_1000-1999																																						
1398.0	yL357	20220607_SaCas9_X1_guide_donor_cleavage_libraries	40 cells per uL	200.0	YPD+Hyg	2023-11-22	nan	nan	Source	Source_Plates_1000-1999																																						
1399.0	yL357	20220607_SaCas9_X1_guide_donor_cleavage_libraries	40 cells per uL	200.0	YPD+Hyg	2023-11-22	nan	nan	Source	Source_Plates_1000-1999																																						
1400.0	yL357	20220607_SaCas9_X1_guide_donor_cleavage_libraries	40 cells per uL	200.0	YPD+Hyg	2023-11-22	nan	nan	Source	Source_Plates_1000-1999																																						
1401.0	yL358	20220607_SaCas9_X1_guide_donor_cleavage_libraries	40 cells per uL	200.0	YPD+Hyg	2023-11-22	nan	nan	Source	Source_Plates_1000-1999																																						
1402.0	yL358	20220607_SaCas9_X1_guide_donor_cleavage_libraries	40 cells per uL	200.0	YPD+Hyg	2023-11-22	nan	nan	Source	Source_Plates_1000-1999																																						
1403.0	yL358	20220607_SaCas9_X1_guide_donor_cleavage_libraries	40 cells per uL	200.0	YPD+Hyg	2023-11-22	nan	nan	Source	Source_Plates_1000-1999																																						
1404.0	yL358	20220607_SaCas9_X1_guide_donor_cleavage_libraries	40 cells per uL	200.0	YPD+Hyg	2023-11-22	nan	nan	Source	Source_Plates_1000-1999																																						
1405.0	yL359	20220607_SaCas9_X1_guide_donor_cleavage_libraries	40 cells per uL	200.0	YPD+Hyg	2023-11-22	nan	nan	Source	Source_Plates_1000-1999																																						
1406.0	yL359	20220607_SaCas9_X1_guide_donor_cleavage_libraries	40 cells per uL	200.0	YPD+Hyg	2023-11-22	nan	nan	Source	Source_Plates_1000-1999																																						
1407.0	yL359	20220607_SaCas9_X1_guide_donor_cleavage_libraries	40 cells per uL	200.0	YPD+Hyg	2023-11-22	nan	nan	Source	Source_Plates_1000-1999																																						
1408.0	yL359	20220607_SaCas9_X1_guide_donor_cleavage_libraries	40 cells per uL	200.0	YPD+Hyg	2023-11-22	nan	nan	Source	Source_Plates_1000-1999																																						
1409.0	yL356	20220607_SaCas9_X1_guide_donor_cleavage_libraries	40 cells per uL	355.00770416024653	YPD+Hyg	2023-11-22	nan	nan	Source	Source_Plates_1000-1999																																						
1410.0	yL356	20220607_SaCas9_X1_guide_donor_cleavage_libraries	40 cells per uL	355.00770416024653	YPD+Hyg	2023-11-22	nan	nan	Source	Source_Plates_1000-1999																																						
1411.0	yL356	20220607_SaCas9_X1_guide_donor_cleavage_libraries	40 cells per uL	355.00770416024653	YPD+Hyg	2023-11-22	nan	nan	Source	Source_Plates_1000-1999																																						
1412.0	yL356	20220607_SaCas9_X1_guide_donor_cleavage_libraries	40 cells per uL	355.00770416024653	YPD+Hyg	2023-11-22	nan	nan	Source	Source_Plates_1000-1999																																						
1413.0	yL357	20220607_SaCas9_X1_guide_donor_cleavage_libraries	40 cells per uL	352.65306122448976	YPD+Hyg	2023-11-22	nan	nan	Source	Source_Plates_1000-1999																																						
1414.0	yL357	20220607_SaCas9_X1_guide_donor_cleavage_libraries	40 cells per uL	352.65306122448976	YPD+Hyg	2023-11-22	nan	nan	Source	Source_Plates_1000-1999																																						
1415.0	yL357	20220607_SaCas9_X1_guide_donor_cleavage_libraries	40 cells per uL	352.65306122448976	YPD+Hyg	2023-11-22	nan	nan	Source	Source_Plates_1000-1999																																						
1416.0	yL357	20220607_SaCas9_X1_guide_donor_cleavage_libraries	40 cells per uL	352.65306122448976	YPD+Hyg	2023-11-22	nan	nan	Source	Source_Plates_1000-1999																																						
1417.0	yL358	20220607_SaCas9_X1_guide_donor_cleavage_libraries	40 cells per uL	506.0029282576867	YPD+Hyg	2023-11-22	nan	nan	Source	Source_Plates_1000-1999																																						
1418.0	yL358	20220607_SaCas9_X1_guide_donor_cleavage_libraries	40 cells per uL	506.0029282576867	YPD+Hyg	2023-11-22	nan	nan	Source	Source_Plates_1000-1999																																						
1419.0	yL358	20220607_SaCas9_X1_guide_donor_cleavage_libraries	40 cells per uL	506.0029282576867	YPD+Hyg	2023-11-22	nan	nan	Source	Source_Plates_1000-1999																																						
1420.0	yL358	20220607_SaCas9_X1_guide_donor_cleavage_libraries	40 cells per uL	506.0029282576867	YPD+Hyg	2023-11-22	nan	nan	Source	Source_Plates_1000-1999																																						
1421.0	yL359	20220607_SaCas9_X1_guide_donor_cleavage_libraries	40 cells per uL	616.0427807486631	YPD+Hyg	2023-11-22	nan	nan	Source	Source_Plates_1000-1999																																						
1422.0	yL359	20220607_SaCas9_X1_guide_donor_cleavage_libraries	40 cells per uL	616.0427807486631	YPD+Hyg	2023-11-22	nan	nan	Source	Source_Plates_1000-1999																																						
1423.0	yL359	20220607_SaCas9_X1_guide_donor_cleavage_libraries	40 cells per uL	616.0427807486631	YPD+Hyg	2023-11-22	nan	nan	Source	Source_Plates_1000-1999																																						
1424.0	yL359	20220607_SaCas9_X1_guide_donor_cleavage_libraries	40 cells per uL	616.0427807486631	YPD+Hyg	2023-11-22	nan	nan	Source	Source_Plates_1000-1999																																						
1425.0	yL356	nan	10 cells per uL	100.0	nan		nan	nan	Source	Source_Plates_1000-1999																																						
1426.0	yL357	nan	10 cells per uL	100.0	nan		nan	nan	Source	Source_Plates_1000-1999																																						
1427.0	yL358	nan	10 cells per uL	100.0	nan		nan	nan	Source	Source_Plates_1000-1999																																						
1428.0	yL359	nan	10 cells per uL	100.0	nan		nan	nan	Source	Source_Plates_1000-1999																																						
1429.0	yL356	nan	10 cells per uL	200.0	nan		nan	nan	Source	Source_Plates_1000-1999																																						
1430.0	yL357	nan	10 cells per uL	200.0	nan		nan	nan	Source	Source_Plates_1000-1999																																						
1431.0	yL358	nan	10 cells per uL	200.0	nan		nan	nan	Source	Source_Plates_1000-1999																																						
1432.0	yL359	nan	10 cells per uL	200.0	nan		nan	nan	Source	Source_Plates_1000-1999																																						
1433.0	yL356	nan	10 cells per uL	200.0	nan		nan	nan	Source	Source_Plates_1000-1999																																						
1434.0	yL356	nan	10 cells per uL	200.0	nan		nan	nan	Source	Source_Plates_1000-1999																																						
1435.0	yL356	nan	10 cells per uL	200.0	nan		nan	nan	Source	Source_Plates_1000-1999																																						
1436.0	yL356	nan	10 cells per uL	200.0	nan		nan	nan	Source	Source_Plates_1000-1999																																						
1437.0	yL357	nan	10 cells per uL	200.0	nan		nan	nan	Source	Source_Plates_1000-1999																																						
1438.0	yL357	nan	10 cells per uL	200.0	nan		nan	nan	Source	Source_Plates_1000-1999																																						
1439.0	yL357	nan	10 cells per uL	200.0	nan		nan	nan	Source	Source_Plates_1000-1999																																						
1440.0	yL357	nan	10 cells per uL	200.0	nan		nan	nan	Source	Source_Plates_1000-1999																																						
1441.0	yL358	nan	10 cells per uL	200.0	nan		nan	nan	Source	Source_Plates_1000-1999																																						
1442.0	yL358	nan	10 cells per uL	200.0	nan		nan	nan	Source	Source_Plates_1000-1999																																						
1443.0	yL358	nan	10 cells per uL	200.0	nan		nan	nan	Source	Source_Plates_1000-1999																																						
1444.0	yL358	nan	10 cells per uL	200.0	nan		nan	nan	Source	Source_Plates_1000-1999																																						
1445.0	yL356	20220607_SaCas9_X1_guide_donor_cleavage_libraries	40 cells per uL	355.00770416024653	YPD+Hyg		nan	nan	Source	Source_Plates_1000-1999																																						
1446.0	yL356	20220607_SaCas9_X1_guide_donor_cleavage_libraries	40 cells per uL	355.00770416024653	YPD+Hyg		nan	nan	Source	Source_Plates_1000-1999																																						
1447.0	yL356	20220607_SaCas9_X1_guide_donor_cleavage_libraries	40 cells per uL	355.00770416024653	YPD+Hyg		nan	nan	Source	Source_Plates_1000-1999																																						
1448.0	yL356	20220607_SaCas9_X1_guide_donor_cleavage_libraries	40 cells per uL	355.00770416024653	YPD+Hyg		nan	nan	Source	Source_Plates_1000-1999																																						
1449.0	yL357	20220607_SaCas9_X1_guide_donor_cleavage_libraries	40 cells per uL	352.65306122448976	YPD+Hyg		nan	nan	Source	Source_Plates_1000-1999																																						
1450.0	yL357	20220607_SaCas9_X1_guide_donor_cleavage_libraries	40 cells per uL	352.65306122448976	YPD+Hyg		nan	nan	Source	Source_Plates_1000-1999																																						
1451.0	yL357	20220607_SaCas9_X1_guide_donor_cleavage_libraries	40 cells per uL	352.65306122448976	YPD+Hyg		nan	nan	Source	Source_Plates_1000-1999																																						
1452.0	yL357	20220607_SaCas9_X1_guide_donor_cleavage_libraries	40 cells per uL	352.65306122448976	YPD+Hyg		nan	nan	Source	Source_Plates_1000-1999																																						
1453.0	yL358	20220607_SaCas9_X1_guide_donor_cleavage_libraries	40 cells per uL	506.0029282576867	YPD+Hyg		nan	nan	Source	Source_Plates_1000-1999																																						
1454.0	yL358	20220607_SaCas9_X1_guide_donor_cleavage_libraries	40 cells per uL	506.0029282576867	YPD+Hyg		nan	nan	Source	Source_Plates_1000-1999																																						
1455.0	yL358	20220607_SaCas9_X1_guide_donor_cleavage_libraries	40 cells per uL	506.0029282576867	YPD+Hyg		nan	nan	Source	Source_Plates_1000-1999																																						
1456.0	yL358	20220607_SaCas9_X1_guide_donor_cleavage_libraries	40 cells per uL	506.0029282576867	YPD+Hyg		nan	nan	Source	Source_Plates_1000-1999																																						
1457.0	yL359	20220607_SaCas9_X1_guide_donor_cleavage_libraries	40 cells per uL	616.0427807486631	YPD+Hyg		nan	nan	Source	Source_Plates_1000-1999																																						
1458.0	yL359	20220607_SaCas9_X1_guide_donor_cleavage_libraries	40 cells per uL	616.0427807486631	YPD+Hyg		nan	nan	Source	Source_Plates_1000-1999																																						
1459.0	yL359	20220607_SaCas9_X1_guide_donor_cleavage_libraries	40 cells per uL	616.0427807486631	YPD+Hyg		nan	nan	Source	Source_Plates_1000-1999																																						
1460.0	yL359	20220607_SaCas9_X1_guide_donor_cleavage_libraries	40 cells per uL	616.0427807486631	YPD+Hyg		nan	nan	Source	Source_Plates_1000-1999																																						
1461.0	editing outgrowth sample_1	20240619_trafo_PTC_and_syn_subpool_outgrowths	nan		nan		nan	nan	Source	Source_Plates_1000-1999																																						
1462.0	editing outgrowth sample_2	20240619_trafo_PTC_and_syn_subpool_outgrowths	nan		nan		nan	nan	Source	Source_Plates_1000-1999																																						
1463.0	editing outgrowth sample_3	20240619_trafo_PTC_and_syn_subpool_outgrowths	nan		nan		nan	nan	Source	Source_Plates_1000-1999																																						
1464.0	editing outgrowth sample_4	20240619_trafo_PTC_and_syn_subpool_outgrowths	nan		nan		nan	nan	Source	Source_Plates_1000-1999																																						
1465.0	editing outgrowth sample_5	20240619_trafo_PTC_and_syn_subpool_outgrowths	nan		nan		nan	nan	Source	Source_Plates_1000-1999																																						
1466.0	editing outgrowth sample_6	20240619_trafo_PTC_and_syn_subpool_outgrowths	nan		nan		nan	nan	Source	Source_Plates_1000-1999																																						
1467.0	editing outgrowth sample_7	20240619_trafo_PTC_and_syn_subpool_outgrowths	nan		nan		nan	nan	Source	Source_Plates_1000-1999																																						
1468.0	editing outgrowth sample_8	20240619_trafo_PTC_and_syn_subpool_outgrowths	nan		nan		nan	nan	Source	Source_Plates_1000-1999																																						
1469.0	editing outgrowth sample_9	20240619_trafo_PTC_and_syn_subpool_outgrowths	nan		nan		nan	nan	Source	Source_Plates_1000-1999																																						
1470.0	editing outgrowth sample_10	20240619_trafo_PTC_and_syn_subpool_outgrowths	nan		nan		nan	nan	Source	Source_Plates_1000-1999																																						
1471.0	editing outgrowth sample_11	20240619_trafo_PTC_and_syn_subpool_outgrowths	nan		nan		nan	nan	Source	Source_Plates_1000-1999																																						
1472.0	editing outgrowth sample_12	20240619_trafo_PTC_and_syn_subpool_outgrowths	nan		nan		nan	nan	Source	Source_Plates_1000-1999																																						
1473.0	editing outgrowth sample_13	20240619_trafo_PTC_and_syn_subpool_outgrowths	nan		nan		nan	nan	Source	Source_Plates_1000-1999																																						
1474.0	editing outgrowth sample_14	20240619_trafo_PTC_and_syn_subpool_outgrowths	nan		nan		nan	nan	Source	Source_Plates_1000-1999																																						
1475.0	editing outgrowth sample_15	20240619_trafo_PTC_and_syn_subpool_outgrowths	nan		nan		nan	nan	Source	Source_Plates_1000-1999																																						
1476.0	editing outgrowth sample_16	20240619_trafo_PTC_and_syn_subpool_outgrowths	nan		nan		nan	nan	Source	Source_Plates_1000-1999																																						
1477.0	editing outgrowth sample_17	20240619_trafo_PTC_and_syn_subpool_outgrowths	nan		nan		nan	nan	Source	Source_Plates_1000-1999																																						
1478.0	editing outgrowth sample_18	20240619_trafo_PTC_and_syn_subpool_outgrowths	nan		nan		nan	nan	Source	Source_Plates_1000-1999																																						
1479.0	editing outgrowth sample_19	20240619_trafo_PTC_and_syn_subpool_outgrowths	nan		nan		nan	nan	Source	Source_Plates_1000-1999																																						
1480.0	editing outgrowth sample_20	20240619_trafo_PTC_and_syn_subpool_outgrowths	nan		nan		nan	nan	Source	Source_Plates_1000-1999																																						
1481.0	editing outgrowth sample_21	20240619_trafo_PTC_and_syn_subpool_outgrowths	nan		nan		nan	nan	Source	Source_Plates_1000-1999																																						
1482.0	editing outgrowth sample_22	20240619_trafo_PTC_and_syn_subpool_outgrowths	nan		nan		nan	nan	Source	Source_Plates_1000-1999																																						
1483.0	editing outgrowth sample_23	20240619_trafo_PTC_and_syn_subpool_outgrowths	nan		nan		nan	nan	Source	Source_Plates_1000-1999																																						
1484.0	editing outgrowth sample_24	20240619_trafo_PTC_and_syn_subpool_outgrowths	nan		nan		nan	nan	Source	Source_Plates_1000-1999																																						
1485.0	5FC outgrowth sample_1	20240619_trafo_PTC_and_syn_subpool_outgrowths	nan		nan		nan	nan	Source	Source_Plates_1000-1999																																						
1486.0	5FC outgrowth sample_2	20240619_trafo_PTC_and_syn_subpool_outgrowths	nan		nan		nan	nan	Source	Source_Plates_1000-1999																																						
1487.0	5FC outgrowth sample_3	20240619_trafo_PTC_and_syn_subpool_outgrowths	nan		nan		nan	nan	Source	Source_Plates_1000-1999																																						
1488.0	5FC outgrowth sample_4	20240619_trafo_PTC_and_syn_subpool_outgrowths	nan		nan		nan	nan	Source	Source_Plates_1000-1999																																						
1489.0	5FC outgrowth sample_5	20240619_trafo_PTC_and_syn_subpool_outgrowths	nan		nan		nan	nan	Source	Source_Plates_1000-1999																																						
1490.0	5FC outgrowth sample_6	20240619_trafo_PTC_and_syn_subpool_outgrowths	nan		nan		nan	nan	Source	Source_Plates_1000-1999																																						
1491.0	5FC outgrowth sample_7	20240619_trafo_PTC_and_syn_subpool_outgrowths	nan		nan		nan	nan	Source	Source_Plates_1000-1999																																						
1492.0	5FC outgrowth sample_8	20240619_trafo_PTC_and_syn_subpool_outgrowths	nan		nan		nan	nan	Source	Source_Plates_1000-1999																																						
1493.0	5FC outgrowth sample_9	20240619_trafo_PTC_and_syn_subpool_outgrowths	nan		nan		nan	nan	Source	Source_Plates_1000-1999																																						
1494.0	5FC outgrowth sample_10	20240619_trafo_PTC_and_syn_subpool_outgrowths	nan		nan		nan	nan	Source	Source_Plates_1000-1999																																						
1495.0	5FC outgrowth sample_11	20240619_trafo_PTC_and_syn_subpool_outgrowths	nan		nan		nan	nan	Source	Source_Plates_1000-1999																																						
1496.0	5FC outgrowth sample_12	20240619_trafo_PTC_and_syn_subpool_outgrowths	nan		nan		nan	nan	Source	Source_Plates_1000-1999																																						
1497.0	5FC outgrowth sample_13	20240619_trafo_PTC_and_syn_subpool_outgrowths	nan		nan		nan	nan	Source	Source_Plates_1000-1999																																						
1498.0	5FC outgrowth sample_14	20240619_trafo_PTC_and_syn_subpool_outgrowths	nan		nan		nan	nan	Source	Source_Plates_1000-1999																																						
1499.0	5FC outgrowth sample_15	20240619_trafo_PTC_and_syn_subpool_outgrowths	nan		nan		nan	nan	Source	Source_Plates_1000-1999																																						
1500.0	5FC outgrowth sample_16	20240619_trafo_PTC_and_syn_subpool_outgrowths	nan		nan		nan	nan	Source	Source_Plates_1000-1999																																						
1501.0	5FC outgrowth sample_17	20240619_trafo_PTC_and_syn_subpool_outgrowths	nan		nan		nan	nan	Source	Source_Plates_1000-1999																																						
1502.0	5FC outgrowth sample_18	20240619_trafo_PTC_and_syn_subpool_outgrowths	nan		nan		nan	nan	Source	Source_Plates_1000-1999																																						
1503.0	5FC outgrowth sample_19	20240619_trafo_PTC_and_syn_subpool_outgrowths	nan		nan		nan	nan	Source	Source_Plates_1000-1999																																						
1504.0	5FC outgrowth sample_20	20240619_trafo_PTC_and_syn_subpool_outgrowths	nan		nan		nan	nan	Source	Source_Plates_1000-1999																																						
1505.0	5FC outgrowth sample_21	20240619_trafo_PTC_and_syn_subpool_outgrowths	nan		nan		nan	nan	Source	Source_Plates_1000-1999																																						
1506.0	5FC outgrowth sample_22	20240619_trafo_PTC_and_syn_subpool_outgrowths	nan		nan		nan	nan	Source	Source_Plates_1000-1999																																						
1507.0	5FC outgrowth sample_23	20240619_trafo_PTC_and_syn_subpool_outgrowths	nan		nan		nan	nan	Source	Source_Plates_1000-1999																																						
1508.0	5FC outgrowth sample_24	20240619_trafo_PTC_and_syn_subpool_outgrowths	nan		nan		nan	nan	Source	Source_Plates_1000-1999																																						
1509.0	YPD+G418+1 mM 5FC outgrowth streaked to YPD+G418 for yL386	20240702_SpG_NGNG_and_NGNH_QTL_libraries	nan		nan		nan	nan	Source	Source_Plates_1000-1999																																						
1510.0	YPD+G418+1 mM 5FC outgrowth streaked to YPD+G418 for yL387	20240702_SpG_NGNG_and_NGNH_QTL_libraries	nan		nan		nan	nan	Source	Source_Plates_1000-1999																																						
1511.0	YPD+G418+1 mM 5FC outgrowth streaked to YPD+G418 for yL391	20240702_SpG_NGNG_and_NGNH_QTL_libraries	nan		nan		nan	nan	Source	Source_Plates_1000-1999																																						
1512.0	YPD+G418+1 mM 5FC outgrowth streaked to YPD+G418 for yL398	20240702_SpG_NGNG_and_NGNH_QTL_libraries	nan		nan		nan	nan	Source	Source_Plates_1000-1999																																						
1513.0	YPD+G418+1 mM 5FC outgrowth streaked to YPD+G418 for yL401	20240702_SpG_NGNG_and_NGNH_QTL_libraries	nan		nan		nan	nan	Source	Source_Plates_1000-1999																																						
1514.0	YPD+G418+1 mM 5FC outgrowth streaked to YPD+G418 for trafo 2 (IRA2 library)	20240712_SpG_NGNG_and_NGNH_cAMP_Ras_PKA_libraries	nan		nan		nan	nan	Source	Source_Plates_1000-1999																																						
1515.0	YPD+G418+1 mM 5FC outgrowth streaked to YPD+G418 for trafo 4 (CYR1 library)	20240712_SpG_NGNG_and_NGNH_cAMP_Ras_PKA_libraries	nan		nan		nan	nan	Source	Source_Plates_1000-1999																																						
1516.0	YPD+G418+1 mM 5FC outgrowth streaked to YPD+G418 for trafo 1 (non-editing control library)	20240712_SpG_NGNG_and_NGNH_cAMP_Ras_PKA_libraries	nan		nan		nan	nan	Source	Source_Plates_1000-1999																																						
1517.0	nan	nan	nan		nan		nan	nan	Source	Source_Plates_1000-1999																																						
1518.0	nan	nan	nan		nan		nan	nan	Source	Source_Plates_1000-1999																																						
1519.0	nan	nan	nan		nan		nan	nan	Source	Source_Plates_1000-1999																																						
1520.0	nan	nan	nan		nan		nan	nan	Source	Source_Plates_1000-1999																																						
1521.0	nan	nan	nan		nan		nan	nan	Source	Source_Plates_1000-1999																																						
1522.0	nan	nan	nan		nan		nan	nan	Source	Source_Plates_1000-1999																																						
1523.0	nan	nan	nan		nan		nan	nan	Source	Source_Plates_1000-1999																																						
1524.0	nan	nan	nan		nan		nan	nan	Source	Source_Plates_1000-1999																																						
1525.0	nan	nan	nan		nan		nan	nan	Source	Source_Plates_1000-1999																																						
1526.0	nan	nan	nan		nan		nan	nan	Source	Source_Plates_1000-1999																																						
1527.0	nan	nan	nan		nan		nan	nan	Source	Source_Plates_1000-1999																																						
1528.0	nan	nan	nan		nan		nan	nan	Source	Source_Plates_1000-1999																																						
1529.0	nan	nan	nan		nan		nan	nan	Source	Source_Plates_1000-1999																																						
									Target	Target_Plates_2000-2999	2000.0	yL284	384.0	nan	nan	nan	nan	nan	nan																													
									Target	Target_Plates_2000-2999	2001.0	yL284	384.0	nan	nan	nan	nan	nan	nan																													
									Target	Target_Plates_2000-2999	2002.0	yL284	384.0	nan	nan	nan	nan	nan	nan																													
									Target	Target_Plates_2000-2999	2003.0	yL284	384.0	nan	nan	nan	nan	nan	nan																													
									Target	Target_Plates_2000-2999	2004.0	yL284	384.0	nan	nan	nan	nan	nan	nan																													
									Target	Target_Plates_2000-2999	2005.0	yL284	384.0	nan	nan	nan	nan	nan	nan																													
									Target	Target_Plates_2000-2999	2006.0	yL284	384.0	nan	nan	nan	nan	nan	nan																													
									Target	Target_Plates_2000-2999	2007.0	yL284	384.0	nan	nan	nan	nan	nan	nan																													
									Target	Target_Plates_2000-2999	2008.0	yL284	384.0	nan	nan	nan	nan	nan	nan																													
									Target	Target_Plates_2000-2999	2009.0	yL284	384.0	nan	nan	nan	nan	nan	nan																													
									Target	Target_Plates_2000-2999	2010.0	yL274 plate wash + YPD+G418 O/N glycerol stock into 1st CSM-HIS+Galactose 20220508    2500-fold dilution in H2O --> 100 uL plated   onto CSM-HIS+5FOA	384.0	nan	nan	nan	nan	nan	nan																													
									Target	Target_Plates_2000-2999	2011.0	yL274 plate wash + YPD+G418 O/N glycerol stock into 1stCSM-HIS+Galactose 20220508    2500-fold dilution in H2O --> 100 uL plated   onto CSM-HIS+5FOA+5FC	384.0	nan	nan	nan	nan	nan	nan																													
									Target	Target_Plates_2000-2999	2012.0	yL279 plate wash + YPD+G418 O/N glycerol stock into 1stCSM-HIS+Galactose 20220508    2500-fold dilution in H2O --> 100 uL plated   onto CSM-HIS+5FOA	384.0	nan	nan	nan	nan	nan	nan																													
									Target	Target_Plates_2000-2999	2013.0	yL279 plate wash + YPD+G418 O/N glycerol stock into 1stCSM-HIS+Galactose 20220508    2500-fold dilution in H2O --> 100 uL plated   onto CSM-HIS+5FOA+5FC	384.0	nan	nan	nan	nan	nan	nan																													
									Target	Target_Plates_2000-2999	2014.0	yL274 plate wash + YPD+G418 O/N glycerol stock into 2nd CSM-HIS+Galactose 20220509    2500-fold dilution in H2O --> 100 uL plated   onto CSM-HIS+5FOA	384.0	nan	nan	nan	nan	nan	nan																													
									Target	Target_Plates_2000-2999	2015.0	yL274 plate wash + YPD+G418 O/N glycerol stock into 2nd CSM-HIS+Galactose 20220509    2500-fold dilution in H2O --> 100 uL plated   onto CSM-HIS+5FOA+5FC	384.0	nan	nan	nan	nan	nan	nan																													
									Target	Target_Plates_2000-2999	2016.0	yL279 plate wash + YPD+G418 O/N glycerol stock into 2nd CSM-HIS+Galactose 20220509    2500-fold dilution in H2O --> 100 uL plated   onto CSM-HIS+5FOA	384.0	nan	nan	nan	nan	nan	nan																													
									Target	Target_Plates_2000-2999	2017.0	yL279 plate wash + YPD+G418 O/N glycerol stock into 2nd CSM-HIS+Galactose 20220509    2500-fold dilution in H2O --> 100 uL plated   onto CSM-HIS+5FOA+5FC	384.0	nan	nan	nan	nan	nan	nan																													
									Target	Target_Plates_2000-2999	2018.0	yL274 plate wash + YPD+G418 O/N glycerol stock into 1st CSM-HIS+Galactose 20220508    2500-fold dilution in H2O --> 50 uL plated   onto CSM-HIS+5FOA	384.0	nan	nan	nan	nan	nan	nan																													
									Target	Target_Plates_2000-2999	2019.0	yL274 plate wash + YPD+G418 O/N glycerol stock into 1st CSM-HIS+Galactose 20220508    2500-fold dilution in H2O --> 100 uL plated   onto CSM-HIS+5FOA	384.0	nan	nan	nan	nan	nan	nan																													
									Target	Target_Plates_2000-2999	2020.0	yL274 plate wash + YPD+G418 O/N glycerol stock into 1st CSM-HIS+Galactose 20220508    2500-fold dilution in H2O --> 200 uL plated   onto CSM-HIS+5FOA	384.0	nan	nan	nan	nan	nan	nan																													
									Target	Target_Plates_2000-2999	2021.0	yL274 plate wash + YPD+G418 O/N glycerol stock into 1st CSM-HIS+Galactose 20220508    2500-fold dilution in H2O --> 400 uL plated   onto CSM-HIS+5FOA	384.0	nan	nan	nan	nan	nan	nan																													
									Target	Target_Plates_2000-2999	2022.0	yL279 plate wash + YPD+G418 O/N glycerol stock into 1st CSM-HIS+Galactose 20220508    2500-fold dilution in H2O --> 50 uL plated   onto CSM-HIS+5FOA	384.0	nan	nan	nan	nan	nan	nan																													
									Target	Target_Plates_2000-2999	2023.0	yL279 plate wash + YPD+G418 O/N glycerol stock into 1st CSM-HIS+Galactose 20220508    2500-fold dilution in H2O --> 100 uL plated   onto CSM-HIS+5FOA	384.0	nan	nan	nan	nan	nan	nan																													
									Target	Target_Plates_2000-2999	2024.0	yL279 plate wash + YPD+G418 O/N glycerol stock into 1st CSM-HIS+Galactose 20220508    2500-fold dilution in H2O --> 200 uL plated   onto CSM-HIS+5FOA	384.0	nan	nan	nan	nan	nan	nan																													
									Target	Target_Plates_2000-2999	2025.0	yL279 plate wash + YPD+G418 O/N glycerol stock into 1st CSM-HIS+Galactose 20220508    2500-fold dilution in H2O --> 400 uL plated   onto CSM-HIS+5FOA	384.0	nan	nan	nan	nan	nan	nan																													
									Target	Target_Plates_2000-2999	2026.0	yL274 plate wash + YPD+G418 O/N glycerol stock into 2nd CSM-HIS+Galactose 20220509    2500-fold dilution in H2O --> 200 uL plated onto CSM-HIS+5FOA	384.0	nan	nan	nan	nan	nan	nan																													
									Target	Target_Plates_2000-2999	2027.0	yL274 plate wash + YPD+G418 O/N glycerol stock into 2nd CSM-HIS+Galactose 20220509    2500-fold dilution in H2O --> 200 uL plated onto CSM-HIS+5FOA	384.0	nan	nan	nan	nan	nan	nan																													
									Target	Target_Plates_2000-2999	2028.0	yL274 plate wash + YPD+G418 O/N glycerol stock into 2nd CSM-HIS+Galactose 20220509    2500-fold dilution in H2O --> 200 uL plated onto CSM-HIS+5FOA	384.0	nan	nan	nan	nan	nan	nan																													
									Target	Target_Plates_2000-2999	2029.0	yL274 plate wash + YPD+G418 O/N glycerol stock into 2nd CSM-HIS+Galactose 20220509    2500-fold dilution in H2O --> 200 uL plated onto CSM-HIS+5FOA	384.0	nan	nan	nan	nan	nan	nan																													
									Target	Target_Plates_2000-2999	2030.0	yL279 plate wash + YPD+G418 O/N glycerol stock into 2nd CSM-HIS+Galactose 20220509    2500-fold dilution in H2O --> 50 uL plated onto CSM-HIS+5FOA	384.0	nan	nan	nan	nan	nan	nan																													
									Target	Target_Plates_2000-2999	2031.0	yL279 plate wash + YPD+G418 O/N glycerol stock into 2nd CSM-HIS+Galactose 20220509    2500-fold dilution in H2O --> 50 uL plated onto CSM-HIS+5FOA	384.0	nan	nan	nan	nan	nan	nan																													
									Target	Target_Plates_2000-2999	2032.0	yL279 plate wash + YPD+G418 O/N glycerol stock into 2nd CSM-HIS+Galactose 20220509    2500-fold dilution in H2O --> 50 uL plated onto CSM-HIS+5FOA	384.0	nan	nan	nan	nan	nan	nan																													
									Target	Target_Plates_2000-2999	2033.0	yL279 plate wash + YPD+G418 O/N glycerol stock into 2nd CSM-HIS+Galactose 20220509    2500-fold dilution in H2O --> 50 uL plated onto CSM-HIS+5FOA	384.0	nan	nan	nan	nan	nan	nan																													
									Target	Target_Plates_2000-2999	2034.0	yL274 plate wash + YPD+G418 O/N glycerol stock into 1st CSM-HIS+Galactose 20220508    2500-fold dilution in H2O --> 200 uL plated onto CSM-HIS+5FOA	384.0	nan	nan	nan	nan	nan	nan																													
									Target	Target_Plates_2000-2999	2035.0	yL274 plate wash + YPD+G418 O/N glycerol stock into 1st CSM-HIS+Galactose 20220508    2500-fold dilution in H2O --> 200 uL plated onto CSM-HIS+5FOA	384.0	nan	nan	nan	nan	nan	nan																													
									Target	Target_Plates_2000-2999	2036.0	yL274 plate wash + YPD+G418 O/N glycerol stock into 1st CSM-HIS+Galactose 20220508    2500-fold dilution in H2O --> 200 uL plated onto CSM-HIS+5FOA	384.0	nan	nan	nan	nan	nan	nan																													
									Target	Target_Plates_2000-2999	2037.0	yL274 plate wash + YPD+G418 O/N glycerol stock into 1st CSM-HIS+Galactose 20220508    2500-fold dilution in H2O --> 200 uL plated onto CSM-HIS+5FOA	384.0	nan	nan	nan	nan	nan	nan																													
									Target	Target_Plates_2000-2999	2038.0	yL279 plate wash + YPD+G418 O/N glycerol stock into 1st CSM-HIS+Galactose 20220508    2500-fold dilution in H2O --> 200 uL plated onto CSM-HIS+5FOA	384.0	nan	nan	nan	nan	nan	nan																													
									Target	Target_Plates_2000-2999	2039.0	yL279 plate wash + YPD+G418 O/N glycerol stock into 1st CSM-HIS+Galactose 20220508    2500-fold dilution in H2O --> 200 uL plated onto CSM-HIS+5FOA	384.0	nan	nan	nan	nan	nan	nan																													
									Target	Target_Plates_2000-2999	2040.0	yL279 plate wash + YPD+G418 O/N glycerol stock into 1st CSM-HIS+Galactose 20220508    2500-fold dilution in H2O --> 200 uL plated onto CSM-HIS+5FOA	384.0	nan	nan	nan	nan	nan	nan																													
									Target	Target_Plates_2000-2999	2041.0	yL279 plate wash + YPD+G418 O/N glycerol stock into 1st CSM-HIS+Galactose 20220508    2500-fold dilution in H2O --> 200 uL plated onto CSM-HIS+5FOA	384.0	nan	nan	nan	nan	nan	nan																													
									Target	Target_Plates_2000-2999	2042.0	yL279 plate wash + YPD+G418 O/N glycerol stock into 1st CSM-HIS+Galactose 20220508    2500-fold dilution in H2O --> 200 uL plated onto CSM-HIS+5FOA	384.0	nan	nan	nan	nan	nan	nan																													
									Target	Target_Plates_2000-2999	2043.0	yL274 plate wash + YPD+G418 O/N glycerol stock into 2nd CSM-HIS+Galactose 20220509    2500-fold dilution in H2O --> 50 uL plated onto CSM-HIS+5FOA	384.0	nan	nan	nan	nan	nan	nan																													
									Target	Target_Plates_2000-2999	2044.0	yL274 plate wash + YPD+G418 O/N glycerol stock into 2nd CSM-HIS+Galactose 20220509    2500-fold dilution in H2O --> 50 uL plated onto CSM-HIS+5FOA	384.0	nan	nan	nan	nan	nan	nan																													
									Target	Target_Plates_2000-2999	2045.0	yL274 plate wash + YPD+G418 O/N glycerol stock into 2nd CSM-HIS+Galactose 20220509    2500-fold dilution in H2O --> 50 uL plated onto CSM-HIS+5FOA	384.0	nan	nan	nan	nan	nan	nan																													
									Target	Target_Plates_2000-2999	2046.0	yL274 plate wash + YPD+G418 O/N glycerol stock into 2nd CSM-HIS+Galactose 20220509    2500-fold dilution in H2O --> 50 uL plated onto CSM-HIS+5FOA	384.0	nan	nan	nan	nan	nan	nan																													
									Target	Target_Plates_2000-2999	2047.0	yL279 plate wash + YPD+G418 O/N glycerol stock into 2nd CSM-HIS+Galactose 20220509    2500-fold dilution in H2O --> 50 uL plated onto CSM-HIS+5FOA	384.0	nan	nan	nan	nan	nan	nan																													
									Target	Target_Plates_2000-2999	2048.0	yL279 plate wash + YPD+G418 O/N glycerol stock into 2nd CSM-HIS+Galactose 20220509    2500-fold dilution in H2O --> 50 uL plated onto CSM-HIS+5FOA	384.0	nan	nan	nan	nan	nan	nan																													
									Target	Target_Plates_2000-2999	2049.0	yL279 plate wash + YPD+G418 O/N glycerol stock into 2nd CSM-HIS+Galactose 20220509    2500-fold dilution in H2O --> 50 uL plated onto CSM-HIS+5FOA	384.0	nan	nan	nan	nan	nan	nan																													
									Target	Target_Plates_2000-2999	2050.0	yL279 plate wash + YPD+G418 O/N glycerol stock into 2nd CSM-HIS+Galactose 20220509    2500-fold dilution in H2O --> 50 uL plated onto CSM-HIS+5FOA	384.0	nan	nan	nan	nan	nan	nan																													
									Target	Target_Plates_2000-2999	2051.0	yL279 plate wash + YPD+G418 O/N glycerol stock into 2nd CSM-HIS+Galactose 20220509    2500-fold dilution in H2O --> 50 uL plated onto CSM-HIS+5FOA	384.0	nan	nan	nan	nan	nan	nan																													
									Target	Target_Plates_2000-2999	2052.0	yL279 plate wash + YPD+G418 O/N glycerol stock into 2nd CSM-HIS+Galactose 20220509    2500-fold dilution in H2O --> 50 uL plated onto CSM-HIS+5FOA	384.0	nan	nan	nan	nan	nan	nan																													
									Target	Target_Plates_2000-2999	2053.0	yL279 plate wash + YPD+G418 O/N glycerol stock into 2nd CSM-HIS+Galactose 20220509    2500-fold dilution in H2O --> 50 uL plated onto CSM-HIS+5FOA	384.0	nan	nan	nan	nan	nan	nan																													
									Target	Target_Plates_2000-2999	2054.0	yL279 plate wash + YPD+G418 O/N glycerol stock into 2nd CSM-HIS+Galactose 20220509    2500-fold dilution in H2O --> 50 uL plated onto CSM-HIS+5FOA	384.0	nan	nan	nan	nan	nan	nan																													
									Target	Target_Plates_2000-2999	2055.0	yL275 plate wash + YPD+G418 O/N glycerol stock into 1st CSM-HIS+Galactose 20220508    2500-fold dilution in H2O --> 100 uL plated onto CSM-HIS+5FOA		20220504_MAGESTIC_QTL_yL274_yL275_yL276_yL279_yL280_yL283_yL284_PIXL_REDI	nan	nan	nan	nan	nan																													
									Target	Target_Plates_2000-2999	2056.0	yL275 plate wash + YPD+G418 O/N glycerol stock into 1st CSM-HIS+Galactose 20220508    2500-fold dilution in H2O --> 100 uL plated onto CSM-HIS+5FOA+5FC		20220504_MAGESTIC_QTL_yL274_yL275_yL276_yL279_yL280_yL283_yL284_PIXL_REDI	nan	nan	nan	nan	nan																													
									Target	Target_Plates_2000-2999	2057.0	yL284 plate wash + YPD+G418 O/N glycerol stock into 1st CSM-HIS+Galactose 20220508    2500-fold dilution in H2O --> 100 uL plated onto CSM-HIS+5FOA		20220504_MAGESTIC_QTL_yL274_yL275_yL276_yL279_yL280_yL283_yL284_PIXL_REDI	nan	nan	nan	nan	nan																													
									Target	Target_Plates_2000-2999	2058.0	yL284 plate wash + YPD+G418 O/N glycerol stock into 1st CSM-HIS+Galactose 20220508    2500-fold dilution in H2O --> 100 uL plated onto CSM-HIS+5FOA+5FC		20220504_MAGESTIC_QTL_yL274_yL275_yL276_yL279_yL280_yL283_yL284_PIXL_REDI	nan	nan	nan	nan	nan																													
									Target	Target_Plates_2000-2999	2059.0	yL275 plate wash + YPD+G418 O/N glycerol stock into 2nd CSM-HIS+Galactose 20220509    2500-fold dilution in H2O --> 100 uL plated onto CSM-HIS+5FOA		20220504_MAGESTIC_QTL_yL274_yL275_yL276_yL279_yL280_yL283_yL284_PIXL_REDI	nan	nan	nan	nan	nan																													
									Target	Target_Plates_2000-2999	2060.0	yL275 plate wash + YPD+G418 O/N glycerol stock into 2nd CSM-HIS+Galactose 20220509    2500-fold dilution in H2O --> 100 uL plated   onto CSM-HIS+5FOA+5FC		20220504_MAGESTIC_QTL_yL274_yL275_yL276_yL279_yL280_yL283_yL284_PIXL_REDI	nan	nan	nan	nan	nan																													
									Target	Target_Plates_2000-2999	2061.0	yL284 plate wash + YPD+G418 O/N glycerol stock into 2nd CSM-HIS+Galactose 20220509    2500-fold dilution in H2O --> 100 uL plated   onto CSM-HIS+5FOA		20220504_MAGESTIC_QTL_yL274_yL275_yL276_yL279_yL280_yL283_yL284_PIXL_REDI	nan	nan	nan	nan	nan																													
									Target	Target_Plates_2000-2999	2062.0	yL284 plate wash + YPD+G418 O/N glycerol stock into 2nd CSM-HIS+Galactose 20220509    2500-fold dilution in H2O --> 100 uL plated   onto CSM-HIS+5FOA+5FC		20220504_MAGESTIC_QTL_yL274_yL275_yL276_yL279_yL280_yL283_yL284_PIXL_REDI	nan	nan	nan	nan	nan																													
									Target	Target_Plates_2000-2999	2063.0	yL274 plate wash + YPD+G418 O/N glycerol stock into 2nd CSM-HIS+Galactose 20220509    2500-fold dilution in H2O --> 50 uL plated onto CSM-HIS+5FOA		20220504_MAGESTIC_QTL_yL274_yL275_yL276_yL279_yL280_yL283_yL284_PIXL_REDI	nan	nan	nan	nan	nan																													
									Target	Target_Plates_2000-2999	2064.0	yL274 plate wash + YPD+G418 O/N glycerol stock into 2nd CSM-HIS+Galactose 20220509    2500-fold dilution in H2O --> 50 uL plated onto CSM-HIS+5FOA		20220504_MAGESTIC_QTL_yL274_yL275_yL276_yL279_yL280_yL283_yL284_PIXL_REDI	nan	nan	nan	nan	nan																													
									Target	Target_Plates_2000-2999	2065.0	yL275 plate wash + YPD+G418 O/N glycerol stock into 1st CSM-HIS+Galactose 20220508		20220504_MAGESTIC_QTL_yL274_yL275_yL276_yL279_yL280_yL283_yL284_PIXL_REDI	nan	nan	nan	nan	nan																													
									Target	Target_Plates_2000-2999	2066.0	yL275 plate wash + YPD+G418 O/N glycerol stock into 1st CSM-HIS+Galactose 20220508		20220504_MAGESTIC_QTL_yL274_yL275_yL276_yL279_yL280_yL283_yL284_PIXL_REDI	nan	nan	nan	nan	nan																													
									Target	Target_Plates_2000-2999	2067.0	yL275 plate wash + YPD+G418 O/N glycerol stock into 1st CSM-HIS+Galactose 20220508		20220504_MAGESTIC_QTL_yL274_yL275_yL276_yL279_yL280_yL283_yL284_PIXL_REDI	nan	nan	nan	nan	nan																													
									Target	Target_Plates_2000-2999	2068.0	yL275 plate wash + YPD+G418 O/N glycerol stock into 1st CSM-HIS+Galactose 20220508		20220504_MAGESTIC_QTL_yL274_yL275_yL276_yL279_yL280_yL283_yL284_PIXL_REDI	nan	nan	nan	nan	nan																													
									Target	Target_Plates_2000-2999	2069.0	yL275 plate wash + YPD+G418 O/N glycerol stock into 1st CSM-HIS+Galactose 20220508		20220504_MAGESTIC_QTL_yL274_yL275_yL276_yL279_yL280_yL283_yL284_PIXL_REDI	nan	nan	nan	nan	nan																													
									Target	Target_Plates_2000-2999	2070.0	yL275 plate wash + YPD+G418 O/N glycerol stock into 1st CSM-HIS+Galactose 20220508		20220504_MAGESTIC_QTL_yL274_yL275_yL276_yL279_yL280_yL283_yL284_PIXL_REDI	nan	nan	nan	nan	nan																													
									Target	Target_Plates_2000-2999	2071.0	yL275 plate wash + YPD+G418 O/N glycerol stock into 1st CSM-HIS+Galactose 20220508		20220504_MAGESTIC_QTL_yL274_yL275_yL276_yL279_yL280_yL283_yL284_PIXL_REDI	nan	nan	nan	nan	nan																													
									Target	Target_Plates_2000-2999	2072.0	yL275 plate wash + YPD+G418 O/N glycerol stock into 1st CSM-HIS+Galactose 20220508		20220504_MAGESTIC_QTL_yL274_yL275_yL276_yL279_yL280_yL283_yL284_PIXL_REDI	nan	nan	nan	nan	nan																													
									Target	Target_Plates_2000-2999	2073.0	yL284 plate wash + YPD+G418 O/N glycerol stock into 1st CSM-HIS+Galactose 20220508		20220504_MAGESTIC_QTL_yL274_yL275_yL276_yL279_yL280_yL283_yL284_PIXL_REDI	nan	nan	nan	nan	nan																													
									Target	Target_Plates_2000-2999	2074.0	yL284 plate wash + YPD+G418 O/N glycerol stock into 1st CSM-HIS+Galactose 20220508		20220504_MAGESTIC_QTL_yL274_yL275_yL276_yL279_yL280_yL283_yL284_PIXL_REDI	nan	nan	nan	nan	nan																													
									Target	Target_Plates_2000-2999	2075.0	yL284 plate wash + YPD+G418 O/N glycerol stock into 1st CSM-HIS+Galactose 20220508		20220504_MAGESTIC_QTL_yL274_yL275_yL276_yL279_yL280_yL283_yL284_PIXL_REDI	nan	nan	nan	nan	nan																													
									Target	Target_Plates_2000-2999	2076.0	yL284 plate wash + YPD+G418 O/N glycerol stock into 1st CSM-HIS+Galactose 20220508		20220504_MAGESTIC_QTL_yL274_yL275_yL276_yL279_yL280_yL283_yL284_PIXL_REDI	nan	nan	nan	nan	nan																													
									Target	Target_Plates_2000-2999	2077.0	yL284 plate wash + YPD+G418 O/N glycerol stock into 1st CSM-HIS+Galactose 20220508		20220504_MAGESTIC_QTL_yL274_yL275_yL276_yL279_yL280_yL283_yL284_PIXL_REDI	nan	nan	nan	nan	nan																													
									Target	Target_Plates_2000-2999	2078.0	yL284 plate wash + YPD+G418 O/N glycerol stock into 1st CSM-HIS+Galactose 20220508		20220504_MAGESTIC_QTL_yL274_yL275_yL276_yL279_yL280_yL283_yL284_PIXL_REDI	nan	nan	nan	nan	nan																													
									Target	Target_Plates_2000-2999	2079.0	yL284 plate wash + YPD+G418 O/N glycerol stock into 1st CSM-HIS+Galactose 20220508		20220504_MAGESTIC_QTL_yL274_yL275_yL276_yL279_yL280_yL283_yL284_PIXL_REDI	nan	nan	nan	nan	nan																													
									Target	Target_Plates_2000-2999	2080.0	yL284 plate wash + YPD+G418 O/N glycerol stock into 1st CSM-HIS+Galactose 20220508		20220504_MAGESTIC_QTL_yL274_yL275_yL276_yL279_yL280_yL283_yL284_PIXL_REDI	nan	nan	nan	nan	nan																													
									Target	Target_Plates_2000-2999	2081.0	yL275 plate wash + YPD+G418 O/N glycerol stock into 2nd CSM-HIS+Galactose 20220509		20220504_MAGESTIC_QTL_yL274_yL275_yL276_yL279_yL280_yL283_yL284_PIXL_REDI	nan	nan	nan	nan	nan																													
									Target	Target_Plates_2000-2999	2082.0	yL275 plate wash + YPD+G418 O/N glycerol stock into 2nd CSM-HIS+Galactose 20220509		20220504_MAGESTIC_QTL_yL274_yL275_yL276_yL279_yL280_yL283_yL284_PIXL_REDI	nan	nan	nan	nan	nan																													
									Target	Target_Plates_2000-2999	2083.0	yL275 plate wash + YPD+G418 O/N glycerol stock into 2nd CSM-HIS+Galactose 20220509		20220504_MAGESTIC_QTL_yL274_yL275_yL276_yL279_yL280_yL283_yL284_PIXL_REDI	nan	nan	nan	nan	nan																													
									Target	Target_Plates_2000-2999	2084.0	yL275 plate wash + YPD+G418 O/N glycerol stock into 2nd CSM-HIS+Galactose 20220509		20220504_MAGESTIC_QTL_yL274_yL275_yL276_yL279_yL280_yL283_yL284_PIXL_REDI	nan	nan	nan	nan	nan																													
									Target	Target_Plates_2000-2999	2085.0	yL275 plate wash + YPD+G418 O/N glycerol stock into 2nd CSM-HIS+Galactose 20220509		20220504_MAGESTIC_QTL_yL274_yL275_yL276_yL279_yL280_yL283_yL284_PIXL_REDI	nan	nan	nan	nan	nan																													
									Target	Target_Plates_2000-2999	2086.0	yL275 plate wash + YPD+G418 O/N glycerol stock into 2nd CSM-HIS+Galactose 20220509		20220504_MAGESTIC_QTL_yL274_yL275_yL276_yL279_yL280_yL283_yL284_PIXL_REDI	nan	nan	nan	nan	nan																													
									Target	Target_Plates_2000-2999	2087.0	yL284 plate wash + YPD+G418 O/N glycerol stock into 2nd CSM-HIS+Galactose 20220509		20220504_MAGESTIC_QTL_yL274_yL275_yL276_yL279_yL280_yL283_yL284_PIXL_REDI	nan	nan	nan	nan	nan																													
									Target	Target_Plates_2000-2999	2088.0	yL284 plate wash + YPD+G418 O/N glycerol stock into 2nd CSM-HIS+Galactose 20220509		20220504_MAGESTIC_QTL_yL274_yL275_yL276_yL279_yL280_yL283_yL284_PIXL_REDI	nan	nan	nan	nan	nan																													
									Target	Target_Plates_2000-2999	2089.0	yL284 plate wash + YPD+G418 O/N glycerol stock into 2nd CSM-HIS+Galactose 20220509		20220504_MAGESTIC_QTL_yL274_yL275_yL276_yL279_yL280_yL283_yL284_PIXL_REDI	nan	nan	nan	nan	nan																													
									Target	Target_Plates_2000-2999	2090.0	yL284 plate wash + YPD+G418 O/N glycerol stock into 2nd CSM-HIS+Galactose 20220509		20220504_MAGESTIC_QTL_yL274_yL275_yL276_yL279_yL280_yL283_yL284_PIXL_REDI	nan	nan	nan	nan	nan																													
									Target	Target_Plates_2000-2999	2091.0	yL284 plate wash + YPD+G418 O/N glycerol stock into 2nd CSM-HIS+Galactose 20220509		20220504_MAGESTIC_QTL_yL274_yL275_yL276_yL279_yL280_yL283_yL284_PIXL_REDI	nan	nan	nan	nan	nan																													
									Target	Target_Plates_2000-2999	2092.0	yL284 plate wash + YPD+G418 O/N glycerol stock into 2nd CSM-HIS+Galactose 20220509		20220504_MAGESTIC_QTL_yL274_yL275_yL276_yL279_yL280_yL283_yL284_PIXL_REDI	nan	nan	nan	nan	nan																													
									Target	Target_Plates_2000-2999	2093.0	yL284 plate wash + YPD+G418 O/N glycerol stock into 2nd CSM-HIS+Galactose 20220509		20220504_MAGESTIC_QTL_yL274_yL275_yL276_yL279_yL280_yL283_yL284_PIXL_REDI	nan	nan	nan	nan	nan																													
									Target	Target_Plates_2000-2999	2094.0	yL284 plate wash + YPD+G418 O/N glycerol stock into 2nd CSM-HIS+Galactose 20220509		20220504_MAGESTIC_QTL_yL274_yL275_yL276_yL279_yL280_yL283_yL284_PIXL_REDI	nan	nan	nan	nan	nan																													
									Target	Target_Plates_2000-2999	2095.0	yL275 plate wash + YPD+G418 O/N glycerol stock into 1st CSM-HIS+Galactose 20220508		20220504_MAGESTIC_QTL_yL274_yL275_yL276_yL279_yL280_yL283_yL284_PIXL_REDI	nan	nan	nan	nan	nan																													
									Target	Target_Plates_2000-2999	2096.0	yL275 plate wash + YPD+G418 O/N glycerol stock into 1st CSM-HIS+Galactose 20220508		20220504_MAGESTIC_QTL_yL274_yL275_yL276_yL279_yL280_yL283_yL284_PIXL_REDI	nan	nan	nan	nan	nan																													
									Target	Target_Plates_2000-2999	2097.0	yL275 plate wash + YPD+G418 O/N glycerol stock into 1st CSM-HIS+Galactose 20220508		20220504_MAGESTIC_QTL_yL274_yL275_yL276_yL279_yL280_yL283_yL284_PIXL_REDI	nan	nan	nan	nan	nan																													
									Target	Target_Plates_2000-2999	2098.0	yL275 plate wash + YPD+G418 O/N glycerol stock into 1st CSM-HIS+Galactose 20220508		20220504_MAGESTIC_QTL_yL274_yL275_yL276_yL279_yL280_yL283_yL284_PIXL_REDI	nan	nan	nan	nan	nan																													
									Target	Target_Plates_2000-2999	2099.0	yL275 plate wash + YPD+G418 O/N glycerol stock into 1st CSM-HIS+Galactose 20220508		20220504_MAGESTIC_QTL_yL274_yL275_yL276_yL279_yL280_yL283_yL284_PIXL_REDI	nan	nan	nan	nan	nan																													
									Target	Target_Plates_2000-2999	2100.0	yL275 plate wash + YPD+G418 O/N glycerol stock into 1st CSM-HIS+Galactose 20220508		20220504_MAGESTIC_QTL_yL274_yL275_yL276_yL279_yL280_yL283_yL284_PIXL_REDI	nan	nan	nan	nan	nan																													
									Target	Target_Plates_2000-2999	2101.0	yL275 plate wash + YPD+G418 O/N glycerol stock into 1st CSM-HIS+Galactose 20220508		20220504_MAGESTIC_QTL_yL274_yL275_yL276_yL279_yL280_yL283_yL284_PIXL_REDI	nan	nan	nan	nan	nan																													
									Target	Target_Plates_2000-2999	2102.0	yL275 plate wash + YPD+G418 O/N glycerol stock into 1st CSM-HIS+Galactose 20220508		20220504_MAGESTIC_QTL_yL274_yL275_yL276_yL279_yL280_yL283_yL284_PIXL_REDI	nan	nan	nan	nan	nan																													
									Target	Target_Plates_2000-2999	2103.0	yL284 plate wash + YPD+G418 O/N glycerol stock into 1st CSM-HIS+Galactose 20220508		20220504_MAGESTIC_QTL_yL274_yL275_yL276_yL279_yL280_yL283_yL284_PIXL_REDI	nan	nan	nan	nan	nan																													
									Target	Target_Plates_2000-2999	2104.0	yL284 plate wash + YPD+G418 O/N glycerol stock into 1st CSM-HIS+Galactose 20220508		20220504_MAGESTIC_QTL_yL274_yL275_yL276_yL279_yL280_yL283_yL284_PIXL_REDI	nan	nan	nan	nan	nan																													
									Target	Target_Plates_2000-2999	2105.0	yL284 plate wash + YPD+G418 O/N glycerol stock into 1st CSM-HIS+Galactose 20220508		20220504_MAGESTIC_QTL_yL274_yL275_yL276_yL279_yL280_yL283_yL284_PIXL_REDI	nan	nan	nan	nan	nan																													
									Target	Target_Plates_2000-2999	2106.0	yL284 plate wash + YPD+G418 O/N glycerol stock into 1st CSM-HIS+Galactose 20220508		20220504_MAGESTIC_QTL_yL274_yL275_yL276_yL279_yL280_yL283_yL284_PIXL_REDI	nan	nan	nan	nan	nan																													
									Target	Target_Plates_2000-2999	2107.0	yL284 plate wash + YPD+G418 O/N glycerol stock into 1st CSM-HIS+Galactose 20220508		20220504_MAGESTIC_QTL_yL274_yL275_yL276_yL279_yL280_yL283_yL284_PIXL_REDI	nan	nan	nan	nan	nan																													
									Target	Target_Plates_2000-2999	2108.0	yL284 plate wash + YPD+G418 O/N glycerol stock into 1st CSM-HIS+Galactose 20220508		20220504_MAGESTIC_QTL_yL274_yL275_yL276_yL279_yL280_yL283_yL284_PIXL_REDI	nan	nan	nan	nan	nan																													
									Target	Target_Plates_2000-2999	2109.0	yL284 plate wash + YPD+G418 O/N glycerol stock into 1st CSM-HIS+Galactose 20220508		20220504_MAGESTIC_QTL_yL274_yL275_yL276_yL279_yL280_yL283_yL284_PIXL_REDI	nan	nan	nan	nan	nan																													
									Target	Target_Plates_2000-2999	2110.0	yL284 plate wash + YPD+G418 O/N glycerol stock into 1st CSM-HIS+Galactose 20220508		20220504_MAGESTIC_QTL_yL274_yL275_yL276_yL279_yL280_yL283_yL284_PIXL_REDI	nan	nan	nan	nan	nan																													
									Target	Target_Plates_2000-2999	2111.0	yL275 plate wash + YPD+G418 O/N glycerol stock into 2nd CSM-HIS+Galactose 20220509		20220504_MAGESTIC_QTL_yL274_yL275_yL276_yL279_yL280_yL283_yL284_PIXL_REDI	nan	nan	nan	nan	nan																													
									Target	Target_Plates_2000-2999	2112.0	yL275 plate wash + YPD+G418 O/N glycerol stock into 2nd CSM-HIS+Galactose 20220509		20220504_MAGESTIC_QTL_yL274_yL275_yL276_yL279_yL280_yL283_yL284_PIXL_REDI	nan	nan	nan	nan	nan																													
									Target	Target_Plates_2000-2999	2113.0	yL275 plate wash + YPD+G418 O/N glycerol stock into 2nd CSM-HIS+Galactose 20220509		20220504_MAGESTIC_QTL_yL274_yL275_yL276_yL279_yL280_yL283_yL284_PIXL_REDI	nan	nan	nan	nan	nan																													
									Target	Target_Plates_2000-2999	2114.0	yL275 plate wash + YPD+G418 O/N glycerol stock into 2nd CSM-HIS+Galactose 20220509		20220504_MAGESTIC_QTL_yL274_yL275_yL276_yL279_yL280_yL283_yL284_PIXL_REDI	nan	nan	nan	nan	nan																													
									Target	Target_Plates_2000-2999	2115.0	yL275 plate wash + YPD+G418 O/N glycerol stock into 2nd CSM-HIS+Galactose 20220509		20220504_MAGESTIC_QTL_yL274_yL275_yL276_yL279_yL280_yL283_yL284_PIXL_REDI	nan	nan	nan	nan	nan																													
									Target	Target_Plates_2000-2999	2116.0	yL275 plate wash + YPD+G418 O/N glycerol stock into 2nd CSM-HIS+Galactose 20220509		20220504_MAGESTIC_QTL_yL274_yL275_yL276_yL279_yL280_yL283_yL284_PIXL_REDI	nan	nan	nan	nan	nan																													
									Target	Target_Plates_2000-2999	2117.0	yL275 plate wash + YPD+G418 O/N glycerol stock into 2nd CSM-HIS+Galactose 20220509		20220504_MAGESTIC_QTL_yL274_yL275_yL276_yL279_yL280_yL283_yL284_PIXL_REDI	nan	nan	nan	nan	nan																													
									Target	Target_Plates_2000-2999	2118.0	yL275 plate wash + YPD+G418 O/N glycerol stock into 2nd CSM-HIS+Galactose 20220509		20220504_MAGESTIC_QTL_yL274_yL275_yL276_yL279_yL280_yL283_yL284_PIXL_REDI	nan	nan	nan	nan	nan																													
									Target	Target_Plates_2000-2999	2119.0	yL284 plate wash + YPD+G418 O/N glycerol stock into 2nd CSM-HIS+Galactose 20220509		20220504_MAGESTIC_QTL_yL274_yL275_yL276_yL279_yL280_yL283_yL284_PIXL_REDI	nan	nan	nan	nan	nan																													
									Target	Target_Plates_2000-2999	2120.0	yL284 plate wash + YPD+G418 O/N glycerol stock into 2nd CSM-HIS+Galactose 20220509		20220504_MAGESTIC_QTL_yL274_yL275_yL276_yL279_yL280_yL283_yL284_PIXL_REDI	nan	nan	nan	nan	nan																													
									Target	Target_Plates_2000-2999	2121.0	yL284 plate wash + YPD+G418 O/N glycerol stock into 2nd CSM-HIS+Galactose 20220509		20220504_MAGESTIC_QTL_yL274_yL275_yL276_yL279_yL280_yL283_yL284_PIXL_REDI	nan	nan	nan	nan	nan																													
									Target	Target_Plates_2000-2999	2122.0	yL284 plate wash + YPD+G418 O/N glycerol stock into 2nd CSM-HIS+Galactose 20220509		20220504_MAGESTIC_QTL_yL274_yL275_yL276_yL279_yL280_yL283_yL284_PIXL_REDI	nan	nan	nan	nan	nan																													
									Target	Target_Plates_2000-2999	2123.0	yL284 plate wash + YPD+G418 O/N glycerol stock into 2nd CSM-HIS+Galactose 20220509		20220504_MAGESTIC_QTL_yL274_yL275_yL276_yL279_yL280_yL283_yL284_PIXL_REDI	nan	nan	nan	nan	nan																													
									Target	Target_Plates_2000-2999	2124.0	yL284 plate wash + YPD+G418 O/N glycerol stock into 2nd CSM-HIS+Galactose 20220509		20220504_MAGESTIC_QTL_yL274_yL275_yL276_yL279_yL280_yL283_yL284_PIXL_REDI	nan	nan	nan	nan	nan																													
									Target	Target_Plates_2000-2999	2125.0	yL284 plate wash + YPD+G418 O/N glycerol stock into 2nd CSM-HIS+Galactose 20220509		20220504_MAGESTIC_QTL_yL274_yL275_yL276_yL279_yL280_yL283_yL284_PIXL_REDI	nan	nan	nan	nan	nan																													
									Target	Target_Plates_2000-2999	2126.0	yL284 plate wash + YPD+G418 O/N glycerol stock into 2nd CSM-HIS+Galactose 20220509		20220504_MAGESTIC_QTL_yL274_yL275_yL276_yL279_yL280_yL283_yL284_PIXL_REDI	nan	nan	nan	nan	nan																													
									Target	Target_Plates_2000-2999	2127.0	1047 outer row and column colonies		20220504_MAGESTIC_QTL_yL274_yL275_yL276_yL279_yL280_yL283_yL284_PIXL_REDI	nan	nan	nan	nan	nan																													
									Target	Target_Plates_2000-2999	2128.0	nan		20220504_MAGESTIC_QTL_yL274_yL275_yL276_yL279_yL280_yL283_yL284_PIXL_REDI	nan	nan	nan	nan	nan																													
									Target	Target_Plates_2000-2999	2129.0	20220607_SaCas9_X1_guide_donor_cleavage_libraries_trafo_1-1 	384.0	20220607_SaCas9_X1_site_SpCas9_trafo	nan	nan	nan	nan	nan																													
									Target	Target_Plates_2000-2999	2130.0	20220607_SaCas9_X1_guide_donor_cleavage_libraries_trafo_1-2	384.0	20220607_SaCas9_X1_site_SpCas9_trafo	nan	nan	nan	nan	nan																													
									Target	Target_Plates_2000-2999	2131.0	20220607_SaCas9_X1_guide_donor_cleavage_libraries_trafo_1-3	384.0	20220607_SaCas9_X1_site_SpCas9_trafo	nan	nan	nan	nan	nan																													
									Target	Target_Plates_2000-2999	2132.0	20220607_SaCas9_X1_guide_donor_cleavage_libraries_trafo_4-1 	384.0	20220607_SaCas9_X1_site_SpCas9_trafo	nan	nan	nan	nan	nan																													
									Target	Target_Plates_2000-2999	2133.0	20220607_SaCas9_X1_guide_donor_cleavage_libraries_trafo_4-2	384.0	20220607_SaCas9_X1_site_SpCas9_trafo	nan	nan	nan	nan	nan																													
									Target	Target_Plates_2000-2999	2134.0	20220607_SaCas9_X1_guide_donor_cleavage_libraries_trafo_4-3	384.0	20220607_SaCas9_X1_site_SpCas9_trafo	nan	nan	nan	nan	nan																													
									Target	Target_Plates_2000-2999	2135.0	20220504_MAGESTIC_QTL_libraries_yL304_to_yL315 YPD outgrowth time zero 20,000X dilution 100 uL	384.0	20220607_SaCas9_X1_guide_donor_cleavage_libraries	nan	nan	nan	nan	nan																													
									Target	Target_Plates_2000-2999	2136.0	20220504_MAGESTIC_QTL_libraries_yL304_to_yL315 YPD outgrowth time zero 20,000X dilution 150 uL	384.0	20220607_SaCas9_X1_guide_donor_cleavage_libraries	nan	nan	nan	nan	nan																													
									Target	Target_Plates_2000-2999	2137.0	20220504_MAGESTIC_QTL_libraries_yL304_to_yL315 Cadmium Chloride 20,000X dilution 100 uL	384.0	20220607_SaCas9_X1_guide_donor_cleavage_libraries	nan	nan	nan	nan	nan																													
									Target	Target_Plates_2000-2999	2138.0	20220504_MAGESTIC_QTL_libraries_yL304_to_yL315 YP+glycerol 10,000X dilution 100 uL	384.0	20220607_SaCas9_X1_guide_donor_cleavage_libraries	nan	nan	nan	nan	nan																													
									Target	Target_Plates_2000-2999	2139.0	1182	384.0	310 total colonies	nan	nan	yL320	nan	nan																													
									Target	Target_Plates_2000-2999	2140.0	1183	384.0	400 total colonies	nan	nan	yL320	nan	nan																													
									Target	Target_Plates_2000-2999	2141.0	1183	384.0	nan	nan	nan	yL320	nan	nan																													
									Target	Target_Plates_2000-2999	2142.0	1184	384.0	654 total colonies	nan	nan	yL320	nan	nan																													
									Target	Target_Plates_2000-2999	2143.0	1184	384.0	nan	nan	nan	yL320	nan	nan																													
									Target	Target_Plates_2000-2999	2144.0	1185	384.0	671 total colonies	nan	nan	yL320	nan	nan																													
									Target	Target_Plates_2000-2999	2145.0	1185	384.0	nan	nan	nan	yL320	nan	nan																													
									Target	Target_Plates_2000-2999	2146.0	1186	384.0	346 total colonies	nan	nan	yL322	nan	nan																													
									Target	Target_Plates_2000-2999	2147.0	1187	384.0	357 total colonies	nan	nan	yL322	nan	nan																													
									Target	Target_Plates_2000-2999	2148.0	1188	384.0	635 total colonies	nan	nan	yL322	nan	nan																													
									Target	Target_Plates_2000-2999	2149.0	1188	384.0	nan	nan	nan	yL322	nan	nan																													
									Target	Target_Plates_2000-2999	2150.0	1189	384.0	606 total colonies	nan	nan	yL322	nan	nan																													
									Target	Target_Plates_2000-2999	2151.0	1189	384.0	nan	nan	nan	yL322	nan	nan																													
									Target	Target_Plates_2000-2999	2152.0	1189	384.0	nan	nan	nan	yL322	nan	nan																													
									Target	Target_Plates_2000-2999	2153.0	1189	384.0	nan	nan	nan	yL322	nan	nan																													
									Target	Target_Plates_2000-2999	2154.0	1189	384.0	nan	nan	nan	yL322	nan	nan																													
									Target	Target_Plates_2000-2999	2155.0	4531	96.0	yL320	nan	nan	20221208_plate_barcode_2155_yeast_library_yL320	nan	nan																													
									Target	Target_Plates_2000-2999	2156.0	4532	96.0	yL322	nan	nan	20221208_plate_barcode_2156_yeast_library_yL322	nan	nan																													
									Target	Target_Plates_2000-2999	2157.0	4537 (48 colonies, top half) &  4538 (48 colonies, bottom half)	96.0	yL324_yL326	nan	nan	20221208_plate_barcode_2157_yeast_library_yL324_yL326	nan	nan																													
									Target	Target_Plates_2000-2999	2158.0	4539 (48 colonies, top half) &  4540 (48 colonies, bottom half)	96.0	yL328_yL330	nan	nan	20221208_plate_barcode_2158_yeast_library_yL328_yL330	nan	nan																													
									Target	Target_Plates_2000-2999	2159.0	4561 (48 colonies, top half) & 4563 (48 colonies, bottom half)	96.0	yL332_yL334	nan	nan	20221208_plate_barcode_2159_yeast_library_yL332_yL334	nan	nan																													
									Target	Target_Plates_2000-2999	2160.0	4565 (48 colonies, top half) & 4567 (48 colonies, bottom half)	96.0	yL336_yL338	nan	nan	20221208_plate_barcode_2160_yeast_library_yL336_yL338	nan	nan																													
									Target	Target_Plates_2000-2999	2161.0	V492	384.0	https://docs.google.com/spreadsheets/d/14CP1yHYPXl0FGAqgzYHGGruTk2Fs_Iuz6uFjHd_kRzk/edit#gid=1651238369&range=A312	LB+Carb+Kan	nan	20230217_V492_isolated_clones_plate_barcode_2161	nan	nan																													
									Target	Target_Plates_2000-2999	2162.0	V492	384.0	https://docs.google.com/spreadsheets/d/14CP1yHYPXl0FGAqgzYHGGruTk2Fs_Iuz6uFjHd_kRzk/edit#gid=1651238369&range=A312	LB+Carb+Kan	nan	20230217_V492_isolated_clones_plate_barcode_2162	nan	nan																													
									Target	Target_Plates_2000-2999	2163.0	V492	384.0	https://docs.google.com/spreadsheets/d/14CP1yHYPXl0FGAqgzYHGGruTk2Fs_Iuz6uFjHd_kRzk/edit#gid=1651238369&range=A312	LB+Carb+Kan	nan	20230217_V492_isolated_clones_plate_barcode_2163	nan	nan																													
									Target	Target_Plates_2000-2999	2164.0	V492	384.0	https://docs.google.com/spreadsheets/d/14CP1yHYPXl0FGAqgzYHGGruTk2Fs_Iuz6uFjHd_kRzk/edit#gid=1651238369&range=A312	LB+Carb+Kan	nan	20230217_V492_isolated_clones_plate_barcode_2164	nan	nan																													
									Target	Target_Plates_2000-2999	2165.0	V493	384.0	https://docs.google.com/spreadsheets/d/14CP1yHYPXl0FGAqgzYHGGruTk2Fs_Iuz6uFjHd_kRzk/edit#gid=1651238369&range=A312	LB+Carb+Kan	nan	20230217_V493_isolated_clones_plate_barcode_2165	nan	nan																													
									Target	Target_Plates_2000-2999	2166.0	V493	384.0	https://docs.google.com/spreadsheets/d/14CP1yHYPXl0FGAqgzYHGGruTk2Fs_Iuz6uFjHd_kRzk/edit#gid=1651238369&range=A312	LB+Carb+Kan	nan	20230217_V493_isolated_clones_plate_barcode_2166	nan	nan																													
									Target	Target_Plates_2000-2999	2167.0	V493	384.0	https://docs.google.com/spreadsheets/d/14CP1yHYPXl0FGAqgzYHGGruTk2Fs_Iuz6uFjHd_kRzk/edit#gid=1651238369&range=A312	LB+Carb+Kan	nan	20230217_V493_isolated_clones_plate_barcode_2167	nan	nan																													
									Target	Target_Plates_2000-2999	2168.0	V493	384.0	https://docs.google.com/spreadsheets/d/14CP1yHYPXl0FGAqgzYHGGruTk2Fs_Iuz6uFjHd_kRzk/edit#gid=1651238369&range=A312	LB+Carb+Kan	nan	20230217_V493_isolated_clones_plate_barcode_2168	nan	nan																													
									Target	Target_Plates_2000-2999	2169.0	1190		nan	nan	2169 (RED) + 2170 (BLUE) + 2171 (YELLOW) + 2172 (GREEN) 	nan	nan	nan																													
									Target	Target_Plates_2000-2999	2170.0	1190		nan	nan	nan	nan	nan	nan																													
									Target	Target_Plates_2000-2999	2171.0	1191		nan	nan	nan	nan	nan	nan																													
									Target	Target_Plates_2000-2999	2172.0	1191		nan	nan	nan	nan	nan	nan																													
									Target	Target_Plates_2000-2999	2173.0	1192		nan	nan	2173 (RED) + 2174 (BLUE) + 2175 (YELLOW) + 2176 (GREEN) 	nan	nan	nan																													
									Target	Target_Plates_2000-2999	2174.0	1192		nan	nan	nan	nan	nan	nan																													
									Target	Target_Plates_2000-2999	2175.0	1193		nan	nan	nan	nan	nan	nan																													
									Target	Target_Plates_2000-2999	2176.0	1193		nan	nan	nan	nan	nan	nan																													
									Target	Target_Plates_2000-2999	2177.0	1194		nan	nan	2177 (RED) + 2178 (BLUE) + 2179 (YELLOW) + 2180 (GREEN) 	nan	nan	nan																													
									Target	Target_Plates_2000-2999	2178.0	1194		nan	nan	nan	nan	nan	nan																													
									Target	Target_Plates_2000-2999	2179.0	1195		nan	nan	nan	nan	nan	nan																													
									Target	Target_Plates_2000-2999	2180.0	1195		nan	nan	nan	nan	nan	nan																													
									Target	Target_Plates_2000-2999	2181.0	1196		nan	nan	2181 (RED) + 2182 (BLUE) + 2183 (YELLOW) + 2184 (GREEN) 	nan	nan	nan																													
									Target	Target_Plates_2000-2999	2182.0	1196		nan	nan	nan	nan	nan	nan																													
									Target	Target_Plates_2000-2999	2183.0	1197		nan	nan	nan	nan	nan	nan																													
									Target	Target_Plates_2000-2999	2184.0	1197		nan	nan	nan	nan	nan	nan																													
									Target	Target_Plates_2000-2999	2185.0	4660		nan	nan	2185 (RED) + 2186 (BLUE) + 2187 (YELLOW) + 2188 (GREEN) 	nan	nan	nan																													
									Target	Target_Plates_2000-2999	2186.0	4660		nan	nan	nan	nan	nan	nan																													
									Target	Target_Plates_2000-2999	2187.0	4661		nan	nan	nan	nan	nan	nan																													
									Target	Target_Plates_2000-2999	2188.0	4661		nan	nan	nan	nan	nan	nan																													
									Target	Target_Plates_2000-2999	2189.0	4662		nan	nan	2189 (RED) + 2190 (BLUE) + 2191 (YELLOW) + 2192 (GREEN) 	nan	nan	nan																													
									Target	Target_Plates_2000-2999	2190.0	4662		nan	nan	nan	nan	nan	nan																													
									Target	Target_Plates_2000-2999	2191.0	4663		nan	nan	nan	nan	nan	nan																													
									Target	Target_Plates_2000-2999	2192.0	4663		nan	nan	nan	nan	nan	nan																													
									Target	Target_Plates_2000-2999	2193.0	4664		nan	nan	2193 (RED) + 2194 (BLUE) + 2195 (YELLOW) + 2196 (GREEN) 	nan	nan	nan																													
									Target	Target_Plates_2000-2999	2194.0	4664		nan	nan	nan	nan	nan	nan																													
									Target	Target_Plates_2000-2999	2195.0	4665		nan	nan	nan	nan	nan	nan																													
									Target	Target_Plates_2000-2999	2196.0	4665		nan	nan	nan	nan	nan	nan																													
									Target	Target_Plates_2000-2999	2197.0	4666		nan	nan	2197 (RED) + 2198 (BLUE) + 2199 (YELLOW) + 2200 (GREEN) 	nan	nan	nan																													
									Target	Target_Plates_2000-2999	2198.0	4666		nan	nan	nan	nan	nan	nan																													
									Target	Target_Plates_2000-2999	2199.0	4667		nan	nan	nan	nan	nan	nan																													
									Target	Target_Plates_2000-2999	2200.0	4667		nan	nan	nan	nan	nan	nan																													
									Target	Target_Plates_2000-2999	2201.0	4668		nan	nan	2201 (RED) + 2202 (BLUE) + 2203 (YELLOW) + 2204 (GREEN) 	nan	nan	nan																													
									Target	Target_Plates_2000-2999	2202.0	4668		nan	nan	nan	nan	nan	nan																													
									Target	Target_Plates_2000-2999	2203.0	4669		nan	nan	nan	nan	nan	nan																													
									Target	Target_Plates_2000-2999	2204.0	4669		nan	nan	nan	nan	nan	nan																													
									Target	Target_Plates_2000-2999	2205.0	4670		nan	nan	2205 (RED) + 2206 (BLUE) + 2207 (YELLOW) + 2208 (GREEN) 	nan	nan	nan																													
									Target	Target_Plates_2000-2999	2206.0	4670		nan	nan	nan	nan	nan	nan																													
									Target	Target_Plates_2000-2999	2207.0	4671		nan	nan	nan	nan	nan	nan																													
									Target	Target_Plates_2000-2999	2208.0	4671		nan	nan	nan	nan	nan	nan																													
									Target	Target_Plates_2000-2999	2209.0	1198 (top) & 1199 (bottom)	1536.0	nan	SC-Arg-Ura + YNB w/AS + dextrose + 300 uM 5FC + canavanine (60 µg/ml) (pH 5.8) (YNB, dextrose added after autoclaving)	nan	nan	nan	nan																													
									Target	Target_Plates_2000-2999	2210.0	1200 (top) & 1201 (bottom)	1536.0	nan	SC-Arg-Ura + YNB w/AS + dextrose + 300 uM 5FC + canavanine (60 µg/ml) (pH 5.8) (YNB, dextrose added after autoclaving)	nan	nan	nan	nan																													
									Target	Target_Plates_2000-2999	2211.0	1202 (top) & 1203 (bottom)	1536.0	nan	SC-Arg-Ura + YNB w/AS + dextrose + 300 uM 5FC + canavanine (60 µg/ml) (pH 5.8) (YNB, dextrose added after autoclaving)	nan	nan	nan	nan																													
									Target	Target_Plates_2000-2999	2212.0	1204 (top) & 1205 (bottom)	1536.0	nan	SC-Arg-Ura + YNB w/AS + dextrose + 300 uM 5FC + canavanine (60 µg/ml) (pH 5.8) (YNB, dextrose added after autoclaving)	nan	nan	nan	nan																													
									Target	Target_Plates_2000-2999	2213.0	replica pin of 2209	1536.0	nan	SC-Arg-Ura + YNB w/AS + dextrose + 300 uM 5FC + canavanine (60 µg/ml) (pH 5.8) (YNB, dextrose added after autoclaving)	nan	nan	nan	nan																													
									Target	Target_Plates_2000-2999	2214.0	replica pin of 2210	1536.0	nan	SC-Arg-Ura + YNB w/AS + dextrose + 300 uM 5FC + canavanine (60 µg/ml) (pH 5.8) (YNB, dextrose added after autoclaving)	nan	nan	nan	nan																													
									Target	Target_Plates_2000-2999	2215.0	replica pin of 2211	1536.0	nan	SC-Arg-Ura + YNB w/AS + dextrose + 300 uM 5FC + canavanine (60 µg/ml) (pH 5.8) (YNB, dextrose added after autoclaving)	nan	nan	nan	nan																													
									Target	Target_Plates_2000-2999	2216.0	replica pin of 2212	1536.0	nan	SC-Arg-Ura + YNB w/AS + dextrose + 300 uM 5FC + canavanine (60 µg/ml) (pH 5.8) (YNB, dextrose added after autoclaving)	nan	nan	nan	nan																													
									Target	Target_Plates_2000-2999	2217.0	replica pin of 2209	1536.0	nan	YPD+Hyg	nan	nan	nan	nan																													
									Target	Target_Plates_2000-2999	2218.0	replica pin of 2210	1536.0	nan	YPD+Hyg	nan	nan	nan	nan																													
									Target	Target_Plates_2000-2999	2219.0	replica pin of 2211	1536.0	nan	YPD+Hyg	nan	nan	nan	nan																													
									Target	Target_Plates_2000-2999	2220.0	replica pin of 2212	1536.0	nan	YPD+Hyg	nan	nan	nan	nan																													
							1206.0	1207.0	Target	Target_Plates_2000-2999	2221.0	1206 (top) 1207 (bottom) 	1536.0	nan	SC-Arg-Ura + YNB w/AS + dextrose + 300 uM 5FC + canavanine (60 µg/ml) (pH 5.8) (YNB, dextrose added after autoclaving)	nan	nan	1206 (top) 1207 (bottom) 	nan																													
							1208.0	1209.0	Target	Target_Plates_2000-2999	2222.0	1208 (top) 1209 (bottom) 	1536.0	nan	SC-Arg-Ura + YNB w/AS + dextrose + 300 uM 5FC + canavanine (60 µg/ml) (pH 5.8) (YNB, dextrose added after autoclaving)	nan	nan	1208 (top) 1209 (bottom) 	nan																													
							1210.0	1211.0	Target	Target_Plates_2000-2999	2223.0	1210 (top) 1211 (bottom) 	1536.0	nan	SC-Arg-Ura + YNB w/AS + dextrose + 300 uM 5FC + canavanine (60 µg/ml) (pH 5.8) (YNB, dextrose added after autoclaving)	nan	nan	1210 (top) 1211 (bottom) 	nan																													
							1212.0	1213.0	Target	Target_Plates_2000-2999	2224.0	1212 (top) 1213 (bottom) 	1536.0	nan	SC-Arg-Ura + YNB w/AS + dextrose + 300 uM 5FC + canavanine (60 µg/ml) (pH 5.8) (YNB, dextrose added after autoclaving)	nan	nan	1212 (top) 1213 (bottom) 	nan																													
							1214.0	1215.0	Target	Target_Plates_2000-2999	2225.0	1214 (top) 1215 (bottom) 	1536.0	nan	SC-Arg-Ura + YNB w/AS + dextrose + 300 uM 5FC + canavanine (60 µg/ml) (pH 5.8) (YNB, dextrose added after autoclaving)	nan	nan	1214 (top) 1215 (bottom) 	nan																													
							1216.0	1217.0	Target	Target_Plates_2000-2999	2226.0	1216 (top) 1217 (bottom) 	1536.0	nan	SC-Arg-Ura + YNB w/AS + dextrose + 300 uM 5FC + canavanine (60 µg/ml) (pH 5.8) (YNB, dextrose added after autoclaving)	nan	nan	1216 (top) 1217 (bottom) 	nan																													
							1218.0	1219.0	Target	Target_Plates_2000-2999	2227.0	1218 (top) 1219 (bottom) 	1536.0	nan	SC-Arg-Ura + YNB w/AS + dextrose + 300 uM 5FC + canavanine (60 µg/ml) (pH 5.8) (YNB, dextrose added after autoclaving)	nan	nan	1218 (top) 1219 (bottom) 	nan																													
							1220.0	1221.0	Target	Target_Plates_2000-2999	2228.0	1220 (top) 1221 (bottom) 	1536.0	nan	SC-Arg-Ura + YNB w/AS + dextrose + 300 uM 5FC + canavanine (60 µg/ml) (pH 5.8) (YNB, dextrose added after autoclaving)	nan	nan	1220 (top) 1221 (bottom) 	nan																													
							1222.0	1223.0	Target	Target_Plates_2000-2999	2229.0	1222 (top) 1223 (bottom) 	1536.0	nan	SC-Arg-Ura + YNB w/AS + dextrose + 300 uM 5FC + canavanine (60 µg/ml) (pH 5.8) (YNB, dextrose added after autoclaving)	nan	nan	1222 (top) 1223 (bottom) 	nan																													
							1224.0	1225.0	Target	Target_Plates_2000-2999	2230.0	1224 (top) 1225 (bottom) 	1536.0	nan	SC-Arg-Ura + YNB w/AS + dextrose + 300 uM 5FC + canavanine (60 µg/ml) (pH 5.8) (YNB, dextrose added after autoclaving)	nan	nan	1224 (top) 1225 (bottom) 	nan																													
							1226.0	1227.0	Target	Target_Plates_2000-2999	2231.0	1226 (top) 1227 (bottom) 	1536.0	nan	SC-Arg-Ura + YNB w/AS + dextrose + 300 uM 5FC + canavanine (60 µg/ml) (pH 5.8) (YNB, dextrose added after autoclaving)	nan	nan	1226 (top) 1227 (bottom) 	nan																													
							1228.0	1229.0	Target	Target_Plates_2000-2999	2232.0	1228 (top) 1229 (bottom) 	1536.0	nan	SC-Arg-Ura + YNB w/AS + dextrose + 300 uM 5FC + canavanine (60 µg/ml) (pH 5.8) (YNB, dextrose added after autoclaving)	nan	nan	1228 (top) 1229 (bottom) 	nan																													
							1230.0	1231.0	Target	Target_Plates_2000-2999	2233.0	1230 (top) 1231 (bottom) 	1536.0	nan	SC-Arg-Ura + YNB w/AS + dextrose + 300 uM 5FC + canavanine (60 µg/ml) (pH 5.8) (YNB, dextrose added after autoclaving)	nan	nan	1230 (top) 1231 (bottom) 	nan																													
							1232.0	1233.0	Target	Target_Plates_2000-2999	2234.0	1232 (top) 1233 (bottom) 	1536.0	nan	SC-Arg-Ura + YNB w/AS + dextrose + 300 uM 5FC + canavanine (60 µg/ml) (pH 5.8) (YNB, dextrose added after autoclaving)	nan	nan	1232 (top) 1233 (bottom) 	nan																													
							1234.0	1235.0	Target	Target_Plates_2000-2999	2235.0	1234 (top) 1235 (bottom) 	1536.0	nan	SC-Arg-Ura + YNB w/AS + dextrose + 300 uM 5FC + canavanine (60 µg/ml) (pH 5.8) (YNB, dextrose added after autoclaving)	nan	nan	1234 (top) 1235 (bottom) 	nan																													
							1236.0	1237.0	Target	Target_Plates_2000-2999	2236.0	1236 (top) 1237 (bottom) 	1536.0	nan	SC-Arg-Ura + YNB w/AS + dextrose + 300 uM 5FC + canavanine (60 µg/ml) (pH 5.8) (YNB, dextrose added after autoclaving)	nan	nan	1236 (top) 1237 (bottom) 	nan																													
							1246.0	1247.0	Target	Target_Plates_2000-2999	2237.0	1246 (top) 1247 (bottom) 	1536.0	nan	SC-Arg-Ura + YNB w/AS + dextrose + 300 uM 5FC + canavanine (60 µg/ml) (pH 5.8) (YNB, dextrose added BEFORE autoclaving)	nan	nan	1246 (top) 1247 (bottom) 	nan																													
							1248.0	1249.0	Target	Target_Plates_2000-2999	2238.0	1248 (top) 1249 (bottom) 	1536.0	nan	SC-Arg-Ura + YNB w/AS + dextrose + 300 uM 5FC + canavanine (60 µg/ml) (pH 5.8) (YNB, dextrose added BEFORE autoclaving)	nan	nan	1248 (top) 1249 (bottom) 	nan																													
							1250.0	1251.0	Target	Target_Plates_2000-2999	2239.0	1250 (top) 1251 (bottom) 	1536.0	nan	SC-Arg-Ura + YNB w/AS + dextrose + 300 uM 5FC + canavanine (60 µg/ml) (pH 5.8) (YNB, dextrose added BEFORE autoclaving)	nan	nan	1250 (top) 1251 (bottom) 	nan																													
									Target	Target_Plates_2000-2999	2240.0	20230316_trafo_15 (yT183.yKR971 YPD+G418 outgrowth)	384.0	nan	YPD+G418	nan	nan	nan	nan																													
									Target	Target_Plates_2000-2999	2241.0	20230316_trafo_15 (yT183.yKR971 YPD+G418 outgrowth)	384.0	nan	YPD+G418	nan	nan	nan	nan																													
									Target	Target_Plates_2000-2999	2242.0	20230316_trafo_15 (yT183.yKR971 YPD+G418 outgrowth)	384.0	nan	YPD+G418	nan	nan	nan	nan																													
									Target	Target_Plates_2000-2999	2243.0	20230316_trafo_15 (yT183.yKR971 YPD+G418 outgrowth)	384.0	nan	YPD+G418	nan	nan	nan	nan																													
									Target	Target_Plates_2000-2999	2244.0	20230323_trafo_7 (plated onto CSM-Leu-Trp pH 5.8)	384.0	nan	YPD+G418	nan	nan	nan	nan																													
									Target	Target_Plates_2000-2999	2245.0	20230323_trafo_7 (plated onto CSM-Leu-Trp pH 5.8)	384.0	nan	YPD+G418	nan	nan	nan	nan																													
									Target	Target_Plates_2000-2999	2246.0	20230323_trafo_7 (plated onto CSM-Leu-Trp pH 5.8)	384.0	nan	YPD+G418	nan	nan	nan	nan																													
									Target	Target_Plates_2000-2999	2247.0	20230323_trafo_7 (plated onto CSM-Leu-Trp pH 5.8)	384.0	nan	YPD+G418	nan	nan	nan	nan																													
									Target	Target_Plates_2000-2999	2248.0	20230323_trafo_5 (plated onto CSM-His-Trp pH 5.8)	384.0	nan	YPD+G418	nan	nan	nan	nan																													
									Target	Target_Plates_2000-2999	2249.0	20230323_trafo_5 (plated onto CSM-His-Trp pH 5.8)	384.0	nan	YPD+G418	nan	nan	nan	nan																													
									Target	Target_Plates_2000-2999	2250.0	20230323_trafo_5 (plated onto CSM-His-Trp pH 5.8)	384.0	nan	YPD+G418	nan	nan	nan	nan																													
									Target	Target_Plates_2000-2999	2251.0	20230323_trafo_5 (plated onto CSM-His-Trp pH 5.8)	384.0	nan	YPD+G418	nan	nan	nan	nan																													
									Target	Target_Plates_2000-2999	2252.0	20230323_trafo_5 (plated onto CSM-His-Trp pH 5.8)	384.0	nan	YPD+G418	nan	nan	nan	nan																													
									Target	Target_Plates_2000-2999	2253.0	20230323_trafo_5 (plated onto CSM-His-Trp pH 5.8)	384.0	nan	YPD+G418	nan	nan	nan	nan																													
									Target	Target_Plates_2000-2999	2254.0	20230323_trafo_5 (plated onto CSM-His-Trp pH 5.8)	384.0	nan	YPD+G418	nan	nan	nan	nan																													
									Target	Target_Plates_2000-2999	2255.0	20230323_trafo_5 (plated onto CSM-His-Trp pH 5.8)	384.0	nan	YPD+G418	nan	nan	nan	nan																													
									Target	Target_Plates_2000-2999	2256.0	yT100 20230324_trafo_1 (CSM-Ura plate wash)	384.0	20230324_yT100_trafos	YPD+Hyg	nan	nan	nan	nan																													
									Target	Target_Plates_2000-2999	2257.0	yT100 20230324_trafo_1 (CSM-Ura plate wash)	384.0	20230324_yT100_trafos	YPD+Hyg	nan	nan	nan	nan																													
									Target	Target_Plates_2000-2999	2258.0	yT100 20230324_trafo_1 (CSM-Ura plate wash)	384.0	20230324_yT100_trafos	YPD+Hyg	nan	nan	nan	nan																													
									Target	Target_Plates_2000-2999	2259.0	yT100 20230324_trafo_1 (CSM-Ura plate wash)	384.0	20230324_yT100_trafos	YPD+Hyg	nan	nan	nan	nan																													
									Target	Target_Plates_2000-2999	2260.0	yT100 20230324_trafo_4 (CSM-Ura plate wash)	384.0	20230324_yT100_trafos	YPD+Hyg	nan	nan	nan	nan																													
									Target	Target_Plates_2000-2999	2261.0	yT100 20230324_trafo_4 (CSM-Ura plate wash)	384.0	20230324_yT100_trafos	YPD+Hyg	nan	nan	nan	nan																													
									Target	Target_Plates_2000-2999	2262.0	yT100 20230324_trafo_4 (CSM-Ura plate wash)	384.0	20230324_yT100_trafos	YPD+Hyg	nan	nan	nan	nan																													
									Target	Target_Plates_2000-2999	2263.0	yT100 20230324_trafo_4 (CSM-Ura plate wash)	384.0	20230324_yT100_trafos	YPD+Hyg	nan	nan	nan	nan																													
									Target	Target_Plates_2000-2999	2264.0	1289 = yT184 202304123_trafo_1 (YPD outgrowth)	384.0	nan	YPD+Hyg	2023-04-20 00:00:00	nan	nan	nan																													
									Target	Target_Plates_2000-2999	2265.0	1289 = yT184 202304123_trafo_1 (YPD outgrowth)	384.0	nan	YPD+Hyg	2023-04-20 00:00:00	nan	nan	nan																													
									Target	Target_Plates_2000-2999	2266.0	1290 = yT184 202304123_trafo_1 (YPD outgrowth)	384.0	nan	YPD+Hyg	2023-04-20 00:00:00	nan	nan	nan																													
									Target	Target_Plates_2000-2999	2267.0	1290 = yT184 202304123_trafo_1 (YPD outgrowth)	384.0	nan	YPD+Hyg	2023-04-20 00:00:00	nan	nan	nan																													
									Target	Target_Plates_2000-2999	2268.0	1293 = yT184 20230413_trafo_1 (YPD outgrowth)	384.0	nan	YPD+Hyg	2023-04-20 00:00:00	nan	nan	nan																													
									Target	Target_Plates_2000-2999	2269.0	1293 = yT184 20230413_trafo_1 (YPD outgrowth)	384.0	nan	YPD+Hyg	2023-04-20 00:00:00	nan	nan	nan																													
									Target	Target_Plates_2000-2999	2270.0	1294 = yT184 20230413_trafo_1 (YPD outgrowth)	384.0	nan	YPD+Hyg	2023-04-20 00:00:00	nan	nan	nan																													
									Target	Target_Plates_2000-2999	2271.0	1294 = yT184 20230413_trafo_1 (YPD outgrowth)	384.0	nan	YPD+Hyg	2023-04-20 00:00:00	nan	nan	nan																													
									Target	Target_Plates_2000-2999	2272.0	1295 = yT184 20230413_trafo_1 (YPD outgrowth)	384.0	nan	YPD+Hyg	2023-04-20 00:00:00	nan	nan	nan																													
									Target	Target_Plates_2000-2999	2273.0	1295 = yT184 20230413_trafo_1 (YPD outgrowth)	384.0	nan	YPD+Hyg	2023-04-20 00:00:00	nan	nan	nan																													
									Target	Target_Plates_2000-2999	2274.0	1296 = yT184 20230413_trafo_1 (YPD outgrowth)	384.0	nan	YPD+Hyg	2023-04-20 00:00:00	nan	nan	nan																													
									Target	Target_Plates_2000-2999	2275.0	1296 = yT184 20230413_trafo_1 (YPD outgrowth)	384.0	nan	YPD+Hyg	2023-04-20 00:00:00	nan	nan	nan																													
									Target	Target_Plates_2000-2999	2276.0	1297 = yT184 20230413_trafo_1 (YPD outgrowth	384.0	nan	YPD+Hyg	2023-04-20 00:00:00	nan	nan	nan																													
									Target	Target_Plates_2000-2999	2277.0	1297 = yT184 20230413_trafo_1 (YPD outgrowth	384.0	nan	YPD+Hyg	2023-04-20 00:00:00	nan	nan	nan																													
									Target	Target_Plates_2000-2999	2278.0	1291 = yT185 202304123_trafo_2 (YPD outgrowth)	384.0	nan	YPD+G418	2023-04-20 00:00:00	nan	nan	nan																													
									Target	Target_Plates_2000-2999	2279.0	1291 = yT185 202304123_trafo_2 (YPD outgrowth)	384.0	nan	YPD+G418	2023-04-20 00:00:00	nan	nan	nan																													
									Target	Target_Plates_2000-2999	2280.0	1292 = yT185 202304123_trafo_2 (YPD outgrowth)	384.0	nan	YPD+G418	2023-04-20 00:00:00	nan	nan	nan																													
									Target	Target_Plates_2000-2999	2281.0	1292 = yT185 202304123_trafo_2 (YPD outgrowth)	384.0	nan	YPD+G418	2023-04-20 00:00:00	nan	nan	nan																													
									Target	Target_Plates_2000-2999	2282.0	1298 = yT185 20230413_trafo_2 (YPD outgrowth)	384.0	nan	YPD+G418	2023-04-20 00:00:00	nan	nan	nan																													
									Target	Target_Plates_2000-2999	2283.0	1298 = yT185 20230413_trafo_2 (YPD outgrowth)	384.0	nan	YPD+G418	2023-04-20 00:00:00	nan	nan	nan																													
									Target	Target_Plates_2000-2999	2284.0	1299 = yT185 20230413_trafo_2 (YPD outgrowth)	384.0	nan	YPD+G418	2023-04-20 00:00:00	nan	nan	nan																													
									Target	Target_Plates_2000-2999	2285.0	1299 = yT185 20230413_trafo_2 (YPD outgrowth)	384.0	nan	YPD+G418	2023-04-20 00:00:00	nan	nan	nan																													
									Target	Target_Plates_2000-2999	2286.0	1300 = yT185 20230413_trafo_2 (YPD outgrowth)	384.0	nan	YPD+G418	2023-04-20 00:00:00	nan	nan	nan																													
									Target	Target_Plates_2000-2999	2287.0	1300 = yT185 20230413_trafo_2 (YPD outgrowth)	384.0	nan	YPD+G418	2023-04-20 00:00:00	nan	nan	nan																													
									Target	Target_Plates_2000-2999	2288.0	1301 = yT185 20230413_trafo_2 (YPD outgrowth)	384.0	nan	YPD+G418	2023-04-20 00:00:00	nan	nan	nan																													
									Target	Target_Plates_2000-2999	2289.0	1301 = yT185 20230413_trafo_2 (YPD outgrowth)	384.0	nan	YPD+G418	2023-04-20 00:00:00	nan	nan	nan																													
									Target	Target_Plates_2000-2999	2290.0	1302 = yT185 20230413_trafo_2 (YPD outgrowth)	384.0	nan	YPD+G418	2023-04-20 00:00:00	nan	nan	nan																													
									Target	Target_Plates_2000-2999	2291.0	1302 = yT185 20230413_trafo_2 (YPD outgrowth)	384.0	nan	YPD+G418	2023-04-20 00:00:00	nan	nan	nan																													
									Target	Target_Plates_2000-2999	2292.0	yT182_yT183_bc1_lox71_bc2_MATa_REDI_signature_collection_RED		nan	nan	nan	nan	nan	nan																													
									Target	Target_Plates_2000-2999	2293.0	yT182_yT183_bc1_lox71_bc2_MATa_REDI_signature_collection_BLUE		nan	nan	nan	nan	nan	nan																													
									Target	Target_Plates_2000-2999	2294.0	yT182_yT183_bc1_lox71_bc2_MATa_REDI_signature_collection_YELLOW		nan	nan	nan	nan	nan	nan																													
									Target	Target_Plates_2000-2999	2295.0	yT182_yT183_bc1_lox71_bc2_MATa_REDI_signature_collection_GREEN		nan	nan	nan	nan	nan	nan																													
									Target	Target_Plates_2000-2999	2296.0	yT182_yT183_bc1_lox71_bc2_MATa_REDI_full_collection_RED		nan	nan	nan	nan	nan	nan																													
									Target	Target_Plates_2000-2999	2297.0	yT182_yT183_bc1_lox71_bc2_MATa_REDI_full_collection_BLUE		nan	nan	nan	nan	nan	nan																													
									Target	Target_Plates_2000-2999	2298.0	yT182_yT183_bc1_lox71_bc2_MATa_REDI_full_collection_YELLOW		nan	nan	nan	nan	nan	nan																													
									Target	Target_Plates_2000-2999	2299.0	yT182_yT183_bc1_lox71_bc2_MATa_REDI_full_collection_GREEN		nan	nan	nan	nan	nan	nan																													
									Target	Target_Plates_2000-2999	2300.0	20230516_yT100_RBGY_signature_collection_RED		nan	nan	nan	nan	nan	nan																													
									Target	Target_Plates_2000-2999	2301.0	20230516_yT100_RBGY_signature_collection_BLUE		nan	nan	nan	nan	nan	nan																													
									Target	Target_Plates_2000-2999	2302.0	20230516_yT100_RBGY_signature_collection_YELLOW		nan	nan	nan	nan	nan	nan																													
									Target	Target_Plates_2000-2999	2303.0	20230516_yT100_RBGY_signature_collection_GREEN		nan	nan	nan	nan	nan	nan																													
							1303.0	1304.0	Target	Target_Plates_2000-2999	2304.0	1303 (top) 1304 (bottom) 	1536.0	nan	CSM-His+300 uM 5FC	nan	yL310	1303 (top) 1304 (bottom) 	nan																													
							1305.0	1306.0	Target	Target_Plates_2000-2999	2305.0	1305 (top) 1306 (bottom) 	1536.0	nan	CSM-His+300 uM 5FC	nan	yL311	1305 (top) 1306 (bottom) 	nan																													
							1307.0	1308.0	Target	Target_Plates_2000-2999	2306.0	1307 (top) 1308 (bottom) 	1536.0	nan	CSM-His+300 uM 5FC	nan	yL312	1307 (top) 1308 (bottom) 	nan																													
							1309.0	1310.0	Target	Target_Plates_2000-2999	2307.0	1309 (top) 1310 (bottom) 	1536.0	nan	CSM-His+300 uM 5FC	nan	yL313	1309 (top) 1310 (bottom) 	nan																													
							1311.0	1312.0	Target	Target_Plates_2000-2999	2308.0	1311 (top) 1312 (bottom) 	1536.0	nan	CSM-His+300 uM 5FC	nan	yL314	1311 (top) 1312 (bottom) 	nan																													
							1313.0	1314.0	Target	Target_Plates_2000-2999	2309.0	1313 (top) 1314 (bottom) 	1536.0	nan	CSM-His+300 uM 5FC	nan	yL315	1313 (top) 1314 (bottom) 	systematic offset issue for 1314																													
							1315.0	1316.0	Target	Target_Plates_2000-2999	2310.0	1315 (top) 1316 (bottom) 	1536.0	nan	CSM-His+300 uM 5FC	nan	yL310	1315 (top) 1316 (bottom) 	nan																													
							1317.0	1318.0	Target	Target_Plates_2000-2999	2311.0	1317 (top) 1318 (bottom) 	1536.0	nan	CSM-His+300 uM 5FC	nan	yL311	1317 (top) 1318 (bottom) 	systematic offset issue for 1317																													
							1319.0	1320.0	Target	Target_Plates_2000-2999	2312.0	1319 (top) 1320 (bottom) 	1536.0	nan	CSM-His+300 uM 5FC	nan	yL312	1319 (top) 1320 (bottom) 	nan																													
							1321.0	1322.0	Target	Target_Plates_2000-2999	2313.0	1321 (top) 1322 (bottom) 	1536.0	nan	CSM-His+300 uM 5FC	nan	yL313	1321 (top) 1322 (bottom) 	nan																													
							1323.0	1324.0	Target	Target_Plates_2000-2999	2314.0	1323 (top) 1324 (bottom) 	1536.0	nan	CSM-His+300 uM 5FC	nan	yL314	1323 (top) 1324 (bottom) 	nan																													
							1325.0	1326.0	Target	Target_Plates_2000-2999	2315.0	1325 (top) 1326 (bottom) 	1536.0	nan	CSM-His+300 uM 5FC	nan	yL315	1325 (top) 1326 (bottom) 	systematic offset issue for 1326																													
							1327.0	1328.0	Target	Target_Plates_2000-2999	2316.0	1327 (top) 1328 (bottom) 	1536.0	nan	CSM-His+300 uM 5FC	2022-10-17 00:00:00	yL310	1327 (top) 1328 (bottom) 	nan																													
							1329.0	1330.0	Target	Target_Plates_2000-2999	2317.0	1329 (top) 1330 (bottom) 	1536.0	nan	CSM-His+300 uM 5FC	2022-10-17 00:00:00	yL311	1329 (top) 1330 (bottom) 	nan																													
							1331.0	1332.0	Target	Target_Plates_2000-2999	2318.0	1331 (top) 1332 (bottom) 	1536.0	nan	CSM-His+300 uM 5FC	2022-10-17 00:00:00	yL312	1331 (top) 1332 (bottom) 	nan																													
							1333.0	1334.0	Target	Target_Plates_2000-2999	2319.0	1333 (top) 1334 (bottom) 	1536.0	nan	CSM-His+300 uM 5FC	2022-10-17 00:00:00	yL313	1333 (top) 1334 (bottom) 	nan																													
							1335.0	1336.0	Target	Target_Plates_2000-2999	2320.0	1335 (top) 1336 (bottom) 	1536.0	nan	CSM-His+300 uM 5FC	2022-10-17 00:00:00	yL314	1335 (top) 1336 (bottom) 	nan																													
							1337.0	1338.0	Target	Target_Plates_2000-2999	2321.0	1337 (top) 1338 (bottom) 	1536.0	nan	CSM-His+300 uM 5FC	2022-10-17 00:00:00	yL315	1337 (top) 1338 (bottom) 	nan																													
							1339.0	1340.0	Target	Target_Plates_2000-2999	2322.0	1339 (top) 1340 (bottom) 	1536.0	nan	SC-His + YNB w/AS + dextrose + 100 uM 5FC (pH 5.8)	nan	yL310	1339 (top) 1340 (bottom) 	bottom plate not picked due to software error																													
							1341.0	1342.0	Target	Target_Plates_2000-2999	2323.0	1341 (top) 1342 (bottom) 	1536.0	nan	SC-His + YNB w/AS + dextrose + 100 uM 5FC (pH 5.8)	nan	yL310	1341 (top) 1342 (bottom) 	bottom plate not picked due to software error																													
							1343.0	1344.0	Target	Target_Plates_2000-2999	2324.0	1343 (top) 1344 (bottom) 	1536.0	nan	SC-His + YNB w/AS + dextrose + 100 uM 5FC (pH 5.8)	nan	yL311	1343 (top) 1344 (bottom) 	bottom plate not picked due to software error																													
							1345.0	1346.0	Target	Target_Plates_2000-2999	2325.0	1345 (top) 1346 (bottom) 	1536.0	nan	SC-His + YNB w/AS + dextrose + 100 uM 5FC (pH 5.8)	nan	yL311	1345 (top) 1346 (bottom) 	nan																													
							1347.0	1348.0	Target	Target_Plates_2000-2999	2326.0	1347 (top) 1348 (bottom) 	1536.0	nan	SC-His + YNB w/AS + dextrose + 100 uM 5FC (pH 5.8)	nan	yL312	1347 (top) 1348 (bottom) 	nan																													
							1349.0	1350.0	Target	Target_Plates_2000-2999	2327.0	1349 (top) 1350 (bottom) 	1536.0	nan	SC-His + YNB w/AS + dextrose + 100 uM 5FC (pH 5.8)	nan	yL312	1349 (top) 1350 (bottom) 	nan																													
							1351.0	1352.0	Target	Target_Plates_2000-2999	2328.0	1351 (top) 1352 (bottom) 	1536.0	nan	SC-His + YNB w/AS + dextrose + 100 uM 5FC (pH 5.8)	nan	yL313	1351 (top) 1352 (bottom) 	nan																													
							1353.0	1354.0	Target	Target_Plates_2000-2999	2329.0	1353 (top) 1354 (bottom) 	1536.0	nan	SC-His + YNB w/AS + dextrose + 100 uM 5FC (pH 5.8)	nan	yL313	1353 (top) 1354 (bottom) 	nan																													
							1355.0	1356.0	Target	Target_Plates_2000-2999	2330.0	1355 (top) 1356 (bottom) 	1536.0	nan	SC-His + YNB w/AS + dextrose + 100 uM 5FC (pH 5.8)	nan	yL314	1355 (top) 1356 (bottom) 	nan																													
							1357.0	1358.0	Target	Target_Plates_2000-2999	2331.0	1357 (top) 1358 (bottom) 	1536.0	nan	SC-His + YNB w/AS + dextrose + 100 uM 5FC (pH 5.8)	nan	yL314	1357 (top) 1358 (bottom) 	nan																													
							1359.0	1360.0	Target	Target_Plates_2000-2999	2332.0	1359 (top) 1360 (bottom) 	1536.0	nan	SC-His + YNB w/AS + dextrose + 100 uM 5FC (pH 5.8)	nan	yL315	1359 (top) 1360 (bottom) 	nan																													
							1361.0	1362.0	Target	Target_Plates_2000-2999	2333.0	1361 (top) 1362 (bottom) 	1536.0	nan	SC-His + YNB w/AS + dextrose + 100 uM 5FC (pH 5.8)	nan	yL315	1361 (top) 1362 (bottom) 	nan																													
							1363.0	1364.0	Target	Target_Plates_2000-2999	2334.0	1363 (top) 1364 (bottom) 	1536.0	nan	SC-His + YNB w/AS + dextrose + 100 uM 5FC (pH 5.8)	2023-07-12 00:00:00	yL310	1363 (top) 1364 (bottom) 	nan																													
							1365.0	1366.0	Target	Target_Plates_2000-2999	2335.0	1365 (top) 1366 (bottom) 	1536.0	nan	SC-His + YNB w/AS + dextrose + 100 uM 5FC (pH 5.8)	2023-07-12 00:00:00	yL310	1365 (top) 1366 (bottom) 	nan																													
							1367.0	1368.0	Target	Target_Plates_2000-2999	2336.0	1367 (top) 1368 (bottom) 	1536.0	nan	SC-His + YNB w/AS + dextrose + 100 uM 5FC (pH 5.8)	2023-07-12 00:00:00	yL311	1367 (top) 1368 (bottom) 	nan																													
							1369.0	1370.0	Target	Target_Plates_2000-2999	2337.0	1369 (top) 1370 (bottom) 	1536.0	nan	SC-His + YNB w/AS + dextrose + 100 uM 5FC (pH 5.8)	2023-07-12 00:00:00	yL311	1369 (top) 1370 (bottom) 	nan																													
							1371.0	1372.0	Target	Target_Plates_2000-2999	2338.0	1371 (top) 1372 (bottom) 	1536.0	nan	SC-His + YNB w/AS + dextrose + 100 uM 5FC (pH 5.8)	2023-07-12 00:00:00	yL312	1371 (top) 1372 (bottom) 	nan																													
							1373.0	1374.0	Target	Target_Plates_2000-2999	2339.0	1373 (top) 1374 (bottom) 	1536.0	nan	SC-His + YNB w/AS + dextrose + 100 uM 5FC (pH 5.8)	2023-07-12 00:00:00	yL312	1373 (top) 1374 (bottom) 	nan																													
							1375.0	1376.0	Target	Target_Plates_2000-2999	2340.0	1375 (top) 1376 (bottom) 	1536.0	nan	SC-His + YNB w/AS + dextrose + 100 uM 5FC (pH 5.8)	2023-07-12 00:00:00	yL313	1375 (top) 1376 (bottom) 	nan																													
							1377.0	1378.0	Target	Target_Plates_2000-2999	2341.0	1377 (top) 1378 (bottom) 	1536.0	nan	SC-His + YNB w/AS + dextrose + 100 uM 5FC (pH 5.8)	2023-07-12 00:00:00	yL313	1377 (top) 1378 (bottom) 	nan																													
							1379.0	1380.0	Target	Target_Plates_2000-2999	2342.0	1379 (top) 1380 (bottom) 	1536.0	nan	SC-His + YNB w/AS + dextrose + 100 uM 5FC (pH 5.8)	2023-07-12 00:00:00	yL314	1379 (top) 1380 (bottom) 	nan																													
							1381.0	1382.0	Target	Target_Plates_2000-2999	2343.0	1381 (top) 1382 (bottom) 	1536.0	nan	SC-His + YNB w/AS + dextrose + 100 uM 5FC (pH 5.8)	2023-07-12 00:00:00	yL314	1381 (top) 1382 (bottom) 	nan																													
							1383.0	1384.0	Target	Target_Plates_2000-2999	2344.0	1383 (top) 1384 (bottom) 	1536.0	nan	SC-His + YNB w/AS + dextrose + 100 uM 5FC (pH 5.8)	2023-07-12 00:00:00	yL315	1383 (top) 1384 (bottom) 	nan																													
							1385.0	1386.0	Target	Target_Plates_2000-2999	2345.0	1385 (top) 1386 (bottom) 	1536.0	nan	SC-His + YNB w/AS + dextrose + 100 uM 5FC (pH 5.8)	2023-07-12 00:00:00	yL315	1385 (top) 1386 (bottom) 	nan																													
							4856.0	4857.0	Target	Target_Plates_2000-2999	2346.0	4856 (top) 4857 (bottom) 	1536.0	nan	SC-His + YNB w/AS + dextrose + 100 uM 5FC (pH 5.8)	2023-07-12 00:00:00	yL310	4856 (top) 4857 (bottom) 	nan																													
							4858.0	4859.0	Target	Target_Plates_2000-2999	2347.0	4858 (top) 4859 (bottom) 	1536.0	nan	SC-His + YNB w/AS + dextrose + 100 uM 5FC (pH 5.8)	2023-07-12 00:00:00	yL312	4858 (top) 4859 (bottom) 	nan																													
									Target	Target_Plates_2000-2999	2348.0	SpG_Cas9 trafo from yL356, yL357, and yL358 random clones	384.0	nan	nan	nan	nan	nan	nan																													
									Target	Target_Plates_2000-2999	2349.0	SpG_Cas9 trafo from yL356, yL357, and yL358 random clones	384.0	nan	nan	fwd direction	rev direction	nan	nan																													
									Target	Target_Plates_2000-2999	2350.0	1393		nan	nan	2350 (RED) + 2351 (BLUE) + 2352 (YELLOW) + 2353 (GREEN) 	2353 (RED) + 2352 (BLUE) + 2351 (YELLOW) + 2350 (GREEN) 	nan	nan																													
									Target	Target_Plates_2000-2999	2351.0	1394		nan	nan	nan	nan	nan	nan																													
									Target	Target_Plates_2000-2999	2352.0	1395		nan	nan	nan	nan	nan	nan																													
									Target	Target_Plates_2000-2999	2353.0	1396		nan	nan	nan	nan	nan	nan																													
									Target	Target_Plates_2000-2999	2354.0	1397		nan	nan	2354 (RED) + 2355 (BLUE) + 2356 (YELLOW) + 2357 (GREEN) 	2357 (RED) + 2356 (BLUE) + 2355 (YELLOW) + 2354 (GREEN) 	nan	nan																													
									Target	Target_Plates_2000-2999	2355.0	1398		nan	nan	nan	nan	nan	nan																													
									Target	Target_Plates_2000-2999	2356.0	1399		nan	nan	nan	nan	nan	nan																													
									Target	Target_Plates_2000-2999	2357.0	1400		nan	nan	nan	nan	nan	nan																													
									Target	Target_Plates_2000-2999	2358.0	1401		nan	nan	2358 (RED) + 2359 (BLUE) + 2360 (YELLOW) + 2361 (GREEN) 	2361 (RED) + 2360 (BLUE) + 2359 (YELLOW) + 2358 (GREEN) 	nan	nan																													
									Target	Target_Plates_2000-2999	2359.0	1402		nan	nan	nan	nan	nan	nan																													
									Target	Target_Plates_2000-2999	2360.0	1403		nan	nan	nan	nan	nan	nan																													
									Target	Target_Plates_2000-2999	2361.0	1404		nan	nan	nan	nan	nan	nan																													
									Target	Target_Plates_2000-2999	2362.0	1405		nan	nan	2362 (RED) + 2363 (BLUE) + 2364 (YELLOW) + 2365 (GREEN) 	2365 (RED) + 2364 (BLUE) + 2363 (YELLOW) + 2362 (GREEN) 	nan	nan																													
									Target	Target_Plates_2000-2999	2363.0	1406		nan	nan	nan	nan	nan	nan																													
									Target	Target_Plates_2000-2999	2364.0	1407		nan	nan	nan	nan	nan	nan																													
									Target	Target_Plates_2000-2999	2365.0	1408		nan	nan	nan	nan	nan	nan																													
									Target	Target_Plates_2000-2999	2366.0	1425		nan	nan	2366 (RED) + 2367 (BLUE) + 2368 (YELLOW) + 2369 (GREEN) 	2369 (RED) + 2368 (BLUE) + 2367 (YELLOW) + 2366 (GREEN) 	nan	nan																													
									Target	Target_Plates_2000-2999	2367.0	1426		nan	nan	nan	nan	nan	nan																													
									Target	Target_Plates_2000-2999	2368.0	1427		nan	nan	nan	nan	nan	nan																													
									Target	Target_Plates_2000-2999	2369.0	1428		nan	nan	nan	nan	nan	nan																													
									Target	Target_Plates_2000-2999	2370.0	1429		nan	nan	2370 (RED) + 2371 (BLUE) + 2372 (YELLOW) + 2373 (GREEN) 	2373 (RED) + 2372 (BLUE) + 2371 (YELLOW) + 2370 (GREEN) 	nan	nan																													
									Target	Target_Plates_2000-2999	2371.0	1430		nan	nan	nan	nan	nan	nan																													
									Target	Target_Plates_2000-2999	2372.0	1431		nan	nan	nan	nan	nan	nan																													
									Target	Target_Plates_2000-2999	2373.0	1432		nan	nan	nan	nan	nan	nan																													
									Target	Target_Plates_2000-2999	2374.0	1433		nan	nan	2374 (RED) + 2375 (BLUE) + 2376 (YELLOW) + 2377 (GREEN) 	2377 (RED) + 2376 (BLUE) + 2375 (YELLOW) + 2374 (GREEN) 	nan	nan																													
									Target	Target_Plates_2000-2999	2375.0	1434		nan	nan	nan	nan	nan	nan																													
									Target	Target_Plates_2000-2999	2376.0	1435		nan	nan	nan	nan	nan	nan																													
									Target	Target_Plates_2000-2999	2377.0	1436		nan	nan	nan	nan	nan	nan																													
									Target	Target_Plates_2000-2999	2378.0	1437		nan	nan	2378 (RED) + 2379 (BLUE) + 2380 (YELLOW) + 2381 (GREEN) 	2381 (RED) + 2380 (BLUE) + 2379 (YELLOW) + 2378 (GREEN) 	nan	nan																													
									Target	Target_Plates_2000-2999	2379.0	1438		nan	nan	nan	nan	nan	nan																													
									Target	Target_Plates_2000-2999	2380.0	1439		nan	nan	nan	nan	nan	nan																													
									Target	Target_Plates_2000-2999	2381.0	1440		nan	nan	nan	nan	nan	nan																													
									Target	Target_Plates_2000-2999	2382.0	1441		nan	nan	2382 (RED) + 2383 (BLUE) + 2384 (YELLOW) + 2385 (GREEN) 	2385 (RED) + 2384 (BLUE) + 2383 (YELLOW) + 2382 (GREEN) 	nan	nan																													
									Target	Target_Plates_2000-2999	2383.0	1442		nan	nan	nan	nan	nan	nan																													
									Target	Target_Plates_2000-2999	2384.0	1443		nan	nan	nan	nan	nan	nan																													
									Target	Target_Plates_2000-2999	2385.0	1444		nan	nan	nan	nan	nan	nan																													
									Target	Target_Plates_2000-2999	2386.0	1410		nan	nan	2386 (RED) + 2387 (BLUE) + 2388 (YELLOW) + 2389 (GREEN) 	2389 (RED) + 2388 (BLUE) + 2387 (YELLOW) + 2386 (GREEN) 	nan	nan																													
									Target	Target_Plates_2000-2999	2387.0	1410		nan	nan	nan	nan	nan	nan																													
									Target	Target_Plates_2000-2999	2388.0	1411		nan	nan	nan	nan	nan	nan																													
									Target	Target_Plates_2000-2999	2389.0	1411		nan	nan	nan	nan	nan	nan																													
									Target	Target_Plates_2000-2999	2390.0	1412		nan	nan	2390 (RED) + 2391 (BLUE) + 2392 (YELLOW) + 2393 (GREEN) 	2393 (RED) + 2392 (BLUE) + 2391 (YELLOW) + 2390 (GREEN) 	nan	nan																													
									Target	Target_Plates_2000-2999	2391.0	1412		nan	nan	nan	nan	nan	nan																													
									Target	Target_Plates_2000-2999	2392.0	1413		nan	nan	nan	nan	nan	nan																													
									Target	Target_Plates_2000-2999	2393.0	1413		nan	nan	nan	nan	nan	nan																													
									Target	Target_Plates_2000-2999	2394.0	1414		nan	nan	2394 (RED) + 2395 (BLUE) + 2396 (YELLOW) + 2397 (GREEN) 	2397 (RED) + 2396 (BLUE) + 2395 (YELLOW) + 2394 (GREEN) 	nan	nan																													
									Target	Target_Plates_2000-2999	2395.0	1414		nan	nan	nan	nan	nan	nan																													
									Target	Target_Plates_2000-2999	2396.0	1415		nan	nan	nan	nan	nan	nan																													
									Target	Target_Plates_2000-2999	2397.0	1415		nan	nan	nan	nan	nan	nan																													
									Target	Target_Plates_2000-2999	2398.0	1416		nan	nan	2398 (RED) + 2399 (BLUE) + 2400 (YELLOW) + 2401 (GREEN) 	2401 (RED) + 2400 (BLUE) + 2399 (YELLOW) + 2398 (GREEN) 	nan	nan																													
									Target	Target_Plates_2000-2999	2399.0	1416		nan	nan	nan	nan	nan	nan																													
									Target	Target_Plates_2000-2999	2400.0	1417		nan	nan	nan	nan	nan	nan																													
									Target	Target_Plates_2000-2999	2401.0	1417		nan	nan	nan	nan	nan	nan																													
									Target	Target_Plates_2000-2999	2402.0	1419		nan	nan	2402 (RED) + 2403 (BLUE) + 2404 (YELLOW) + 2405 (GREEN) 	2405 (RED) + 2404 (BLUE) + 2403 (YELLOW) + 2402 (GREEN) 	nan	nan																													
									Target	Target_Plates_2000-2999	2403.0	1419		nan	nan	nan	nan	nan	nan																													
									Target	Target_Plates_2000-2999	2404.0	1420		nan	nan	nan	nan	nan	nan																													
									Target	Target_Plates_2000-2999	2405.0	1420		nan	nan	nan	nan	nan	nan																													
									Target	Target_Plates_2000-2999	2406.0	1421		nan	nan	2406 (RED) + 2407 (BLUE) + 2408 (YELLOW) + 2409 (GREEN) 	2409 (RED) + 2408 (BLUE) + 2407 (YELLOW) + 2406 (GREEN) 	nan	nan																													
									Target	Target_Plates_2000-2999	2407.0	1421		nan	nan	nan	nan	nan	nan																													
									Target	Target_Plates_2000-2999	2408.0	1422		nan	nan	nan	nan	nan	nan																													
									Target	Target_Plates_2000-2999	2409.0	1422		nan	nan	nan	nan	nan	nan																													
									Target	Target_Plates_2000-2999	2410.0	1423		nan	nan	2410 (RED) + 2411 (BLUE) + 2412 (YELLOW) + 2413 (GREEN) 	2413 (RED) + 2412 (BLUE) + 2411 (YELLOW) + 2410 (GREEN) 	nan	nan																													
									Target	Target_Plates_2000-2999	2411.0	1423		nan	nan	nan	nan	nan	nan																													
									Target	Target_Plates_2000-2999	2412.0	1424		nan	nan	nan	nan	nan	nan																													
									Target	Target_Plates_2000-2999	2413.0	1424		nan	nan	nan	nan	nan	nan																													
									Target	Target_Plates_2000-2999	2414.0	1445		nan	nan	2414 (RED) + 2415 (BLUE) + 2416 (YELLOW) + 2417 (GREEN) 	2417 (RED) + 2416 (BLUE) + 2415 (YELLOW) + 2414 (GREEN) 	nan	nan																													
									Target	Target_Plates_2000-2999	2415.0	1445		nan	nan	nan	nan	nan	nan																													
									Target	Target_Plates_2000-2999	2416.0	1446		nan	nan	nan	nan	nan	nan																													
									Target	Target_Plates_2000-2999	2417.0	1446		nan	nan	nan	nan	nan	nan																													
									Target	Target_Plates_2000-2999	2418.0	1447		nan	nan	2418 (RED) + 2419 (BLUE) + 2420 (YELLOW) + 2421 (GREEN) 	2421 (RED) + 2420 (BLUE) + 2419 (YELLOW) + 2418 (GREEN) 	nan	nan																													
									Target	Target_Plates_2000-2999	2419.0	1447		nan	nan	nan	nan	nan	nan																													
									Target	Target_Plates_2000-2999	2420.0	1448		nan	nan	nan	nan	nan	nan																													
									Target	Target_Plates_2000-2999	2421.0	1448		nan	nan	nan	nan	nan	nan																													
									Target	Target_Plates_2000-2999	2422.0	1449		nan	nan	2422 (RED) + 2423 (BLUE) + 2424 (YELLOW) + 2425 (GREEN) 	2425 (RED) + 2424 (BLUE) + 2423 (YELLOW) + 2422 (GREEN) 	nan	nan																													
									Target	Target_Plates_2000-2999	2423.0	1449		nan	nan	nan	nan	nan	nan																													
									Target	Target_Plates_2000-2999	2424.0	1450		nan	nan	nan	nan	nan	nan																													
									Target	Target_Plates_2000-2999	2425.0	1450		nan	nan	nan	nan	nan	nan																													
									Target	Target_Plates_2000-2999	2426.0	1451		nan	nan	2426 (RED) + 2427 (BLUE) + 2428 (YELLOW) + 2429 (GREEN) 	2429 (RED) + 2428 (BLUE) + 2427 (YELLOW) + 2426 (GREEN) 	nan	nan																													
									Target	Target_Plates_2000-2999	2427.0	1451		nan	nan	nan	nan	nan	nan																													
									Target	Target_Plates_2000-2999	2428.0	1452		nan	nan	nan	nan	nan	nan																													
									Target	Target_Plates_2000-2999	2429.0	1452		nan	nan	nan	nan	nan	nan																													
									Target	Target_Plates_2000-2999	2430.0	1453		nan	nan	2430 (RED) + 2431 (BLUE) + 2432 (YELLOW) + 2433 (GREEN) 	2433 (RED) + 2432 (BLUE) + 2431 (YELLOW) + 2430 (GREEN) 	nan	nan																													
									Target	Target_Plates_2000-2999	2431.0	1453		nan	nan	nan	nan	nan	nan																													
									Target	Target_Plates_2000-2999	2432.0	1454		nan	nan	nan	nan	nan	nan																													
									Target	Target_Plates_2000-2999	2433.0	1454		nan	nan	nan	nan	nan	nan																													
									Target	Target_Plates_2000-2999	2434.0	1455		nan	nan	2434 (RED) + 2435 (BLUE) + 2436 (YELLOW) + 2437 (GREEN) 	2437 (RED) + 2436 (BLUE) + 2435 (YELLOW) + 2434 (GREEN) 	nan	nan																													
									Target	Target_Plates_2000-2999	2435.0	1455		nan	nan	nan	nan	nan	nan																													
									Target	Target_Plates_2000-2999	2436.0	1456		nan	nan	nan	nan	nan	nan																													
									Target	Target_Plates_2000-2999	2437.0	1456		nan	nan	nan	nan	nan	nan																													
									Target	Target_Plates_2000-2999	2438.0	1457		nan	nan	2438 (RED) + 2439 (BLUE) + 2440 (YELLOW) + 2441 (GREEN) 	2441 (RED) + 2440 (BLUE) + 2439 (YELLOW) + 2438 (GREEN) 	nan	nan																													
									Target	Target_Plates_2000-2999	2439.0	1457		nan	nan	nan	nan	nan	nan																													
									Target	Target_Plates_2000-2999	2440.0	1458		nan	nan	nan	nan	nan	nan																													
									Target	Target_Plates_2000-2999	2441.0	1458		nan	nan	nan	nan	nan	nan																													
									Target	Target_Plates_2000-2999	2442.0	1459		nan	nan	2442 (RED) + 2443 (BLUE) + 2444 (YELLOW) + 2445 (GREEN) 	2445 (RED) + 2444 (BLUE) + 2443 (YELLOW) + 2442 (GREEN) 	nan	nan																													
									Target	Target_Plates_2000-2999	2443.0	1459		nan	nan	nan	nan	nan	nan																													
									Target	Target_Plates_2000-2999	2444.0	1460		nan	nan	nan	nan	nan	nan																													
									Target	Target_Plates_2000-2999	2445.0	1460		nan	nan	nan	nan	nan	nan																													
									Target	Target_Plates_2000-2999	2446.0	1476	96.0	nan	YPD+G418+Hyg	nan	nan	nan	nan																													
									Target	Target_Plates_2000-2999	2447.0	1480	96.0	nan	YPD+G418+Hyg	nan	nan	nan	nan																													
									Target	Target_Plates_2000-2999	2448.0	1484	96.0	nan	YPD+G418+Hyg	nan	nan	nan	nan																													
									Target	Target_Plates_2000-2999	2449.0	1488	96.0	nan	YPD+G418+Hyg	nan	nan	nan	nan																													
									Target	Target_Plates_2000-2999	2450.0	1500	96.0	nan	YPD+G418+Hyg	nan	nan	nan	nan																													
									Target	Target_Plates_2000-2999	2451.0	1501	96.0	nan	YPD+G418+Hyg	nan	nan	nan	nan																													
									Target	Target_Plates_2000-2999	2452.0	1502	96.0	nan	YPD+G418+Hyg	nan	nan	nan	nan																													
									Target	Target_Plates_2000-2999	2453.0	1504	96.0	nan	YPD+G418+Hyg	nan	nan	nan	nan																													
									Target	Target_Plates_2000-2999	2454.0	1507	96.0	nan	YPD+G418+Hyg	nan	nan	nan	nan																													
									Target	Target_Plates_2000-2999	2455.0	1508	96.0	nan	YPD+G418+Hyg	nan	nan	nan	nan																													
									Target	Target_Plates_2000-2999	2456.0	1509	96.0	20240702_SpG_NGNG_and_NGNH_QTL_libraries	YPD+G418	nan	nan	nan	nan																													
									Target	Target_Plates_2000-2999	2457.0	1510	96.0	20240702_SpG_NGNG_and_NGNH_QTL_libraries	YPD+G418	nan	nan	nan	nan																													
									Target	Target_Plates_2000-2999	2458.0	1511 (top half) + 1512 (bottom half)	96.0	20240702_SpG_NGNG_and_NGNH_QTL_libraries	YPD+G418	nan	nan	nan	nan																													
									Target	Target_Plates_2000-2999	2459.0	1513 (top half) + 1514 (bottom half)	96.0	20240702_SpG_NGNG_and_NGNH_QTL_libraries	YPD+G418	nan	nan	nan	nan																													
									Target	Target_Plates_2000-2999	2460.0	1513 (top half) + 1514 (bottom half)	96.0	20240702_SpG_NGNG_and_NGNH_QTL_libraries	YPD+G418	nan	nan	nan	nan																													
									Target	Target_Plates_2000-2999	2461.0	nan		nan	nan	nan	nan	nan	nan																													
									Target	Target_Plates_2000-2999	2462.0	nan		nan	nan	nan	nan	nan	nan																													
									Target	Target_Plates_2000-2999	2463.0	nan		nan	nan	nan	nan	nan	nan																													
									Target	Target_Plates_2000-2999	2464.0	nan		nan	nan	nan	nan	nan	nan																													
									Target	Target_Plates_2000-2999	2465.0	nan		nan	nan	nan	nan	nan	nan																													
									Target	Target_Plates_2000-2999	2466.0	nan		nan	nan	nan	nan	nan	nan																													
									Target	Target_Plates_2000-2999	2467.0	nan		nan	nan	nan	nan	nan	nan																													
									Target	Target_Plates_2000-2999	2468.0	nan		nan	nan	nan	nan	nan	nan																													
									Target	Target_Plates_2000-2999	2469.0	nan		nan	nan	nan	nan	nan	nan																													
									Target	Target_Plates_2000-2999	2470.0	nan		nan	nan	nan	nan	nan	nan																													
									Target	Target_Plates_2000-2999	2471.0	nan		nan	nan	nan	nan	nan	nan																													
									Target	Target_Plates_2000-2999	2472.0	nan		nan	nan	nan	nan	nan	nan																													
									Target	Target_Plates_2000-2999	2473.0	nan		nan	nan	nan	nan	nan	nan																													
									Target	Target_Plates_2000-2999	2474.0	nan		nan	nan	nan	nan	nan	nan																													
									Target	Target_Plates_2000-2999	2475.0	nan		nan	nan	nan	nan	nan	nan																													
									Target	Target_Plates_2000-2999	2476.0	nan		nan	nan	nan	nan	nan	nan																													
									Target	Target_Plates_2000-2999	2477.0	nan		nan	nan	nan	nan	nan	nan																													
									Target	Target_Plates_2000-2999	2478.0	nan		nan	nan	nan	nan	nan	nan																													
									Target	Target_Plates_2000-2999	2479.0	nan		nan	nan	nan	nan	nan	nan																													
									Target	Target_Plates_2000-2999	2480.0	nan		nan	nan	nan	nan	nan	nan																													
									Target	Target_Plates_2000-2999	2481.0	nan		nan	nan	nan	nan	nan	nan																													
									Target	Target_Plates_2000-2999	2482.0	nan		nan	nan	nan	nan	nan	nan																													
									Target	Target_Plates_2000-2999	2483.0	nan		nan	nan	nan	nan	nan	nan																													
									Target	Target_Plates_2000-2999	2484.0	nan		nan	nan	nan	nan	nan	nan																													
									Target	Target_Plates_2000-2999	2485.0	nan		nan	nan	nan	nan	nan	nan																													
									Target	Target_Plates_2000-2999	2486.0	nan		nan	nan	nan	nan	nan	nan																													
									Target	Target_Plates_2000-2999	2487.0	nan		nan	nan	nan	nan	nan	nan																													
									Target	Target_Plates_2000-2999	2488.0	nan		nan	nan	nan	nan	nan	nan																													
									Target	Target_Plates_2000-2999	2489.0	nan		nan	nan	nan	nan	nan	nan																													
									Target	Target_Plates_2000-2999	2490.0	nan		nan	nan	nan	nan	nan	nan																													
									Target	Target_Plates_2000-2999	2491.0	nan		nan	nan	nan	nan	nan	nan																													
									Target	Target_Plates_2000-2999	2492.0	nan		nan	nan	nan	nan	nan	nan																													
									Target	Target_Plates_2000-2999	2493.0	nan		nan	nan	nan	nan	nan	nan																													
									Target	Target_Plates_2000-2999	2494.0	nan		nan	nan	nan	nan	nan	nan																													
									Target	Target_Plates_2000-2999	2495.0	nan		nan	nan	nan	nan	nan	nan																													
									Target	Target_Plates_2000-2999	2496.0	nan		nan	nan	nan	nan	nan	nan																													
									Target	Target_Plates_2000-2999	2497.0	nan		nan	nan	nan	nan	nan	nan																													
									Target	Target_Plates_2000-2999	2498.0	nan		nan	nan	nan	nan	nan	nan																													
									Target	Target_Plates_2000-2999	2499.0	nan		nan	nan	nan	nan	nan	nan																													
									Target	Target_Plates_2000-2999	2500.0	nan		nan	nan	nan	nan	nan	nan																													
									Target	Target_Plates_2000-2999	2501.0	nan		nan	nan	nan	nan	nan	nan																													
									Target	Target_Plates_2000-2999	2502.0	nan		nan	nan	nan	nan	nan	nan																													
									Target	Target_Plates_2000-2999	2503.0	nan		nan	nan	nan	nan	nan	nan																													
									Target	Target_Plates_2000-2999	2504.0	nan		nan	nan	nan	nan	nan	nan																													
									Target	Target_Plates_2000-2999	2505.0	nan		nan	nan	nan	nan	nan	nan																													
									Target	Target_Plates_2000-2999	2506.0	nan		nan	nan	nan	nan	nan	nan																													
									Target	Target_Plates_2000-2999	2507.0	nan		nan	nan	nan	nan	nan	nan																													
									Target	Target_Plates_2000-2999	2508.0	nan		nan	nan	nan	nan	nan	nan																													
									Target	Target_Plates_2000-2999	2509.0	nan		nan	nan	nan	nan	nan	nan																													
									Target	Target_Plates_2000-2999	2510.0	nan		nan	nan	nan	nan	nan	nan																													
									Target	Target_Plates_2000-2999	2511.0	nan		nan	nan	nan	nan	nan	nan																													
									Target	Target_Plates_2000-2999	2512.0	nan		nan	nan	nan	nan	nan	nan																													
									Target	Target_Plates_2000-2999	2513.0	nan		nan	nan	nan	nan	nan	nan																													
									Target	Target_Plates_2000-2999	2514.0	nan		nan	nan	nan	nan	nan	nan																													
									Target	Target_Plates_2000-2999	2515.0	nan		nan	nan	nan	nan	nan	nan																													
									Target	Target_Plates_2000-2999	2516.0	nan		nan	nan	nan	nan	nan	nan																													
									Target	Target_Plates_2000-2999	2517.0	nan		nan	nan	nan	nan	nan	nan																													
									Target	Target_Plates_2000-2999	2518.0	nan		nan	nan	nan	nan	nan	nan																													
									Target	Target_Plates_2000-2999	2519.0	nan		nan	nan	nan	nan	nan	nan																													
									Target	Target_Plates_2000-2999	2520.0	nan		nan	nan	nan	nan	nan	nan																													
									Target	Target_Plates_2000-2999	2521.0	nan		nan	nan	nan	nan	nan	nan																													
									Target	Target_Plates_2000-2999	2522.0	nan		nan	nan	nan	nan	nan	nan																													
									Target	Target_Plates_2000-2999	2523.0	nan		nan	nan	nan	nan	nan	nan																													
									Target	Target_Plates_2000-2999	2524.0	nan		nan	nan	nan	nan	nan	nan																													
									Target	Target_Plates_2000-2999	2525.0	nan		nan	nan	nan	nan	nan	nan																													
									Target	Target_Plates_2000-2999	2526.0	nan		nan	nan	nan	nan	nan	nan																													
									Target	Target_Plates_2000-2999	2527.0	nan		nan	nan	nan	nan	nan	nan																													
									Target	Target_Plates_2000-2999	2528.0	nan		nan	nan	nan	nan	nan	nan																													
									Target	Target_Plates_2000-2999	2529.0	nan		nan	nan	nan	nan	nan	nan																													
									REDI_mating	REDI_mating_plates_3000-3999										3000.0	nan	yT100 MAT alpha 384 RED X REDI BC V5 384 RED	REDI BC V5 384 RED	yT100 MAT alpha 384 RED	nan																							
									REDI_mating	REDI_mating_plates_3000-3999										3001.0	nan	yT100 MAT alpha 384 BLUE X REDI BC V5 384 RED	REDI BC V5 384 RED	yT100 MAT alpha 384 BLUE	nan																							
									REDI_mating	REDI_mating_plates_3000-3999										3002.0	nan	yT100 MAT alpha 384 YELLOW X REDI BC V5 384 RED	REDI BC V5 384 RED	yT100 MAT alpha 384 YELLOW	nan																							
									REDI_mating	REDI_mating_plates_3000-3999										3003.0	nan	yT100 MAT alpha 384 GREEN X REDI BC V5 384 RED	REDI BC V5 384 RED	yT100 MAT alpha 384 GREEN	nan																							
									REDI_mating	REDI_mating_plates_3000-3999										3004.0	nan	yT100 MAT alpha 384 RED X REDI BC V5 384 BLUE	REDI BC V5 384 BLUE	yT100 MAT alpha 384 RED	nan																							
									REDI_mating	REDI_mating_plates_3000-3999										3005.0	nan	yT100 MAT alpha 384 BLUE X REDI BC V5 384 BLUE	REDI BC V5 384 BLUE	yT100 MAT alpha 384 BLUE	nan																							
									REDI_mating	REDI_mating_plates_3000-3999										3006.0	nan	yT100 MAT alpha 384 YELLOW X REDI BC V5 384 BLUE	REDI BC V5 384 BLUE	yT100 MAT alpha 384 YELLOW	nan																							
									REDI_mating	REDI_mating_plates_3000-3999										3007.0	nan	yT100 MAT alpha 384 GREEN X REDI BC V5 384 BLUE	REDI BC V5 384 BLUE	yT100 MAT alpha 384 GREEN	nan																							
									REDI_mating	REDI_mating_plates_3000-3999										3008.0	nan	yT100 MAT alpha 384 RED X REDI BC V5 384 YELLOW	REDI BC V5 384 YELLOW	yT100 MAT alpha 384 RED	nan																							
									REDI_mating	REDI_mating_plates_3000-3999										3009.0	nan	yT100 MAT alpha 384 BLUE X REDI BC V5 384 YELLOW	REDI BC V5 384 YELLOW	yT100 MAT alpha 384 BLUE	nan																							
									REDI_mating	REDI_mating_plates_3000-3999										3010.0	nan	yT100 MAT alpha 384 YELLOW X REDI BC V5 384 YELLOW	REDI BC V5 384 YELLOW	yT100 MAT alpha 384 YELLOW	nan																							
									REDI_mating	REDI_mating_plates_3000-3999										3011.0	nan	yT100 MAT alpha 384 GREEN X REDI BC V5 384 YELLOW	REDI BC V5 384 YELLOW	yT100 MAT alpha 384 GREEN	nan																							
									REDI_mating	REDI_mating_plates_3000-3999										3012.0	nan	yT100 MAT alpha 384 RED X REDI BC V5 384 GREEN	REDI BC V5 384 GREEN	yT100 MAT alpha 384 RED	nan																							
									REDI_mating	REDI_mating_plates_3000-3999										3013.0	nan	yT100 MAT alpha 384 BLUE X REDI BC V5 384 GREEN	REDI BC V5 384 GREEN	yT100 MAT alpha 384 BLUE	nan																							
									REDI_mating	REDI_mating_plates_3000-3999										3014.0	nan	yT100 MAT alpha 384 YELLOW X REDI BC V5 384 GREEN	REDI BC V5 384 GREEN	yT100 MAT alpha 384 YELLOW	nan																							
									REDI_mating	REDI_mating_plates_3000-3999										3015.0	nan	yT100 MAT alpha 384 GREEN X REDI BC V5 384 GREEN	REDI BC V5 384 GREEN	yT100 MAT alpha 384 GREEN	nan																							
									REDI_mating	REDI_mating_plates_3000-3999										3016.0	nan	yL274-yL275-yL276_REDI_1536_plate_1	REDI BC V5 1536	yL274-yL275-yL276	nan																							
									REDI_mating	REDI_mating_plates_3000-3999										3017.0	nan	yL274-yL275-yL276_REDI_1536_plate_2	REDI BC V5 1536	yL274-yL275-yL276	nan																							
									REDI_mating	REDI_mating_plates_3000-3999										3018.0	nan	yL274-yL275-yL276_REDI_1536_plate_3	REDI BC V5 1536	yL274-yL275-yL276	nan																							
									REDI_mating	REDI_mating_plates_3000-3999										3019.0	nan	yL274-yL275-yL276_REDI_1536_plate_4	REDI BC V5 1536	yL274-yL275-yL276	nan																							
									REDI_mating	REDI_mating_plates_3000-3999										3020.0	nan	yL274-yL275-yL276_REDI_1536_plate_5	REDI BC V5 1536	yL274-yL275-yL276	nan																							
									REDI_mating	REDI_mating_plates_3000-3999										3021.0	nan	yL274-yL275-yL276_REDI_1536_plate_6	REDI BC V5 1536	yL274-yL275-yL276	nan																							
									REDI_mating	REDI_mating_plates_3000-3999										3022.0	nan	yL274-yL275-yL276_REDI_1536_plate_7	REDI BC V5 1536	yL274-yL275-yL276	nan																							
									REDI_mating	REDI_mating_plates_3000-3999										3023.0	nan	yL274-yL275-yL276_REDI_1536_plate_8	REDI BC V5 1536	yL274-yL275-yL276	nan																							
									REDI_mating	REDI_mating_plates_3000-3999										3024.0	nan	yL274-yL275-yL276_REDI_1536_plate_9	REDI BC V5 1536	yL274-yL275-yL276	nan																							
									REDI_mating	REDI_mating_plates_3000-3999										3025.0	nan	yL274-yL275-yL276_REDI_1536_plate_10	REDI BC V5 1536	yL274-yL275-yL276	nan																							
									REDI_mating	REDI_mating_plates_3000-3999										3026.0	nan	yL274-yL275-yL276_REDI_1536_plate_11	REDI BC V5 1536	yL274-yL275-yL276	nan																							
									REDI_mating	REDI_mating_plates_3000-3999										3027.0	nan	yL279_REDI_1536_plate_12	REDI BC V5 1536	yL279	nan																							
									REDI_mating	REDI_mating_plates_3000-3999										3028.0	nan	yL274-yL275-yL276_REDI_384_red_plate_1	REDI BC V5 384 RED	yL274-yL275-yL276	nan																							
									REDI_mating	REDI_mating_plates_3000-3999										3029.0	nan	yL274-yL275-yL276_REDI_384_blue_plate_2	REDI BC V5 384 BLUE	yL274-yL275-yL276	nan																							
									REDI_mating	REDI_mating_plates_3000-3999										3030.0	nan	yL274-yL275-yL276_REDI_384_yellow_plate_3	REDI BC V5 384 YELLOW	yL274-yL275-yL276	nan																							
									REDI_mating	REDI_mating_plates_3000-3999										3031.0	nan	yL274-yL275-yL276_REDI_384_green_plate_4	REDI BC V5 384 GREEN	yL274-yL275-yL276	nan																							
									REDI_mating	REDI_mating_plates_3000-3999										3032.0	nan	yL274-yL275-yL276_REDI_384_red_plate_5	REDI BC V5 384 RED	yL274-yL275-yL276	nan																							
									REDI_mating	REDI_mating_plates_3000-3999										3033.0	nan	yL274-yL275-yL276_REDI_384_blue_plate_6	REDI BC V5 384 BLUE	yL274-yL275-yL276	nan																							
									REDI_mating	REDI_mating_plates_3000-3999										3034.0	nan	yL274-yL275-yL276_REDI_384_yellow_plate_7	REDI BC V5 384 YELLOW	yL274-yL275-yL276	nan																							
									REDI_mating	REDI_mating_plates_3000-3999										3035.0	nan	yL274-yL275-yL276_REDI_384_green_plate_8	REDI BC V5 384 GREEN	yL274-yL275-yL276	nan																							
									REDI_mating	REDI_mating_plates_3000-3999										3036.0	nan	yL274-yL275-yL276_REDI_384_red_plate_9	REDI BC V5 384 RED	yL274-yL275-yL276	nan																							
									REDI_mating	REDI_mating_plates_3000-3999										3037.0	nan	yL274-yL275-yL276_REDI_384_blue_plate_10	REDI BC V5 384 BLUE	yL274-yL275-yL276	nan																							
									REDI_mating	REDI_mating_plates_3000-3999										3038.0	nan	yL274-yL275-yL276_REDI_384_yellow_plate_11	REDI BC V5 384 YELLOW	yL274-yL275-yL276	nan																							
									REDI_mating	REDI_mating_plates_3000-3999										3039.0	nan	yL274-yL275-yL276_REDI_384_green_plate_12	REDI BC V5 384 GREEN	yL274-yL275-yL276	nan																							
									REDI_mating	REDI_mating_plates_3000-3999										3040.0	nan	yL274-yL275-yL276_REDI_384_blue_plate_13	REDI BC V5 384 BLUE	yL274-yL275-yL276	nan																							
									REDI_mating	REDI_mating_plates_3000-3999										3041.0	nan	yL274-yL275-yL276_REDI_384_blue_plate_14	REDI BC V5 384 BLUE	yL274-yL275-yL276	nan																							
									REDI_mating	REDI_mating_plates_3000-3999										3042.0	nan	yL274-yL275-yL276_REDI_384_yellow_plate_15	REDI BC V5 384 YELLOW	yL274-yL275-yL276	nan																							
									REDI_mating	REDI_mating_plates_3000-3999										3043.0	nan	yL274-yL275-yL276_REDI_384_green_plate_16	REDI BC V5 384 GREEN	yL274-yL275-yL276	nan																							
									REDI_mating	REDI_mating_plates_3000-3999										3044.0	nan	yL274-yL275-yL276_REDI_384_red_plate_17	REDI BC V5 384 RED	yL274-yL275-yL276	nan																							
									REDI_mating	REDI_mating_plates_3000-3999										3045.0	nan	yL279_REDI_384_blue_plate_18	REDI BC V5 384 BLUE	yL279	nan																							
									REDI_mating	REDI_mating_plates_3000-3999										3046.0	nan	yL280_REDI_384_yellow_plate_19	REDI BC V5 384 YELLOW	yL280	nan																							
									REDI_mating	REDI_mating_plates_3000-3999										3047.0	nan	yL283_REDI_384_green_plate_20	REDI BC V5 384 GREEN	yL283	nan																							
									REDI_mating	REDI_mating_plates_3000-3999										3048.0	nan	yL284_REDI_384_red_plate_21	REDI BC V5 384 RED	yL284	nan																							
									REDI_mating	REDI_mating_plates_3000-3999										3049.0	nan	yL279_REDI_384_blue_plate_22	REDI BC V5 384 BLUE	yL279	nan																							
									REDI_mating	REDI_mating_plates_3000-3999										3050.0	nan	yL279_REDI_384_yellow_plate_23	REDI BC V5 384 YELLOW	yL279	nan																							
									REDI_mating	REDI_mating_plates_3000-3999										3051.0	nan	yL279_REDI_384_green_plate_24	REDI BC V5 384 GREEN	yL279	nan																							
									REDI_mating	REDI_mating_plates_3000-3999										3052.0	nan	yL279_REDI_384_red_plate_25	REDI BC V5 384 RED	yL279	nan																							
									REDI_mating	REDI_mating_plates_3000-3999										3053.0	nan	yL279_REDI_384_blue_plate_26	REDI BC V5 384 BLUE	yL279	nan																							
									REDI_mating	REDI_mating_plates_3000-3999										3054.0	nan	yL279_REDI_384_yellow_plate_27	REDI BC V5 384 YELLOW	yL279	nan																							
									REDI_mating	REDI_mating_plates_3000-3999										3055.0	nan	yL279_REDI_384_green_plate_28	REDI BC V5 384 GREEN	yL279	nan																							
									REDI_mating	REDI_mating_plates_3000-3999										3056.0	nan	yL283_REDI_384_red_plate_29	REDI BC V5 384 RED	yL283	nan																							
									REDI_mating	REDI_mating_plates_3000-3999										3057.0	nan	yL283_REDI_384_blue_plate_30	REDI BC V5 384 BLUE	yL283	nan																							
									REDI_mating	REDI_mating_plates_3000-3999										3058.0	nan	yL283_REDI_384_yellow_plate_31	REDI BC V5 384 YELLOW	yL283	nan																							
									REDI_mating	REDI_mating_plates_3000-3999										3059.0	nan	yL283_REDI_384_green_plate_32	REDI BC V5 384 GREEN	yL283	nan																							
									REDI_mating	REDI_mating_plates_3000-3999										3060.0	nan	yL283_REDI_384_red_plate_33	REDI BC V5 384 RED	yL283	nan																							
									REDI_mating	REDI_mating_plates_3000-3999										3061.0	nan	yL283_REDI_384_blue_plate_34	REDI BC V5 384 BLUE	yL283	nan																							
									REDI_mating	REDI_mating_plates_3000-3999										3062.0	nan	yL279_REDI_384_yellow_plate_35	REDI BC V5 384 YELLOW	yL279	nan																							
									REDI_mating	REDI_mating_plates_3000-3999										3063.0	nan	yL279_REDI_384_green_plate_36	REDI BC V5 384 GREEN	yL279	nan																							
									REDI_mating	REDI_mating_plates_3000-3999										3064.0	nan	yL279_REDI_384_red_plate_37	REDI BC V5 384 RED	yL279	nan																							
									REDI_mating	REDI_mating_plates_3000-3999										3065.0	nan	yL279_REDI_384_blue_plate_38	REDI BC V5 384 BLUE	yL279	nan																							
									REDI_mating	REDI_mating_plates_3000-3999										3066.0	nan	yL279_REDI_384_yellow_plate_39	REDI BC V5 384 YELLOW	yL279	nan																							
									REDI_mating	REDI_mating_plates_3000-3999										3067.0	nan	yL283_REDI_384_green_plate_40	REDI BC V5 384 GREEN	yL283	nan																							
									REDI_mating	REDI_mating_plates_3000-3999										3068.0	nan	yL283 (rows A-C), yL284 (rows D-end)_REDI_384_red_plate_41	REDI BC V5 384 RED	yL283 (rows A-C), yL284 (rows D-end)	nan																							
									REDI_mating	REDI_mating_plates_3000-3999										3069.0	nan	yL284_REDI_384_blue_plate_42	REDI BC V5 384 BLUE	nan	nan																							
									REDI_mating	REDI_mating_plates_3000-3999										3070.0	nan	yL284_REDI_384_yellow_plate_43	REDI BC V5 384 YELLOW	nan	nan																							
									REDI_mating	REDI_mating_plates_3000-3999										3071.0	nan	yL284_REDI_384_green_plate_44	REDI BC V5 384 GREEN	nan	nan																							
									REDI_mating	REDI_mating_plates_3000-3999										3072.0	nan	yL284_REDI_384_red_plate_45	REDI BC V5 384 RED	nan	nan																							
									REDI_mating	REDI_mating_plates_3000-3999										3073.0	nan	yL284_REDI_384_blue_plate_46	REDI BC V5 384 BLUE	nan	nan																							
									REDI_mating	REDI_mating_plates_3000-3999										3074.0	nan	yL284_REDI_384_yellow_plate_47	REDI BC V5 384 YELLOW	nan	nan																							
									REDI_mating	REDI_mating_plates_3000-3999										3075.0	nan	yL284_REDI_384_green_plate_48	REDI BC V5 384 GREEN	nan	nan																							
									REDI_mating	REDI_mating_plates_3000-3999										3076.0	nan	yL284_REDI_384_red_plate_49	REDI BC V5 384 RED	nan	nan																							
									REDI_mating	REDI_mating_plates_3000-3999										3077.0	nan	yL284_REDI_384_blue_plate_50	REDI BC V5 384 BLUE	nan	nan																							
									REDI_mating	REDI_mating_plates_3000-3999										3078.0	nan	yL284_REDI_384_yellow_plate_51	REDI BC V5 384 YELLOW	nan	nan																							
									REDI_mating	REDI_mating_plates_3000-3999										3079.0	nan	yL274_yL279_REDI_1536_plate_13	REDI BC V5 1536	nan	nan	2010.0	2011.0	2012.0	2013.0																			
									REDI_mating	REDI_mating_plates_3000-3999										3080.0	nan	yL274_yL279_REDI_1536_plate_14	REDI BC V5 1536	nan	nan																							
									REDI_mating	REDI_mating_plates_3000-3999										3081.0	nan	yL274_REDI_1536_plate_15	REDI BC V5 1536	nan	nan																							
									REDI_mating	REDI_mating_plates_3000-3999										3082.0	nan	yL279_REDI_1536_plate_16	REDI BC V5 1536	nan	nan																							
									REDI_mating	REDI_mating_plates_3000-3999										3083.0	nan	yT100 MAT alpha 1536 X REDI BC V5 1536	REDI BC V5 1536	nan	nan																							
									REDI_mating	REDI_mating_plates_3000-3999										3084.0	nan	yT100 MAT alpha 1536 X REDI BC V5 1536 (SGal+His+Leu+Ura from 20220505)	REDI BC V5 1536	nan	nan																							
									REDI_mating	REDI_mating_plates_3000-3999										3085.0	nan	yT100 MAT alpha 384 YELLOW X REDI BC V5 384 YELLOW	REDI BC V5 384 YELLOW	yT100 MAT alpha 384 YELLOW	nan																							
									REDI_mating	REDI_mating_plates_3000-3999										3086.0	nan	yT100 MAT alpha 384 GREEN X REDI BC V5 384 YELLOW	REDI BC V5 384 YELLOW	yT100 MAT alpha 384 GREEN	nan																							
									REDI_mating	REDI_mating_plates_3000-3999										3087.0	nan	yT100 MAT alpha 384 YELLOW X REDI BC V5 384 GREEN	REDI BC V5 384 GREEN	yT100 MAT alpha 384 YELLOW	nan																							
									REDI_mating	REDI_mating_plates_3000-3999										3088.0	nan	yT100 MAT alpha 384 GREEN X REDI BC V5 384 GREEN	REDI BC V5 384 GREEN	yT100 MAT alpha 384 GREEN	nan																							
									REDI_mating	REDI_mating_plates_3000-3999										3089.0	nan	yL274_REDI_1536_plate_17	REDI BC V5 1536	nan	nan																							
									REDI_mating	REDI_mating_plates_3000-3999										3090.0	nan	yL279_REDI_1536_plate_18	REDI BC V5 1536	nan	nan																							
									REDI_mating	REDI_mating_plates_3000-3999										3091.0	nan	yL274_REDI_1536_plate_19	REDI BC V5 1536	nan	nan																							
									REDI_mating	REDI_mating_plates_3000-3999										3092.0	nan	yL274_yL279_REDI_1536_plate_20	REDI BC V5 1536	nan	nan																							
									REDI_mating	REDI_mating_plates_3000-3999										3093.0	nan	yL274_yL279_REDI_1536_plate_21	REDI BC V5 1536	nan	nan																							
									REDI_mating	REDI_mating_plates_3000-3999										3094.0	nan	yL274_yL279_REDI_1536_plate_22	REDI BC V5 1536	nan	nan																							
									REDI_mating	REDI_mating_plates_3000-3999										3095.0	nan	yL279_REDI_1536_plate_23	REDI BC V5 1536	nan	nan																							
									REDI_mating	REDI_mating_plates_3000-3999										3096.0	nan	yL279_yL275_yL284_REDI_1536_plate_24	REDI BC V5 1536	nan	nan																							
									REDI_mating	REDI_mating_plates_3000-3999										3097.0	nan	yL284_yL275_REDI_1536_plate_25	REDI BC V5 1536	nan	nan																							
									REDI_mating	REDI_mating_plates_3000-3999										3098.0	nan	yL284_yL274_yL275_REDI_1536_plate_26	REDI BC V5 1536	nan	nan																							
									REDI_mating	REDI_mating_plates_3000-3999										3099.0	nan	2065-2068	REDI BC V5 1536	yL275	nan	2065.0	2066.0	2067.0	2068.0																			
									REDI_mating	REDI_mating_plates_3000-3999										3100.0	nan	2069-2072	REDI BC V5 1536	yL275	nan	2069.0	2070.0	2071.0	2072.0																			
									REDI_mating	REDI_mating_plates_3000-3999										3101.0	nan	2073-2076	REDI BC V5 1536	yL284	nan	2073.0	2074.0	2075.0	2076.0																			
									REDI_mating	REDI_mating_plates_3000-3999										3102.0	nan	2077-2080	REDI BC V5 1536	yL284	nan	2077.0	2078.0	2079.0	2080.0																			
									REDI_mating	REDI_mating_plates_3000-3999										3103.0	nan	2081-2084	REDI BC V5 1536	yL275	nan	2081.0	2082.0	2083.0	2084.0																			
									REDI_mating	REDI_mating_plates_3000-3999										3104.0	nan	2085-2088	REDI BC V5 1536	yL275 and yL284	nan	2085.0	2086.0	2087.0	2088.0																			
									REDI_mating	REDI_mating_plates_3000-3999										3105.0	nan	2089-2092	REDI BC V5 1536	yL284	nan	2089.0	2090.0	2091.0	2092.0																			
									REDI_mating	REDI_mating_plates_3000-3999										3106.0	nan	2093-2096	REDI BC V5 1536	yL275 and yL284	nan	2093.0	2094.0	2095.0	2096.0																			
									REDI_mating	REDI_mating_plates_3000-3999										3107.0	nan	2097-2100	REDI BC V5 1536	yL275	nan	2097.0	2098.0	2099.0	2100.0																			
									REDI_mating	REDI_mating_plates_3000-3999										3108.0	nan	2101-2104	REDI BC V5 1536	yL275 and yL284	nan	2101.0	2102.0	2103.0	2104.0																			
									REDI_mating	REDI_mating_plates_3000-3999										3109.0	nan	2105-2108	REDI BC V5 1536	yL284	nan	2105.0	2106.0	2107.0	2108.0																			
									REDI_mating	REDI_mating_plates_3000-3999										3110.0	nan	2109-2112	REDI BC V5 1536	yL275 and yL284	nan	2109.0	2110.0	2111.0	2112.0																			
									REDI_mating	REDI_mating_plates_3000-3999										3111.0	nan	2113-2116	REDI BC V5 1536	yL275	nan	2113.0	2114.0	2115.0	2116.0																			
									REDI_mating	REDI_mating_plates_3000-3999										3112.0	nan	2117-2120	REDI BC V5 1536	yL275 and yL284	nan	2117.0	2118.0	2119.0	2120.0																			
									REDI_mating	REDI_mating_plates_3000-3999										3113.0	nan	2121-2124	REDI BC V5 1536	yL284	nan	2121.0	2122.0	2123.0	2124.0																			
									REDI_mating	REDI_mating_plates_3000-3999										3114.0	nan	MAGESTIC QTL rearray REDI 4056	REDI BC V5 1536	nan	nan	5000.0	5001.0	5002.0	5003.0																			
									REDI_mating	REDI_mating_plates_3000-3999										3115.0	nan	MAGESTIC QTL rearray REDI 4059	REDI BC V5 1536	nan	nan	5004.0	5005.0	5006.0	5007.0																			
									REDI_mating	REDI_mating_plates_3000-3999										3116.0	nan	MAGESTIC QTL rearray REDI 4062	REDI BC V5 1536	nan	nan	5008.0	5009.0	5010.0	5011.0																			
									REDI_mating	REDI_mating_plates_3000-3999										3117.0	nan	MAGESTIC QTL rearray REDI 4065	REDI BC V5 1536	nan	nan	5012.0	5013.0	5014.0	5015.0																			
									REDI_mating	REDI_mating_plates_3000-3999										3118.0	nan	MAGESTIC QTL rearray REDI 4068	REDI BC V5 1536	nan	nan	5016.0	5017.0	5018.0	5019.0																			
									REDI_mating	REDI_mating_plates_3000-3999										3119.0	nan	MAGESTIC QTL rearray REDI 4071	REDI BC V5 1536	nan	nan	5020.0	5021.0	5022.0	5023.0																			
									REDI_mating	REDI_mating_plates_3000-3999										3120.0	nan	MAGESTIC QTL rearray REDI 4074	REDI BC V5 1536	nan	nan	5024.0	5025.0	5026.0	5027.0																			
									REDI_mating	REDI_mating_plates_3000-3999										3121.0	nan	MAGESTIC QTL rearray REDI 4077	REDI BC V5 1536	nan	nan	5028.0	5029.0	5030.0	5031.0																			
									REDI_mating	REDI_mating_plates_3000-3999										3122.0	nan	4083	REDI BC V5 1536	initial stamp (SGTC ROTOR)	nan																							
									REDI_mating	REDI_mating_plates_3000-3999										3123.0	nan	4084	REDI BC V5 1536	initial stamp (SGTC ROTOR)	nan																							
									REDI_mating	REDI_mating_plates_3000-3999										3124.0	nan	4085	REDI BC V5 1536	initial stamp (SGTC ROTOR)	nan																							
									REDI_mating	REDI_mating_plates_3000-3999										3125.0	nan	4086	REDI BC V5 1536	initial stamp (SGTC ROTOR)	nan																							
									REDI_mating	REDI_mating_plates_3000-3999										3126.0	nan	4087	REDI BC V5 1536	initial stamp (SGTC ROTOR)	nan																							
									REDI_mating	REDI_mating_plates_3000-3999										3127.0	nan	4088	REDI BC V5 1536	initial stamp (SGTC ROTOR)	nan																							
									REDI_mating	REDI_mating_plates_3000-3999										3128.0	nan	4089	REDI BC V5 1536	initial stamp (SGTC ROTOR)	nan																							
									REDI_mating	REDI_mating_plates_3000-3999										3129.0	nan	4090	REDI BC V5 1536	initial stamp (SGTC ROTOR)	nan																							
									REDI_mating	REDI_mating_plates_3000-3999										3130.0	nan	4091	REDI BC V5 1536	initial stamp (SGTC ROTOR)	nan																							
									REDI_mating	REDI_mating_plates_3000-3999										3131.0	nan	4083	REDI BC V5 1536	re-stamp from 384 (Levy Lab ROTOR)	nan																							
									REDI_mating	REDI_mating_plates_3000-3999										3132.0	nan	4084	REDI BC V5 1536	re-stamp from 384 (Levy Lab ROTOR)	nan																							
									REDI_mating	REDI_mating_plates_3000-3999										3133.0	nan	4085	REDI BC V5 1536	re-stamp from 384 (Levy Lab ROTOR)	nan																							
									REDI_mating	REDI_mating_plates_3000-3999										3134.0	nan	4086	REDI BC V5 1536	re-stamp from 384 (Levy Lab ROTOR)	nan																							
									REDI_mating	REDI_mating_plates_3000-3999										3135.0	nan	4087	REDI BC V5 1536	re-stamp from 384 (Levy Lab ROTOR)	nan																							
									REDI_mating	REDI_mating_plates_3000-3999										3136.0	nan	4088	REDI BC V5 1536	re-stamp from 384 (Levy Lab ROTOR)	nan																							
									REDI_mating	REDI_mating_plates_3000-3999										3137.0	nan	4089	REDI BC V5 1536	re-stamp from 384 (Levy Lab ROTOR)	nan																							
									REDI_mating	REDI_mating_plates_3000-3999										3138.0	nan	4090	REDI BC V5 1536	re-stamp from 384 (Levy Lab ROTOR)	nan																							
									REDI_mating	REDI_mating_plates_3000-3999										3139.0	nan	4091	REDI BC V5 1536	re-stamp from 384 (Levy Lab ROTOR)	nan																							
									REDI_mating	REDI_mating_plates_3000-3999										3140.0	nan	4470	REDI BC V5 1536	re-stamp from plate 4059	nan																							
									REDI_mating	REDI_mating_plates_3000-3999										3141.0	nan	4471	REDI BC V5 1536	re-stamp from plate 4062	nan																							
									REDI_mating	REDI_mating_plates_3000-3999										3142.0	nan	4472	REDI BC V5 1536	re-stamp from plate 4065	nan																							
									REDI_mating	REDI_mating_plates_3000-3999										3143.0	nan	4473	REDI BC V5 1536	re-stamp from plate 4068	nan																							
									REDI_mating	REDI_mating_plates_3000-3999										3144.0	nan	4474	REDI BC V5 1536	re-stamp from plate 4071	nan																							
									REDI_mating	REDI_mating_plates_3000-3999										3145.0	nan	4475	REDI BC V5 1536	re-stamp from plate 4074	nan																							
									REDI_mating	REDI_mating_plates_3000-3999										3146.0	nan	4476	REDI BC V5 1536	re-stamp from plate 4077	nan																							
									REDI_mating	REDI_mating_plates_3000-3999										3147.0	nan	4477	REDI BC V5 1536	re-stamp from 384 (Levy Lab ROTOR)	nan																							
									REDI_mating	REDI_mating_plates_3000-3999										3148.0	nan	4478	REDI BC V5 1536	re-stamp from 384 (Levy Lab ROTOR)	nan																							
									REDI_mating	REDI_mating_plates_3000-3999										3149.0	nan	4479	REDI BC V5 1536	re-stamp from 384 (Levy Lab ROTOR)	nan																							
									REDI_mating	REDI_mating_plates_3000-3999										3150.0	nan	4480	REDI BC V5 1536	re-stamp from 384 (Levy Lab ROTOR)	nan																							
									REDI_mating	REDI_mating_plates_3000-3999										3151.0	nan	4481	REDI BC V5 1536	re-stamp from 384 (Levy Lab ROTOR)	nan																							
									REDI_mating	REDI_mating_plates_3000-3999										3152.0	nan	4482	REDI BC V5 1536	re-stamp from 384 (Levy Lab ROTOR)	nan																							
									REDI_mating	REDI_mating_plates_3000-3999										3153.0	nan	4483	REDI BC V5 1536	re-stamp from 384 (Levy Lab ROTOR)	nan																							
									REDI_mating	REDI_mating_plates_3000-3999										3154.0	nan	4484	REDI BC V5 1536	re-stamp from 384 (Levy Lab ROTOR)	nan																							
									REDI_mating	REDI_mating_plates_3000-3999										3155.0	nan	2139 (RED) + 2140 (BLUE) + 2141 (YELLOW) + 2142 (GREEN) 	REDI BC V5 1536	yL320 and yL322	nan	2139.0	2140.0	2141.0	2142.0																			
									REDI_mating	REDI_mating_plates_3000-3999										3156.0	nan	2143 (RED) + 2144 (BLUE) + 2145 (YELLOW) + 2146 (GREEN) 	REDI BC V5 1536	yL320 and yL322	nan	2143.0	2144.0	2145.0	2146.0																			
									REDI_mating	REDI_mating_plates_3000-3999										3157.0	nan	2147 (RED) + 2148 (BLUE) + 2149 (YELLOW) + 2150 (GREEN) 	REDI BC V5 1536	yL320 and yL322	nan	2147.0	2148.0	2149.0	2150.0																			
									REDI_mating	REDI_mating_plates_3000-3999										3158.0	nan	2151 (RED) + 2139 (BLUE) + 2140 (YELLOW) + 2141 (GREEN) 	REDI BC V5 1536	yL320 and yL322	nan	2151.0	2139.0	2140.0	2141.0																			
									REDI_mating	REDI_mating_plates_3000-3999										3159.0	nan	4577 = 2139 (RED) + 2139 (BLUE) + 2139 (YELLOW) + 2139 (GREEN)  on YPD+Hyg	4589 = REDI BC V5 1536 plate stamped directly from 384 glycerol stock on YPD+G418	yL320	REDI BC V5 strains	2139.0	2139.0	2139.0	2139.0																			
									REDI_mating	REDI_mating_plates_3000-3999										3160.0	nan	4578 = 2140 (RED) + 2140 (BLUE) + 2140 (YELLOW) + 2140 (GREEN)  on YPD+Hyg	4589 = REDI BC V5 1536 plate stamped directly from 384 glycerol stock on YPD+G418	yL320	REDI BC V5 strains	2140.0	2140.0	2140.0	2140.0																			
									REDI_mating	REDI_mating_plates_3000-3999										3161.0	nan	4579 = 2142 (RED) + 2142 (BLUE) + 2142 (YELLOW) + 2142 (GREEN)  on YPD+Hyg	4589 = REDI BC V5 1536 plate stamped directly from 384 glycerol stock on YPD+G418	yL320	REDI BC V5 strains	2142.0	2142.0	2142.0	2142.0																			
									REDI_mating	REDI_mating_plates_3000-3999										3162.0	nan	4580 = 2143 (RED) + 2143 (BLUE) + 2143 (YELLOW) + 2143 (GREEN)  on YPD+Hyg	4589 = REDI BC V5 1536 plate stamped directly from 384 glycerol stock on YPD+G418	yL320	REDI BC V5 strains	2143.0	2143.0	2143.0	2143.0																			
									REDI_mating	REDI_mating_plates_3000-3999										3163.0	nan	4581 = 2144 (RED) + 2144 (BLUE) + 2144 (YELLOW) + 2144 (GREEN)  on YPD+Hyg	4589 = REDI BC V5 1536 plate stamped directly from 384 glycerol stock on YPD+G418	yL320	REDI BC V5 strains	2144.0	2144.0	2144.0	2144.0																			
									REDI_mating	REDI_mating_plates_3000-3999										3164.0	nan	4582 = 2145 (RED) + 2145 (BLUE) + 2145 (YELLOW) + 2145 (GREEN)  on YPD+Hyg	4589 = REDI BC V5 1536 plate stamped directly from 384 glycerol stock on YPD+G418	yL320	REDI BC V5 strains	2145.0	2145.0	2145.0	2145.0																			
									REDI_mating	REDI_mating_plates_3000-3999										3165.0	nan	4583 = 2146 (RED) + 2146 (BLUE) + 2146 (YELLOW) + 2146 (GREEN)  on YPD+Hyg	4589 = REDI BC V5 1536 plate stamped directly from 384 glycerol stock on YPD+G418	yL322	REDI BC V5 strains	2146.0	2146.0	2146.0	2146.0																			
									REDI_mating	REDI_mating_plates_3000-3999										3166.0	nan	4584 = 2147 (RED) + 2147 (BLUE) + 2147 (YELLOW) + 2147 (GREEN)  on YPD+Hyg	4589 = REDI BC V5 1536 plate stamped directly from 384 glycerol stock on YPD+G418	yL322	REDI BC V5 strains	2147.0	2147.0	2147.0	2147.0																			
									REDI_mating	REDI_mating_plates_3000-3999										3167.0	nan	4585 = 2148 (RED) + 2148 (BLUE) + 2148 (YELLOW) + 2148 (GREEN)  on YPD+Hyg	4589 = REDI BC V5 1536 plate stamped directly from 384 glycerol stock on YPD+G418	yL322	REDI BC V5 strains	2148.0	2148.0	2148.0	2148.0																			
									REDI_mating	REDI_mating_plates_3000-3999										3168.0	nan	4586 = 2149 (RED) + 2149 (BLUE) + 2149 (YELLOW) + 2149 (GREEN)  on YPD+Hyg	4589 = REDI BC V5 1536 plate stamped directly from 384 glycerol stock on YPD+G418	yL322	REDI BC V5 strains	2149.0	2149.0	2149.0	2149.0																			
									REDI_mating	REDI_mating_plates_3000-3999										3169.0	nan	4587 = 2150 (RED) + 2150 (BLUE) + 2150 (YELLOW) + 2150 (GREEN)  on YPD+Hyg	4589 = REDI BC V5 1536 plate stamped directly from 384 glycerol stock on YPD+G418	yL322	REDI BC V5 strains	2150.0	2150.0	2150.0	2150.0																			
									REDI_mating	REDI_mating_plates_3000-3999										3170.0	nan	4588 = 2151 (RED) + 2151 (BLUE) + 2151 (YELLOW) + 2151 (GREEN)  on YPD+Hyg	4589 = REDI BC V5 1536 plate stamped directly from 384 glycerol stock on YPD+G418	yL322	REDI BC V5 strains	2151.0	2151.0	2151.0	2151.0																			
									REDI_mating	REDI_mating_plates_3000-3999										3171.0	nan	4724 = yT100 (RED) + yT100 (BLUE) + yT100 (YELLOW) + yT100 (GREEN)  on YPD+Hyg	4708 = 2240 (RED) + 2240 (BLUE) + 2240 (YELLOW) + 2240 (GREEN)  on SC-Leu+5FOA (pH 5.8)	yT100 RED BLUE GREEN YELLOW collection	yT183 (Leu)																							
									REDI_mating	REDI_mating_plates_3000-3999										3172.0	nan	4724 = yT100 (RED) + yT100 (BLUE) + yT100 (YELLOW) + yT100 (GREEN)  on YPD+Hyg	4709 = 2241 (RED) + 2241 (BLUE) + 2241 (YELLOW) + 2241 (GREEN)  on SC-Leu+5FOA (pH 5.8)	yT100 RED BLUE GREEN YELLOW collection	yT183 (Leu)																							
									REDI_mating	REDI_mating_plates_3000-3999										3173.0	nan	4724 = yT100 (RED) + yT100 (BLUE) + yT100 (YELLOW) + yT100 (GREEN)  on YPD+Hyg	4710 = 2242 (RED) + 2242 (BLUE) + 2242 (YELLOW) + 2242 (GREEN)  on SC-Leu+5FOA (pH 5.8)	yT100 RED BLUE GREEN YELLOW collection	yT183 (Leu)																							
									REDI_mating	REDI_mating_plates_3000-3999										3174.0	nan	4724 = yT100 (RED) + yT100 (BLUE) + yT100 (YELLOW) + yT100 (GREEN)  on YPD+Hyg	4711 = 2243 (RED) + 2243 (BLUE) + 2243 (YELLOW) + 2243 (GREEN)  on SC-Leu+5FOA (pH 5.8)	yT100 RED BLUE GREEN YELLOW collection	yT183 (Leu)																							
									REDI_mating	REDI_mating_plates_3000-3999										3175.0	nan	4725 = yT100 (RED) + yT100 (BLUE) + yT100 (YELLOW) + yT100 (GREEN)  on YPD+Hyg	4712 = 2244 (RED) + 2244 (BLUE) + 2244 (YELLOW) + 2244 (GREEN)  on SC-Leu+5FOA (pH 5.8)	yT100 RED BLUE GREEN YELLOW collection	yT183 (Leu)																							
									REDI_mating	REDI_mating_plates_3000-3999										3176.0	nan	4725 = yT100 (RED) + yT100 (BLUE) + yT100 (YELLOW) + yT100 (GREEN)  on YPD+Hyg	4713 = 2245 (RED) + 2245 (BLUE) + 2245 (YELLOW) + 2245 (GREEN)  on SC-Leu+5FOA (pH 5.8)	yT100 RED BLUE GREEN YELLOW collection	yT183 (Leu)																							
									REDI_mating	REDI_mating_plates_3000-3999										3177.0	nan	4725 = yT100 (RED) + yT100 (BLUE) + yT100 (YELLOW) + yT100 (GREEN)  on YPD+Hyg	4714 = 2246 (RED) + 2246 (BLUE) + 2246 (YELLOW) + 2246 (GREEN)  on SC-Leu+5FOA (pH 5.8)	yT100 RED BLUE GREEN YELLOW collection	yT183 (Leu)																							
									REDI_mating	REDI_mating_plates_3000-3999										3178.0	nan	4725 = yT100 (RED) + yT100 (BLUE) + yT100 (YELLOW) + yT100 (GREEN)  on YPD+Hyg	4715 = 2247 (RED) + 2247 (BLUE) + 2247 (YELLOW) + 2247 (GREEN)  on SC-Leu+5FOA (pH 5.8)	yT100 RED BLUE GREEN YELLOW collection	yT183 (Leu)																							
									REDI_mating	REDI_mating_plates_3000-3999										3179.0	nan	4726 = yT100 (RED) + yT100 (BLUE) + yT100 (YELLOW) + yT100 (GREEN)  on YPD+Hyg	4716 = 2248 (RED) + 2248 (BLUE) + 2248 (YELLOW) + 2248 (GREEN)  on SC-His+5FOA (pH 5.8)	yT100 RED BLUE GREEN YELLOW collection	yT182 (His)																							
									REDI_mating	REDI_mating_plates_3000-3999										3180.0	nan	4726 = yT100 (RED) + yT100 (BLUE) + yT100 (YELLOW) + yT100 (GREEN)  on YPD+Hyg	4717 = 2249 (RED) + 2249 (BLUE) + 2249 (YELLOW) + 2249 (GREEN)  on SC-His+5FOA (pH 5.8)	yT100 RED BLUE GREEN YELLOW collection	yT182 (His)																							
									REDI_mating	REDI_mating_plates_3000-3999										3181.0	nan	4726 = yT100 (RED) + yT100 (BLUE) + yT100 (YELLOW) + yT100 (GREEN)  on YPD+Hyg	4718 = 2250 (RED) + 2250 (BLUE) + 2250 (YELLOW) + 2250 (GREEN)  on SC-His+5FOA (pH 5.8)	yT100 RED BLUE GREEN YELLOW collection	yT182 (His)																							
									REDI_mating	REDI_mating_plates_3000-3999										3182.0	nan	4726 = yT100 (RED) + yT100 (BLUE) + yT100 (YELLOW) + yT100 (GREEN)  on YPD+Hyg	4719 = 2251 (RED) + 2251 (BLUE) + 2251 (YELLOW) + 2251 (GREEN)  on SC-His+5FOA (pH 5.8)	yT100 RED BLUE GREEN YELLOW collection	yT182 (His)																							
									REDI_mating	REDI_mating_plates_3000-3999										3183.0	nan	4727 = yT100 (RED) + yT100 (BLUE) + yT100 (YELLOW) + yT100 (GREEN)  on YPD+Hyg	4720 = 2252 (RED) + 2252 (BLUE) + 2252 (YELLOW) + 2252 (GREEN)  on SC-His+5FOA (pH 5.8)	yT100 RED BLUE GREEN YELLOW collection	yT182 (His)																							
									REDI_mating	REDI_mating_plates_3000-3999										3184.0	nan	4727 = yT100 (RED) + yT100 (BLUE) + yT100 (YELLOW) + yT100 (GREEN)  on YPD+Hyg	4721 = 2253 (RED) + 2253 (BLUE) + 2253 (YELLOW) + 2253 (GREEN)  on SC-His+5FOA (pH 5.8)	yT100 RED BLUE GREEN YELLOW collection	yT182 (His)																							
									REDI_mating	REDI_mating_plates_3000-3999										3185.0	nan	4727 = yT100 (RED) + yT100 (BLUE) + yT100 (YELLOW) + yT100 (GREEN)  on YPD+Hyg	4722 = 2254 (RED) + 2254 (BLUE) + 2254 (YELLOW) + 2254 (GREEN)  on SC-His+5FOA (pH 5.8)	yT100 RED BLUE GREEN YELLOW collection	yT182 (His)																							
									REDI_mating	REDI_mating_plates_3000-3999										3186.0	nan	4727 = yT100 (RED) + yT100 (BLUE) + yT100 (YELLOW) + yT100 (GREEN)  on YPD+Hyg	4723 = 2255 (RED) + 2255 (BLUE) + 2255 (YELLOW) + 2255 (GREEN)  on SC-His+5FOA (pH 5.8)	yT100 RED BLUE GREEN YELLOW collection	yT182 (His)																							
									REDI_mating	REDI_mating_plates_3000-3999										3187.0	nan	4728 = yT100 (RED) + yT100 (BLUE) + yT100 (YELLOW) + yT100 (GREEN)  on YPD+Hyg	4708 = 2240 (RED) + 2240 (BLUE) + 2240 (YELLOW) + 2240 (GREEN)  on SC-Leu+5FOA (pH 5.8)	yT100 RED BLUE GREEN YELLOW collection	yT183 (Leu)																							
									REDI_mating	REDI_mating_plates_3000-3999										3188.0	nan	4728 = yT100 (RED) + yT100 (BLUE) + yT100 (YELLOW) + yT100 (GREEN)  on YPD+Hyg	4709 = 2241 (RED) + 2241 (BLUE) + 2241 (YELLOW) + 2241 (GREEN)  on SC-Leu+5FOA (pH 5.8)	yT100 RED BLUE GREEN YELLOW collection	yT183 (Leu)																							
									REDI_mating	REDI_mating_plates_3000-3999										3189.0	nan	4728 = yT100 (RED) + yT100 (BLUE) + yT100 (YELLOW) + yT100 (GREEN)  on YPD+Hyg	4710 = 2242 (RED) + 2242 (BLUE) + 2242 (YELLOW) + 2242 (GREEN)  on SC-Leu+5FOA (pH 5.8)	yT100 RED BLUE GREEN YELLOW collection	yT183 (Leu)																							
									REDI_mating	REDI_mating_plates_3000-3999										3190.0	nan	4728 = yT100 (RED) + yT100 (BLUE) + yT100 (YELLOW) + yT100 (GREEN)  on YPD+Hyg	4711 = 2243 (RED) + 2243 (BLUE) + 2243 (YELLOW) + 2243 (GREEN)  on SC-Leu+5FOA (pH 5.8)	yT100 RED BLUE GREEN YELLOW collection	yT183 (Leu)																							
									REDI_mating	REDI_mating_plates_3000-3999										3191.0	nan	4729 = yT100 (RED) + yT100 (BLUE) + yT100 (YELLOW) + yT100 (GREEN)  on YPD+Hyg	4712 = 2244 (RED) + 2244 (BLUE) + 2244 (YELLOW) + 2244 (GREEN)  on SC-Leu+5FOA (pH 5.8)	yT100 RED BLUE GREEN YELLOW collection	yT183 (Leu)																							
									REDI_mating	REDI_mating_plates_3000-3999										3192.0	nan	4729 = yT100 (RED) + yT100 (BLUE) + yT100 (YELLOW) + yT100 (GREEN)  on YPD+Hyg	4713 = 2245 (RED) + 2245 (BLUE) + 2245 (YELLOW) + 2245 (GREEN)  on SC-Leu+5FOA (pH 5.8)	yT100 RED BLUE GREEN YELLOW collection	yT183 (Leu)																							
									REDI_mating	REDI_mating_plates_3000-3999										3193.0	nan	4729 = yT100 (RED) + yT100 (BLUE) + yT100 (YELLOW) + yT100 (GREEN)  on YPD+Hyg	4714 = 2246 (RED) + 2246 (BLUE) + 2246 (YELLOW) + 2246 (GREEN)  on SC-Leu+5FOA (pH 5.8)	yT100 RED BLUE GREEN YELLOW collection	yT183 (Leu)																							
									REDI_mating	REDI_mating_plates_3000-3999										3194.0	nan	4729 = yT100 (RED) + yT100 (BLUE) + yT100 (YELLOW) + yT100 (GREEN)  on YPD+Hyg	4715 = 2247 (RED) + 2247 (BLUE) + 2247 (YELLOW) + 2247 (GREEN)  on SC-Leu+5FOA (pH 5.8)	yT100 RED BLUE GREEN YELLOW collection	yT183 (Leu)																							
									REDI_mating	REDI_mating_plates_3000-3999										3195.0	nan	4730 = yT100 (RED) + yT100 (BLUE) + yT100 (YELLOW) + yT100 (GREEN)  on YPD+Hyg	4716 = 2248 (RED) + 2248 (BLUE) + 2248 (YELLOW) + 2248 (GREEN)  on SC-His+5FOA (pH 5.8)	yT100 RED BLUE GREEN YELLOW collection	yT182 (His)																							
									REDI_mating	REDI_mating_plates_3000-3999										3196.0	nan	4730 = yT100 (RED) + yT100 (BLUE) + yT100 (YELLOW) + yT100 (GREEN)  on YPD+Hyg	4717 = 2249 (RED) + 2249 (BLUE) + 2249 (YELLOW) + 2249 (GREEN)  on SC-His+5FOA (pH 5.8)	yT100 RED BLUE GREEN YELLOW collection	yT182 (His)																							
									REDI_mating	REDI_mating_plates_3000-3999										3197.0	nan	4730 = yT100 (RED) + yT100 (BLUE) + yT100 (YELLOW) + yT100 (GREEN)  on YPD+Hyg	4718 = 2250 (RED) + 2250 (BLUE) + 2250 (YELLOW) + 2250 (GREEN)  on SC-His+5FOA (pH 5.8)	yT100 RED BLUE GREEN YELLOW collection	yT182 (His)																							
									REDI_mating	REDI_mating_plates_3000-3999										3198.0	nan	4730 = yT100 (RED) + yT100 (BLUE) + yT100 (YELLOW) + yT100 (GREEN)  on YPD+Hyg	4719 = 2251 (RED) + 2251 (BLUE) + 2251 (YELLOW) + 2251 (GREEN)  on SC-His+5FOA (pH 5.8)	yT100 RED BLUE GREEN YELLOW collection	yT182 (His)																							
									REDI_mating	REDI_mating_plates_3000-3999										3199.0	nan	4731 = yT100 (RED) + yT100 (BLUE) + yT100 (YELLOW) + yT100 (GREEN)  on YPD+Hyg	4720 = 2252 (RED) + 2252 (BLUE) + 2252 (YELLOW) + 2252 (GREEN)  on SC-His+5FOA (pH 5.8)	yT100 RED BLUE GREEN YELLOW collection	yT182 (His)																							
									REDI_mating	REDI_mating_plates_3000-3999										3200.0	nan	4731 = yT100 (RED) + yT100 (BLUE) + yT100 (YELLOW) + yT100 (GREEN)  on YPD+Hyg	4721 = 2253 (RED) + 2253 (BLUE) + 2253 (YELLOW) + 2253 (GREEN)  on SC-His+5FOA (pH 5.8)	yT100 RED BLUE GREEN YELLOW collection	yT182 (His)																							
									REDI_mating	REDI_mating_plates_3000-3999										3201.0	nan	4731 = yT100 (RED) + yT100 (BLUE) + yT100 (YELLOW) + yT100 (GREEN)  on YPD+Hyg	4722 = 2254 (RED) + 2254 (BLUE) + 2254 (YELLOW) + 2254 (GREEN)  on SC-His+5FOA (pH 5.8)	yT100 RED BLUE GREEN YELLOW collection	yT182 (His)																							
									REDI_mating	REDI_mating_plates_3000-3999										3202.0	nan	4731 = yT100 (RED) + yT100 (BLUE) + yT100 (YELLOW) + yT100 (GREEN)  on YPD+Hyg	4723 = 2255 (RED) + 2255 (BLUE) + 2255 (YELLOW) + 2255 (GREEN)  on SC-His+5FOA (pH 5.8)	yT100 RED BLUE GREEN YELLOW collection	yT182 (His)																							
									REDI_mating	REDI_mating_plates_3000-3999										3203.0	nan	4732 = 2256 (RED) + 2256 (BLUE) + 2256 (YELLOW) + 2256 (GREEN)  on YPD+Hyg	4740 = REDI BC V5 1536 format on YPD+G418	yT100 20230324_trafo_1 and trafo 4 array plates	REDI BC V5 strains																							
									REDI_mating	REDI_mating_plates_3000-3999										3204.0	nan	4733 = 2257 (RED) + 2257 (BLUE) + 2257 (YELLOW) + 2257 (GREEN)  on YPD+Hyg	4740 = REDI BC V5 1536 format on YPD+G418	yT100 20230324_trafo_1 and trafo 4 array plates	REDI BC V5 strains																							
									REDI_mating	REDI_mating_plates_3000-3999										3205.0	nan	4734 = 2258 (RED) + 2258 (BLUE) + 2258 (YELLOW) + 2258 (GREEN)  on YPD+Hyg	4740 = REDI BC V5 1536 format on YPD+G418	yT100 20230324_trafo_1 and trafo 4 array plates	REDI BC V5 strains																							
									REDI_mating	REDI_mating_plates_3000-3999										3206.0	nan	4735 = 2259 (RED) + 2259 (BLUE) + 2259 (YELLOW) + 2259 (GREEN)  on YPD+Hyg	4740 = REDI BC V5 1536 format on YPD+G418	yT100 20230324_trafo_1 and trafo 4 array plates	REDI BC V5 strains																							
									REDI_mating	REDI_mating_plates_3000-3999										3207.0	nan	4736 = 2260 (RED) + 2260 (BLUE) + 2260 (YELLOW) + 2260 (GREEN)  on YPD+Hyg	4741 = REDI BC V5 1536 format on YPD+G418	yT100 20230324_trafo_1 and trafo 4 array plates	REDI BC V5 strains																							
									REDI_mating	REDI_mating_plates_3000-3999										3208.0	nan	4737 = 2261 (RED) + 2261 (BLUE) + 2261 (YELLOW) + 2261 (GREEN)  on YPD+Hyg	4741 = REDI BC V5 1536 format on YPD+G418	yT100 20230324_trafo_1 and trafo 4 array plates	REDI BC V5 strains																							
									REDI_mating	REDI_mating_plates_3000-3999										3209.0	nan	4738 = 2262 (RED) + 2262 (BLUE) + 2262 (YELLOW) + 2262 (GREEN)  on YPD+Hyg	4741 = REDI BC V5 1536 format on YPD+G418	yT100 20230324_trafo_1 and trafo 4 array plates	REDI BC V5 strains																							
									REDI_mating	REDI_mating_plates_3000-3999										3210.0	nan	4739 = 2263 (RED) + 2263 (BLUE) + 2263 (YELLOW) + 2263 (GREEN)  on YPD+Hyg	4741 = REDI BC V5 1536 format on YPD+G418	yT100 20230324_trafo_1 and trafo 4 array plates	REDI BC V5 strains																							
									REDI_mating	REDI_mating_plates_3000-3999						2023-04-21 00:00:00				3211.0	SGal + His + Leu + Ura (pH 5.8)	4766	4742	yT100 RED BLUE GREEN YELLOW collection	yT184 (KlURA3 with artificial bc1-lox71-bc2 intron + hphMX)																							
									REDI_mating	REDI_mating_plates_3000-3999						2023-04-21 00:00:00				3212.0	SGal + His + Leu + Ura (pH 5.8)	4766	4743	yT100 RED BLUE GREEN YELLOW collection	yT184 (KlURA3 with artificial bc1-lox71-bc2 intron + hphMX)																							
									REDI_mating	REDI_mating_plates_3000-3999						2023-04-21 00:00:00				3213.0	SGal + His + Leu + Ura (pH 5.8)	4766	4744	yT100 RED BLUE GREEN YELLOW collection	yT184 (KlURA3 with artificial bc1-lox71-bc2 intron + hphMX)																							
									REDI_mating	REDI_mating_plates_3000-3999						2023-04-21 00:00:00				3214.0	SGal + His + Leu + Ura (pH 5.8)	4766	4745	yT100 RED BLUE GREEN YELLOW collection	yT184 (KlURA3 with artificial bc1-lox71-bc2 intron + hphMX)																							
									REDI_mating	REDI_mating_plates_3000-3999						2023-04-21 00:00:00				3215.0	SGal + His + Leu + Ura (pH 5.8)	4767	4746	yT100 RED BLUE GREEN YELLOW collection	yT184 (KlURA3 with artificial bc1-lox71-bc2 intron + hphMX)																							
									REDI_mating	REDI_mating_plates_3000-3999						2023-04-21 00:00:00				3216.0	SGal + His + Leu + Ura (pH 5.8)	4767	4747	yT100 RED BLUE GREEN YELLOW collection	yT184 (KlURA3 with artificial bc1-lox71-bc2 intron + hphMX)																							
									REDI_mating	REDI_mating_plates_3000-3999						2023-04-21 00:00:00				3217.0	SGal + His + Leu + Ura (pH 5.8)	4767	4748	yT100 RED BLUE GREEN YELLOW collection	yT184 (KlURA3 with artificial bc1-lox71-bc2 intron + hphMX)																							
									REDI_mating	REDI_mating_plates_3000-3999						2023-04-21 00:00:00				3218.0	SGal + His + Leu + Ura (pH 5.8)	4767	4749	yT100 RED BLUE GREEN YELLOW collection	yT184 (KlURA3 with artificial bc1-lox71-bc2 intron + hphMX)																							
									REDI_mating	REDI_mating_plates_3000-3999						2023-04-21 00:00:00				3219.0	SGal + His + Leu + Ura (pH 5.8)	4768	4750	yT100 RED BLUE GREEN YELLOW collection	yT184 (KlURA3 with artificial bc1-lox71-bc2 intron + hphMX)																							
									REDI_mating	REDI_mating_plates_3000-3999						2023-04-21 00:00:00				3220.0	SGal + His + Leu + Ura (pH 5.8)	4768	4751	yT100 RED BLUE GREEN YELLOW collection	yT184 (KlURA3 with artificial bc1-lox71-bc2 intron + hphMX)																							
									REDI_mating	REDI_mating_plates_3000-3999						2023-04-21 00:00:00				3221.0	SGal + His + Leu + Ura (pH 5.8)	4768	4752	yT100 RED BLUE GREEN YELLOW collection	yT184 (KlURA3 with artificial bc1-lox71-bc2 intron + hphMX)																							
									REDI_mating	REDI_mating_plates_3000-3999						2023-04-21 00:00:00				3222.0	SGal + His + Leu + Ura (pH 5.8)	4768	4753	yT100 RED BLUE GREEN YELLOW collection	yT184 (KlURA3 with artificial bc1-lox71-bc2 intron + hphMX)																							
									REDI_mating	REDI_mating_plates_3000-3999						2023-04-21 00:00:00				3223.0	SGal + His + Leu + Ura (pH 5.8)	4769	4754	yT100 RED BLUE GREEN YELLOW collection	yT185 (KlURA3 with artificial bc1-lox71-bc2 intron + kanMX)																							
									REDI_mating	REDI_mating_plates_3000-3999						2023-04-21 00:00:00				3224.0	SGal + His + Leu + Ura (pH 5.8)	4769	4755	yT100 RED BLUE GREEN YELLOW collection	yT185 (KlURA3 with artificial bc1-lox71-bc2 intron + kanMX)																							
									REDI_mating	REDI_mating_plates_3000-3999						2023-04-13 00:00:00				3225.0	SGal + His + Leu + Ura (pH 5.8)	4769	4756	yT100 RED BLUE GREEN YELLOW collection	yT185 (KlURA3 with artificial bc1-lox71-bc2 intron + kanMX)																							
									REDI_mating	REDI_mating_plates_3000-3999						2023-04-13 00:00:00				3226.0	SGal + His + Leu + Ura (pH 5.8)	4769	4757	yT100 RED BLUE GREEN YELLOW collection	yT185 (KlURA3 with artificial bc1-lox71-bc2 intron + kanMX)																							
									REDI_mating	REDI_mating_plates_3000-3999						2023-04-13 00:00:00				3227.0	SGal + His + Leu + Ura (pH 5.8)	4770	4758	yT100 RED BLUE GREEN YELLOW collection	yT185 (KlURA3 with artificial bc1-lox71-bc2 intron + kanMX)																							
									REDI_mating	REDI_mating_plates_3000-3999						2023-04-13 00:00:00				3228.0	SGal + His + Leu + Ura (pH 5.8)	4770	4759	yT100 RED BLUE GREEN YELLOW collection	yT185 (KlURA3 with artificial bc1-lox71-bc2 intron + kanMX)																							
									REDI_mating	REDI_mating_plates_3000-3999						2023-03-24 00:00:00				3229.0	SGal + His + Leu + Ura (pH 5.8)	4770	4760	yT100 RED BLUE GREEN YELLOW collection	yT185 (KlURA3 with artificial bc1-lox71-bc2 intron + kanMX)																							
									REDI_mating	REDI_mating_plates_3000-3999						2023-03-24 00:00:00				3230.0	SGal + His + Leu + Ura (pH 5.8)	4770	4761	yT100 RED BLUE GREEN YELLOW collection	yT185 (KlURA3 with artificial bc1-lox71-bc2 intron + kanMX)																							
									REDI_mating	REDI_mating_plates_3000-3999						2023-03-24 00:00:00				3231.0	SGal + His + Leu + Ura (pH 5.8)	4771	4762	yT100 RED BLUE GREEN YELLOW collection	yT185 (KlURA3 with artificial bc1-lox71-bc2 intron + kanMX)																							
									REDI_mating	REDI_mating_plates_3000-3999						2023-03-24 00:00:00				3232.0	SGal + His + Leu + Ura (pH 5.8)	4771	4763	yT100 RED BLUE GREEN YELLOW collection	yT185 (KlURA3 with artificial bc1-lox71-bc2 intron + kanMX)																							
									REDI_mating	REDI_mating_plates_3000-3999						2023-04-28 00:00:00				3233.0	SGal + His + Leu + Ura (pH 5.8)	4771	4764	yT100 RED BLUE GREEN YELLOW collection	yT185 (KlURA3 with artificial bc1-lox71-bc2 intron + kanMX)																							
									REDI_mating	REDI_mating_plates_3000-3999						2023-04-28 00:00:00				3234.0	SGal + His + Leu + Ura (pH 5.8)	4771	4765	yT100 RED BLUE GREEN YELLOW collection	yT185 (KlURA3 with artificial bc1-lox71-bc2 intron + kanMX)																							
									REDI_mating	REDI_mating_plates_3000-3999										3235.0	SGal + His + Leu + Ura (pH 5.8)	4766	4742	yT100 RED BLUE GREEN YELLOW collection	yT184 (KlURA3 with artificial bc1-lox71-bc2 intron + hphMX)																							
									REDI_mating	REDI_mating_plates_3000-3999										3236.0	SGal + His + Leu + Ura (pH 5.8)	4766	4743	yT100 RED BLUE GREEN YELLOW collection	yT184 (KlURA3 with artificial bc1-lox71-bc2 intron + hphMX)																							
									REDI_mating	REDI_mating_plates_3000-3999										3237.0	SGal + His + Leu + Ura (pH 5.8)	4766	4744	yT100 RED BLUE GREEN YELLOW collection	yT184 (KlURA3 with artificial bc1-lox71-bc2 intron + hphMX)																							
									REDI_mating	REDI_mating_plates_3000-3999										3238.0	SGal + His + Leu + Ura (pH 5.8)	4766	4745	yT100 RED BLUE GREEN YELLOW collection	yT184 (KlURA3 with artificial bc1-lox71-bc2 intron + hphMX)																							
									REDI_mating	REDI_mating_plates_3000-3999										3239.0	SGal + His + Leu + Ura (pH 5.8)	4767	4746	yT100 RED BLUE GREEN YELLOW collection	yT184 (KlURA3 with artificial bc1-lox71-bc2 intron + hphMX)																							
									REDI_mating	REDI_mating_plates_3000-3999										3240.0	SGal + His + Leu + Ura (pH 5.8)	4767	4747	yT100 RED BLUE GREEN YELLOW collection	yT184 (KlURA3 with artificial bc1-lox71-bc2 intron + hphMX)																							
									REDI_mating	REDI_mating_plates_3000-3999										3241.0	SGal + His + Leu + Ura (pH 5.8)	4767	4748	yT100 RED BLUE GREEN YELLOW collection	yT184 (KlURA3 with artificial bc1-lox71-bc2 intron + hphMX)																							
									REDI_mating	REDI_mating_plates_3000-3999										3242.0	SGal + His + Leu + Ura (pH 5.8)	4767	4749	yT100 RED BLUE GREEN YELLOW collection	yT184 (KlURA3 with artificial bc1-lox71-bc2 intron + hphMX)																							
									REDI_mating	REDI_mating_plates_3000-3999										3243.0	SGal + His + Leu + Ura (pH 5.8)	4768	4750	yT100 RED BLUE GREEN YELLOW collection	yT184 (KlURA3 with artificial bc1-lox71-bc2 intron + hphMX)																							
									REDI_mating	REDI_mating_plates_3000-3999										3244.0	SGal + His + Leu + Ura (pH 5.8)	4768	4751	yT100 RED BLUE GREEN YELLOW collection	yT184 (KlURA3 with artificial bc1-lox71-bc2 intron + hphMX)																							
									REDI_mating	REDI_mating_plates_3000-3999										3245.0	SGal + His + Leu + Ura (pH 5.8)	4768	4752	yT100 RED BLUE GREEN YELLOW collection	yT184 (KlURA3 with artificial bc1-lox71-bc2 intron + hphMX)																							
									REDI_mating	REDI_mating_plates_3000-3999										3246.0	SGal + His + Leu + Ura (pH 5.8)	4768	4753	yT100 RED BLUE GREEN YELLOW collection	yT184 (KlURA3 with artificial bc1-lox71-bc2 intron + hphMX)																							
									REDI_mating	REDI_mating_plates_3000-3999										3247.0	SGal + His + Leu + Ura (pH 5.8)	4769	4754	yT100 RED BLUE GREEN YELLOW collection	yT185 (KlURA3 with artificial bc1-lox71-bc2 intron + kanMX)																							
									REDI_mating	REDI_mating_plates_3000-3999										3248.0	SGal + His + Leu + Ura (pH 5.8)	4769	4755	yT100 RED BLUE GREEN YELLOW collection	yT185 (KlURA3 with artificial bc1-lox71-bc2 intron + kanMX)																							
									REDI_mating	REDI_mating_plates_3000-3999										3249.0	SGal + His + Leu + Ura (pH 5.8)	4769	4756	yT100 RED BLUE GREEN YELLOW collection	yT185 (KlURA3 with artificial bc1-lox71-bc2 intron + kanMX)																							
									REDI_mating	REDI_mating_plates_3000-3999										3250.0	SGal + His + Leu + Ura (pH 5.8)	4769	4757	yT100 RED BLUE GREEN YELLOW collection	yT185 (KlURA3 with artificial bc1-lox71-bc2 intron + kanMX)																							
									REDI_mating	REDI_mating_plates_3000-3999										3251.0	SGal + His + Leu + Ura (pH 5.8)	4770	4758	yT100 RED BLUE GREEN YELLOW collection	yT185 (KlURA3 with artificial bc1-lox71-bc2 intron + kanMX)																							
									REDI_mating	REDI_mating_plates_3000-3999										3252.0	SGal + His + Leu + Ura (pH 5.8)	4770	4759	yT100 RED BLUE GREEN YELLOW collection	yT185 (KlURA3 with artificial bc1-lox71-bc2 intron + kanMX)																							
									REDI_mating	REDI_mating_plates_3000-3999										3253.0	SGal + His + Leu + Ura (pH 5.8)	4770	4760	yT100 RED BLUE GREEN YELLOW collection	yT185 (KlURA3 with artificial bc1-lox71-bc2 intron + kanMX)																							
									REDI_mating	REDI_mating_plates_3000-3999										3254.0	SGal + His + Leu + Ura (pH 5.8)	4770	4761	yT100 RED BLUE GREEN YELLOW collection	yT185 (KlURA3 with artificial bc1-lox71-bc2 intron + kanMX)																							
									REDI_mating	REDI_mating_plates_3000-3999										3255.0	SGal + His + Leu + Ura (pH 5.8)	4771	4762	yT100 RED BLUE GREEN YELLOW collection	yT185 (KlURA3 with artificial bc1-lox71-bc2 intron + kanMX)																							
									REDI_mating	REDI_mating_plates_3000-3999										3256.0	SGal + His + Leu + Ura (pH 5.8)	4771	4763	yT100 RED BLUE GREEN YELLOW collection	yT185 (KlURA3 with artificial bc1-lox71-bc2 intron + kanMX)																							
									REDI_mating	REDI_mating_plates_3000-3999										3257.0	SGal + His + Leu + Ura (pH 5.8)	4771	4764	yT100 RED BLUE GREEN YELLOW collection	yT185 (KlURA3 with artificial bc1-lox71-bc2 intron + kanMX)																							
									REDI_mating	REDI_mating_plates_3000-3999										3258.0	SGal + His + Leu + Ura (pH 5.8)	4771	4765	yT100 RED BLUE GREEN YELLOW collection	yT185 (KlURA3 with artificial bc1-lox71-bc2 intron + kanMX)																							
									REDI_mating	REDI_mating_plates_3000-3999						2023-05-03 00:00:00				3259.0	SGal + His + Leu + Ura (pH 5.8)	4794	4799	4794 = 20200318 yT100 MATalpha REDI BC 384 RED, (restocked on 20230411 in YPD+Hyg+15% glycerol) 1536 4:1 single source	4799 = 20230515_yT182_yT183_bc1_lox71_bc2_MATa_REDI_full_collection 1536 RBGY																							
									REDI_mating	REDI_mating_plates_3000-3999						2023-05-03 00:00:00				3260.0	SGal + His + Leu + Ura (pH 5.8)	4795	4799	4795 = 20200318 yT100 MATalpha REDI BC 384 BLUE, (restocked on 20230411 in YPD+Hyg+15% glycerol) 1536 4:1 single source	4799 = 20230515_yT182_yT183_bc1_lox71_bc2_MATa_REDI_full_collection 1536 RBGY																							
									REDI_mating	REDI_mating_plates_3000-3999						2023-05-03 00:00:00				3261.0	SGal + His + Leu + Ura (pH 5.8)	4796	4799	4796 = 20200318 yT100 MATalpha REDI BC 384 YELLOW, (restocked on 20230411 in YPD+Hyg+15% glycerol) 1536 4:1 single source	4799 = 20230515_yT182_yT183_bc1_lox71_bc2_MATa_REDI_full_collection 1536 RBGY																							
									REDI_mating	REDI_mating_plates_3000-3999						2023-05-03 00:00:00				3262.0	SGal + His + Leu + Ura (pH 5.8)	4797	4799	4797 = 20200318 yT100 MATalpha REDI BC 384 GREEN, (restocked on 20230411 in YPD+Hyg+15% glycerol) 1536 4:1 single source	4799 = 20230515_yT182_yT183_bc1_lox71_bc2_MATa_REDI_full_collection 1536 RBGY																							
									REDI_mating	REDI_mating_plates_3000-3999						2023-05-03 00:00:00				3263.0	SGal + His + Leu + Ura (pH 5.8)	4792	4788	4792 = 20200318 yT100 MATalpha REDI BC 1536 RBYG (restocked on 20230411 in YPD+Hyg+15% glycerol)	4788 = 20230515_yT182_yT183_bc1_lox71_bc2_MATa_REDI_full_collection_RED 1536 4:1 single source																							
									REDI_mating	REDI_mating_plates_3000-3999						2023-05-03 00:00:00				3264.0	SGal + His + Leu + Ura (pH 5.8)	4792	4789	4792 = 20200318 yT100 MATalpha REDI BC 1536 RBYG (restocked on 20230411 in YPD+Hyg+15% glycerol)	4789 = 20230515_yT182_yT183_bc1_lox71_bc2_MATa_REDI_full_collection_BLUE 4:1 single source																							
									REDI_mating	REDI_mating_plates_3000-3999						2023-05-03 00:00:00				3265.0	SGal + His + Leu + Ura (pH 5.8)	4792	4790	4792 = 20200318 yT100 MATalpha REDI BC 1536 RBYG (restocked on 20230411 in YPD+Hyg+15% glycerol)	4790 = 20230515_yT182_yT183_bc1_lox71_bc2_MATa_REDI_full_collection_YELLOW 4:1 single source																							
									REDI_mating	REDI_mating_plates_3000-3999						2023-05-03 00:00:00				3266.0	SGal + His + Leu + Ura (pH 5.8)	4792	4791	4792 = 20200318 yT100 MATalpha REDI BC 1536 RBYG (restocked on 20230411 in YPD+Hyg+15% glycerol)	4791 = 20230515_yT182_yT183_bc1_lox71_bc2_MATa_REDI_full_collection_GREEN 4:1 single source																							
									REDI_mating	REDI_mating_plates_3000-3999						2023-05-03 00:00:00				3267.0	SGal + His + Leu + Ura (pH 5.8)	4794	4827	4794 = 20200318 yT100 MATalpha REDI BC 384 RED, (restocked on 20230411 in YPD+Hyg+15% glycerol) 1536 4:1 single source	4827 = 20230517_yT182_yT183_bc1_lox71_bc2_MATa_REDI_RBGY_collection 1536 RBGY																							
									REDI_mating	REDI_mating_plates_3000-3999						2023-05-03 00:00:00				3268.0	SGal + His + Leu + Ura (pH 5.8)	4795	4827	4795 = 20200318 yT100 MATalpha REDI BC 384 BLUE, (restocked on 20230411 in YPD+Hyg+15% glycerol) 1536 4:1 single source	4827 = 20230517_yT182_yT183_bc1_lox71_bc2_MATa_REDI_RBGY_collection 1536 RBGY																							
									REDI_mating	REDI_mating_plates_3000-3999						2023-05-03 00:00:00				3269.0	SGal + His + Leu + Ura (pH 5.8)	4796	4827	4796 = 20200318 yT100 MATalpha REDI BC 384 YELLOW, (restocked on 20230411 in YPD+Hyg+15% glycerol) 1536 4:1 single source	4827 = 20230517_yT182_yT183_bc1_lox71_bc2_MATa_REDI_RBGY_collection 1536 RBGY																							
									REDI_mating	REDI_mating_plates_3000-3999						2023-05-03 00:00:00				3270.0	SGal + His + Leu + Ura (pH 5.8)	4797	4827	4797 = 20200318 yT100 MATalpha REDI BC 384 GREEN, (restocked on 20230411 in YPD+Hyg+15% glycerol) 1536 4:1 single source	4827 = 20230517_yT182_yT183_bc1_lox71_bc2_MATa_REDI_RBGY_collection 1536 RBGY																							
									REDI_mating	REDI_mating_plates_3000-3999						2023-05-03 00:00:00				3271.0	SGal + His + Leu + Ura (pH 5.8)	4792	4823	4792 = 20200318 yT100 MATalpha REDI BC 1536 RBYG (restocked on 20230411 in YPD+Hyg+15% glycerol)	4823 = 20230517_yT182_yT183_bc1_lox71_bc2_MATa_REDI_R_collection_RED 1536 4:1 single source																							
									REDI_mating	REDI_mating_plates_3000-3999						2023-05-03 00:00:00				3272.0	SGal + His + Leu + Ura (pH 5.8)	4792	4824	4792 = 20200318 yT100 MATalpha REDI BC 1536 RBYG (restocked on 20230411 in YPD+Hyg+15% glycerol)	4824 = 20230517_yT182_yT183_bc1_lox71_bc2_MATa_REDI_B_collection_BLUE 1536 4:1 single source																							
									REDI_mating	REDI_mating_plates_3000-3999						2023-05-03 00:00:00				3273.0	SGal + His + Leu + Ura (pH 5.8)	4792	4825	4792 = 20200318 yT100 MATalpha REDI BC 1536 RBYG (restocked on 20230411 in YPD+Hyg+15% glycerol)	4825 = 20230517_yT182_yT183_bc1_lox71_bc2_MATa_REDI_Y_collection_YELLOW 1536 4:1 single source																							
									REDI_mating	REDI_mating_plates_3000-3999						2023-05-03 00:00:00				3274.0	SGal + His + Leu + Ura (pH 5.8)	4792	4826	4792 = 20200318 yT100 MATalpha REDI BC 1536 RBYG (restocked on 20230411 in YPD+Hyg+15% glycerol)	4826 = 20230517_yT182_yT183_bc1_lox71_bc2_MATa_REDI_G_collection_GREEN 1536 4:1 single source																							
									REDI_mating	REDI_mating_plates_3000-3999										3275.0	SGal + His + Leu + Ura (pH 5.8)	4690	4799	2169 (RED) + 2170 (BLUE) + 2171 (YELLOW) + 2172 (GREEN)	4799 = 20230515_yT182_yT183_bc1_lox71_bc2_MATa_REDI_full_collection 1536 RBGY																							
									REDI_mating	REDI_mating_plates_3000-3999										3276.0	SGal + His + Leu + Ura (pH 5.8)	4691	4799	2173 (RED) + 2174 (BLUE) + 2175 (YELLOW) + 2176 (GREEN)	4799 = 20230515_yT182_yT183_bc1_lox71_bc2_MATa_REDI_full_collection 1536 RBGY																							
									REDI_mating	REDI_mating_plates_3000-3999										3277.0	SGal + His + Leu + Ura (pH 5.8)	4692	4799	2177 (RED) + 2178 (BLUE) + 2179 (YELLOW) + 2180 (GREEN)	4799 = 20230515_yT182_yT183_bc1_lox71_bc2_MATa_REDI_full_collection 1536 RBGY																							
									REDI_mating	REDI_mating_plates_3000-3999										3278.0	SGal + His + Leu + Ura (pH 5.8)	4693	4799	2181 (RED) + 2182 (BLUE) + 2183 (YELLOW) + 2184 (GREEN)	4799 = 20230515_yT182_yT183_bc1_lox71_bc2_MATa_REDI_full_collection 1536 RBGY																							
									REDI_mating	REDI_mating_plates_3000-3999										3279.0	SGal + His + Leu + Ura (pH 5.8)	4694	4799	2185 (RED) + 2186 (BLUE) + 2187 (YELLOW) + 2188 (GREEN)	4799 = 20230515_yT182_yT183_bc1_lox71_bc2_MATa_REDI_full_collection 1536 RBGY																							
									REDI_mating	REDI_mating_plates_3000-3999										3280.0	SGal + His + Leu + Ura (pH 5.8)	4695	4799	2189 (RED) + 2190 (BLUE) + 2191 (YELLOW) + 2192 (GREEN)	4799 = 20230515_yT182_yT183_bc1_lox71_bc2_MATa_REDI_full_collection 1536 RBGY																							
									REDI_mating	REDI_mating_plates_3000-3999										3281.0	SGal + His + Leu + Ura (pH 5.8)	4696	4799	2193 (RED) + 2194 (BLUE) + 2195 (YELLOW) + 2196 (GREEN)	4799 = 20230515_yT182_yT183_bc1_lox71_bc2_MATa_REDI_full_collection 1536 RBGY																							
									REDI_mating	REDI_mating_plates_3000-3999										3282.0	SGal + His + Leu + Ura (pH 5.8)	4697	4799	2197 (RED) + 2198 (BLUE) + 2199 (YELLOW) + 2200 (GREEN)	4799 = 20230515_yT182_yT183_bc1_lox71_bc2_MATa_REDI_full_collection 1536 RBGY																							
									REDI_mating	REDI_mating_plates_3000-3999										3283.0	SGal + His + Leu + Ura (pH 5.8)	4698	4799	2201 (RED) + 2202 (BLUE) + 2203 (YELLOW) + 2204 (GREEN)	4799 = 20230515_yT182_yT183_bc1_lox71_bc2_MATa_REDI_full_collection 1536 RBGY																							
									REDI_mating	REDI_mating_plates_3000-3999										3284.0	SGal + His + Leu + Ura (pH 5.8)	4699	4799	2205 (RED) + 2206 (BLUE) + 2207 (YELLOW) + 2208 (GREEN)	4799 = 20230515_yT182_yT183_bc1_lox71_bc2_MATa_REDI_full_collection 1536 RBGY																							
									REDI_mating	REDI_mating_plates_3000-3999						2023-05-03 00:00:00				3285.0	SGal + His + Leu + Ura (pH 5.8)	4800	4799	2217	4799 = 20230515_yT182_yT183_bc1_lox71_bc2_MATa_REDI_full_collection 1536 RBGY																							
									REDI_mating	REDI_mating_plates_3000-3999						2023-05-03 00:00:00				3286.0	SGal + His + Leu + Ura (pH 5.8)	4801	4799	2218	4799 = 20230515_yT182_yT183_bc1_lox71_bc2_MATa_REDI_full_collection 1536 RBGY																							
									REDI_mating	REDI_mating_plates_3000-3999						2023-05-03 00:00:00				3287.0	SGal + His + Leu + Ura (pH 5.8)	4802	4799	2219	4799 = 20230515_yT182_yT183_bc1_lox71_bc2_MATa_REDI_full_collection 1536 RBGY																							
									REDI_mating	REDI_mating_plates_3000-3999						2023-05-03 00:00:00				3288.0	SGal + His + Leu + Ura (pH 5.8)	4803	4799	2220	4799 = 20230515_yT182_yT183_bc1_lox71_bc2_MATa_REDI_full_collection 1536 RBGY																							
									REDI_mating	REDI_mating_plates_3000-3999						2023-05-03 00:00:00				3289.0	SGal + His + Leu + Ura (pH 5.8)	4804	4799	2221	4799 = 20230515_yT182_yT183_bc1_lox71_bc2_MATa_REDI_full_collection 1536 RBGY																							
									REDI_mating	REDI_mating_plates_3000-3999						2023-05-03 00:00:00				3290.0	SGal + His + Leu + Ura (pH 5.8)	4805	4799	2222	4799 = 20230515_yT182_yT183_bc1_lox71_bc2_MATa_REDI_full_collection 1536 RBGY																							
									REDI_mating	REDI_mating_plates_3000-3999						2023-05-03 00:00:00				3291.0	SGal + His + Leu + Ura (pH 5.8)	4806	4799	2223	4799 = 20230515_yT182_yT183_bc1_lox71_bc2_MATa_REDI_full_collection 1536 RBGY																							
									REDI_mating	REDI_mating_plates_3000-3999						2023-05-03 00:00:00				3292.0	SGal + His + Leu + Ura (pH 5.8)	4807	4799	2224	4799 = 20230515_yT182_yT183_bc1_lox71_bc2_MATa_REDI_full_collection 1536 RBGY																							
									REDI_mating	REDI_mating_plates_3000-3999						2023-05-03 00:00:00				3293.0	SGal + His + Leu + Ura (pH 5.8)	4808	4799	2225	4799 = 20230515_yT182_yT183_bc1_lox71_bc2_MATa_REDI_full_collection 1536 RBGY																							
									REDI_mating	REDI_mating_plates_3000-3999						2023-05-03 00:00:00				3294.0	SGal + His + Leu + Ura (pH 5.8)	4809	4799	2226	4799 = 20230515_yT182_yT183_bc1_lox71_bc2_MATa_REDI_full_collection 1536 RBGY																							
									REDI_mating	REDI_mating_plates_3000-3999						2023-05-03 00:00:00				3295.0	SGal + His + Leu + Ura (pH 5.8)	4810	4799	2227	4799 = 20230515_yT182_yT183_bc1_lox71_bc2_MATa_REDI_full_collection 1536 RBGY																							
									REDI_mating	REDI_mating_plates_3000-3999						2023-05-03 00:00:00				3296.0	SGal + His + Leu + Ura (pH 5.8)	4811	4799	2228	4799 = 20230515_yT182_yT183_bc1_lox71_bc2_MATa_REDI_full_collection 1536 RBGY																							
									REDI_mating	REDI_mating_plates_3000-3999						2023-05-03 00:00:00				3297.0	SGal + His + Leu + Ura (pH 5.8)	4812	4799	2229	4799 = 20230515_yT182_yT183_bc1_lox71_bc2_MATa_REDI_full_collection 1536 RBGY																							
									REDI_mating	REDI_mating_plates_3000-3999						2023-05-03 00:00:00				3298.0	SGal + His + Leu + Ura (pH 5.8)	4813	4799	2230	4799 = 20230515_yT182_yT183_bc1_lox71_bc2_MATa_REDI_full_collection 1536 RBGY																							
									REDI_mating	REDI_mating_plates_3000-3999						2023-05-03 00:00:00				3299.0	SGal + His + Leu + Ura (pH 5.8)	4814	4799	2231	4799 = 20230515_yT182_yT183_bc1_lox71_bc2_MATa_REDI_full_collection 1536 RBGY																							
									REDI_mating	REDI_mating_plates_3000-3999						2023-05-03 00:00:00				3300.0	SGal + His + Leu + Ura (pH 5.8)	4815	4799	2232	4799 = 20230515_yT182_yT183_bc1_lox71_bc2_MATa_REDI_full_collection 1536 RBGY																							
									REDI_mating	REDI_mating_plates_3000-3999						2023-05-03 00:00:00				3301.0	SGal + His + Leu + Ura (pH 5.8)	4816	4799	2233	4799 = 20230515_yT182_yT183_bc1_lox71_bc2_MATa_REDI_full_collection 1536 RBGY																							
									REDI_mating	REDI_mating_plates_3000-3999						2023-05-03 00:00:00				3302.0	SGal + His + Leu + Ura (pH 5.8)	4817	4799	2234	4799 = 20230515_yT182_yT183_bc1_lox71_bc2_MATa_REDI_full_collection 1536 RBGY																							
									REDI_mating	REDI_mating_plates_3000-3999						2023-05-03 00:00:00				3303.0	SGal + His + Leu + Ura (pH 5.8)	4818	4799	2235	4799 = 20230515_yT182_yT183_bc1_lox71_bc2_MATa_REDI_full_collection 1536 RBGY																							
									REDI_mating	REDI_mating_plates_3000-3999						2023-05-03 00:00:00				3304.0	SGal + His + Leu + Ura (pH 5.8)	4819	4799	2236	4799 = 20230515_yT182_yT183_bc1_lox71_bc2_MATa_REDI_full_collection 1536 RBGY																							
									REDI_mating	REDI_mating_plates_3000-3999						2023-05-03 00:00:00				3305.0	SGal + His + Leu + Ura (pH 5.8)	4820	4799	2237	4799 = 20230515_yT182_yT183_bc1_lox71_bc2_MATa_REDI_full_collection 1536 RBGY																							
									REDI_mating	REDI_mating_plates_3000-3999						2023-05-03 00:00:00				3306.0	SGal + His + Leu + Ura (pH 5.8)	4821	4799	2238	4799 = 20230515_yT182_yT183_bc1_lox71_bc2_MATa_REDI_full_collection 1536 RBGY																							
									REDI_mating	REDI_mating_plates_3000-3999						2023-05-03 00:00:00				3307.0	SGal + His + Leu + Ura (pH 5.8)	4822	4799	2239	4799 = 20230515_yT182_yT183_bc1_lox71_bc2_MATa_REDI_full_collection 1536 RBGY																							
									REDI_mating	REDI_mating_plates_3000-3999						2023-05-03 00:00:00				3308.0	SGal + His + Leu + Ura (pH 5.8)	4829	4827	yL310	20230517_yT182_yT183_bc1_lox71_bc2_MATa_REDI_RBGY_collection 1536 RBGY																							
									REDI_mating	REDI_mating_plates_3000-3999						2023-05-03 00:00:00				3309.0	SGal + His + Leu + Ura (pH 5.8)	4830	4827	yL311	20230517_yT182_yT183_bc1_lox71_bc2_MATa_REDI_RBGY_collection 1536 RBGY																							
									REDI_mating	REDI_mating_plates_3000-3999						2023-05-03 00:00:00				3310.0	SGal + His + Leu + Ura (pH 5.8)	4831	4827	yL312	20230517_yT182_yT183_bc1_lox71_bc2_MATa_REDI_RBGY_collection 1536 RBGY																							
									REDI_mating	REDI_mating_plates_3000-3999						2023-05-03 00:00:00				3311.0	SGal + His + Leu + Ura (pH 5.8)	4832	4827	yL313	20230517_yT182_yT183_bc1_lox71_bc2_MATa_REDI_RBGY_collection 1536 RBGY																							
									REDI_mating	REDI_mating_plates_3000-3999						2023-05-03 00:00:00				3312.0	SGal + His + Leu + Ura (pH 5.8)	4833	4827	yL314	20230517_yT182_yT183_bc1_lox71_bc2_MATa_REDI_RBGY_collection 1536 RBGY																							
									REDI_mating	REDI_mating_plates_3000-3999						2023-05-03 00:00:00				3313.0	SGal + His + Leu + Ura (pH 5.8)	4834	4827	yL315	20230517_yT182_yT183_bc1_lox71_bc2_MATa_REDI_RBGY_collection 1536 RBGY																							
									REDI_mating	REDI_mating_plates_3000-3999						2023-05-03 00:00:00				3314.0	SGal + His + Leu + Ura (pH 5.8)	4835	4827	yL310	20230517_yT182_yT183_bc1_lox71_bc2_MATa_REDI_RBGY_collection 1536 RBGY																							
									REDI_mating	REDI_mating_plates_3000-3999						2023-05-03 00:00:00				3315.0	SGal + His + Leu + Ura (pH 5.8)	4836	4827	yL311	20230517_yT182_yT183_bc1_lox71_bc2_MATa_REDI_RBGY_collection 1536 RBGY																							
									REDI_mating	REDI_mating_plates_3000-3999						2023-05-03 00:00:00				3316.0	SGal + His + Leu + Ura (pH 5.8)	4837	4827	yL312	20230517_yT182_yT183_bc1_lox71_bc2_MATa_REDI_RBGY_collection 1536 RBGY																							
									REDI_mating	REDI_mating_plates_3000-3999						2023-05-03 00:00:00				3317.0	SGal + His + Leu + Ura (pH 5.8)	4838	4827	yL313	20230517_yT182_yT183_bc1_lox71_bc2_MATa_REDI_RBGY_collection 1536 RBGY																							
									REDI_mating	REDI_mating_plates_3000-3999						2023-05-03 00:00:00				3318.0	SGal + His + Leu + Ura (pH 5.8)	4839	4827	yL314	20230517_yT182_yT183_bc1_lox71_bc2_MATa_REDI_RBGY_collection 1536 RBGY																							
									REDI_mating	REDI_mating_plates_3000-3999						2023-05-03 00:00:00				3319.0	SGal + His + Leu + Ura (pH 5.8)	4840	4827	yL315	20230517_yT182_yT183_bc1_lox71_bc2_MATa_REDI_RBGY_collection 1536 RBGY																							
									REDI_mating	REDI_mating_plates_3000-3999						2023-05-03 00:00:00				3320.0	SGal + His + Leu + Ura (pH 5.8)	4841	4827	yL310	20230517_yT182_yT183_bc1_lox71_bc2_MATa_REDI_RBGY_collection 1536 RBGY																							
									REDI_mating	REDI_mating_plates_3000-3999						2023-05-03 00:00:00				3321.0	SGal + His + Leu + Ura (pH 5.8)	4842	4827	yL311	20230517_yT182_yT183_bc1_lox71_bc2_MATa_REDI_RBGY_collection 1536 RBGY																							
									REDI_mating	REDI_mating_plates_3000-3999						2023-05-03 00:00:00				3322.0	SGal + His + Leu + Ura (pH 5.8)	4843	4827	yL312	20230517_yT182_yT183_bc1_lox71_bc2_MATa_REDI_RBGY_collection 1536 RBGY																							
									REDI_mating	REDI_mating_plates_3000-3999						2023-05-03 00:00:00				3323.0	SGal + His + Leu + Ura (pH 5.8)	4844	4827	yL313	20230517_yT182_yT183_bc1_lox71_bc2_MATa_REDI_RBGY_collection 1536 RBGY																							
									REDI_mating	REDI_mating_plates_3000-3999						2023-05-03 00:00:00				3324.0	SGal + His + Leu + Ura (pH 5.8)	4845	4827	yL314	20230517_yT182_yT183_bc1_lox71_bc2_MATa_REDI_RBGY_collection 1536 RBGY																							
									REDI_mating	REDI_mating_plates_3000-3999						2023-05-03 00:00:00				3325.0	SGal + His + Leu + Ura (pH 5.8)	4846	4827	yL315	20230517_yT182_yT183_bc1_lox71_bc2_MATa_REDI_RBGY_collection 1536 RBGY																							
									REDI_mating	REDI_mating_plates_3000-3999						2023-07-13 00:00:00				3326.0	SGal + His + Leu + Ura (pH 5.8)	4860	4872	yL310	20230601_yT182_yT183_bc1_lox71_bc2_MATa_REDI_RBGY_collection 1536 RBGY																							
									REDI_mating	REDI_mating_plates_3000-3999						2023-07-13 00:00:00				3327.0	SGal + His + Leu + Ura (pH 5.8)	4861	4872	yL310	20230601_yT182_yT183_bc1_lox71_bc2_MATa_REDI_RBGY_collection 1536 RBGY																							
									REDI_mating	REDI_mating_plates_3000-3999						2023-07-13 00:00:00				3328.0	SGal + His + Leu + Ura (pH 5.8)	4862	4872	yL311	20230601_yT182_yT183_bc1_lox71_bc2_MATa_REDI_RBGY_collection 1536 RBGY																							
									REDI_mating	REDI_mating_plates_3000-3999						2023-07-13 00:00:00				3329.0	SGal + His + Leu + Ura (pH 5.8)	4863	4872	yL311	20230601_yT182_yT183_bc1_lox71_bc2_MATa_REDI_RBGY_collection 1536 RBGY																							
									REDI_mating	REDI_mating_plates_3000-3999						2023-07-13 00:00:00				3330.0	SGal + His + Leu + Ura (pH 5.8)	4864	4872	yL312	20230601_yT182_yT183_bc1_lox71_bc2_MATa_REDI_RBGY_collection 1536 RBGY																							
									REDI_mating	REDI_mating_plates_3000-3999						2023-07-13 00:00:00				3331.0	SGal + His + Leu + Ura (pH 5.8)	4865	4872	yL312	20230601_yT182_yT183_bc1_lox71_bc2_MATa_REDI_RBGY_collection 1536 RBGY																							
									REDI_mating	REDI_mating_plates_3000-3999						2023-07-13 00:00:00				3332.0	SGal + His + Leu + Ura (pH 5.8)	4866	4873	yL313	20230601_yT182_yT183_bc1_lox71_bc2_MATa_REDI_RBGY_collection 1536 RBGY																							
									REDI_mating	REDI_mating_plates_3000-3999						2023-07-13 00:00:00				3333.0	SGal + His + Leu + Ura (pH 5.8)	4867	4873	yL313	20230601_yT182_yT183_bc1_lox71_bc2_MATa_REDI_RBGY_collection 1536 RBGY																							
									REDI_mating	REDI_mating_plates_3000-3999						2023-07-13 00:00:00				3334.0	SGal + His + Leu + Ura (pH 5.8)	4868	4873	yL314	20230601_yT182_yT183_bc1_lox71_bc2_MATa_REDI_RBGY_collection 1536 RBGY																							
									REDI_mating	REDI_mating_plates_3000-3999						2023-07-13 00:00:00				3335.0	SGal + His + Leu + Ura (pH 5.8)	4869	4873	yL314	20230601_yT182_yT183_bc1_lox71_bc2_MATa_REDI_RBGY_collection 1536 RBGY																							
									REDI_mating	REDI_mating_plates_3000-3999						2023-07-13 00:00:00				3336.0	SGal + His + Leu + Ura (pH 5.8)	4870	4873	yL315	20230601_yT182_yT183_bc1_lox71_bc2_MATa_REDI_RBGY_collection 1536 RBGY																							
									REDI_mating	REDI_mating_plates_3000-3999						2023-07-13 00:00:00				3337.0	SGal + His + Leu + Ura (pH 5.8)	4871	4873	yL315	20230601_yT182_yT183_bc1_lox71_bc2_MATa_REDI_RBGY_collection 1536 RBGY																							
									REDI_mating	REDI_mating_plates_3000-3999						2023-07-13 00:00:00				3338.0	SGal + His + Leu + Ura (pH 5.8)	4860	4874	yL310	20230601_yT182_yT183_bc1_lox71_bc2_MATa_REDI_RBGY_collection 1536 RBGY																							
									REDI_mating	REDI_mating_plates_3000-3999						2023-07-13 00:00:00				3339.0	SGal + His + Leu + Ura (pH 5.8)	4861	4874	yL310	20230601_yT182_yT183_bc1_lox71_bc2_MATa_REDI_RBGY_collection 1536 RBGY																							
									REDI_mating	REDI_mating_plates_3000-3999						2023-07-13 00:00:00				3340.0	SGal + His + Leu + Ura (pH 5.8)	4862	4874	yL311	20230601_yT182_yT183_bc1_lox71_bc2_MATa_REDI_RBGY_collection 1536 RBGY																							
									REDI_mating	REDI_mating_plates_3000-3999						2023-07-13 00:00:00				3341.0	SGal + His + Leu + Ura (pH 5.8)	4863	4874	yL311	20230601_yT182_yT183_bc1_lox71_bc2_MATa_REDI_RBGY_collection 1536 RBGY																							
									REDI_mating	REDI_mating_plates_3000-3999						2023-07-13 00:00:00				3342.0	SGal + His + Leu + Ura (pH 5.8)	4864	4874	yL312	20230601_yT182_yT183_bc1_lox71_bc2_MATa_REDI_RBGY_collection 1536 RBGY																							
									REDI_mating	REDI_mating_plates_3000-3999						2023-07-13 00:00:00				3343.0	SGal + His + Leu + Ura (pH 5.8)	4865	4874	yL312	20230601_yT182_yT183_bc1_lox71_bc2_MATa_REDI_RBGY_collection 1536 RBGY																							
									REDI_mating	REDI_mating_plates_3000-3999						2023-07-13 00:00:00				3344.0	SGal + His + Leu + Ura (pH 5.8)	4866	4875	yL313	20230601_yT182_yT183_bc1_lox71_bc2_MATa_REDI_RBGY_collection 1536 RBGY																							
									REDI_mating	REDI_mating_plates_3000-3999						2023-07-13 00:00:00				3345.0	SGal + His + Leu + Ura (pH 5.8)	4867	4875	yL313	20230601_yT182_yT183_bc1_lox71_bc2_MATa_REDI_RBGY_collection 1536 RBGY																							
									REDI_mating	REDI_mating_plates_3000-3999						2023-07-13 00:00:00				3346.0	SGal + His + Leu + Ura (pH 5.8)	4868	4875	yL314	20230601_yT182_yT183_bc1_lox71_bc2_MATa_REDI_RBGY_collection 1536 RBGY																							
									REDI_mating	REDI_mating_plates_3000-3999						2023-07-13 00:00:00				3347.0	SGal + His + Leu + Ura (pH 5.8)	4869	4875	yL314	20230601_yT182_yT183_bc1_lox71_bc2_MATa_REDI_RBGY_collection 1536 RBGY																							
									REDI_mating	REDI_mating_plates_3000-3999						2023-07-13 00:00:00				3348.0	SGal + His + Leu + Ura (pH 5.8)	4870	4875	yL315	20230601_yT182_yT183_bc1_lox71_bc2_MATa_REDI_RBGY_collection 1536 RBGY																							
									REDI_mating	REDI_mating_plates_3000-3999						2023-07-13 00:00:00				3349.0	SGal + His + Leu + Ura (pH 5.8)	4871	4875	yL315	20230601_yT182_yT183_bc1_lox71_bc2_MATa_REDI_RBGY_collection 1536 RBGY																							
									REDI_mating	REDI_mating_plates_3000-3999						2023-07-19 00:00:00				3350.0	SGal + His + Leu + Ura (pH 5.8)	4876	4888	yL310	20230601_yT182_yT183_bc1_lox71_bc2_MATa_REDI_RBGY_collection 1536 RBGY																							
									REDI_mating	REDI_mating_plates_3000-3999						2023-07-19 00:00:00				3351.0	SGal + His + Leu + Ura (pH 5.8)	4877	4888	yL310	20230601_yT182_yT183_bc1_lox71_bc2_MATa_REDI_RBGY_collection 1536 RBGY																							
									REDI_mating	REDI_mating_plates_3000-3999						2023-07-19 00:00:00				3352.0	SGal + His + Leu + Ura (pH 5.8)	4878	4888	yL311	20230601_yT182_yT183_bc1_lox71_bc2_MATa_REDI_RBGY_collection 1536 RBGY																							
									REDI_mating	REDI_mating_plates_3000-3999						2023-07-19 00:00:00				3353.0	SGal + His + Leu + Ura (pH 5.8)	4879	4888	yL311	20230601_yT182_yT183_bc1_lox71_bc2_MATa_REDI_RBGY_collection 1536 RBGY																							
									REDI_mating	REDI_mating_plates_3000-3999						2023-07-19 00:00:00				3354.0	SGal + His + Leu + Ura (pH 5.8)	4880	4888	yL312	20230601_yT182_yT183_bc1_lox71_bc2_MATa_REDI_RBGY_collection 1536 RBGY																							
									REDI_mating	REDI_mating_plates_3000-3999						2023-07-19 00:00:00				3355.0	SGal + His + Leu + Ura (pH 5.8)	4881	4888	yL312	20230601_yT182_yT183_bc1_lox71_bc2_MATa_REDI_RBGY_collection 1536 RBGY																							
									REDI_mating	REDI_mating_plates_3000-3999						2023-07-19 00:00:00				3356.0	SGal + His + Leu + Ura (pH 5.8)	4882	4889	yL313	20230601_yT182_yT183_bc1_lox71_bc2_MATa_REDI_RBGY_collection 1536 RBGY																							
									REDI_mating	REDI_mating_plates_3000-3999						2023-07-19 00:00:00				3357.0	SGal + His + Leu + Ura (pH 5.8)	4883	4889	yL313	20230601_yT182_yT183_bc1_lox71_bc2_MATa_REDI_RBGY_collection 1536 RBGY																							
									REDI_mating	REDI_mating_plates_3000-3999						2023-07-19 00:00:00				3358.0	SGal + His + Leu + Ura (pH 5.8)	4884	4889	yL314	20230601_yT182_yT183_bc1_lox71_bc2_MATa_REDI_RBGY_collection 1536 RBGY																							
									REDI_mating	REDI_mating_plates_3000-3999						2023-07-19 00:00:00				3359.0	SGal + His + Leu + Ura (pH 5.8)	4885	4889	yL314	20230601_yT182_yT183_bc1_lox71_bc2_MATa_REDI_RBGY_collection 1536 RBGY																							
									REDI_mating	REDI_mating_plates_3000-3999						2023-07-19 00:00:00				3360.0	SGal + His + Leu + Ura (pH 5.8)	4886	4889	yL315	20230601_yT182_yT183_bc1_lox71_bc2_MATa_REDI_RBGY_collection 1536 RBGY																							
									REDI_mating	REDI_mating_plates_3000-3999						2023-07-19 00:00:00				3361.0	SGal + His + Leu + Ura (pH 5.8)	4887	4889	yL315	20230601_yT182_yT183_bc1_lox71_bc2_MATa_REDI_RBGY_collection 1536 RBGY																							
									REDI_mating	REDI_mating_plates_3000-3999						2023-07-19 00:00:00				3362.0	SGal + His + Leu + Ura (pH 5.8)	4876	4890	yL310	20230601_yT182_yT183_bc1_lox71_bc2_MATa_REDI_RBGY_collection 1536 RBGY																							
									REDI_mating	REDI_mating_plates_3000-3999						2023-07-19 00:00:00				3363.0	SGal + His + Leu + Ura (pH 5.8)	4877	4890	yL310	20230601_yT182_yT183_bc1_lox71_bc2_MATa_REDI_RBGY_collection 1536 RBGY																							
									REDI_mating	REDI_mating_plates_3000-3999						2023-07-19 00:00:00				3364.0	SGal + His + Leu + Ura (pH 5.8)	4878	4890	yL311	20230601_yT182_yT183_bc1_lox71_bc2_MATa_REDI_RBGY_collection 1536 RBGY																							
									REDI_mating	REDI_mating_plates_3000-3999						2023-07-19 00:00:00				3365.0	SGal + His + Leu + Ura (pH 5.8)	4879	4890	yL311	20230601_yT182_yT183_bc1_lox71_bc2_MATa_REDI_RBGY_collection 1536 RBGY																							
									REDI_mating	REDI_mating_plates_3000-3999						2023-07-19 00:00:00				3366.0	SGal + His + Leu + Ura (pH 5.8)	4880	4890	yL312	20230601_yT182_yT183_bc1_lox71_bc2_MATa_REDI_RBGY_collection 1536 RBGY																							
									REDI_mating	REDI_mating_plates_3000-3999						2023-07-19 00:00:00				3367.0	SGal + His + Leu + Ura (pH 5.8)	4881	4890	yL312	20230601_yT182_yT183_bc1_lox71_bc2_MATa_REDI_RBGY_collection 1536 RBGY																							
									REDI_mating	REDI_mating_plates_3000-3999						2023-07-19 00:00:00				3368.0	SGal + His + Leu + Ura (pH 5.8)	4882	4891	yL313	20230601_yT182_yT183_bc1_lox71_bc2_MATa_REDI_RBGY_collection 1536 RBGY																							
									REDI_mating	REDI_mating_plates_3000-3999						2023-07-19 00:00:00				3369.0	SGal + His + Leu + Ura (pH 5.8)	4883	4891	yL313	20230601_yT182_yT183_bc1_lox71_bc2_MATa_REDI_RBGY_collection 1536 RBGY																							
									REDI_mating	REDI_mating_plates_3000-3999						2023-07-19 00:00:00				3370.0	SGal + His + Leu + Ura (pH 5.8)	4884	4891	yL314	20230601_yT182_yT183_bc1_lox71_bc2_MATa_REDI_RBGY_collection 1536 RBGY																							
									REDI_mating	REDI_mating_plates_3000-3999						2023-07-19 00:00:00				3371.0	SGal + His + Leu + Ura (pH 5.8)	4885	4891	yL314	20230601_yT182_yT183_bc1_lox71_bc2_MATa_REDI_RBGY_collection 1536 RBGY																							
									REDI_mating	REDI_mating_plates_3000-3999						2023-07-19 00:00:00				3372.0	SGal + His + Leu + Ura (pH 5.8)	4886	4891	yL315	20230601_yT182_yT183_bc1_lox71_bc2_MATa_REDI_RBGY_collection 1536 RBGY																							
									REDI_mating	REDI_mating_plates_3000-3999						2023-07-19 00:00:00				3373.0	SGal + His + Leu + Ura (pH 5.8)	4887	4891	yL315	20230601_yT182_yT183_bc1_lox71_bc2_MATa_REDI_RBGY_collection 1536 RBGY																							
									REDI_mating	REDI_mating_plates_3000-3999						2023-07-19 00:00:00				3374.0	SGal + His + Leu + Ura (pH 5.8)	4892	4888	yL310	20230601_yT182_yT183_bc1_lox71_bc2_MATa_REDI_RBGY_collection 1536 RBGY																							
									REDI_mating	REDI_mating_plates_3000-3999						2023-07-19 00:00:00				3375.0	SGal + His + Leu + Ura (pH 5.8)	4893	4889	yL312	20230601_yT182_yT183_bc1_lox71_bc2_MATa_REDI_RBGY_collection 1536 RBGY																							
									REDI_mating	REDI_mating_plates_3000-3999						2023-07-19 00:00:00				3376.0	SGal + His + Leu + Ura (pH 5.8)	4892	4890	yL310	20230601_yT182_yT183_bc1_lox71_bc2_MATa_REDI_RBGY_collection 1536 RBGY																							
									REDI_mating	REDI_mating_plates_3000-3999						2023-07-19 00:00:00				3377.0	SGal + His + Leu + Ura (pH 5.8)	4893	4891	yL312	20230601_yT182_yT183_bc1_lox71_bc2_MATa_REDI_RBGY_collection 1536 RBGY																							
									REDI_mating	REDI_mating_plates_3000-3999										3378.0	SGal + His + Leu + Ura (pH 5.8)	4906	4914	4906 = 4904 = 5094 (RED), 5095 (BLUE), 5096 (YELLOW), 5097 (GREEN)	20230601_yT182_yT183_bc1_lox71_bc2_MATa_REDI_RBGY_collection 1536 RBGY																							
									REDI_mating	REDI_mating_plates_3000-3999										3379.0	SGal + His + Leu + Ura (pH 5.8)	4906	4915	4906 = 4904 = 5094 (RED), 5095 (BLUE), 5096 (YELLOW), 5097 (GREEN)	20230601_yT182_yT183_bc1_lox71_bc2_MATa_REDI_RBGY_collection 1536 RBGY																							
									REDI_mating	REDI_mating_plates_3000-3999										3380.0	SGal + His + Leu + Ura (pH 5.8)	4910	4914	4910 = 4905 = 5098 (RED), 5099 (BLUE), 5100 (YELLOW), 5101 (GREEN)	20230601_yT182_yT183_bc1_lox71_bc2_MATa_REDI_RBGY_collection 1536 RBGY																							
									REDI_mating	REDI_mating_plates_3000-3999										3381.0	SGal + His + Leu + Ura (pH 5.8)	4910	4915	4910 = 4905 = 5098 (RED), 5099 (BLUE), 5100 (YELLOW), 5101 (GREEN)	20230601_yT182_yT183_bc1_lox71_bc2_MATa_REDI_RBGY_collection 1536 RBGY																							
									REDI_mating	REDI_mating_plates_3000-3999						2023-05-22 00:00:00				3382.0	SGal + His + Leu + Ura (pH 5.8)	6000	4914	nan	nan																							
									REDI_mating	REDI_mating_plates_3000-3999						2023-05-22 00:00:00				3383.0	SGal + His + Leu + Ura (pH 5.8)	6001	4914	nan	nan																							
									REDI_mating	REDI_mating_plates_3000-3999						2023-05-22 00:00:00				3384.0	SGal + His + Leu + Ura (pH 5.8)	6002	4914	nan	nan																							
									REDI_mating	REDI_mating_plates_3000-3999						2023-05-22 00:00:00				3385.0	SGal + His + Leu + Ura (pH 5.8)	6003	4914	nan	nan																							
									REDI_mating	REDI_mating_plates_3000-3999						2023-05-22 00:00:00				3386.0	SGal + His + Leu + Ura (pH 5.8)	6004	4914	nan	nan																							
									REDI_mating	REDI_mating_plates_3000-3999						2023-05-22 00:00:00				3387.0	SGal + His + Leu + Ura (pH 5.8)	6005	4914	nan	nan																							
									REDI_mating	REDI_mating_plates_3000-3999						2023-05-22 00:00:00				3388.0	SGal + His + Leu + Ura (pH 5.8)	6006	4914	nan	nan																							
									REDI_mating	REDI_mating_plates_3000-3999						2023-05-22 00:00:00				3389.0	SGal + His + Leu + Ura (pH 5.8)	6007	4914	nan	nan																							
									REDI_mating	REDI_mating_plates_3000-3999						2023-05-22 00:00:00				3390.0	SGal + His + Leu + Ura (pH 5.8)	6008	4914	nan	nan																							
									REDI_mating	REDI_mating_plates_3000-3999						2023-05-22 00:00:00				3391.0	SGal + His + Leu + Ura (pH 5.8)	6009	4914	nan	nan																							
									REDI_mating	REDI_mating_plates_3000-3999						2023-05-22 00:00:00				3392.0	SGal + His + Leu + Ura (pH 5.8)	6010	4914	nan	nan																							
									REDI_mating	REDI_mating_plates_3000-3999						2023-05-22 00:00:00				3393.0	SGal + His + Leu + Ura (pH 5.8)	6011	4914	nan	nan																							
									REDI_mating	REDI_mating_plates_3000-3999						2023-05-22 00:00:00				3394.0	SGal + His + Leu + Ura (pH 5.8)	6012	4914	nan	nan																							
									REDI_mating	REDI_mating_plates_3000-3999						2023-05-22 00:00:00				3395.0	SGal + His + Leu + Ura (pH 5.8)	6013	4914	nan	nan																							
									REDI_mating	REDI_mating_plates_3000-3999						2023-05-22 00:00:00				3396.0	SGal + His + Leu + Ura (pH 5.8)	6014	4914	nan	nan																							
									REDI_mating	REDI_mating_plates_3000-3999						2023-05-22 00:00:00				3397.0	SGal + His + Leu + Ura (pH 5.8)	6015	4914	nan	nan																							
									REDI_mating	REDI_mating_plates_3000-3999						2023-05-26 00:00:00				3398.0	SGal + His + Leu + Ura (pH 5.8)	6016	4915	nan	nan																							
									REDI_mating	REDI_mating_plates_3000-3999						2023-05-26 00:00:00				3399.0	SGal + His + Leu + Ura (pH 5.8)	6017	4915	nan	nan																							
									REDI_mating	REDI_mating_plates_3000-3999						2023-05-26 00:00:00				3400.0	SGal + His + Leu + Ura (pH 5.8)	6018	4915	nan	nan																							
									REDI_mating	REDI_mating_plates_3000-3999						2023-05-26 00:00:00				3401.0	SGal + His + Leu + Ura (pH 5.8)	6019	4915	nan	nan																							
									REDI_mating	REDI_mating_plates_3000-3999						2023-05-26 00:00:00				3402.0	SGal + His + Leu + Ura (pH 5.8)	6020	4915	nan	nan																							
									REDI_mating	REDI_mating_plates_3000-3999						2023-05-26 00:00:00				3403.0	SGal + His + Leu + Ura (pH 5.8)	6021	4915	nan	nan																							
									REDI_mating	REDI_mating_plates_3000-3999						2023-05-26 00:00:00				3404.0	SGal + His + Leu + Ura (pH 5.8)	6022	4915	nan	nan																							
									REDI_mating	REDI_mating_plates_3000-3999						2023-05-26 00:00:00				3405.0	SGal + His + Leu + Ura (pH 5.8)	6023	4915	nan	nan																							
									REDI_mating	REDI_mating_plates_3000-3999						2023-05-26 00:00:00				3406.0	SGal + His + Leu + Ura (pH 5.8)	6024	4915	nan	nan																							
									REDI_mating	REDI_mating_plates_3000-3999						2023-07-19 00:00:00				3407.0	SGal + His + Leu + Ura (pH 5.8)	6025	4915	nan	nan																							
									REDI_mating	REDI_mating_plates_3000-3999						2023-07-19 00:00:00				3408.0	SGal + His + Leu + Ura (pH 5.8)	6026	4915	nan	nan																							
									REDI_mating	REDI_mating_plates_3000-3999						2023-07-19 00:00:00				3409.0	SGal + His + Leu + Ura (pH 5.8)	6027	4915	nan	nan																							
									REDI_mating	REDI_mating_plates_3000-3999						2023-07-19 00:00:00				3410.0	SGal + His + Leu + Ura (pH 5.8)	6028	4915	nan	nan																							
									REDI_mating	REDI_mating_plates_3000-3999						2023-07-19 00:00:00				3411.0	SGal + His + Leu + Ura (pH 5.8)	6029	4915	nan	nan																							
									REDI_mating	REDI_mating_plates_3000-3999						2023-07-19 00:00:00				3412.0	SGal + His + Leu + Ura (pH 5.8)	6030	4915	nan	nan																							
									REDI_mating	REDI_mating_plates_3000-3999						2023-07-19 00:00:00				3413.0	SGal + His + Leu + Ura (pH 5.8)	6031	4915	nan	nan																							
									REDI_mating	REDI_mating_plates_3000-3999						2023-07-19 00:00:00				3414.0	SGal + His + Leu + Ura (pH 5.8)	6032	4914	nan	nan																							
									REDI_mating	REDI_mating_plates_3000-3999						2023-07-19 00:00:00				3415.0	SGal + His + Leu + Ura (pH 5.8)	6033	4914	nan	nan																							
									REDI_mating	REDI_mating_plates_3000-3999						2023-07-19 00:00:00				3416.0	SGal + His + Leu + Ura (pH 5.8)	6034	4914	nan	nan																							
									REDI_mating	REDI_mating_plates_3000-3999						2024-02-22 00:00:00				3417.0	SGal + His + Leu + Ura (pH 5.8)	6035	4914	nan	nan																							
									REDI_mating	REDI_mating_plates_3000-3999						2024-02-22 00:00:00				3418.0	SGal + His + Leu + Ura (pH 5.8)	6036	4914	nan	nan																							
									REDI_mating	REDI_mating_plates_3000-3999						2024-02-22 00:00:00				3419.0	SGal + His + Leu + Ura (pH 5.8)	6037	4914	nan	nan																							
									REDI_mating	REDI_mating_plates_3000-3999						2024-02-22 00:00:00				3420.0	SGal + His + Leu + Ura (pH 5.8)	6038	4914	nan	nan																							
									REDI_mating	REDI_mating_plates_3000-3999						2024-02-22 00:00:00				3421.0	SGal + His + Leu + Ura (pH 5.8)	6039	4914	nan	nan																							
									REDI_mating	REDI_mating_plates_3000-3999						2024-02-22 00:00:00				3422.0	SGal + His + Leu + Ura (pH 5.8)	6040	4915	nan	nan																							
									REDI_mating	REDI_mating_plates_3000-3999						2024-02-22 00:00:00				3423.0	SGal + His + Leu + Ura (pH 5.8)	6041	4915	nan	nan																							
									REDI_mating	REDI_mating_plates_3000-3999						2024-02-22 00:00:00				3424.0	SGal + His + Leu + Ura (pH 5.8)	6042	4915	nan	nan																							
									REDI_mating	REDI_mating_plates_3000-3999						2024-02-22 00:00:00				3425.0	SGal + His + Leu + Ura (pH 5.8)	6043	4915	nan	nan																							
									REDI_mating	REDI_mating_plates_3000-3999						2024-02-22 00:00:00				3426.0	SGal + His + Leu + Ura (pH 5.8)	6044	4915	nan	nan																							
									REDI_mating	REDI_mating_plates_3000-3999						2024-02-22 00:00:00				3427.0	SGal + His + Leu + Ura (pH 5.8)	6045	4915	nan	nan																							
									REDI_mating	REDI_mating_plates_3000-3999						2024-02-22 00:00:00				3428.0	SGal + His + Leu + Ura (pH 5.8)	6046	4915	nan	nan																							
									REDI_mating	REDI_mating_plates_3000-3999						2024-02-22 00:00:00				3429.0	SGal + His + Leu + Ura (pH 5.8)	6047	4915	nan	nan																							
									REDI_mating	REDI_mating_plates_3000-3999						2024-02-21 00:00:00				3430.0	SGal + His + Leu + Ura (pH 5.8)	6048	4914	nan	nan																							
									REDI_mating	REDI_mating_plates_3000-3999						2024-02-21 00:00:00				3431.0	SGal + His + Leu + Ura (pH 5.8)	6049	4914	nan	nan																							
									REDI_mating	REDI_mating_plates_3000-3999						2024-02-21 00:00:00				3432.0	SGal + His + Leu + Ura (pH 5.8)	6050	4914	nan	nan																							
									REDI_mating	REDI_mating_plates_3000-3999						2024-02-21 00:00:00				3433.0	SGal + His + Leu + Ura (pH 5.8)	6051	4914	nan	nan																							
									REDI_mating	REDI_mating_plates_3000-3999						2024-02-21 00:00:00				3434.0	SGal + His + Leu + Ura (pH 5.8)	6052	4914	nan	nan																							
									REDI_mating	REDI_mating_plates_3000-3999						2024-02-21 00:00:00				3435.0	SGal + His + Leu + Ura (pH 5.8)	6053	4914	nan	nan																							
									REDI_mating	REDI_mating_plates_3000-3999						2024-02-21 00:00:00				3436.0	SGal + His + Leu + Ura (pH 5.8)	6054	4914	nan	nan																							
									REDI_mating	REDI_mating_plates_3000-3999						2024-02-21 00:00:00				3437.0	SGal + His + Leu + Ura (pH 5.8)	6055	4914	nan	nan																							
									REDI_mating	REDI_mating_plates_3000-3999						2024-02-21 00:00:00				3438.0	SGal + His + Leu + Ura (pH 5.8)	6056	4915	nan	nan																							
									REDI_mating	REDI_mating_plates_3000-3999						2024-02-21 00:00:00				3439.0	SGal + His + Leu + Ura (pH 5.8)	6057	4915	nan	nan																							
									REDI_mating	REDI_mating_plates_3000-3999						2024-02-21 00:00:00				3440.0	SGal + His + Leu + Ura (pH 5.8)	6058	4915	nan	nan																							
									REDI_mating	REDI_mating_plates_3000-3999						2024-02-21 00:00:00				3441.0	SGal + His + Leu + Ura (pH 5.8)	6059	4915	nan	nan																							
									REDI_mating	REDI_mating_plates_3000-3999						2024-02-21 00:00:00				3442.0	SGal + His + Leu + Ura (pH 5.8)	6060	4915	nan	nan																							
									REDI_mating	REDI_mating_plates_3000-3999						2024-02-21 00:00:00				3443.0	SGal + His + Leu + Ura (pH 5.8)	6061	4915	nan	nan																							
									REDI_mating	REDI_mating_plates_3000-3999						2024-02-21 00:00:00				3444.0	SGal + His + Leu + Ura (pH 5.8)	6062	4915	nan	nan																							
									REDI_mating	REDI_mating_plates_3000-3999						2024-02-21 00:00:00				3445.0	SGal + His + Leu + Ura (pH 5.8)	6063	4915	nan	nan																							
									REDI_mating	REDI_mating_plates_3000-3999						2024-02-21 00:00:00				3446.0	SGal + His + Leu + Ura (pH 5.8)	6064	4914	nan	nan																							
									REDI_mating	REDI_mating_plates_3000-3999						2024-02-21 00:00:00				3447.0	SGal + His + Leu + Ura (pH 5.8)	6065	4914	nan	nan																							
									REDI_mating	REDI_mating_plates_3000-3999						2024-02-21 00:00:00				3448.0	SGal + His + Leu + Ura (pH 5.8)	6066	4914	nan	nan																							
									REDI_mating	REDI_mating_plates_3000-3999						2024-02-21 00:00:00				3449.0	SGal + His + Leu + Ura (pH 5.8)	6067	4914	nan	nan																							
									REDI_mating	REDI_mating_plates_3000-3999						2024-02-21 00:00:00				3450.0	SGal + His + Leu + Ura (pH 5.8)	6068	4914	nan	nan																							
									REDI_mating	REDI_mating_plates_3000-3999						2024-02-22 00:00:00				3451.0	SGal + His + Leu + Ura (pH 5.8)	6069	4914	nan	nan																							
									REDI_mating	REDI_mating_plates_3000-3999						2024-02-22 00:00:00				3452.0	SGal + His + Leu + Ura (pH 5.8)	6070	4914	nan	nan																							
									REDI_mating	REDI_mating_plates_3000-3999						2024-02-22 00:00:00				3453.0	SGal + His + Leu + Ura (pH 5.8)	6071	4914	nan	nan																							
									REDI_mating	REDI_mating_plates_3000-3999						2024-02-22 00:00:00				3454.0	SGal + His + Leu + Ura (pH 5.8)	6072	4915	nan	nan																							
									REDI_mating	REDI_mating_plates_3000-3999						2024-02-22 00:00:00				3455.0	SGal + His + Leu + Ura (pH 5.8)	6073	4915	nan	nan																							
									REDI_mating	REDI_mating_plates_3000-3999						2024-02-22 00:00:00				3456.0	SGal + His + Leu + Ura (pH 5.8)	6074	4915	nan	nan																							
									REDI_mating	REDI_mating_plates_3000-3999						2024-02-22 00:00:00				3457.0	SGal + His + Leu + Ura (pH 5.8)	6075	4915	nan	nan																							
									REDI_mating	REDI_mating_plates_3000-3999						2024-02-29 00:00:00				3458.0	SGal + His + Leu + Ura (pH 5.8)	6076	4915	nan	nan																							
									REDI_mating	REDI_mating_plates_3000-3999						2024-02-29 00:00:00				3459.0	SGal + His + Leu + Ura (pH 5.8)	6077	4915	nan	nan																							
									REDI_mating	REDI_mating_plates_3000-3999											nan	nan	nan	nan	nan																							
									REDI_mating	REDI_mating_plates_3000-3999											nan	nan	nan	nan	nan																							
									REDI_mating	REDI_mating_plates_3000-3999											nan	nan	nan	nan	nan																							
									REDI_mating	REDI_mating_plates_3000-3999											nan	nan	nan	nan	nan																							
									REDI_mating	REDI_mating_plates_3000-3999											nan	nan	nan	nan	nan																							
									REDI_mating	REDI_mating_plates_3000-3999											nan	nan	nan	nan	nan																							
									REDI_mating	REDI_mating_plates_3000-3999											SGal + His + Leu + Ura (pH 5.8)	4794	4827	4794 = 20200318 yT100 MATalpha REDI BC 384 RED, (restocked on 20230411 in YPD+Hyg+15% glycerol) 1536 4:1 single source	4827 = 20230517_yT182_yT183_bc1_lox71_bc2_MATa_REDI_RBGY_collection 1536 RBGY																							
									REDI_mating	REDI_mating_plates_3000-3999											SGal + His + Leu + Ura (pH 5.8)	4795	4827	4795 = 20200318 yT100 MATalpha REDI BC 384 BLUE, (restocked on 20230411 in YPD+Hyg+15% glycerol) 1536 4:1 single source	4827 = 20230517_yT182_yT183_bc1_lox71_bc2_MATa_REDI_RBGY_collection 1536 RBGY																							
									REDI_mating	REDI_mating_plates_3000-3999											SGal + His + Leu + Ura (pH 5.8)	4796	4827	4796 = 20200318 yT100 MATalpha REDI BC 384 YELLOW, (restocked on 20230411 in YPD+Hyg+15% glycerol) 1536 4:1 single source	4827 = 20230517_yT182_yT183_bc1_lox71_bc2_MATa_REDI_RBGY_collection 1536 RBGY																							
									REDI_mating	REDI_mating_plates_3000-3999											SGal + His + Leu + Ura (pH 5.8)	4797	4827	4797 = 20200318 yT100 MATalpha REDI BC 384 GREEN, (restocked on 20230411 in YPD+Hyg+15% glycerol) 1536 4:1 single source	4827 = 20230517_yT182_yT183_bc1_lox71_bc2_MATa_REDI_RBGY_collection 1536 RBGY																							
									REDI_mating	REDI_mating_plates_3000-3999											SGal + His + Leu + Ura (pH 5.8)	4792	4823	4792 = 20200318 yT100 MATalpha REDI BC 1536 RBYG (restocked on 20230411 in YPD+Hyg+15% glycerol)	4823 = 20230517_yT182_yT183_bc1_lox71_bc2_MATa_REDI_R_collection_RED 1536 4:1 single source																							
									REDI_mating	REDI_mating_plates_3000-3999											SGal + His + Leu + Ura (pH 5.8)	4792	4824	4792 = 20200318 yT100 MATalpha REDI BC 1536 RBYG (restocked on 20230411 in YPD+Hyg+15% glycerol)	4824 = 20230517_yT182_yT183_bc1_lox71_bc2_MATa_REDI_B_collection_BLUE 1536 4:1 single source																							
									REDI_mating	REDI_mating_plates_3000-3999											SGal + His + Leu + Ura (pH 5.8)	4792	4825	4792 = 20200318 yT100 MATalpha REDI BC 1536 RBYG (restocked on 20230411 in YPD+Hyg+15% glycerol)	4825 = 20230517_yT182_yT183_bc1_lox71_bc2_MATa_REDI_Y_collection_YELLOW 1536 4:1 single source																							
									REDI_mating	REDI_mating_plates_3000-3999											SGal + His + Leu + Ura (pH 5.8)	4792	4826	4792 = 20200318 yT100 MATalpha REDI BC 1536 RBYG (restocked on 20230411 in YPD+Hyg+15% glycerol)	4826 = 20230517_yT182_yT183_bc1_lox71_bc2_MATa_REDI_G_collection_GREEN 1536 4:1 single source																							
4000.0	yL274 plate wash + YPD+G418 O/N glycerol stock into 1stCSM-HIS+Galactose 20220508    2500-fold dilution in H2O --> 100 uL plated   onto CSM-HIS	nan		nan			nan	nan	Misc	miscellaneous_4000-4999						nan														nan	nan																	
4001.0	yL274 plate wash + YPD+G418 O/N glycerol stock into 1stCSM-HIS+Galactose 20220508    2500-fold dilution in H2O --> 100 uL plated   onto CSM-HIS+5FOA	nan		nan			nan	nan	Misc	miscellaneous_4000-4999						nan														nan	nan																	
4002.0	yL274 plate wash + YPD+G418 O/N glycerol stock into 1stCSM-HIS+Galactose 20220508    2500-fold dilution in H2O --> 100 uL plated   onto CSM-HIS+5FOA+5FC	nan		nan			nan	nan	Misc	miscellaneous_4000-4999						nan														nan	nan																	
4003.0	yL279 plate wash + YPD+G418 O/N glycerol stock into 1stCSM-HIS+Galactose 20220508    2500-fold dilution in H2O --> 100 uL plated   onto CSM-HIS	nan		nan			nan	nan	Misc	miscellaneous_4000-4999						nan														nan	nan																	
4004.0	yL279 plate wash + YPD+G418 O/N glycerol stock into 1stCSM-HIS+Galactose 20220508    2500-fold dilution in H2O --> 100 uL plated   onto CSM-HIS+5FOA	nan		nan			nan	nan	Misc	miscellaneous_4000-4999						nan														nan	nan																	
4005.0	yL279 plate wash + YPD+G418 O/N glycerol stock into 1stCSM-HIS+Galactose 20220508    2500-fold dilution in H2O --> 100 uL plated   onto CSM-HIS+5FOA+5FC	nan		nan			nan	nan	Misc	miscellaneous_4000-4999						nan														nan	nan																	
4006.0	yL274 plate wash + YPD+G418 O/N glycerol stock into 2nd CSM-HIS+Galactose 20220509    2500-fold dilution in H2O --> 100 uL plated   onto CSM-HIS	nan		nan			nan	nan	Misc	miscellaneous_4000-4999						nan														nan	nan																	
4007.0	yL274 plate wash + YPD+G418 O/N glycerol stock into 2nd CSM-HIS+Galactose 20220509    2500-fold dilution in H2O --> 100 uL plated   onto CSM-HIS+5FOA	nan		nan			nan	nan	Misc	miscellaneous_4000-4999						nan														nan	nan																	
4008.0	yL274 plate wash + YPD+G418 O/N glycerol stock into 2nd CSM-HIS+Galactose 20220509    2500-fold dilution in H2O --> 100 uL plated   onto CSM-HIS+5FOA+5FC	nan		nan			nan	nan	Misc	miscellaneous_4000-4999						nan														nan	nan																	
4009.0	yL279 plate wash + YPD+G418 O/N glycerol stock into 2nd CSM-HIS+Galactose 20220509    2500-fold dilution in H2O --> 100 uL plated   onto CSM-HIS	nan		nan			nan	nan	Misc	miscellaneous_4000-4999						nan														nan	nan																	
4010.0	yL279 plate wash + YPD+G418 O/N glycerol stock into 2nd CSM-HIS+Galactose 20220509    2500-fold dilution in H2O --> 100 uL plated   onto CSM-HIS+5FOA	nan		nan			nan	nan	Misc	miscellaneous_4000-4999						nan														nan	nan																	
4011.0	yL279 plate wash + YPD+G418 O/N glycerol stock into 2nd CSM-HIS+Galactose 20220509    2500-fold dilution in H2O --> 100 uL plated   onto CSM-HIS+5FOA+5FC	nan		nan			nan	nan	Misc	miscellaneous_4000-4999						nan														nan	nan																	
4012.0	yL275 plate wash + YPD+G418 O/N glycerol stock into 1stCSM-HIS+Galactose 20220508    2500-fold dilution in H2O --> 100 uL plated   onto CSM-HIS	nan		nan			nan	nan	Misc	miscellaneous_4000-4999						nan														nan	nan																	
4013.0	yL275 plate wash + YPD+G418 O/N glycerol stock into 1stCSM-HIS+Galactose 20220508    2500-fold dilution in H2O --> 100 uL plated   onto CSM-HIS+5FOA	nan		nan			nan	nan	Misc	miscellaneous_4000-4999						nan														nan	nan																	
4014.0	yL275 plate wash + YPD+G418 O/N glycerol stock into 1stCSM-HIS+Galactose 20220508    2500-fold dilution in H2O --> 100 uL plated   onto CSM-HIS+5FOA+5FC	nan		nan			nan	nan	Misc	miscellaneous_4000-4999						nan														nan	nan																	
4015.0	yL284 plate wash + YPD+G418 O/N glycerol stock into 1stCSM-HIS+Galactose 20220508    2500-fold dilution in H2O --> 100 uL plated   onto CSM-HIS	nan		nan			nan	nan	Misc	miscellaneous_4000-4999						nan														nan	nan																	
4016.0	yL284 plate wash + YPD+G418 O/N glycerol stock into 1stCSM-HIS+Galactose 20220508    2500-fold dilution in H2O --> 100 uL plated   onto CSM-HIS+5FOA	nan		nan			nan	nan	Misc	miscellaneous_4000-4999						nan														nan	nan																	
4017.0	yL284 plate wash + YPD+G418 O/N glycerol stock into 1stCSM-HIS+Galactose 20220508    2500-fold dilution in H2O --> 100 uL plated   onto CSM-HIS+5FOA+5FC	nan		nan			nan	nan	Misc	miscellaneous_4000-4999						nan														nan	nan																	
4018.0	yL275 plate wash + YPD+G418 O/N glycerol stock into 2nd CSM-HIS+Galactose 20220509    2500-fold dilution in H2O --> 100 uL plated   onto CSM-HIS	nan		nan			nan	nan	Misc	miscellaneous_4000-4999						nan														nan	nan																	
4019.0	yL275 plate wash + YPD+G418 O/N glycerol stock into 2nd CSM-HIS+Galactose 20220509    2500-fold dilution in H2O --> 100 uL plated   onto CSM-HIS+5FOA	nan		nan			nan	nan	Misc	miscellaneous_4000-4999						nan														nan	nan																	
4020.0	yL275 plate wash + YPD+G418 O/N glycerol stock into 2nd CSM-HIS+Galactose 20220509    2500-fold dilution in H2O --> 100 uL plated   onto CSM-HIS+5FOA+5FC	nan		nan			nan	nan	Misc	miscellaneous_4000-4999						nan														nan	nan																	
4021.0	yL284 plate wash + YPD+G418 O/N glycerol stock into 2nd CSM-HIS+Galactose 20220509    2500-fold dilution in H2O --> 100 uL plated   onto CSM-HIS	nan		nan			nan	nan	Misc	miscellaneous_4000-4999						nan														nan	nan																	
4022.0	yL284 plate wash + YPD+G418 O/N glycerol stock into 2nd CSM-HIS+Galactose 20220509    2500-fold dilution in H2O --> 100 uL plated   onto CSM-HIS+5FOA	nan		nan			nan	nan	Misc	miscellaneous_4000-4999						nan														nan	nan																	
4023.0	yL284 plate wash + YPD+G418 O/N glycerol stock into 2nd CSM-HIS+Galactose 20220509    2500-fold dilution in H2O --> 100 uL plated   onto CSM-HIS+5FOA+5FC	nan		nan			nan	nan	Misc	miscellaneous_4000-4999						nan														nan	nan																	
4024.0	20220607_SaCas9_X1_guide_donor_cleavage_libraries_trafo_1-1,1-2,1-3 384 to 1536 format YPD+G418	nan		nan			nan	nan	Misc	miscellaneous_4000-4999						nan														nan	nan																	
4025.0	20220607_SaCas9_X1_guide_donor_cleavage_libraries_trafo_1-1,1-2,1-3 384 to 1536 format CSM-HIS+galactose	nan		nan			nan	nan	Misc	miscellaneous_4000-4999						nan														nan	nan																	
4026.0	20220607_SaCas9_X1_guide_donor_cleavage_libraries_trafo_1-1,1-2,1-3 384 to 1536 format CSM-HIS+galactose+aTc (1 ug/mL)	nan		nan			nan	nan	Misc	miscellaneous_4000-4999						nan														nan	nan																	
4027.0	20220607_SaCas9_X1_guide_donor_cleavage_libraries_trafo 4-1,4-2,4-3 384 to 1536 format YPD+G418	nan		nan			nan	nan	Misc	miscellaneous_4000-4999						nan														nan	nan																	
4028.0	20220607_SaCas9_X1_guide_donor_cleavage_libraries_trafo 4-1,4-2,4-3  384 to 1536 format CSM-HIS+galactose	nan		nan			nan	nan	Misc	miscellaneous_4000-4999						nan														nan	nan																	
4029.0	20220607_SaCas9_X1_guide_donor_cleavage_libraries_trafo 4-1,4-2,4-3 384 to 1536 format CSM-HIS+galactose+aTc (1 ug/mL)	nan		nan			nan	nan	Misc	miscellaneous_4000-4999						nan														nan	nan																	
4030.0	20220607_SaCas9_X1_guide_donor_cleavage_libraries_trafo_1-1,1-2,1-3 384 to 1536 format CSM from YPD+G418	nan		nan			nan	nan	Misc	miscellaneous_4000-4999						nan														nan	nan																	
4031.0	20220607_SaCas9_X1_guide_donor_cleavage_libraries_trafo_1-1,1-2,1-3 384 to 1536 format CSM+5FC from YPD+G418	nan		nan			nan	nan	Misc	miscellaneous_4000-4999						nan														nan	nan																	
4032.0	20220607_SaCas9_X1_guide_donor_cleavage_libraries_trafo_1-1,1-2,1-3 384 to 1536 format CSM-HIS+5FC from YPD+G418	nan		nan			nan	nan	Misc	miscellaneous_4000-4999						nan														nan	nan																	
4033.0	20220607_SaCas9_X1_guide_donor_cleavage_libraries_trafo 4-1,4-2,4-3 384 to 1536 format CSM from YPD+G418	nan		nan			nan	nan	Misc	miscellaneous_4000-4999						nan														nan	nan																	
4034.0	20220607_SaCas9_X1_guide_donor_cleavage_libraries_trafo 4-1,4-2,4-3 384 to 1536 format CSM+5FC from YPD+G418	nan		nan			nan	nan	Misc	miscellaneous_4000-4999						nan														nan	nan																	
4035.0	20220607_SaCas9_X1_guide_donor_cleavage_libraries_trafo 4-1,4-2,4-3 384 to 1536 format CSM-HIS+5FC from YPD+G418	nan		nan			nan	nan	Misc	miscellaneous_4000-4999						nan														nan	nan																	
4036.0	CSM-HIS+5FC 5/13/22 from 4025	nan		nan			nan	nan	Misc	miscellaneous_4000-4999						nan														nan	nan																	
4037.0	CSM-HIS+5FC 5/13/22 from 4026	nan		nan			nan	nan	Misc	miscellaneous_4000-4999						nan														nan	nan																	
4038.0	CSM-HIS+5FC 5/13/22 from 4028	nan		nan			nan	nan	Misc	miscellaneous_4000-4999						nan														nan	nan																	
4039.0	CSM-HIS+5FC 5/13/22 from 4029	nan		nan			nan	nan	Misc	miscellaneous_4000-4999						nan														nan	nan																	
4040.0	CSM-HIS+5FC 6/15/22 from 4025	nan		nan			nan	nan	Misc	miscellaneous_4000-4999						nan														nan	nan																	
4041.0	CSM-HIS+5FC 6/15/22 from 4026	nan		nan			nan	nan	Misc	miscellaneous_4000-4999						nan														nan	nan																	
4042.0	CSM-HIS+5FC 6/15/22 from 4028	nan		nan			nan	nan	Misc	miscellaneous_4000-4999						nan														nan	nan																	
4043.0	CSM-HIS+5FC 6/15/22 from 4029	nan		nan			nan	nan	Misc	miscellaneous_4000-4999						nan														nan	nan																	
4044.0	CSM+1 mM 5FC 7/1/22 from 4030	nan		nan			nan	nan	Misc	miscellaneous_4000-4999						nan														nan	nan																	
4045.0	CSM+1 mM 5FC 7/1/22 from 4033	nan		nan			nan	nan	Misc	miscellaneous_4000-4999						nan														nan	nan																	
4046.0	CSM+300 uM 5FC 7/6/22 from 4030	nan		nan			nan	nan	Misc	miscellaneous_4000-4999						nan														nan	nan																	
4047.0	CSM+300 uM 5FC 7/6/22 from 4033	nan		nan			nan	nan	Misc	miscellaneous_4000-4999						nan														nan	nan																	
4048.0	2135 YPD+outgrowth (RED), 2136 YPD+outgrowth (BLUE), 2137 CdCl2 (YELLOW), 2138 (GREEN) YP+glycerol 384 to 1536 YPD+G418	nan		nan			nan	nan	Misc	miscellaneous_4000-4999						nan														potential switch with 2137 and 2138	nan																	
4049.0	CSM-HIS+300 uM 5FC 5/13/22 from 4048	nan		nan			nan	nan	Misc	miscellaneous_4000-4999						nan														nan	nan																	
4050.0	CSM-HIS+300 uM 5FC 6/15/22 from 4048	nan		nan			nan	nan	Misc	miscellaneous_4000-4999						nan														nan	nan																	
4051.0	CSM+300 uM 5FC 7/6/22 from 4048	nan		nan			nan	nan	Misc	miscellaneous_4000-4999						nan														nan	nan																	
4052.0	YPD+75 uM Cadmium Chloride from 4048	nan		nan			4470	5000 (RED) + 5001 (BLUE) + 5002 (YELLOW) + 5003 (GREEN)	Misc	miscellaneous_4000-4999						nan														nan	nan																	
4053.0	YP+glycerol from 4048	nan		nan			4471	5004 (RED) + 5005 (BLUE) + 5006 (YELLOW) + 5007 (GREEN)	Misc	miscellaneous_4000-4999						nan														nan	nan																	
4054.0	YPD + 6 mM Copper Sulfate from 4048	nan		nan			4472	5008 (RED) + 5009 (BLUE) + 5010 (YELLOW) + 5011 (GREEN)	Misc	miscellaneous_4000-4999						nan														nan	nan																	
4055.0	? YPD from 4048	nan		nan			4473	5012 (RED) + 5013 (BLUE) + 5014 (YELLOW) + 5015 (GREEN)	Misc	miscellaneous_4000-4999						nan														nan	nan																	
4056.0	(4056 = 5000 (RED) + 5001 (BLUE) + 5002 (YELLOW) + 5003 (GREEN) on YPD+G418)	nan		nan			4474	5016 (RED) + 5017 (BLUE) + 5018 (YELLOW) + 5019 (GREEN)	Misc	miscellaneous_4000-4999						nan														?	nan																	
4057.0	4056 on CSM-HIS+5FOA	nan		nan			4475	5020 (RED) + 5021 (BLUE) + 5022 (YELLOW) + 5023 (GREEN)	Misc	miscellaneous_4000-4999						nan														?	nan																	
4058.0	4056 on CSM-HIS+5FOA+5FC	nan		4058?			4476	5024 (RED) + 5025 (BLUE) + 5026 (YELLOW) + 5027 (GREEN)	Misc	miscellaneous_4000-4999						nan														?	nan																	
4059.0	5004 (RED) + 5005 (BLUE) + 5006 (YELLOW) + 5007 (GREEN)	nan		4061			4477	5028 (RED) + 5029 (BLUE) + 5030 (YELLOW) + 5031 (GREEN)	Misc	miscellaneous_4000-4999						nan														nan	4485																	
4060.0	4059 on CSM-HIS	nan		4064			4478	5032 (RED) + 5033 (BLUE) + 5034 (YELLOW) + 5035 (GREEN)	Misc	miscellaneous_4000-4999						nan														 on CSM-HIS	4486																	
4061.0	4059 on CSM-HIS+5FOA+5FC	nan		4067			4479	5036 (RED) + 5037 (BLUE) + 5038 (YELLOW) + 5039 (GREEN)	Misc	miscellaneous_4000-4999						nan														 on CSM-HIS+5FOA+5FC	4487																	
4062.0	5008 (RED) + 5009 (BLUE) + 5010 (YELLOW) + 5011 (GREEN)	nan		4070			4480	5040 (RED) + 5041 (BLUE) + 5042 (YELLOW) + 5043 (GREEN)	Misc	miscellaneous_4000-4999						nan														nan	4488																	
4063.0	4062 on CSM-HIS	nan		4073			4481	5044 (RED) + 5045 (BLUE) + 5046 (YELLOW) + 5047 (GREEN)	Misc	miscellaneous_4000-4999						nan														 on CSM-HIS	4489																	
4064.0	4062 on CSM-HIS+5FOA+5FC	nan		4076			4482	5048 (RED) + 5049 (BLUE) + 5050 (YELLOW) + 5051 (GREEN)	Misc	miscellaneous_4000-4999						nan														 on CSM-HIS+5FOA+5FC	4490																	
4065.0	5012 (RED) + 5013 (BLUE) + 5014 (YELLOW) + 5015 (GREEN)	nan		nan			4483	5052 (RED) + 5053 (BLUE) + 5054 (YELLOW) + 5055 (GREEN)	Misc	miscellaneous_4000-4999						nan														nan	4491?																	
4066.0	4065 on CSM-HIS	nan		4079			4484	5056 (RED) + 5057 (BLUE) + 5058 (YELLOW) + 5059 (GREEN)	Misc	miscellaneous_4000-4999						nan														 on CSM-HIS	4492																	
4067.0	4065 on CSM-HIS+5FOA+5FC	4485		nan			4470	CSM-HIS+300 uM 5FC	Misc	miscellaneous_4000-4999						nan														 on CSM-HIS+5FOA+5FC	nan																	
4068.0	5016 (RED) + 5017 (BLUE) + 5018 (YELLOW) + 5019 (GREEN)	4486		nan			4471	CSM-HIS+300 uM 5FC	Misc	miscellaneous_4000-4999						nan														nan	nan																	
4069.0	4068 on CSM-HIS	4487		nan			4472	CSM-HIS+300 uM 5FC	Misc	miscellaneous_4000-4999						nan														 on CSM-HIS	nan																	
4070.0	4068 on CSM-HIS+5FOA+5FC	4488		nan			4473	CSM-HIS+300 uM 5FC	Misc	miscellaneous_4000-4999						nan														 on CSM-HIS+5FOA+5FC	nan																	
4071.0	5020 (RED) + 5021 (BLUE) + 5022 (YELLOW) + 5023 (GREEN)	4489		nan			4474	CSM-HIS+300 uM 5FC	Misc	miscellaneous_4000-4999						nan														nan	nan																	
4072.0	4071 on CSM-HIS	4490		nan			4475	CSM-HIS+300 uM 5FC	Misc	miscellaneous_4000-4999						nan														 on CSM-HIS	nan																	
4073.0	4071 on CSM-HIS+5FOA+5FC	4491		nan			4476	CSM-HIS+300 uM 5FC	Misc	miscellaneous_4000-4999						nan														 on CSM-HIS+5FOA+5FC	nan																	
4074.0	5024 (RED) + 5025 (BLUE) + 5026 (YELLOW) + 5027 (GREEN)	4492		nan			4477	CSM-HIS+300 uM 5FC	Misc	miscellaneous_4000-4999						nan														nan	nan																	
4075.0	4074 on CSM-HIS	4493		nan			4478	CSM-HIS+300 uM 5FC	Misc	miscellaneous_4000-4999						nan														 on CSM-HIS	nan																	
4076.0	4074 on CSM-HIS+5FOA+5FC	4494		nan			4479	CSM-HIS+300 uM 5FC	Misc	miscellaneous_4000-4999						nan														 on CSM-HIS+5FOA+5FC	nan																	
4077.0	5028 (RED) + 5029 (BLUE) + 5030 (YELLOW) + 5031 (GREEN)	4495		nan			4480	CSM-HIS+300 uM 5FC	Misc	miscellaneous_4000-4999						nan														nan	nan																	
4078.0	4077 on CSM-HIS	4496		nan			4481	CSM-HIS+300 uM 5FC	Misc	miscellaneous_4000-4999						nan														 on CSM-HIS	nan																	
4079.0	4077 on CSM-HIS+5FOA+5FC	4497		nan			4482	CSM-HIS+300 uM 5FC	Misc	miscellaneous_4000-4999						nan														 on CSM-HIS+5FOA+5FC	nan																	
4080.0	not used	4498		nan			4483	CSM-HIS+300 uM 5FC	Misc	miscellaneous_4000-4999						nan														not used	nan																	
4081.0	not used	4499		nan			4484	CSM-HIS+300 uM 5FC	Misc	miscellaneous_4000-4999						nan														not used	nan																	
4082.0	not used	nan		stamping date			nan	nan	Misc	miscellaneous_4000-4999						nan														not used	media prep date																	
4083.0	5060 (RED) + 5061 (BLUE) + 5062 (YELLOW) + 5063 (GREEN)	nan		2022-10-02 00:00:00			5060 (RED) + 5061 (BLUE) + 5062 (YELLOW) + 5063 (GREEN)	nan	Misc	miscellaneous_4000-4999						nan														YPD+G418	2022-09-30 00:00:00																	
4084.0	5064 (RED) + 5065 (BLUE) + 5066 (YELLOW) + 5067 (GREEN)	nan		2022-10-02 00:00:00			5064 (RED) + 5065 (BLUE) + 5066 (YELLOW) + 5067 (GREEN)	nan	Misc	miscellaneous_4000-4999						nan														YPD+G418	2022-09-30 00:00:00																	
4085.0	5068 (RED) + 5069 (BLUE) + 5070 (YELLOW) + 5071 (GREEN)	nan		2022-10-02 00:00:00			5068 (RED) + 5069 (BLUE) + 5070 (YELLOW) + 5071 (GREEN)	nan	Misc	miscellaneous_4000-4999						nan														YPD+G418	2022-09-30 00:00:00																	
4086.0	5072 (RED) + 5073 (BLUE) + 5074 (YELLOW) + 5075 (GREEN)	nan		2022-10-02 00:00:00			5072 (RED) + 5073 (BLUE) + 5074 (YELLOW) + 5075 (GREEN)	nan	Misc	miscellaneous_4000-4999						nan														YPD+G418	2022-09-30 00:00:00																	
4087.0	5076 (RED) + 5077 (BLUE) + 5078 (YELLOW) + 5079 (GREEN)	nan		2022-10-02 00:00:00			5076 (RED) + 5077 (BLUE) + 5078 (YELLOW) + 5079 (GREEN)	nan	Misc	miscellaneous_4000-4999						nan														YPD+G418	2022-09-30 00:00:00																	
4088.0	5080 (RED) + 5081 (BLUE) + 5082 (YELLOW) + 5083 (GREEN)	nan		2022-10-03 00:00:00			5080 (RED) + 5081 (BLUE) + 5082 (YELLOW) + 5083 (GREEN)	nan	Misc	miscellaneous_4000-4999						nan														YPD+G418	2022-09-30 00:00:00																	
4089.0	5084 (RED) + 5085 (BLUE) + 5086 (YELLOW) + 5087 (GREEN)	nan		2022-10-02 00:00:00			5084 (RED) + 5085 (BLUE) + 5086 (YELLOW) + 5087 (GREEN)	nan	Misc	miscellaneous_4000-4999						nan														YPD+G418	2022-09-30 00:00:00																	
4090.0	5088 (RED) + 5089 (BLUE) + 5090 (YELLOW) + 5091 (GREEN)	nan		2022-10-02 00:00:00			5088 (RED) + 5089 (BLUE) + 5090 (YELLOW) + 5091 (GREEN)	nan	Misc	miscellaneous_4000-4999						nan														YPD+G418	2022-09-30 00:00:00																	
4091.0	5092 (RED) + 5093 (BLUE) + 5094 (YELLOW) + 5095 (GREEN)	nan		2022-10-03 00:00:00			5092 (RED) + 5093 (BLUE) + 5094 (YELLOW) + 5095 (GREEN)	nan	Misc	miscellaneous_4000-4999						nan														YPD+G418	2022-09-30 00:00:00																	
4092.0	4083	nan		2022-10-03 00:00:00			nan	nan	Misc	miscellaneous_4000-4999						nan														CSM-HIS+5FC	2022-05-13 00:00:00																	
4093.0	4084	nan		2022-10-03 00:00:00			nan	nan	Misc	miscellaneous_4000-4999						nan														CSM-HIS+5FC	2022-05-13 00:00:00																	
4094.0	4085	nan		2022-10-03 00:00:00			nan	nan	Misc	miscellaneous_4000-4999						nan														CSM-HIS+5FC	2022-05-13 00:00:00																	
4095.0	4086	nan		2022-10-03 00:00:00			nan	nan	Misc	miscellaneous_4000-4999						nan														CSM-HIS+5FC	2022-05-13 00:00:00																	
4096.0	4087	nan		2022-10-03 00:00:00			nan	nan	Misc	miscellaneous_4000-4999						nan														CSM-HIS+5FC	2022-05-13 00:00:00																	
4097.0	4088	nan		2022-10-04 00:00:00			nan	nan	Misc	miscellaneous_4000-4999						nan														CSM-HIS+5FC	2022-05-13 00:00:00																	
4098.0	4089	nan		2022-10-03 00:00:00			nan	nan	Misc	miscellaneous_4000-4999						nan														CSM-HIS+5FC	2022-05-13 00:00:00																	
4099.0	4090	nan		2022-10-03 00:00:00			nan	nan	Misc	miscellaneous_4000-4999						nan														CSM-HIS+5FC	2022-05-13 00:00:00																	
4100.0	4091	nan		2022-10-03 00:00:00			nan	nan	Misc	miscellaneous_4000-4999						nan														CSM-HIS+5FC	2022-05-13 00:00:00																	
4101.0	4083	nan		2022-10-03 00:00:00			nan	nan	Misc	miscellaneous_4000-4999						nan														YPD	2022-09-30 00:00:00																	
4102.0	4084	nan		2022-10-03 00:00:00			nan	nan	Misc	miscellaneous_4000-4999						nan														YPD	2022-09-30 00:00:00																	
4103.0	4085	nan		2022-10-03 00:00:00			nan	nan	Misc	miscellaneous_4000-4999						nan														YPD	2022-09-30 00:00:00																	
4104.0	4086	nan		2022-10-03 00:00:00			nan	nan	Misc	miscellaneous_4000-4999						nan														YPD	2022-09-30 00:00:00																	
4105.0	4087	nan		2022-10-03 00:00:00			nan	nan	Misc	miscellaneous_4000-4999						nan														YPD	2022-09-30 00:00:00																	
4106.0	4088	nan		2022-10-04 00:00:00			nan	nan	Misc	miscellaneous_4000-4999						nan														YPD	2022-09-30 00:00:00																	
4107.0	4089	nan		2022-10-03 00:00:00			nan	nan	Misc	miscellaneous_4000-4999						nan														YPD	2022-09-30 00:00:00																	
4108.0	4090	nan		2022-10-03 00:00:00			nan	nan	Misc	miscellaneous_4000-4999						nan														YPD	2022-09-30 00:00:00																	
4109.0	4091	nan		2022-10-03 00:00:00			nan	nan	Misc	miscellaneous_4000-4999						nan														YPD	2022-09-30 00:00:00																	
4110.0	4083	Looks very good		2022-10-03 00:00:00			nan	nan	Misc	miscellaneous_4000-4999						nan														YPD + 3 uM tunicamycin	2022-10-02 00:00:00																	
4111.0	4084	nan		2022-10-03 00:00:00			nan	nan	Misc	miscellaneous_4000-4999						nan														YPD + 3 uM tunicamycin	2022-10-02 00:00:00																	
4112.0	4085	nan		2022-10-03 00:00:00			nan	nan	Misc	miscellaneous_4000-4999						nan														YPD + 3 uM tunicamycin	2022-10-02 00:00:00																	
4113.0	4086	nan		2022-10-03 00:00:00			nan	nan	Misc	miscellaneous_4000-4999						nan														YPD + 3 uM tunicamycin	2022-10-02 00:00:00																	
4114.0	4087	nan		2022-10-03 00:00:00			nan	nan	Misc	miscellaneous_4000-4999						nan														YPD + 3 uM tunicamycin	2022-10-02 00:00:00																	
4115.0	4088	nan		2022-10-04 00:00:00			nan	nan	Misc	miscellaneous_4000-4999						nan														YPD + 3 uM tunicamycin	2022-10-02 00:00:00																	
4116.0	4089	nan		2022-10-03 00:00:00			nan	nan	Misc	miscellaneous_4000-4999						nan														YPD + 3 uM tunicamycin	2022-06-06 00:00:00																	
4117.0	4090	nan		2022-10-03 00:00:00			nan	nan	Misc	miscellaneous_4000-4999						nan														YPD + 3 uM tunicamycin	2022-06-06 00:00:00																	
4118.0	4091	nan		2022-10-03 00:00:00			nan	nan	Misc	miscellaneous_4000-4999						nan														YPD + 3 uM tunicamycin	2022-06-06 00:00:00																	
4119.0	4083	nan		2022-10-03 00:00:00			nan	nan	Misc	miscellaneous_4000-4999						nan														YPD + 100 uM fluconazole	2022-10-02 00:00:00																	
4120.0	4084	nan		2022-10-03 00:00:00			nan	nan	Misc	miscellaneous_4000-4999						nan														YPD + 100 uM fluconazole	2022-10-02 00:00:00																	
4121.0	4085	nan		2022-10-03 00:00:00			nan	nan	Misc	miscellaneous_4000-4999						nan														YPD + 100 uM fluconazole	2022-10-02 00:00:00																	
4122.0	4086	nan		2022-10-03 00:00:00			nan	nan	Misc	miscellaneous_4000-4999						nan														YPD + 100 uM fluconazole	2022-10-02 00:00:00																	
4123.0	4087	nan		2022-10-03 00:00:00			nan	nan	Misc	miscellaneous_4000-4999						nan														YPD + 100 uM fluconazole	2022-10-02 00:00:00																	
4124.0	4088	nan		2022-10-04 00:00:00			nan	nan	Misc	miscellaneous_4000-4999						nan														YPD + 100 uM fluconazole	2022-10-02 00:00:00																	
4125.0	4089	nan		2022-10-03 00:00:00			nan	nan	Misc	miscellaneous_4000-4999						nan														YPD + 100 uM fluconazole	2022-10-02 00:00:00																	
4126.0	4090	nan		2022-10-03 00:00:00			nan	nan	Misc	miscellaneous_4000-4999						nan														YPD + 100 uM fluconazole	2022-10-02 00:00:00																	
4127.0	4091	nan		2022-10-03 00:00:00			nan	nan	Misc	miscellaneous_4000-4999						nan														YPD + 100 uM fluconazole	2022-10-02 00:00:00																	
4128.0	4083	nan		2022-10-03 00:00:00			nan	nan	Misc	miscellaneous_4000-4999						nan														YPEG + G418 pH 5.5	2020-07-01 00:00:00																	
4129.0	4084	nan		2022-10-03 00:00:00			nan	nan	Misc	miscellaneous_4000-4999						nan														YPEG + G418 pH 5.5	2020-07-01 00:00:00																	
4130.0	4085	nan		2022-10-03 00:00:00			nan	nan	Misc	miscellaneous_4000-4999						nan														YPEG + G418 pH 5.5	2020-07-01 00:00:00																	
4131.0	4086	nan		2022-10-03 00:00:00			nan	nan	Misc	miscellaneous_4000-4999						nan														YPEG + G418 pH 5.5	2020-07-01 00:00:00																	
4132.0	4087	nan		2022-10-03 00:00:00			nan	nan	Misc	miscellaneous_4000-4999						nan														YPEG + G418 pH 5.5	2020-07-01 00:00:00																	
4133.0	4088	nan		2022-10-04 00:00:00			nan	nan	Misc	miscellaneous_4000-4999						nan														YPEG + G418 pH 5.5	2020-07-01 00:00:00																	
4134.0	4089	nan		2022-10-03 00:00:00			nan	nan	Misc	miscellaneous_4000-4999						nan														YPEG + G418 pH 5.5	2020-07-01 00:00:00																	
4135.0	4090	nan		2022-10-03 00:00:00			nan	nan	Misc	miscellaneous_4000-4999						nan														YPEG + G418 pH 5.5	2020-07-01 00:00:00																	
4136.0	4091	nan		2022-10-03 00:00:00			nan	nan	Misc	miscellaneous_4000-4999						nan														YPEG + G418 pH 5.5	2020-07-01 00:00:00																	
4137.0	4083	nan		2022-10-03 00:00:00			nan	nan	Misc	miscellaneous_4000-4999						nan														YP+fructose	2022-09-30 00:00:00																	
4138.0	4084	nan		2022-10-03 00:00:00			nan	nan	Misc	miscellaneous_4000-4999						nan														YP+fructose	2022-09-30 00:00:00																	
4139.0	4085	nan		2022-10-03 00:00:00			nan	nan	Misc	miscellaneous_4000-4999						nan														YP+fructose	2022-09-30 00:00:00																	
4140.0	4086	nan		2022-10-03 00:00:00			nan	nan	Misc	miscellaneous_4000-4999						nan														YP+fructose	2022-09-30 00:00:00																	
4141.0	4087	nan		2022-10-03 00:00:00			nan	nan	Misc	miscellaneous_4000-4999						nan														YP+fructose	2022-09-30 00:00:00																	
4142.0	4088	nan		2022-10-04 00:00:00			nan	nan	Misc	miscellaneous_4000-4999						nan														YP+fructose	2022-09-30 00:00:00																	
4143.0	4089	nan		2022-10-03 00:00:00			nan	nan	Misc	miscellaneous_4000-4999						nan														YP+fructose	2022-09-30 00:00:00																	
4144.0	4090	nan		2022-10-03 00:00:00			nan	nan	Misc	miscellaneous_4000-4999						nan														YP+fructose	2022-09-30 00:00:00																	
4145.0	4091	nan		2022-10-03 00:00:00			nan	nan	Misc	miscellaneous_4000-4999						nan														YP+fructose	2022-09-30 00:00:00																	
4146.0	4083	nan		2022-10-03 00:00:00			nan	nan	Misc	miscellaneous_4000-4999						nan														YP+galactose	2022-09-30 00:00:00																	
4147.0	4084	nan		2022-10-03 00:00:00			nan	nan	Misc	miscellaneous_4000-4999						nan														YP+galactose	2022-09-30 00:00:00																	
4148.0	4085	nan		2022-10-03 00:00:00			nan	nan	Misc	miscellaneous_4000-4999						nan														YP+galactose	2022-09-30 00:00:00																	
4149.0	4086	nan		2022-10-03 00:00:00			nan	nan	Misc	miscellaneous_4000-4999						nan														YP+galactose	2022-09-30 00:00:00																	
4150.0	4087	nan		2022-10-03 00:00:00			nan	nan	Misc	miscellaneous_4000-4999						nan														YP+galactose	2022-09-30 00:00:00																	
4151.0	4088	nan		2022-10-04 00:00:00			nan	nan	Misc	miscellaneous_4000-4999						nan														YP+galactose	2022-09-30 00:00:00																	
4152.0	4089	nan		2022-10-03 00:00:00			nan	nan	Misc	miscellaneous_4000-4999						nan														YP+galactose	2022-09-30 00:00:00																	
4153.0	4090	nan		2022-10-03 00:00:00			nan	nan	Misc	miscellaneous_4000-4999						nan														YP+galactose	2022-09-30 00:00:00																	
4154.0	4091	nan		2022-10-03 00:00:00			nan	nan	Misc	miscellaneous_4000-4999						nan														YP+galactose	2022-09-30 00:00:00																	
4155.0	4083	nan		2022-10-03 00:00:00			nan	nan	Misc	miscellaneous_4000-4999						nan														YP+glycerol	2022-09-30 00:00:00																	
4156.0	4084	nan		2022-10-03 00:00:00			nan	nan	Misc	miscellaneous_4000-4999						nan														YP+glycerol	2022-09-30 00:00:00																	
4157.0	4085	nan		2022-10-03 00:00:00			nan	nan	Misc	miscellaneous_4000-4999						nan														YP+glycerol	2022-09-30 00:00:00																	
4158.0	4086	nan		2022-10-03 00:00:00			nan	nan	Misc	miscellaneous_4000-4999						nan														YP+glycerol	2022-09-30 00:00:00																	
4159.0	4087	nan		2022-10-03 00:00:00			nan	nan	Misc	miscellaneous_4000-4999						nan														YP+glycerol	2022-09-30 00:00:00																	
4160.0	4088	nan		2022-10-04 00:00:00			nan	nan	Misc	miscellaneous_4000-4999						nan														YP+glycerol	2022-09-30 00:00:00																	
4161.0	4089	nan		2022-10-03 00:00:00			nan	nan	Misc	miscellaneous_4000-4999						nan														YP+glycerol	2022-09-30 00:00:00																	
4162.0	4090	nan		2022-10-03 00:00:00			nan	nan	Misc	miscellaneous_4000-4999						nan														YP+glycerol	2022-09-30 00:00:00																	
4163.0	4091	nan		2022-10-03 00:00:00			nan	nan	Misc	miscellaneous_4000-4999						nan														YP+glycerol	2022-09-30 00:00:00																	
4164.0	4083	nan		2022-10-03 00:00:00			nan	nan	Misc	miscellaneous_4000-4999						nan														YP+raffinose	2022-09-30 00:00:00																	
4165.0	4084	nan		2022-10-03 00:00:00			nan	nan	Misc	miscellaneous_4000-4999						nan														YP+raffinose	2022-09-30 00:00:00																	
4166.0	4085	nan		2022-10-03 00:00:00			nan	nan	Misc	miscellaneous_4000-4999						nan														YP+raffinose	2022-09-30 00:00:00																	
4167.0	4086	nan		2022-10-03 00:00:00			nan	nan	Misc	miscellaneous_4000-4999						nan														YP+raffinose	2022-09-30 00:00:00																	
4168.0	4087	nan		2022-10-03 00:00:00			nan	nan	Misc	miscellaneous_4000-4999						nan														YP+raffinose	2022-09-30 00:00:00																	
4169.0	4088	nan		2022-10-04 00:00:00			nan	nan	Misc	miscellaneous_4000-4999						nan														YP+raffinose	2022-09-30 00:00:00																	
4170.0	4089	nan		2022-10-03 00:00:00			nan	nan	Misc	miscellaneous_4000-4999						nan														YP+raffinose	2022-09-30 00:00:00																	
4171.0	4090	nan		2022-10-03 00:00:00			nan	nan	Misc	miscellaneous_4000-4999						nan														YP+raffinose	2022-09-30 00:00:00																	
4172.0	4091	nan		2022-10-03 00:00:00			nan	nan	Misc	miscellaneous_4000-4999						nan														YP+raffinose	2022-09-30 00:00:00																	
4173.0	4083	nan		2022-10-03 00:00:00			nan	nan	Misc	miscellaneous_4000-4999						nan														YP+sucrose	2022-09-30 00:00:00																	
4174.0	4084	nan		2022-10-03 00:00:00			nan	nan	Misc	miscellaneous_4000-4999						nan														YP+sucrose	2022-09-30 00:00:00																	
4175.0	4085	nan		2022-10-03 00:00:00			nan	nan	Misc	miscellaneous_4000-4999						nan														YP+sucrose	2022-09-30 00:00:00																	
4176.0	4086	nan		2022-10-03 00:00:00			nan	nan	Misc	miscellaneous_4000-4999						nan														YP+sucrose	2022-09-30 00:00:00																	
4177.0	4087	nan		2022-10-03 00:00:00			nan	nan	Misc	miscellaneous_4000-4999						nan														YP+sucrose	2022-09-30 00:00:00																	
4178.0	4088	nan		2022-10-04 00:00:00			nan	nan	Misc	miscellaneous_4000-4999						nan														YP+sucrose	2022-09-30 00:00:00																	
4179.0	4089	nan		2022-10-03 00:00:00			nan	nan	Misc	miscellaneous_4000-4999						nan														YP+sucrose	2022-09-30 00:00:00																	
4180.0	4090	nan		2022-10-03 00:00:00			nan	nan	Misc	miscellaneous_4000-4999						nan														YP+sucrose	2022-09-30 00:00:00																	
4181.0	4091	nan		2022-10-03 00:00:00			nan	nan	Misc	miscellaneous_4000-4999						nan														YP+sucrose	2022-09-30 00:00:00																	
4182.0	4083	Looks good		2022-10-03 00:00:00			nan	nan	Misc	miscellaneous_4000-4999						nan														YPD + 10 mM Caffeine	2022-06-03 00:00:00																	
4183.0	4084	nan		2022-10-03 00:00:00			nan	nan	Misc	miscellaneous_4000-4999						nan														YPD + 10 mM Caffeine	2022-06-03 00:00:00																	
4184.0	4085	nan		2022-10-03 00:00:00			nan	nan	Misc	miscellaneous_4000-4999						nan														YPD + 10 mM Caffeine	2022-06-03 00:00:00																	
4185.0	4086	nan		2022-10-03 00:00:00			nan	nan	Misc	miscellaneous_4000-4999						nan														YPD + 10 mM Caffeine	2022-06-03 00:00:00																	
4186.0	4087	nan		2022-10-03 00:00:00			nan	nan	Misc	miscellaneous_4000-4999						nan														YPD + 10 mM Caffeine	2022-06-03 00:00:00																	
4187.0	4088	nan		2022-10-04 00:00:00			nan	nan	Misc	miscellaneous_4000-4999						nan														YPD + 10 mM Caffeine	2022-06-03 00:00:00																	
4188.0	4089	nan		2022-10-03 00:00:00			nan	nan	Misc	miscellaneous_4000-4999						nan														YPD + 10 mM Caffeine	2022-06-03 00:00:00																	
4189.0	4090	nan		2022-10-03 00:00:00			nan	nan	Misc	miscellaneous_4000-4999						nan														YPD + 10 mM Caffeine	2021-11-17 00:00:00																	
4190.0	4091	nan		2022-10-03 00:00:00			nan	nan	Misc	miscellaneous_4000-4999						nan														YPD + 10 mM Caffeine	2021-11-17 00:00:00																	
4191.0	4083	nan		2022-10-03 00:00:00			nan	nan	Misc	miscellaneous_4000-4999						nan														YPD + 800 mM Magnesium Chloride Hexahydrate	2022-06-03 00:00:00																	
4192.0	4084	nan		2022-10-05 00:00:00			nan	nan	Misc	miscellaneous_4000-4999						nan														YPD + 800 mM Magnesium Chloride Hexahydrate	2022-06-03 00:00:00																	
4193.0	4085	nan		2022-10-05 00:00:00			nan	nan	Misc	miscellaneous_4000-4999						nan														YPD + 800 mM Magnesium Chloride Hexahydrate	2022-06-03 00:00:00																	
4194.0	4086	nan		2022-10-05 00:00:00			nan	nan	Misc	miscellaneous_4000-4999						nan														YPD + 800 mM Magnesium Chloride Hexahydrate	2022-06-03 00:00:00																	
4195.0	4087	nan		nan			nan	nan	Misc	miscellaneous_4000-4999						nan														YPD + 800 mM Magnesium Chloride Hexahydrate	2022-06-03 00:00:00																	
4196.0	4088	nan		nan			nan	nan	Misc	miscellaneous_4000-4999						nan														YPD + 800 mM Magnesium Chloride Hexahydrate	2022-06-03 00:00:00																	
4197.0	4089	nan		nan			nan	nan	Misc	miscellaneous_4000-4999						nan														YPD + 400 mM Magnesium Chloride Hexahydrate	2021-11-17 00:00:00																	
4198.0	4090	nan		nan			nan	nan	Misc	miscellaneous_4000-4999						nan														YPD + 400 mM Magnesium Chloride Hexahydrate	2021-11-17 00:00:00																	
4199.0	4091	nan		nan			nan	nan	Misc	miscellaneous_4000-4999						nan														YPD + 400 mM Magnesium Chloride Hexahydrate	2021-11-17 00:00:00																	
4200.0	4083	nan		2022-10-03 00:00:00			nan	nan	Misc	miscellaneous_4000-4999						nan														YPD + 10 mM Manganese Sulfate	2022-06-03 00:00:00																	
4201.0	4084	nan		2022-10-03 00:00:00			nan	nan	Misc	miscellaneous_4000-4999						nan														YPD + 10 mM Manganese Sulfate	2022-06-03 00:00:00																	
4202.0	4085	nan		2022-10-03 00:00:00			nan	nan	Misc	miscellaneous_4000-4999						nan														YPD + 10 mM Manganese Sulfate	2022-06-03 00:00:00																	
4203.0	4086	nan		2022-10-03 00:00:00			nan	nan	Misc	miscellaneous_4000-4999						nan														YPD + 10 mM Manganese Sulfate	2022-06-03 00:00:00																	
4204.0	4087	nan		nan			nan	nan	Misc	miscellaneous_4000-4999						nan														YPD + 10 mM Manganese Sulfate	2022-06-03 00:00:00																	
4205.0	4088	nan		nan			nan	nan	Misc	miscellaneous_4000-4999						nan														YPD + 10 mM Manganese Sulfate	2022-06-03 00:00:00																	
4206.0	4089	nan		nan			nan	nan	Misc	miscellaneous_4000-4999						nan														no plate available	no plate available																	
4207.0	4090	nan		nan			nan	nan	Misc	miscellaneous_4000-4999						nan														no plate available	no plate available																	
4208.0	4091	nan		nan			nan	nan	Misc	miscellaneous_4000-4999						nan														no plate available	no plate available																	
4209.0	4083	nan		nan			nan	nan	Misc	miscellaneous_4000-4999						nan														no plate available	no plate available																	
4210.0	4084	nan		nan			nan	nan	Misc	miscellaneous_4000-4999						nan														no plate available	no plate available																	
4211.0	4085	nan		nan			nan	nan	Misc	miscellaneous_4000-4999						nan														no plate available	no plate available																	
4212.0	4086	nan		nan			nan	nan	Misc	miscellaneous_4000-4999						nan														no plate available	no plate available																	
4213.0	4087	nan		nan			nan	nan	Misc	miscellaneous_4000-4999						nan														YPD + 100 mM Lithium Chloride	2022-06-03 00:00:00																	
4214.0	4088	nan		nan			nan	nan	Misc	miscellaneous_4000-4999						nan														YPD + 100 mM Lithium Chloride	2022-06-03 00:00:00																	
4215.0	4089	nan		nan			nan	nan	Misc	miscellaneous_4000-4999						nan														YPD + 100 mM Lithium Chloride	2022-06-03 00:00:00																	
4216.0	4090	nan		nan			nan	nan	Misc	miscellaneous_4000-4999						nan														YPD + 100 mM Lithium Chloride	2022-06-03 00:00:00																	
4217.0	4091	nan		nan			nan	nan	Misc	miscellaneous_4000-4999						nan														YPD + 100 mM Lithium Chloride	2022-06-03 00:00:00																	
4218.0	4083	nan		2022-10-03 00:00:00			nan	nan	Misc	miscellaneous_4000-4999						nan														YPD + 5 mg/mL Neomycin	2022-06-03 00:00:00																	
4219.0	4084	nan		2022-10-03 00:00:00			nan	nan	Misc	miscellaneous_4000-4999						nan														YPD + 5 mg/mL Neomycin	2022-06-03 00:00:00																	
4220.0	4085	nan		2022-10-03 00:00:00			nan	nan	Misc	miscellaneous_4000-4999						nan														YPD + 5 mg/mL Neomycin	2022-06-03 00:00:00																	
4221.0	4086	nan		2022-10-03 00:00:00			nan	nan	Misc	miscellaneous_4000-4999						nan														YPD + 5 mg/mL Neomycin	2022-06-03 00:00:00																	
4222.0	4087	nan		nan			nan	nan	Misc	miscellaneous_4000-4999						nan														YPD + 5 mg/mL Neomycin	2022-06-03 00:00:00																	
4223.0	4088	nan		nan			nan	nan	Misc	miscellaneous_4000-4999						nan														YPD + 5 mg/mL Neomycin	2022-06-03 00:00:00																	
4224.0	4089	nan		nan			nan	nan	Misc	miscellaneous_4000-4999						nan														YPD + 5 mg/mL Neomycin	2022-06-03 00:00:00																	
4225.0	4090	nan		nan			nan	nan	Misc	miscellaneous_4000-4999						nan														YPD + 5 mg/mL Neomycin	2021-11-17 00:00:00																	
4226.0	4091	nan		nan			nan	nan	Misc	miscellaneous_4000-4999						nan														YPD + 5 mg/mL Neomycin	2021-11-17 00:00:00																	
4227.0	4083	nan		2022-10-03 00:00:00			nan	nan	Misc	miscellaneous_4000-4999						nan														YPD + 800 μM Methotrexate	2022-06-03 00:00:00																	
4228.0	4084	nan		2022-10-03 00:00:00			nan	nan	Misc	miscellaneous_4000-4999						nan														YPD + 800 μM Methotrexate	2022-06-03 00:00:00																	
4229.0	4085	nan		2022-10-03 00:00:00			nan	nan	Misc	miscellaneous_4000-4999						nan														YPD + 800 μM Methotrexate	2022-06-03 00:00:00																	
4230.0	4086	nan		2022-10-03 00:00:00			nan	nan	Misc	miscellaneous_4000-4999						nan														YPD + 800 μM Methotrexate	2022-06-03 00:00:00																	
4231.0	4087	nan		nan			nan	nan	Misc	miscellaneous_4000-4999						nan														YPD + 800 μM Methotrexate	2022-06-03 00:00:00																	
4232.0	4088	nan		nan			nan	nan	Misc	miscellaneous_4000-4999						nan														YPD + 800 μM Methotrexate	2022-06-03 00:00:00																	
4233.0	4089	nan		nan			nan	nan	Misc	miscellaneous_4000-4999						nan														YPD + 800 μM Methotrexate	2022-06-03 00:00:00																	
4234.0	4090	nan		nan			nan	nan	Misc	miscellaneous_4000-4999						nan														YPD + 800 μM Methotrexate	2021-11-17 00:00:00																	
4235.0	4091	nan		nan			nan	nan	Misc	miscellaneous_4000-4999						nan														YPD + 800 μM Methotrexate	2021-11-17 00:00:00																	
4236.0	4083	nan		2022-10-03 00:00:00			nan	nan	Misc	miscellaneous_4000-4999						nan														YPD + 50 ug/mL 6-azauracil	2022-06-03 00:00:00																	
4237.0	4084	nan		2022-10-03 00:00:00			nan	nan	Misc	miscellaneous_4000-4999						nan														YPD + 50 ug/mL 6-azauracil	2022-06-03 00:00:00																	
4238.0	4085	nan		2022-10-03 00:00:00			nan	nan	Misc	miscellaneous_4000-4999						nan														YPD + 50 ug/mL 6-azauracil	2022-06-03 00:00:00																	
4239.0	4086	nan		2022-10-03 00:00:00			nan	nan	Misc	miscellaneous_4000-4999						nan														YPD + 50 ug/mL 6-azauracil	2022-06-03 00:00:00																	
4240.0	4087	nan		nan			nan	nan	Misc	miscellaneous_4000-4999						nan														YPD + 50 ug/mL 6-azauracil	2022-06-03 00:00:00																	
4241.0	4088	nan		nan			nan	nan	Misc	miscellaneous_4000-4999						nan														YPD + 50 ug/mL 6-azauracil	2022-06-03 00:00:00																	
4242.0	4089	nan		nan			nan	nan	Misc	miscellaneous_4000-4999						nan														YPD + 50 ug/mL 6-azauracil	no plate available																	
4243.0	4090	nan		nan			nan	nan	Misc	miscellaneous_4000-4999						nan														YPD + 50 ug/mL 6-azauracil	no plate available																	
4244.0	4091	nan		nan			nan	nan	Misc	miscellaneous_4000-4999						nan														YPD + 50 ug/mL 6-azauracil	no plate available																	
4245.0	4083	nan		2022-10-03 00:00:00			nan	nan	Misc	miscellaneous_4000-4999						nan														YPD + 5 mM EGTA	2022-06-03 00:00:00																	
4246.0	4084	nan		2022-10-03 00:00:00			nan	nan	Misc	miscellaneous_4000-4999						nan														YPD + 5 mM EGTA	2022-06-03 00:00:00																	
4247.0	4085	nan		2022-10-03 00:00:00			nan	nan	Misc	miscellaneous_4000-4999						nan														YPD + 5 mM EGTA	2022-06-03 00:00:00																	
4248.0	4086	nan		2022-10-03 00:00:00			nan	nan	Misc	miscellaneous_4000-4999						nan														YPD + 5 mM EGTA	2022-06-03 00:00:00																	
4249.0	4087	nan		nan			nan	nan	Misc	miscellaneous_4000-4999						nan														YPD + 5 mM EGTA	2022-06-03 00:00:00																	
4250.0	4088	nan		nan			nan	nan	Misc	miscellaneous_4000-4999						nan														YPD + 5 mM EGTA	2022-06-03 00:00:00																	
4251.0	4089	nan		nan			nan	nan	Misc	miscellaneous_4000-4999						nan														YPD + 5 mM EGTA	no plate available																	
4252.0	4090	nan		nan			nan	nan	Misc	miscellaneous_4000-4999						nan														YPD + 5 mM EGTA	no plate available																	
4253.0	4091	nan		nan			nan	nan	Misc	miscellaneous_4000-4999						nan														YPD + 5 mM EGTA	no plate available																	
4254.0	4083	growth looks almost completely inhibited, much different than the same concentration remade on 10/10		2022-10-03 00:00:00			nan	nan	Misc	miscellaneous_4000-4999						nan														YPD + 500 uM Paraquat (toxic)	2022-06-03 00:00:00																	
4255.0	4084	nan		2022-10-03 00:00:00			nan	nan	Misc	miscellaneous_4000-4999						nan														YPD + 500 uM Paraquat (toxic)	2022-06-03 00:00:00																	
4256.0	4085	nan		2022-10-03 00:00:00			nan	nan	Misc	miscellaneous_4000-4999						nan														YPD + 500 uM Paraquat (toxic)	2022-06-03 00:00:00																	
4257.0	4086	nan		2022-10-03 00:00:00			nan	nan	Misc	miscellaneous_4000-4999						nan														YPD + 500 uM Paraquat (toxic)	2022-06-03 00:00:00																	
4258.0	4087	nan		nan			nan	nan	Misc	miscellaneous_4000-4999						nan														YPD + 500 uM Paraquat (toxic)	2022-06-03 00:00:00																	
4259.0	4088	nan		nan			nan	nan	Misc	miscellaneous_4000-4999						nan														YPD + 500 uM Paraquat (toxic)	2022-06-03 00:00:00																	
4260.0	4089	nan		nan			nan	nan	Misc	miscellaneous_4000-4999						nan														YPD + 1 mM Paraquat (toxic)	2021-11-17 00:00:00																	
4261.0	4090	nan		nan			nan	nan	Misc	miscellaneous_4000-4999						nan														YPD + 1 mM Paraquat (toxic)	2021-11-17 00:00:00																	
4262.0	4091	nan		nan			nan	nan	Misc	miscellaneous_4000-4999						nan														YPD + 1 mM Paraquat (toxic)	2021-11-17 00:00:00																	
4263.0	4083	nan		2022-10-03 00:00:00			nan	nan	Misc	miscellaneous_4000-4999						nan														YPD + 2 mM Cobalt Chloride (toxic)	2022-06-03 00:00:00																	
4264.0	4084	nan		2022-10-03 00:00:00			nan	nan	Misc	miscellaneous_4000-4999						nan														YPD + 2 mM Cobalt Chloride (toxic)	2022-06-03 00:00:00																	
4265.0	4085	nan		2022-10-03 00:00:00			nan	nan	Misc	miscellaneous_4000-4999						nan														YPD + 2 mM Cobalt Chloride (toxic)	2022-06-03 00:00:00																	
4266.0	4086	nan		2022-10-03 00:00:00			nan	nan	Misc	miscellaneous_4000-4999						nan														YPD + 2 mM Cobalt Chloride (toxic)	2022-06-03 00:00:00																	
4267.0	4087	nan		nan			nan	nan	Misc	miscellaneous_4000-4999						nan														YPD + 2 mM Cobalt Chloride (toxic)	2022-06-03 00:00:00																	
4268.0	4088	nan		nan			nan	nan	Misc	miscellaneous_4000-4999						nan														YPD + 2 mM Cobalt Chloride (toxic)	2022-06-03 00:00:00																	
4269.0	4089	nan		nan			nan	nan	Misc	miscellaneous_4000-4999						nan														YPD + 2 mM Cobalt Chloride (toxic)	2021-11-17 00:00:00																	
4270.0	4090	nan		nan			nan	nan	Misc	miscellaneous_4000-4999						nan														YPD + 2 mM Cobalt Chloride (toxic)	2021-11-17 00:00:00																	
4271.0	4091	nan		nan			nan	nan	Misc	miscellaneous_4000-4999						nan														YPD + 2 mM Cobalt Chloride (toxic)	2021-11-17 00:00:00																	
4272.0	4083	Colonies have a strange, shiny appearance. There could be some hits.		2022-10-03 00:00:00			nan	nan	Misc	miscellaneous_4000-4999						nan														YP+lactate+G418	2022-06-08 00:00:00																	
4273.0	4084	nan		2022-10-03 00:00:00			nan	nan	Misc	miscellaneous_4000-4999						nan														YP+lactate+G418	2022-06-08 00:00:00																	
4274.0	4085	nan		2022-10-03 00:00:00			nan	nan	Misc	miscellaneous_4000-4999						nan														YP+lactate+G418	2022-06-08 00:00:00																	
4275.0	4086	nan		2022-10-03 00:00:00			nan	nan	Misc	miscellaneous_4000-4999						nan														YP+lactate+G418	2022-06-08 00:00:00																	
4276.0	4087	nan		nan			nan	nan	Misc	miscellaneous_4000-4999						nan														YP+lactate+G418	2022-06-08 00:00:00																	
4277.0	4088	nan		nan			nan	nan	Misc	miscellaneous_4000-4999						nan														YP+lactate+G418	2022-06-08 00:00:00																	
4278.0	4089	nan		nan			nan	nan	Misc	miscellaneous_4000-4999						nan														YP+lactate+G418	2022-06-08 00:00:00																	
4279.0	4090	nan		nan			nan	nan	Misc	miscellaneous_4000-4999						nan														YP+lactate+G418	2022-06-08 00:00:00																	
4280.0	4091	nan		nan			nan	nan	Misc	miscellaneous_4000-4999						nan														YP+lactate+G418	2022-06-08 00:00:00																	
4281.0	4083	strange halo growth pattern across the plate		2022-10-03 00:00:00			nan	nan	Misc	miscellaneous_4000-4999						nan														YP+maltose+G418	2022-06-09 00:00:00																	
4282.0	4084	nan		2022-10-03 00:00:00			nan	nan	Misc	miscellaneous_4000-4999						nan														YP+maltose+G418	2022-06-09 00:00:00																	
4283.0	4085	nan		2022-10-03 00:00:00			nan	nan	Misc	miscellaneous_4000-4999						nan														YP+maltose+G418	2022-06-09 00:00:00																	
4284.0	4086	nan		2022-10-03 00:00:00			nan	nan	Misc	miscellaneous_4000-4999						nan														YP+maltose+G418	2022-06-09 00:00:00																	
4285.0	4087	nan		nan			nan	nan	Misc	miscellaneous_4000-4999						nan														YP+maltose+G418	2022-06-09 00:00:00																	
4286.0	4088	nan		nan			nan	nan	Misc	miscellaneous_4000-4999						nan														YP+maltose+G418	no plate available																	
4287.0	4089	nan		nan			nan	nan	Misc	miscellaneous_4000-4999						nan														YP+maltose+G418	no plate available																	
4288.0	4090	nan		nan			nan	nan	Misc	miscellaneous_4000-4999						nan														YP+maltose+G418	no plate available																	
4289.0	4091	nan		nan			nan	nan	Misc	miscellaneous_4000-4999						nan														YP+maltose+G418	no plate available																	
4290.0	4083	There is a strange halo growth pattern across the plate. The media should probably be pH'ed next time. There could be some discernible hits in the middle.		2022-10-03 00:00:00			nan	nan	Misc	miscellaneous_4000-4999						nan														YP+trehalose+G418	2022-06-09 00:00:00																	
4291.0	4084	nan		2022-10-03 00:00:00			nan	nan	Misc	miscellaneous_4000-4999						nan														YP+trehalose+G418	2022-06-09 00:00:00																	
4292.0	4085	nan		2022-10-03 00:00:00			nan	nan	Misc	miscellaneous_4000-4999						nan														YP+trehalose+G418	2022-06-09 00:00:00																	
4293.0	4086	nan		2022-10-03 00:00:00			nan	nan	Misc	miscellaneous_4000-4999						nan														YP+trehalose+G418	2022-06-09 00:00:00																	
4294.0	4087	nan		nan			nan	nan	Misc	miscellaneous_4000-4999						nan														YP+trehalose+G418	2022-06-09 00:00:00																	
4295.0	4088	nan		nan			nan	nan	Misc	miscellaneous_4000-4999						nan														YP+trehalose+G418	2022-06-09 00:00:00																	
4296.0	4089	nan		nan			nan	nan	Misc	miscellaneous_4000-4999						nan														YP+trehalose+G418	no plate available																	
4297.0	4090	nan		nan			nan	nan	Misc	miscellaneous_4000-4999						nan														YP+trehalose+G418	no plate available																	
4298.0	4091	nan		nan			nan	nan	Misc	miscellaneous_4000-4999						nan														YP+trehalose+G418	no plate available																	
4299.0	4083	Very bizarre halo growth pattern observed.		2022-10-03 00:00:00			nan	nan	Misc	miscellaneous_4000-4999						nan														YP+xylose+G418	2022-06-09 00:00:00																	
4300.0	4084	nan		2022-10-03 00:00:00			nan	nan	Misc	miscellaneous_4000-4999						nan														YP+xylose+G418	2022-06-09 00:00:00																	
4301.0	4085	nan		2022-10-03 00:00:00			nan	nan	Misc	miscellaneous_4000-4999						nan														YP+xylose+G418	2022-06-09 00:00:00																	
4302.0	4086	nan		2022-10-03 00:00:00			nan	nan	Misc	miscellaneous_4000-4999						nan														YP+xylose+G418	2022-06-09 00:00:00																	
4303.0	4087	nan		nan			nan	nan	Misc	miscellaneous_4000-4999						nan														YP+xylose+G418	2022-06-09 00:00:00																	
4304.0	4088	nan		nan			nan	nan	Misc	miscellaneous_4000-4999						nan														YP+xylose+G418	no plate available																	
4305.0	4089	nan		nan			nan	nan	Misc	miscellaneous_4000-4999						nan														YP+xylose+G418	no plate available																	
4306.0	4090	nan		nan			nan	nan	Misc	miscellaneous_4000-4999						nan														YP+xylose+G418	no plate available																	
4307.0	4091	nan		nan			nan	nan	Misc	miscellaneous_4000-4999						nan														YP+xylose+G418	no plate available																	
4308.0	4083	G418+0.8% SDS, dramatic all or none growth pattern, with outer rim of controls showing many differences, likely too noisy to be used		2022-10-03 00:00:00			nan	nan	Misc	miscellaneous_4000-4999						nan														YPD+G418 + 0.08% SDS	2022-06-06 00:00:00																	
4309.0	4084	nan		2022-10-03 00:00:00			nan	nan	Misc	miscellaneous_4000-4999						nan														YPD+G418 + 0.08% SDS	2022-06-06 00:00:00																	
4310.0	4085	nan		2022-10-03 00:00:00			nan	nan	Misc	miscellaneous_4000-4999						nan														YPD+G418 + 0.08% SDS	2022-06-06 00:00:00																	
4311.0	4086	nan		2022-10-03 00:00:00			nan	nan	Misc	miscellaneous_4000-4999						nan														YPD+G418 + 0.08% SDS	2022-06-06 00:00:00																	
4312.0	4087	nan		nan			nan	nan	Misc	miscellaneous_4000-4999						nan														YPD+G418 + 0.08% SDS	2022-06-06 00:00:00																	
4313.0	4088	nan		nan			nan	nan	Misc	miscellaneous_4000-4999						nan														YPD+G418 + 0.08% SDS	2022-06-06 00:00:00																	
4314.0	4089	nan		nan			nan	nan	Misc	miscellaneous_4000-4999						nan														YPD+G418 + 0.08% SDS	2022-06-06 00:00:00																	
4315.0	4090	nan		nan			nan	nan	Misc	miscellaneous_4000-4999						nan														YPD+G418 + 0.08% SDS	no plate available																	
4316.0	4091	nan		nan			nan	nan	Misc	miscellaneous_4000-4999						nan														YPD+G418 + 0.08% SDS	no plate available																	
4317.0	4083	nan		2022-10-03 00:00:00			nan	nan	Misc	miscellaneous_4000-4999						nan														YPD+G418 + 1 M sorbitol	2022-06-06 00:00:00																	
4318.0	4084	nan		2022-10-03 00:00:00			nan	nan	Misc	miscellaneous_4000-4999						nan														YPD+G418 + 1 M sorbitol	2022-06-06 00:00:00																	
4319.0	4085	nan		2022-10-03 00:00:00			nan	nan	Misc	miscellaneous_4000-4999						nan														YPD+G418 + 1 M sorbitol	2022-06-06 00:00:00																	
4320.0	4086	nan		2022-10-03 00:00:00			nan	nan	Misc	miscellaneous_4000-4999						nan														YPD+G418 + 1 M sorbitol	2022-06-06 00:00:00																	
4321.0	4087	nan		nan			nan	nan	Misc	miscellaneous_4000-4999						nan														YPD+G418 + 1 M sorbitol	2022-06-06 00:00:00																	
4322.0	4088	nan		nan			nan	nan	Misc	miscellaneous_4000-4999						nan														YPD+G418 + 1 M sorbitol	2022-06-06 00:00:00																	
4323.0	4089	nan		nan			nan	nan	Misc	miscellaneous_4000-4999						nan														YPD+G418 + 1 M sorbitol	2022-06-06 00:00:00																	
4324.0	4090	nan		nan			nan	nan	Misc	miscellaneous_4000-4999						nan														YPD+G418 + 1 M sorbitol	no plate available																	
4325.0	4091	nan		nan			nan	nan	Misc	miscellaneous_4000-4999						nan														YPD+G418 + 1 M sorbitol	no plate available																	
4326.0	4083	Colonies have a strange, shiny appearance. There could be some hits.		2022-10-03 00:00:00			nan	nan	Misc	miscellaneous_4000-4999						nan														YPD+G418 + 2 M sorbitol	2022-06-06 00:00:00																	
4327.0	4084	nan		2022-10-03 00:00:00			nan	nan	Misc	miscellaneous_4000-4999						nan														YPD+G418 + 2 M sorbitol	2022-06-06 00:00:00																	
4328.0	4085	nan		2022-10-03 00:00:00			nan	nan	Misc	miscellaneous_4000-4999						nan														YPD+G418 + 2 M sorbitol	2022-06-06 00:00:00																	
4329.0	4086	nan		2022-10-03 00:00:00			nan	nan	Misc	miscellaneous_4000-4999						nan														YPD+G418 + 2 M sorbitol	2022-06-06 00:00:00																	
4330.0	4087	nan		nan			nan	nan	Misc	miscellaneous_4000-4999						nan														YPD+G418 + 2 M sorbitol	2022-06-06 00:00:00																	
4331.0	4088	nan		nan			nan	nan	Misc	miscellaneous_4000-4999						nan														YPD+G418 + 2 M sorbitol	2022-06-06 00:00:00																	
4332.0	4089	nan		nan			nan	nan	Misc	miscellaneous_4000-4999						nan														YPD+G418 + 2 M sorbitol	2022-06-06 00:00:00																	
4333.0	4090	nan		nan			nan	nan	Misc	miscellaneous_4000-4999						nan														YPD+G418 + 2 M sorbitol	no plate available																	
4334.0	4091	nan		nan			nan	nan	Misc	miscellaneous_4000-4999						nan														YPD+G418 + 2 M sorbitol	no plate available																	
4335.0	4083	nan		2022-10-03 00:00:00			nan	nan	Misc	miscellaneous_4000-4999						nan														YPD + 75 uM Cadmium Chloride	2022-01-07 00:00:00																	
4336.0	4084	nan		2022-10-03 00:00:00			nan	nan	Misc	miscellaneous_4000-4999						nan														YPD + 75 uM Cadmium Chloride	2022-01-07 00:00:00																	
4337.0	4085	nan		2022-10-03 00:00:00			nan	nan	Misc	miscellaneous_4000-4999						nan														YPD + 75 uM Cadmium Chloride	2022-01-07 00:00:00																	
4338.0	4086	nan		2022-10-03 00:00:00			nan	nan	Misc	miscellaneous_4000-4999						nan														YPD + 75 uM Cadmium Chloride	2022-01-07 00:00:00																	
4339.0	4087	nan		nan			nan	nan	Misc	miscellaneous_4000-4999						nan														YPD + 75 uM Cadmium Chloride	2022-01-07 00:00:00																	
4340.0	4088	nan		nan			nan	nan	Misc	miscellaneous_4000-4999						nan														YPD + 75 uM Cadmium Chloride	2022-01-07 00:00:00																	
4341.0	4089	nan		nan			nan	nan	Misc	miscellaneous_4000-4999						nan														YPD + 75 uM Cadmium Chloride	2022-01-07 00:00:00																	
4342.0	4090	nan		nan			nan	nan	Misc	miscellaneous_4000-4999						nan														YPD + 75 uM Cadmium Chloride	2022-01-07 00:00:00																	
4343.0	4091	nan		nan			nan	nan	Misc	miscellaneous_4000-4999						nan														YPD + 75 uM Cadmium Chloride	no plate available																	
4344.0	4083	nan		2022-10-03 00:00:00			nan	nan	Misc	miscellaneous_4000-4999						nan														YPD + 6 mM Copper Sulfate	2022-06-06 00:00:00																	
4345.0	4084	nan		2022-10-03 00:00:00			nan	nan	Misc	miscellaneous_4000-4999						nan														YPD + 6 mM Copper Sulfate	2022-06-06 00:00:00																	
4346.0	4085	nan		2022-10-03 00:00:00			nan	nan	Misc	miscellaneous_4000-4999						nan														YPD + 6 mM Copper Sulfate	2022-06-06 00:00:00																	
4347.0	4086	nan		2022-10-03 00:00:00			nan	nan	Misc	miscellaneous_4000-4999						nan														YPD + 6 mM Copper Sulfate	2022-06-06 00:00:00																	
4348.0	4087	nan		nan			nan	nan	Misc	miscellaneous_4000-4999						nan														YPD + 6 mM Copper Sulfate	2022-06-06 00:00:00																	
4349.0	4088	nan		nan			nan	nan	Misc	miscellaneous_4000-4999						nan														YPD + 6 mM Copper Sulfate	2022-06-06 00:00:00																	
4350.0	4089	nan		nan			nan	nan	Misc	miscellaneous_4000-4999						nan														YPD + 6 mM Copper Sulfate	no plate available																	
4351.0	4090	nan		nan			nan	nan	Misc	miscellaneous_4000-4999						nan														YPD + 6 mM Copper Sulfate	no plate available																	
4352.0	4091	nan		nan			nan	nan	Misc	miscellaneous_4000-4999						nan														YPD + 6 mM Copper Sulfate	no plate available																	
4353.0	4083	nan		2022-10-03 00:00:00			nan	nan	Misc	miscellaneous_4000-4999						nan														YPD + 100 ug/mL Congo Red	2022-06-09 00:00:00																	
4354.0	4084	nan		2022-10-03 00:00:00			nan	nan	Misc	miscellaneous_4000-4999						nan														YPD + 100 ug/mL Congo Red	2022-06-09 00:00:00																	
4355.0	4085	nan		2022-10-03 00:00:00			nan	nan	Misc	miscellaneous_4000-4999						nan														YPD + 100 ug/mL Congo Red	2022-06-09 00:00:00																	
4356.0	4086	nan		2022-10-03 00:00:00			nan	nan	Misc	miscellaneous_4000-4999						nan														YPD + 100 ug/mL Congo Red	2022-06-09 00:00:00																	
4357.0	4087	nan		nan			nan	nan	Misc	miscellaneous_4000-4999						nan														YPD + 100 ug/mL Congo Red	2022-06-09 00:00:00																	
4358.0	4088	nan		nan			nan	nan	Misc	miscellaneous_4000-4999						nan														YPD + 100 ug/mL Congo Red	no plate available																	
4359.0	4089	nan		nan			nan	nan	Misc	miscellaneous_4000-4999						nan														YPD + 100 ug/mL Congo Red	no plate available																	
4360.0	4090	nan		nan			nan	nan	Misc	miscellaneous_4000-4999						nan														YPD + 100 ug/mL Congo Red	no plate available																	
4361.0	4091	nan		nan			nan	nan	Misc	miscellaneous_4000-4999						nan														YPD + 100 ug/mL Congo Red	no plate available																	
4362.0	4083	nan		2022-10-03 00:00:00			nan	nan	Misc	miscellaneous_4000-4999						nan														YPD + 2% Formamide	2022-06-09 00:00:00																	
4363.0	4084	nan		2022-10-03 00:00:00			nan	nan	Misc	miscellaneous_4000-4999						nan														YPD + 2% Formamide	2022-06-09 00:00:00																	
4364.0	4085	nan		2022-10-03 00:00:00			nan	nan	Misc	miscellaneous_4000-4999						nan														YPD + 2% Formamide	2022-06-09 00:00:00																	
4365.0	4086	nan		2022-10-03 00:00:00			nan	nan	Misc	miscellaneous_4000-4999						nan														YPD + 2% Formamide	2022-06-09 00:00:00																	
4366.0	4087	nan		nan			nan	nan	Misc	miscellaneous_4000-4999						nan														YPD + 2% Formamide	2022-06-09 00:00:00																	
4367.0	4088	nan		nan			nan	nan	Misc	miscellaneous_4000-4999						nan														YPD + 2% Formamide	2022-06-09 00:00:00																	
4368.0	4089	nan		nan			nan	nan	Misc	miscellaneous_4000-4999						nan														YPD + 2% Formamide	no plate available																	
4369.0	4090	nan		nan			nan	nan	Misc	miscellaneous_4000-4999						nan														YPD + 2% Formamide	no plate available																	
4370.0	4091	nan		nan			nan	nan	Misc	miscellaneous_4000-4999						nan														YPD + 2% Formamide	no plate available																	
4371.0	4083	nan		2022-10-03 00:00:00			nan	nan	Misc	miscellaneous_4000-4999						nan														YPD + 1.5 mM Diamide	2022-06-09 00:00:00																	
4372.0	4084	nan		2022-10-03 00:00:00			nan	nan	Misc	miscellaneous_4000-4999						nan														YPD + 1.5 mM Diamide	2022-06-09 00:00:00																	
4373.0	4085	nan		2022-10-03 00:00:00			nan	nan	Misc	miscellaneous_4000-4999						nan														YPD + 1.5 mM Diamide	2022-06-09 00:00:00																	
4374.0	4086	nan		2022-10-03 00:00:00			nan	nan	Misc	miscellaneous_4000-4999						nan														YPD + 1.5 mM Diamide	2022-06-09 00:00:00																	
4375.0	4087	nan		nan			nan	nan	Misc	miscellaneous_4000-4999						nan														YPD + 1.5 mM Diamide	2022-06-09 00:00:00																	
4376.0	4088	nan		nan			nan	nan	Misc	miscellaneous_4000-4999						nan														YPD + 1.5 mM Diamide	2022-06-09 00:00:00																	
4377.0	4089	nan		nan			nan	nan	Misc	miscellaneous_4000-4999						nan														YPD + 1.5 mM Diamide	no plate available																	
4378.0	4090	nan		nan			nan	nan	Misc	miscellaneous_4000-4999						nan														YPD + 1.5 mM Diamide	no plate available																	
4379.0	4091	nan		nan			nan	nan	Misc	miscellaneous_4000-4999						nan														YPD + 1.5 mM Diamide	no plate available																	
4380.0	4083	nan		2022-10-03 00:00:00			nan	nan	Misc	miscellaneous_4000-4999						nan														YPD + 25 ug/mL Zeocin (toxic)	2022-06-08 00:00:00																	
4381.0	4084	nan		2022-10-03 00:00:00			nan	nan	Misc	miscellaneous_4000-4999						nan														YPD + 25 ug/mL Zeocin (toxic)	2022-06-08 00:00:00																	
4382.0	4085	nan		2022-10-03 00:00:00			nan	nan	Misc	miscellaneous_4000-4999						nan														YPD + 25 ug/mL Zeocin (toxic)	2022-06-08 00:00:00																	
4383.0	4086	nan		2022-10-03 00:00:00			nan	nan	Misc	miscellaneous_4000-4999						nan														YPD + 25 ug/mL Zeocin (toxic)	2022-06-08 00:00:00																	
4384.0	4087	nan		nan			nan	nan	Misc	miscellaneous_4000-4999						nan														YPD + 250 ug/mL Zeocin (toxic)	2022-06-06 00:00:00																	
4385.0	4088	nan		nan			nan	nan	Misc	miscellaneous_4000-4999						nan														YPD + 250 ug/mL Zeocin (toxic)	2022-06-06 00:00:00																	
4386.0	4089	nan		nan			nan	nan	Misc	miscellaneous_4000-4999						nan														YPD + 250 ug/mL Zeocin (toxic)	2022-06-06 00:00:00																	
4387.0	4090	nan		nan			nan	nan	Misc	miscellaneous_4000-4999						nan														YPD + 250 ug/mL Zeocin (toxic)	2022-06-06 00:00:00																	
4388.0	4091	nan		nan			nan	nan	Misc	miscellaneous_4000-4999						nan														YPD + 250 ug/mL Zeocin (toxic)	2022-06-06 00:00:00																	
4389.0	4083	selection pressure seems minimal, it looks like the Neomycin is precipitating so not sure what to do		2022-10-11 00:00:00			nan	nan	Misc	miscellaneous_4000-4999						nan														YPD + 5 mg/mL Neomycin	2022-10-06 00:00:00																	
4390.0	4084	nan		2022-10-11 00:00:00			nan	nan	Misc	miscellaneous_4000-4999						nan														YPD + 5 mg/mL Neomycin	2022-10-06 00:00:00																	
4391.0	4085	nan		2022-10-11 00:00:00			nan	nan	Misc	miscellaneous_4000-4999						nan														YPD + 5 mg/mL Neomycin	2022-10-06 00:00:00																	
4392.0	4086	nan		2022-10-11 00:00:00			nan	nan	Misc	miscellaneous_4000-4999						nan														YPD + 5 mg/mL Neomycin	2022-10-06 00:00:00																	
4393.0	4087	nan		2022-10-11 00:00:00			nan	nan	Misc	miscellaneous_4000-4999						nan														YPD + 5 mg/mL Neomycin	2022-10-06 00:00:00																	
4394.0	4088	nan		2022-10-11 00:00:00			nan	nan	Misc	miscellaneous_4000-4999						nan														YPD + 5 mg/mL Neomycin	2022-10-06 00:00:00																	
4395.0	4089	nan		2022-10-11 00:00:00			nan	nan	Misc	miscellaneous_4000-4999						nan														YPD + 5 mg/mL Neomycin	2022-10-06 00:00:00																	
4396.0	4090	nan		2022-10-11 00:00:00			nan	nan	Misc	miscellaneous_4000-4999						nan														YPD + 5 mg/mL Neomycin	2022-10-06 00:00:00																	
4397.0	4091	nan		2022-10-11 00:00:00			nan	nan	Misc	miscellaneous_4000-4999						nan														YPD + 5 mg/mL Neomycin	2022-10-06 00:00:00																	
4398.0	4083	selection pressure seems minimal, increase to 1 M or even 1.2 M		2022-10-11 00:00:00			nan	nan	Misc	miscellaneous_4000-4999						nan														YPD + 800 mM Magnesium Chloride Hexahydrate	2022-10-06 00:00:00																	
4399.0	4084	nan		2022-10-11 00:00:00			nan	nan	Misc	miscellaneous_4000-4999						nan														YPD + 800 mM Magnesium Chloride Hexahydrate	2022-10-06 00:00:00																	
4400.0	4085	nan		2022-10-11 00:00:00			nan	nan	Misc	miscellaneous_4000-4999						nan														YPD + 800 mM Magnesium Chloride Hexahydrate	2022-10-06 00:00:00																	
4401.0	4086	nan		2022-10-11 00:00:00			nan	nan	Misc	miscellaneous_4000-4999						nan														YPD + 800 mM Magnesium Chloride Hexahydrate	2022-10-06 00:00:00																	
4402.0	4087	nan		2022-10-11 00:00:00			nan	nan	Misc	miscellaneous_4000-4999						nan														YPD + 800 mM Magnesium Chloride Hexahydrate	2022-10-06 00:00:00																	
4403.0	4088	nan		2022-10-11 00:00:00			nan	nan	Misc	miscellaneous_4000-4999						nan														YPD + 800 mM Magnesium Chloride Hexahydrate	2022-10-06 00:00:00																	
4404.0	4089	nan		2022-10-11 00:00:00			nan	nan	Misc	miscellaneous_4000-4999						nan														YPD + 800 mM Magnesium Chloride Hexahydrate	2022-10-06 00:00:00																	
4405.0	4090	nan		2022-10-11 00:00:00			nan	nan	Misc	miscellaneous_4000-4999						nan														YPD + 800 mM Magnesium Chloride Hexahydrate	2022-10-06 00:00:00																	
4406.0	4091	nan		2022-10-11 00:00:00			nan	nan	Misc	miscellaneous_4000-4999						nan														YPD + 800 mM Magnesium Chloride Hexahydrate	2022-10-06 00:00:00																	
4407.0	4083	looks good		2022-10-11 00:00:00			nan	nan	Misc	miscellaneous_4000-4999						nan														YPD + 10 mM Manganese Sulfate	2022-10-06 00:00:00																	
4408.0	4084	nan		2022-10-11 00:00:00			nan	nan	Misc	miscellaneous_4000-4999						nan														YPD + 10 mM Manganese Sulfate	2022-10-06 00:00:00																	
4409.0	4085	nan		2022-10-11 00:00:00			nan	nan	Misc	miscellaneous_4000-4999						nan														YPD + 10 mM Manganese Sulfate	2022-10-06 00:00:00																	
4410.0	4086	nan		2022-10-11 00:00:00			nan	nan	Misc	miscellaneous_4000-4999						nan														YPD + 10 mM Manganese Sulfate	2022-10-06 00:00:00																	
4411.0	4087	nan		2022-10-11 00:00:00			nan	nan	Misc	miscellaneous_4000-4999						nan														YPD + 10 mM Manganese Sulfate	2022-10-06 00:00:00																	
4412.0	4088	nan		2022-10-11 00:00:00			nan	nan	Misc	miscellaneous_4000-4999						nan														YPD + 10 mM Manganese Sulfate	2022-10-06 00:00:00																	
4413.0	4089	nan		2022-10-11 00:00:00			nan	nan	Misc	miscellaneous_4000-4999						nan														YPD + 10 mM Manganese Sulfate	2022-10-06 00:00:00																	
4414.0	4090	nan		2022-10-11 00:00:00			nan	nan	Misc	miscellaneous_4000-4999						nan														YPD + 10 mM Manganese Sulfate	2022-10-06 00:00:00																	
4415.0	4091	nan		2022-10-11 00:00:00			nan	nan	Misc	miscellaneous_4000-4999						nan														YPD + 10 mM Manganese Sulfate	2022-10-06 00:00:00																	
4416.0	4083	selection pressure seems minimal, increase to 200 mM or even 400 mM		2022-10-11 00:00:00			nan	nan	Misc	miscellaneous_4000-4999						nan														YPD + 100 mM Lithium Chloride	2022-10-06 00:00:00																	
4417.0	4084	nan		2022-10-11 00:00:00			nan	nan	Misc	miscellaneous_4000-4999						nan														YPD + 100 mM Lithium Chloride	2022-10-06 00:00:00																	
4418.0	4085	nan		2022-10-11 00:00:00			nan	nan	Misc	miscellaneous_4000-4999						nan														YPD + 100 mM Lithium Chloride	2022-10-06 00:00:00																	
4419.0	4086	nan		2022-10-11 00:00:00			nan	nan	Misc	miscellaneous_4000-4999						nan														YPD + 100 mM Lithium Chloride	2022-10-06 00:00:00																	
4420.0	4087	nan		2022-10-11 00:00:00			nan	nan	Misc	miscellaneous_4000-4999						nan														YPD + 100 mM Lithium Chloride	2022-10-06 00:00:00																	
4421.0	4088	nan		2022-10-11 00:00:00			nan	nan	Misc	miscellaneous_4000-4999						nan														YPD + 100 mM Lithium Chloride	2022-10-06 00:00:00																	
4422.0	4089	nan		2022-10-11 00:00:00			nan	nan	Misc	miscellaneous_4000-4999						nan														YPD + 100 mM Lithium Chloride	2022-10-06 00:00:00																	
4423.0	4090	nan		2022-10-11 00:00:00			nan	nan	Misc	miscellaneous_4000-4999						nan														YPD + 100 mM Lithium Chloride	2022-10-06 00:00:00																	
4424.0	4091	nan		2022-10-11 00:00:00			nan	nan	Misc	miscellaneous_4000-4999						nan														YPD + 100 mM Lithium Chloride	2022-10-06 00:00:00																	
4425.0	4083	Looks OK, perhaps 15 mM would be better		2022-10-11 00:00:00			nan	nan	Misc	miscellaneous_4000-4999						nan														YPD + 10 mM Caffeine	2022-10-10 00:00:00																	
4426.0	4084	nan		2022-10-11 00:00:00			nan	nan	Misc	miscellaneous_4000-4999						nan														YPD + 10 mM Caffeine	2022-10-10 00:00:00																	
4427.0	4085	nan		2022-10-11 00:00:00			nan	nan	Misc	miscellaneous_4000-4999						nan														YPD + 10 mM Caffeine	2022-10-10 00:00:00																	
4428.0	4086	nan		2022-10-11 00:00:00			nan	nan	Misc	miscellaneous_4000-4999						nan														YPD + 10 mM Caffeine	2022-10-10 00:00:00																	
4429.0	4087	nan		2022-10-11 00:00:00			nan	nan	Misc	miscellaneous_4000-4999						nan														YPD + 10 mM Caffeine	2022-10-10 00:00:00																	
4430.0	4088	nan		2022-10-11 00:00:00			nan	nan	Misc	miscellaneous_4000-4999						nan														YPD + 10 mM Caffeine	2022-10-10 00:00:00																	
4431.0	4089	nan		2022-10-11 00:00:00			nan	nan	Misc	miscellaneous_4000-4999						nan														YPD + 10 mM Caffeine	2022-10-10 00:00:00																	
4432.0	4090	nan		2022-10-11 00:00:00			nan	nan	Misc	miscellaneous_4000-4999						nan														YPD + 10 mM Caffeine	2022-10-10 00:00:00																	
4433.0	4091	nan		2022-10-11 00:00:00			nan	nan	Misc	miscellaneous_4000-4999						nan														YPD + 10 mM Caffeine	2022-10-10 00:00:00																	
4434.0	4083	The colonies look very unhealthy, consider dropping to 50 or 25 uM		2022-10-11 00:00:00			nan	nan	Misc	miscellaneous_4000-4999						nan														YPD + 75 μM Cadmium Chloride	2022-10-10 00:00:00																	
4435.0	4084	nan		2022-10-11 00:00:00			nan	nan	Misc	miscellaneous_4000-4999						nan														YPD + 75 μM Cadmium Chloride	2022-10-10 00:00:00																	
4436.0	4085	nan		2022-10-11 00:00:00			nan	nan	Misc	miscellaneous_4000-4999						nan														YPD + 75 μM Cadmium Chloride	2022-10-10 00:00:00																	
4437.0	4086	nan		2022-10-11 00:00:00			nan	nan	Misc	miscellaneous_4000-4999						nan														YPD + 75 μM Cadmium Chloride	2022-10-10 00:00:00																	
4438.0	4087	nan		2022-10-11 00:00:00			nan	nan	Misc	miscellaneous_4000-4999						nan														YPD + 75 μM Cadmium Chloride	2022-10-10 00:00:00																	
4439.0	4088	nan		2022-10-11 00:00:00			nan	nan	Misc	miscellaneous_4000-4999						nan														YPD + 75 μM Cadmium Chloride	2022-10-10 00:00:00																	
4440.0	4089	nan		2022-10-11 00:00:00			nan	nan	Misc	miscellaneous_4000-4999						nan														YPD + 75 μM Cadmium Chloride	2022-10-10 00:00:00																	
4441.0	4090	nan		2022-10-11 00:00:00			nan	nan	Misc	miscellaneous_4000-4999						nan														YPD + 75 μM Cadmium Chloride	2022-10-10 00:00:00																	
4442.0	4091	nan		2022-10-11 00:00:00			nan	nan	Misc	miscellaneous_4000-4999						nan														YPD + 75 μM Cadmium Chloride	2022-10-10 00:00:00																	
4443.0	4083	Looks OK, perhaps 5 uM would be better		2022-10-11 00:00:00			nan	nan	Misc	miscellaneous_4000-4999						nan														YPD + 3 uM Tunicamycin	2022-10-10 00:00:00																	
4444.0	4084	nan		2022-10-11 00:00:00			nan	nan	Misc	miscellaneous_4000-4999						nan														YPD + 3 uM Tunicamycin	2022-10-10 00:00:00																	
4445.0	4085	nan		2022-10-11 00:00:00			nan	nan	Misc	miscellaneous_4000-4999						nan														YPD + 3 uM Tunicamycin	2022-10-10 00:00:00																	
4446.0	4086	nan		2022-10-11 00:00:00			nan	nan	Misc	miscellaneous_4000-4999						nan														YPD + 3 uM Tunicamycin	2022-10-10 00:00:00																	
4447.0	4087	nan		2022-10-11 00:00:00			nan	nan	Misc	miscellaneous_4000-4999						nan														YPD + 3 uM Tunicamycin	2022-10-10 00:00:00																	
4448.0	4088	nan		2022-10-11 00:00:00			nan	nan	Misc	miscellaneous_4000-4999						nan														YPD + 3 uM Tunicamycin	2022-10-10 00:00:00																	
4449.0	4089	nan		2022-10-11 00:00:00			nan	nan	Misc	miscellaneous_4000-4999						nan														YPD + 3 uM Tunicamycin	2022-10-10 00:00:00																	
4450.0	4090	nan		2022-10-11 00:00:00			nan	nan	Misc	miscellaneous_4000-4999						nan														YPD + 3 uM Tunicamycin	2022-10-10 00:00:00																	
4451.0	4091	nan		2022-10-11 00:00:00			nan	nan	Misc	miscellaneous_4000-4999						nan														YPD + 3 uM Tunicamycin	2022-10-10 00:00:00																	
4452.0	4083	Looks good, most colonies grow very little, perhaps 2.5 mM would be better		2022-10-11 00:00:00			nan	nan	Misc	miscellaneous_4000-4999						nan														YPD + 3 mM Cobalt Chloride (toxic)	2022-10-10 00:00:00																	
4453.0	4084	nan		2022-10-11 00:00:00			nan	nan	Misc	miscellaneous_4000-4999						nan														YPD + 3 mM Cobalt Chloride (toxic)	2022-10-10 00:00:00																	
4454.0	4085	nan		2022-10-11 00:00:00			nan	nan	Misc	miscellaneous_4000-4999						nan														YPD + 3 mM Cobalt Chloride (toxic)	2022-10-10 00:00:00																	
4455.0	4086	nan		2022-10-11 00:00:00			nan	nan	Misc	miscellaneous_4000-4999						nan														YPD + 3 mM Cobalt Chloride (toxic)	2022-10-10 00:00:00																	
4456.0	4087	nan		2022-10-11 00:00:00			nan	nan	Misc	miscellaneous_4000-4999						nan														YPD + 3 mM Cobalt Chloride (toxic)	2022-10-10 00:00:00																	
4457.0	4088	nan		2022-10-11 00:00:00			nan	nan	Misc	miscellaneous_4000-4999						nan														YPD + 3 mM Cobalt Chloride (toxic)	2022-10-10 00:00:00																	
4458.0	4089	nan		2022-10-11 00:00:00			nan	nan	Misc	miscellaneous_4000-4999						nan														YPD + 3 mM Cobalt Chloride (toxic)	2022-10-10 00:00:00																	
4459.0	4090	nan		2022-10-11 00:00:00			nan	nan	Misc	miscellaneous_4000-4999						nan														YPD + 3 mM Cobalt Chloride (toxic)	2022-10-10 00:00:00																	
4460.0	4091	nan		2022-10-11 00:00:00			nan	nan	Misc	miscellaneous_4000-4999						nan														YPD + 3 mM Cobalt Chloride (toxic)	2022-10-10 00:00:00																	
4461.0	4083	little growth inhibition, lots of contamination on every plate, increase to 1 or 2 mM Paraquat		2022-10-11 00:00:00			nan	nan	Misc	miscellaneous_4000-4999						nan														YPD + 500 uM Paraquat (toxic)	2022-10-10 00:00:00																	
4462.0	4084	lots of contamination on every plate		2022-10-11 00:00:00			nan	nan	Misc	miscellaneous_4000-4999						nan														YPD + 500 uM Paraquat (toxic)	2022-10-10 00:00:00																	
4463.0	4085	lots of contamination on every plate		2022-10-11 00:00:00			nan	nan	Misc	miscellaneous_4000-4999						nan														YPD + 500 uM Paraquat (toxic)	2022-10-10 00:00:00																	
4464.0	4086	lots of contamination on every plate		2022-10-11 00:00:00			nan	nan	Misc	miscellaneous_4000-4999						nan														YPD + 500 uM Paraquat (toxic)	2022-10-10 00:00:00																	
4465.0	4087	lots of contamination on every plate		2022-10-11 00:00:00			nan	nan	Misc	miscellaneous_4000-4999						nan														YPD + 500 uM Paraquat (toxic)	2022-10-10 00:00:00																	
4466.0	4088	lots of contamination on every plate		2022-10-11 00:00:00			nan	nan	Misc	miscellaneous_4000-4999						nan														YPD + 500 uM Paraquat (toxic)	2022-10-10 00:00:00																	
4467.0	4089	lots of contamination on every plate		2022-10-11 00:00:00			nan	nan	Misc	miscellaneous_4000-4999						nan														YPD + 500 uM Paraquat (toxic)	2022-10-10 00:00:00																	
4468.0	4090	lots of contamination on every plate		2022-10-11 00:00:00			nan	nan	Misc	miscellaneous_4000-4999						nan														YPD + 500 uM Paraquat (toxic)	2022-10-10 00:00:00																	
4469.0	4091	lots of contamination on every plate		2022-10-11 00:00:00			nan	nan	Misc	miscellaneous_4000-4999						nan														YPD + 500 uM Paraquat (toxic)	2022-10-10 00:00:00																	
4470.0	4059 = 5004 (RED) + 5005 (BLUE) + 5006 (YELLOW) + 5007 (GREEN)	nan		nan			nan	nan	Misc	miscellaneous_4000-4999						nan														YPD	It appears this plate is incorrect, and likely corresponds to 5004-5007. Indeed, the photo demonstrates that 4470 was replica-plated from 4059, which corresponds to 5004-5007.																	
4471.0	4062 = 5008 (RED) + 5009 (BLUE) + 5010 (YELLOW) + 5011 (GREEN)	nan		nan			nan	nan	Misc	miscellaneous_4000-4999						nan														YPD	nan																	
4472.0	4065 = 5012 (RED) + 5013 (BLUE) + 5014 (YELLOW) + 5015 (GREEN)	nan		nan			nan	nan	Misc	miscellaneous_4000-4999						nan														YPD	nan																	
4473.0	4068 = 5016 (RED) + 5017 (BLUE) + 5018 (YELLOW) + 5019 (GREEN)	nan		nan			nan	nan	Misc	miscellaneous_4000-4999						nan														YPD	nan																	
4474.0	4071 = 5020 (RED) + 5021 (BLUE) + 5022 (YELLOW) + 5023 (GREEN)	nan		nan			nan	nan	Misc	miscellaneous_4000-4999						nan														YPD	nan																	
4475.0	4074 = 5024 (RED) + 5025 (BLUE) + 5026 (YELLOW) + 5027 (GREEN)	nan		nan			nan	nan	Misc	miscellaneous_4000-4999						nan														YPD	nan																	
4476.0	4077 = 5028 (RED) + 5029 (BLUE) + 5030 (YELLOW) + 5031 (GREEN)	nan		nan			nan	nan	Misc	miscellaneous_4000-4999						nan														YPD	It appears that 4476 and 4477 are identical. This means that strains from 5028-5031 will be present at 2X, and the pooled QTL library will lack strains from 5000-5003. Overall, this should have minimal impact on the quality of the screen as we only lose 1/15 of the strains, and many of those lost will be covered by other barcodes.																	
4477.0	5028 (RED) + 5029 (BLUE) + 5030 (YELLOW) + 5031 (GREEN)	nan		nan			nan	nan	Misc	miscellaneous_4000-4999						nan														YPD	nan																	
4478.0	5032 (RED) + 5033 (BLUE) + 5034 (YELLOW) + 5035 (GREEN)	nan		nan			nan	nan	Misc	miscellaneous_4000-4999						nan														YPD	nan																	
4479.0	5036 (RED) + 5037 (BLUE) + 5038 (YELLOW) + 5039 (GREEN)	nan		nan			nan	nan	Misc	miscellaneous_4000-4999						nan														YPD	nan																	
4480.0	5040 (RED) + 5041 (BLUE) + 5042 (YELLOW) + 5043 (GREEN)	nan		nan			nan	nan	Misc	miscellaneous_4000-4999						nan														YPD	nan																	
4481.0	5044 (RED) + 5045 (BLUE) + 5046 (YELLOW) + 5047 (GREEN)	nan		nan			nan	nan	Misc	miscellaneous_4000-4999						nan														YPD	nan																	
4482.0	5048 (RED) + 5049 (BLUE) + 5050 (YELLOW) + 5051 (GREEN)	nan		nan			nan	nan	Misc	miscellaneous_4000-4999						nan														YPD	nan																	
4483.0	5052 (RED) + 5053 (BLUE) + 5054 (YELLOW) + 5055 (GREEN)	nan		nan			nan	nan	Misc	miscellaneous_4000-4999						nan														YPD	nan																	
4484.0	5056 (RED) + 5057 (BLUE) + 5058 (YELLOW) + 5059 (GREEN)	nan		nan			nan	nan	Misc	miscellaneous_4000-4999						nan														YPD	nan																	
4485.0	4470	nan		nan			nan	nan	Misc	miscellaneous_4000-4999						nan														CSM-HIS+300 uM 5FC	nan																	
4486.0	4471	nan		nan			nan	nan	Misc	miscellaneous_4000-4999						nan														CSM-HIS+300 uM 5FC	nan																	
4487.0	4472	nan		nan			nan	nan	Misc	miscellaneous_4000-4999						nan														CSM-HIS+300 uM 5FC	nan																	
4488.0	4473	nan		nan			nan	nan	Misc	miscellaneous_4000-4999						nan														CSM-HIS+300 uM 5FC	nan																	
4489.0	4474	nan		nan			nan	nan	Misc	miscellaneous_4000-4999						nan														CSM-HIS+300 uM 5FC	nan																	
4490.0	4475	nan		nan			nan	nan	Misc	miscellaneous_4000-4999						nan														CSM-HIS+300 uM 5FC	nan																	
4491.0	4476	nan		nan			nan	nan	Misc	miscellaneous_4000-4999						nan														CSM-HIS+300 uM 5FC	nan																	
4492.0	4477	nan		nan			nan	nan	Misc	miscellaneous_4000-4999						nan														CSM-HIS+300 uM 5FC	nan																	
4493.0	4478	nan		nan			nan	nan	Misc	miscellaneous_4000-4999						nan														CSM-HIS+300 uM 5FC	nan																	
4494.0	4479	nan		nan			nan	nan	Misc	miscellaneous_4000-4999						nan														CSM-HIS+300 uM 5FC	nan																	
4495.0	4480	nan		nan			nan	nan	Misc	miscellaneous_4000-4999						nan														CSM-HIS+300 uM 5FC	nan																	
4496.0	4481	nan		nan			nan	nan	Misc	miscellaneous_4000-4999						nan														CSM-HIS+300 uM 5FC	nan																	
4497.0	4482	nan		nan			nan	nan	Misc	miscellaneous_4000-4999						nan														CSM-HIS+300 uM 5FC	nan																	
4498.0	4483	nan		nan			nan	nan	Misc	miscellaneous_4000-4999						nan														CSM-HIS+300 uM 5FC	nan																	
4499.0	4484	nan		nan			nan	nan	Misc	miscellaneous_4000-4999						nan														CSM-HIS+300 uM 5FC	nan																	
4500.0	5097 (RED) + 5097 (BLUE) + 5097 (YELLOW) + 5097 (GREEN)	nan		nan			nan	nan	Misc	miscellaneous_4000-4999						nan														YPD+G418	nan																	
4501.0	4500	nan		nan			nan	nan	Misc	miscellaneous_4000-4999						nan														CSM-HIS+300 uM 5FC	nan																	
4502.0	4500	nan		nan			nan	nan	Misc	miscellaneous_4000-4999						nan														YPD + 5 uM Tunicamycin	nan																	
4503.0	4500	nan		nan			nan	nan	Misc	miscellaneous_4000-4999						nan														YPD + 2 mM Paraquat (toxic)	nan																	
4504.0	4500	nan		nan			nan	nan	Misc	miscellaneous_4000-4999						nan														YPD + 25 μM Cadmium Chloride	nan																	
4505.0	4500	nan		nan			nan	nan	Misc	miscellaneous_4000-4999						nan														YPD + 200 mM Lithium Chloride	nan																	
4506.0	4500	nan		nan			nan	nan	Misc	miscellaneous_4000-4999						nan														YPD + 15 mM Manganese Sulfate	nan																	
4507.0	4500	nan		nan			nan	nan	Misc	miscellaneous_4000-4999						nan														YPD + 1.2 M Magnesium Chloride Hexahydrate	nan																	
4508.0	4500	nan		nan			nan	nan	Misc	miscellaneous_4000-4999						nan														YPD + 15 mM Caffeine	nan																	
4509.0	4500	nan		nan			nan	nan	Misc	miscellaneous_4000-4999						nan														YPD + 200 uM Fluconazole	nan																	
4510.0	4500	nan		nan			nan	nan	Misc	miscellaneous_4000-4999						nan														YP+2% sucrose	nan																	
4511.0	4470	nan		nan			nan	nan	Misc	miscellaneous_4000-4999						nan														CSM-HIS+300 uM 5FC	restamped from 384 agar. Plate 5003 had issues with colonies being smashed and dried out at the edges, and colonies in the middle not transferring properly.																	
4512.0	4471	nan		nan			nan	nan	Misc	miscellaneous_4000-4999						nan														CSM-HIS+300 uM 5FC	restamped from 384 agar																	
4513.0	4472	nan		nan			nan	nan	Misc	miscellaneous_4000-4999						nan														CSM-HIS+300 uM 5FC	restamped from 384 agar																	
4514.0	4083	nan		nan			nan	nan	Misc	miscellaneous_4000-4999						nan														CSM-HIS+300 uM 5FC	nan																	
4515.0	4088	nan		nan			nan	nan	Misc	miscellaneous_4000-4999						nan														CSM-HIS+300 uM 5FC	nan																	
4516.0	4089	nan		nan			nan	nan	Misc	miscellaneous_4000-4999						nan														CSM-HIS+300 uM 5FC	nan																	
4517.0	4470	nan		nan			nan	nan	Misc	miscellaneous_4000-4999						nan														YPD + 5 uM Tunicamycin	nan																	
4518.0	4471	nan		nan			nan	nan	Misc	miscellaneous_4000-4999						nan														YPD + 5 uM Tunicamycin	nan																	
4519.0	4472	nan		nan			nan	nan	Misc	miscellaneous_4000-4999						nan														YPD + 5 uM Tunicamycin	nan																	
4520.0	4083	nan		nan			nan	nan	Misc	miscellaneous_4000-4999						nan														YPD + 5 uM Tunicamycin	nan																	
4521.0	4088	nan		nan			nan	nan	Misc	miscellaneous_4000-4999						nan														YPD + 5 uM Tunicamycin	nan																	
4522.0	4089	nan		nan			nan	nan	Misc	miscellaneous_4000-4999						nan														YPD + 5 uM Tunicamycin	nan																	
4523.0	4470	nan		nan			nan	nan	Misc	miscellaneous_4000-4999						nan														YPD + 200 uM Fluconazole	nan																	
4524.0	4471	nan		nan			nan	nan	Misc	miscellaneous_4000-4999						nan														YPD + 200 uM Fluconazole	nan																	
4525.0	4472	nan		nan			nan	nan	Misc	miscellaneous_4000-4999						nan														YPD + 200 uM Fluconazole	nan																	
4526.0	4083	nan		nan			nan	nan	Misc	miscellaneous_4000-4999						nan														YPD + 200 uM Fluconazole	nan																	
4527.0	4088	nan		nan			nan	nan	Misc	miscellaneous_4000-4999						nan														YPD + 200 uM Fluconazole	nan																	
4528.0	4089	nan		nan			nan	nan	Misc	miscellaneous_4000-4999						nan														YPD + 200 uM Fluconazole	nan																	
4529.0	yL316 1000 cells plated	20220817_MAGESTIC_3.0_phosphosite_and_PTC_library_cloning		50			nan	nan	Misc	miscellaneous_4000-4999						nan														CSM-URA-HIS+300 uM 5FC	11200																	
4530.0	yL318 1000 cells plated	20220817_MAGESTIC_3.0_phosphosite_and_PTC_library_cloning		50			nan	nan	Misc	miscellaneous_4000-4999						nan														CSM-URA-HIS+300 uM 5FC	8600																	
4531.0	yL320 1000 cells plated	20220817_MAGESTIC_3.0_phosphosite_and_PTC_library_cloning		50			nan	nan	Misc	miscellaneous_4000-4999						nan														CSM-URA-HIS+300 uM 5FC	26400																	
4532.0	yL322 1000 cells plated	20220817_MAGESTIC_3.0_phosphosite_and_PTC_library_cloning		50			nan	nan	Misc	miscellaneous_4000-4999						nan														CSM-URA-HIS+300 uM 5FC	30800																	
4533.0	yL316 1000 cells plated	20220817_MAGESTIC_3.0_phosphosite_and_PTC_library_cloning		50			nan	nan	Misc	miscellaneous_4000-4999						nan														YPD+G418	11200																	
4534.0	yL318 1000 cells plated	20220817_MAGESTIC_3.0_phosphosite_and_PTC_library_cloning		50			nan	nan	Misc	miscellaneous_4000-4999						nan														YPD+G418	8600																	
4535.0	yL320 1000 cells plated	20220817_MAGESTIC_3.0_phosphosite_and_PTC_library_cloning		50			nan	nan	Misc	miscellaneous_4000-4999						nan														YPD+G418	26400																	
4536.0	yL322 1000 cells plated	20220817_MAGESTIC_3.0_phosphosite_and_PTC_library_cloning		50			nan	nan	Misc	miscellaneous_4000-4999						nan														YPD+G418	30800																	
4537.0	yL324 2000 cells plated	nan		nan			nan	nan	Misc	miscellaneous_4000-4999						nan														SD+Leu+Lys+300 μM 5FC	nan																	
4538.0	yL326 2000 cells plated	nan		nan			nan	nan	Misc	miscellaneous_4000-4999						nan														SD+Leu+Lys+300 μM 5FC	nan																	
4539.0	yL328 2000 cells plated	nan		nan			nan	nan	Misc	miscellaneous_4000-4999						nan														SD+Leu+Lys+300 μM 5FC	nan																	
4540.0	yL330 2000 cells plated	nan		nan			nan	nan	Misc	miscellaneous_4000-4999						nan														SD+Leu+Lys+300 μM 5FC	nan																	
4541.0	yL324 2000 cells plated	nan		nan			nan	nan	Misc	miscellaneous_4000-4999						nan														YPD+G418	nan																	
4542.0	yL326 2000 cells plated	nan		nan			nan	nan	Misc	miscellaneous_4000-4999						nan														YPD+G418	nan																	
4543.0	yL328 2000 cells plated	nan		nan			nan	nan	Misc	miscellaneous_4000-4999						nan														YPD+G418	nan																	
4544.0	yL330 2000 cells plated	nan		nan			nan	nan	Misc	miscellaneous_4000-4999						nan														YPD+G418	nan																	
4545.0	yL332 1000 cells plated from 1st aTc outgrowth	nan		nan			nan	nan	Misc	miscellaneous_4000-4999						nan														SC-Leu-Ura+YNBw/AS+dextrose+5FC (300 uM)	nan																	
4546.0	yL333 1000 cells plated from 1st aTc outgrowth	nan		nan			nan	nan	Misc	miscellaneous_4000-4999						nan														SC-Leu-Ura+YNBw/AS+dextrose+5FC (300 uM)	nan																	
4547.0	yL334 1000 cells plated from 1st aTc outgrowth	nan		nan			nan	nan	Misc	miscellaneous_4000-4999						nan														SC-Leu-Ura+YNBw/AS+dextrose+5FC (300 uM)	nan																	
4548.0	yL335 1000 cells plated from 1st aTc outgrowth	nan		nan			nan	nan	Misc	miscellaneous_4000-4999						nan														SC-Leu-Ura+YNBw/AS+dextrose+5FC (300 uM)	nan																	
4549.0	yL336 1000 cells plated from 1st aTc outgrowth	nan		nan			nan	nan	Misc	miscellaneous_4000-4999						nan														SC-Leu-Ura+YNBw/AS+dextrose+5FC (300 uM)	nan																	
4550.0	yL337 1000 cells plated from 1st aTc outgrowth	nan		nan			nan	nan	Misc	miscellaneous_4000-4999						nan														SC-Leu-Ura+YNBw/AS+dextrose+5FC (300 uM)	nan																	
4551.0	yL338 1000 cells plated from 1st aTc outgrowth	nan		nan			nan	nan	Misc	miscellaneous_4000-4999						nan														SC-Leu-Ura+YNBw/AS+dextrose+5FC (300 uM)	nan																	
4552.0	yL339 1000 cells plated from 1st aTc outgrowth	nan		nan			nan	nan	Misc	miscellaneous_4000-4999						nan														SC-Leu-Ura+YNBw/AS+dextrose+5FC (300 uM)	nan																	
4553.0	yL340 1000 cells plated from 1st aTc outgrowth	nan		nan			nan	nan	Misc	miscellaneous_4000-4999						nan														YPD+G418	nan																	
4554.0	yL341 1000 cells plated from 1st aTc outgrowth	nan		nan			nan	nan	Misc	miscellaneous_4000-4999						nan														YPD+G418	nan																	
4555.0	yL342 1000 cells plated from 1st aTc outgrowth	nan		nan			nan	nan	Misc	miscellaneous_4000-4999						nan														YPD+G418	nan																	
4556.0	yL343 1000 cells plated from 1st aTc outgrowth	nan		nan			nan	nan	Misc	miscellaneous_4000-4999						nan														YPD+G418	nan																	
4557.0	yL344 1000 cells plated from 1st aTc outgrowth	nan		nan			nan	nan	Misc	miscellaneous_4000-4999						nan														YPD+G418	nan																	
4558.0	yL345 1000 cells plated from 1st aTc outgrowth	nan		nan			nan	nan	Misc	miscellaneous_4000-4999						nan														YPD+G418	nan																	
4559.0	yL346 1000 cells plated from 1st aTc outgrowth	nan		nan			nan	nan	Misc	miscellaneous_4000-4999						nan														YPD+G418	nan																	
4560.0	yL347 1000 cells plated from 1st aTc outgrowth	nan		nan			nan	nan	Misc	miscellaneous_4000-4999						nan														YPD+G418	nan																	
4561.0	yL332 1000 cells plated from 2nd aTc outgrowth	nan		nan			nan	nan	Misc	miscellaneous_4000-4999						nan														SC-Leu-Ura+YNBw/AS+dextrose+5FC (300 uM)	nan																	
4562.0	yL333 1000 cells plated from 2nd aTc outgrowth	nan		nan			nan	nan	Misc	miscellaneous_4000-4999						nan														SC-Leu-Ura+YNBw/AS+dextrose+5FC (300 uM)	nan																	
4563.0	yL334 1000 cells plated from 2nd aTc outgrowth	nan		nan			nan	nan	Misc	miscellaneous_4000-4999						nan														SC-Leu-Ura+YNBw/AS+dextrose+5FC (300 uM)	nan																	
4564.0	yL335 1000 cells plated from 2nd aTc outgrowth	nan		nan			nan	nan	Misc	miscellaneous_4000-4999						nan														SC-Leu-Ura+YNBw/AS+dextrose+5FC (300 uM)	nan																	
4565.0	yL336 1000 cells plated from 2nd aTc outgrowth	nan		nan			nan	nan	Misc	miscellaneous_4000-4999						nan														SC-Leu-Ura+YNBw/AS+dextrose+5FC (300 uM)	nan																	
4566.0	yL337 1000 cells plated from 2nd aTc outgrowth	nan		nan			nan	nan	Misc	miscellaneous_4000-4999						nan														SC-Leu-Ura+YNBw/AS+dextrose+5FC (300 uM)	nan																	
4567.0	yL338 1000 cells plated from 2nd aTc outgrowth	nan		nan			nan	nan	Misc	miscellaneous_4000-4999						nan														SC-Leu-Ura+YNBw/AS+dextrose+5FC (300 uM)	nan																	
4568.0	yL339 1000 cells plated from 2nd aTc outgrowth	nan		nan			nan	nan	Misc	miscellaneous_4000-4999						nan														SC-Leu-Ura+YNBw/AS+dextrose+5FC (300 uM)	nan																	
4569.0	yL340 1000 cells plated from 2nd aTc outgrowth	nan		nan			nan	nan	Misc	miscellaneous_4000-4999						nan														YPD+G418	nan																	
4570.0	yL341 1000 cells plated from 2nd aTc outgrowth	nan		nan			nan	nan	Misc	miscellaneous_4000-4999						nan														YPD+G418	nan																	
4571.0	yL342 1000 cells plated from 2nd aTc outgrowth	nan		nan			nan	nan	Misc	miscellaneous_4000-4999						nan														YPD+G418	nan																	
4572.0	yL343 1000 cells plated from 2nd aTc outgrowth	nan		nan			nan	nan	Misc	miscellaneous_4000-4999						nan														YPD+G418	nan																	
4573.0	yL344 1000 cells plated from 2nd aTc outgrowth	nan		nan			nan	nan	Misc	miscellaneous_4000-4999						nan														YPD+G418	nan																	
4574.0	yL345 1000 cells plated from 2nd aTc outgrowth	nan		nan			nan	nan	Misc	miscellaneous_4000-4999						nan														YPD+G418	nan																	
4575.0	yL346 1000 cells plated from 2nd aTc outgrowth	nan		nan			nan	nan	Misc	miscellaneous_4000-4999						nan														YPD+G418	nan																	
4576.0	yL347 1000 cells plated from 2nd aTc outgrowth	nan		nan			nan	nan	Misc	miscellaneous_4000-4999						nan														YPD+G418	nan																	
4577.0	2139 (RED) + 2139 (BLUE) + 2139 (YELLOW) + 2139 (GREEN) 	4577 = 2139 (RED) + 2139 (BLUE) + 2139 (YELLOW) + 2139 (GREEN)  on YPD+Hyg		nan			nan	nan	Misc	miscellaneous_4000-4999						nan														YPD+Hyg	nan																	
4578.0	2140 (RED) + 2140 (BLUE) + 2140 (YELLOW) + 2140 (GREEN) 	4578 = 2140 (RED) + 2140 (BLUE) + 2140 (YELLOW) + 2140 (GREEN)  on YPD+Hyg		nan			nan	nan	Misc	miscellaneous_4000-4999						nan														YPD+Hyg	nan																	
4579.0	2142 (RED) + 2142 (BLUE) + 2142 (YELLOW) + 2142 (GREEN) 	4579 = 2142 (RED) + 2142 (BLUE) + 2142 (YELLOW) + 2142 (GREEN)  on YPD+Hyg		nan			nan	nan	Misc	miscellaneous_4000-4999						nan														YPD+Hyg	nan																	
4580.0	2143 (RED) + 2143 (BLUE) + 2143 (YELLOW) + 2143 (GREEN) 	4580 = 2143 (RED) + 2143 (BLUE) + 2143 (YELLOW) + 2143 (GREEN)  on YPD+Hyg		nan			nan	nan	Misc	miscellaneous_4000-4999						nan														YPD+Hyg	nan																	
4581.0	2144 (RED) + 2144 (BLUE) + 2144 (YELLOW) + 2144 (GREEN) 	4581 = 2144 (RED) + 2144 (BLUE) + 2144 (YELLOW) + 2144 (GREEN)  on YPD+Hyg		nan			nan	nan	Misc	miscellaneous_4000-4999						nan														YPD+Hyg	nan																	
4582.0	2145 (RED) + 2145 (BLUE) + 2145 (YELLOW) + 2145 (GREEN) 	4582 = 2145 (RED) + 2145 (BLUE) + 2145 (YELLOW) + 2145 (GREEN)  on YPD+Hyg		nan			nan	nan	Misc	miscellaneous_4000-4999						nan														YPD+Hyg	nan																	
4583.0	2146 (RED) + 2146 (BLUE) + 2146 (YELLOW) + 2146 (GREEN) 	4583 = 2146 (RED) + 2146 (BLUE) + 2146 (YELLOW) + 2146 (GREEN)  on YPD+Hyg		nan			nan	nan	Misc	miscellaneous_4000-4999						nan														YPD+Hyg	nan																	
4584.0	2147 (RED) + 2147 (BLUE) + 2147 (YELLOW) + 2147 (GREEN) 	4584 = 2147 (RED) + 2147 (BLUE) + 2147 (YELLOW) + 2147 (GREEN)  on YPD+Hyg		nan			nan	nan	Misc	miscellaneous_4000-4999						nan														YPD+Hyg	nan																	
4585.0	2148 (RED) + 2148 (BLUE) + 2148 (YELLOW) + 2148 (GREEN) 	4585 = 2148 (RED) + 2148 (BLUE) + 2148 (YELLOW) + 2148 (GREEN)  on YPD+Hyg		nan			nan	nan	Misc	miscellaneous_4000-4999						nan														YPD+Hyg	nan																	
4586.0	2149 (RED) + 2149 (BLUE) + 2149 (YELLOW) + 2149 (GREEN) 	4586 = 2149 (RED) + 2149 (BLUE) + 2149 (YELLOW) + 2149 (GREEN)  on YPD+Hyg		nan			nan	nan	Misc	miscellaneous_4000-4999						nan														YPD+Hyg	nan																	
4587.0	2150 (RED) + 2150 (BLUE) + 2150 (YELLOW) + 2150 (GREEN) 	4587 = 2150 (RED) + 2150 (BLUE) + 2150 (YELLOW) + 2150 (GREEN)  on YPD+Hyg		nan			nan	nan	Misc	miscellaneous_4000-4999						nan														YPD+Hyg	nan																	
4588.0	2151 (RED) + 2151 (BLUE) + 2151 (YELLOW) + 2151 (GREEN) 	4588 = 2151 (RED) + 2151 (BLUE) + 2151 (YELLOW) + 2151 (GREEN)  on YPD+Hyg		nan			nan	nan	Misc	miscellaneous_4000-4999						nan														YPD+Hyg	nan																	
4589.0	REDI BC V5 1536 plate stamped directly from 384 glycerol stock	4589 = REDI BC V5 1536 plate stamped directly from 384 glycerol stock on YPD+G418		nan			nan	nan	Misc	miscellaneous_4000-4999						nan														YPD+G418	nan																	
4590.0	REDI BC V5 1536 plate stamped directly from 384 agar plates	4590 = REDI BC V5 1536 plate stamped directly from 384 agar plates on YPD+G418		nan			nan	nan	Misc	miscellaneous_4000-4999						nan														YPD+G418	nan																	
4591.0	REDI BC V5 1536 plate stamped directly from 384 agar plates	4591 = REDI BC V5 1536 plate stamped directly from 384 agar plates on YPD+G418		nan			nan	nan	Misc	miscellaneous_4000-4999						nan														YPD+G418	nan																	
4592.0	yKR965 colonies (384 colonies from glycerol stock) 1:4 single source 384:1536	4592 = yKR965 colonies (384 colonies from glycerol stock) 1:4 single source 384:1536 on YPD+Hyg		nan			nan	nan	Misc	miscellaneous_4000-4999						nan														YPD+Hyg	nan																	
4593.0	yL320 (RED) + yL324 (BLUE) + yL332 (YELLOW) + yL340 (GREEN)	4593 = yL320 (RED) + yL324 (BLUE) + yL332 (YELLOW) + yL340 (GREEN) on YPD+Hyg		nan			nan	nan	Misc	miscellaneous_4000-4999						nan														YPD+Hyg	nan																	
4594.0	4592 replica	nan		nan			nan	nan	Misc	miscellaneous_4000-4999						nan														SC-Lys-Ura + YNB w/AS + dextrose	nan																	
4595.0	4592 replica	nan		nan			nan	nan	Misc	miscellaneous_4000-4999						nan														SC-Lys-Ura + YNB w/AS + dextrose + 300 uM 5FC	nan																	
4596.0	4592 replica	nan		nan			nan	nan	Misc	miscellaneous_4000-4999						nan														SC-His-Ura + YNB w/AS + dextrose	nan																	
4597.0	4592 replica	nan		nan			nan	nan	Misc	miscellaneous_4000-4999						nan														SC-His-Ura + YNB w/AS + dextrose + 300 uM 5FC	nan																	
4598.0	4592 replica	nan		nan			nan	nan	Misc	miscellaneous_4000-4999						nan														SC-Arg-Ura + YNB w/AS + dextrose	nan																	
4599.0	4592 replica	nan		nan			nan	nan	Misc	miscellaneous_4000-4999						nan														SC-Arg-Ura + YNB w/AS + dextrose + 300 uM 5FC	nan																	
4600.0	4592 replica	nan		nan			nan	nan	Misc	miscellaneous_4000-4999						nan														SC-Leu-Ura + YNB w/AS + dextrose	nan																	
4601.0	4592 replica	nan		nan			nan	nan	Misc	miscellaneous_4000-4999						nan														SC-Leu-Ura + YNB w/AS + dextrose + 300 uM 5FC	nan																	
4602.0	4593 replica	nan		nan			nan	nan	Misc	miscellaneous_4000-4999						nan														SC-Lys-Ura + YNB w/AS + dextrose	nan																	
4603.0	4593 replica	nan		nan			nan	nan	Misc	miscellaneous_4000-4999						nan														SC-Lys-Ura + YNB w/AS + dextrose + 300 uM 5FC	nan																	
4604.0	4593 replica	nan		nan			nan	nan	Misc	miscellaneous_4000-4999						nan														SC-His-Ura + YNB w/AS + dextrose	nan																	
4605.0	4593 replica	nan		nan			nan	nan	Misc	miscellaneous_4000-4999						nan														SC-His-Ura + YNB w/AS + dextrose + 300 uM 5FC	nan																	
4606.0	4593 replica	nan		nan			nan	nan	Misc	miscellaneous_4000-4999						nan														SC-Arg-Ura + YNB w/AS + dextrose	nan																	
4607.0	4593 replica	nan		nan			nan	nan	Misc	miscellaneous_4000-4999						nan														SC-Arg-Ura + YNB w/AS + dextrose + 300 uM 5FC	nan																	
4608.0	4593 replica	nan		nan			nan	nan	Misc	miscellaneous_4000-4999						nan														SC-Leu-Ura + YNB w/AS + dextrose	nan																	
4609.0	4593 replica	nan		nan			nan	nan	Misc	miscellaneous_4000-4999						nan														SC-Leu-Ura + YNB w/AS + dextrose + 300 uM 5FC	nan																	
4610.0	4592 replica	nan		nan			nan	nan	Misc	miscellaneous_4000-4999						nan														SC-His-Leu-Ura (pH 5.8) + YNB w/AS + dextrose	nan																	
4611.0	4592 replica	nan		nan			nan	nan	Misc	miscellaneous_4000-4999						nan														SC-Arg-Lys-Ura (pH 5.8) + YNB w/AS + dextrose	nan																	
4612.0	4592 replica	nan		nan			nan	nan	Misc	miscellaneous_4000-4999						nan														SC-Arg-His-Leu-Lys-Ura (pH 5.8) + YNB w/AS + dextrose	nan																	
4613.0	4593 replica	nan		nan			nan	nan	Misc	miscellaneous_4000-4999						nan														SC-His-Leu-Ura (pH 5.8) + YNB w/AS + dextrose	nan																	
4614.0	4593 replica	nan		nan			nan	nan	Misc	miscellaneous_4000-4999						nan														SC-Arg-Lys-Ura (pH 5.8) + YNB w/AS + dextrose	nan																	
4615.0	4593 replica	nan		nan			nan	nan	Misc	miscellaneous_4000-4999						nan														SC-Arg-His-Leu-Lys-Ura (pH 5.8) + YNB w/AS + dextrose	nan																	
4616.0	4592 replica	nan		nan			nan	nan	Misc	miscellaneous_4000-4999						nan														CSM-Arg+Can (10/12/18)	nan																	
4617.0	4592 replica	nan		nan			nan	nan	Misc	miscellaneous_4000-4999						nan														CSM-Lys+Thialysine (100 ug/mL) (10/19/22)	nan																	
4618.0	4593 replica	nan		nan			nan	nan	Misc	miscellaneous_4000-4999						nan														CSM-Arg+Can (10/12/18)	nan																	
4619.0	4593 replica	nan		nan			nan	nan	Misc	miscellaneous_4000-4999						nan														CSM-Lys+Thialysine (100 ug/mL) (10/19/22)	nan																	
4620.0	"20221208_plate_barcode_2155_yeast_library_yL320 (RED) +
20221208_plate_barcode_2156_yeast_library_yL322 (BLUE) +
20221208_plate_barcode_2157_yeast_library_yL324_yL326 (YELLOW) +
20221208_plate_barcode_2158_yeast_library_yL328_yL330 (GREEN)"	nan		nan			nan	nan	Misc	miscellaneous_4000-4999						nan														YPD+Hyg	nan																	
4621.0	4620 (1:4 single source 384:1536)	nan		nan			nan	nan	Misc	miscellaneous_4000-4999						nan														YPD+Hyg	nan																	
4622.0	4621 replica	nan		nan			nan	nan	Misc	miscellaneous_4000-4999						nan														SC-Arg-His-Leu-Lys-Ura (pH 5.8) + YNB w/AS + dextrose	nan																	
4623.0	4621 replica	nan		nan			nan	nan	Misc	miscellaneous_4000-4999						nan														SC-His-Leu-Ura (pH 5.8) + YNB w/AS + dextrose	nan																	
4624.0	4621 replica	nan		nan			nan	nan	Misc	miscellaneous_4000-4999						nan														SC-Arg-Lys-Ura (pH 5.8) + YNB w/AS + dextrose	nan																	
4625.0	4621 replica	nan		nan			nan	nan	Misc	miscellaneous_4000-4999						nan														SC-Lys-Ura + YNB w/AS + dextrose	nan																	
4626.0	4621 replica	nan		nan			nan	nan	Misc	miscellaneous_4000-4999						nan														SC-His-Ura + YNB w/AS + dextrose	nan																	
4627.0	4621 replica	nan		nan			nan	nan	Misc	miscellaneous_4000-4999						nan														SC-Arg-Ura + YNB w/AS + dextrose	nan																	
4628.0	4621 replica	nan		nan			nan	nan	Misc	miscellaneous_4000-4999						nan														SC-Leu-Ura + YNB w/AS + dextrose	nan																	
4629.0	2139 (RED) + 2140 (BLUE) + 2141 (YELLOW) + 2142 (GREEN) 	4629 = 2139 (RED) + 2140 (BLUE) + 2141 (YELLOW) + 2142 (GREEN)  on YPD+Hyg		nan			nan	nan	Misc	miscellaneous_4000-4999						nan														YPD+Hyg	nan																	
4630.0	2143 (RED) + 2144 (BLUE) + 2145 (YELLOW) + 2146 (GREEN) 	4630 = 2143 (RED) + 2144 (BLUE) + 2145 (YELLOW) + 2146 (GREEN)  on YPD+Hyg		nan			nan	nan	Misc	miscellaneous_4000-4999						nan														YPD+Hyg	nan																	
4631.0	2147 (RED) + 2148 (BLUE) + 2149 (YELLOW) + 2150 (GREEN) 	4631 = 2147 (RED) + 2148 (BLUE) + 2149 (YELLOW) + 2150 (GREEN)  on YPD+Hyg		nan			nan	nan	Misc	miscellaneous_4000-4999						nan														YPD+Hyg	nan																	
4632.0	2151 (RED) + 2151 (BLUE) + 2151 (YELLOW) + 2151 (GREEN) 	4632 = 2151 (RED) + 2151 (BLUE) + 2151 (YELLOW) + 2151 (GREEN)  on YPD+Hyg		nan			nan	nan	Misc	miscellaneous_4000-4999						nan														YPD+Hyg	nan																	
4633.0	4629 replica	nan		nan			nan	nan	Misc	miscellaneous_4000-4999						nan														SC-His-Ura + YNB w/AS + dextrose	nan																	
4634.0	4630 replica	nan		nan			nan	nan	Misc	miscellaneous_4000-4999						nan														SC-His-Ura + YNB w/AS + dextrose	nan																	
4635.0	4631 replica	nan		nan			nan	nan	Misc	miscellaneous_4000-4999						nan														SC-His-Ura + YNB w/AS + dextrose	nan																	
4636.0	4632 replica	nan		nan			nan	nan	Misc	miscellaneous_4000-4999						nan														SC-His-Ura + YNB w/AS + dextrose	nan																	
4637.0	4629 replica	nan		nan			nan	nan	Misc	miscellaneous_4000-4999						nan														SC-Leu-Ura + YNB w/AS + dextrose	nan																	
4638.0	4630 replica	nan		nan			nan	nan	Misc	miscellaneous_4000-4999						nan														SC-Leu-Ura + YNB w/AS + dextrose	nan																	
4639.0	4631 replica	nan		nan			nan	nan	Misc	miscellaneous_4000-4999						nan														SC-Leu-Ura + YNB w/AS + dextrose	nan																	
4640.0	4632 replica	nan		nan			nan	nan	Misc	miscellaneous_4000-4999						nan														SC-Leu-Ura + YNB w/AS + dextrose	nan																	
4641.0	4629 replica	nan		nan			nan	nan	Misc	miscellaneous_4000-4999						nan														SC-Arg-Ura + YNB w/AS + dextrose	nan																	
4642.0	4630 replica	nan		nan			nan	nan	Misc	miscellaneous_4000-4999						nan														SC-Arg-Ura + YNB w/AS + dextrose	nan																	
4643.0	4631 replica	nan		nan			nan	nan	Misc	miscellaneous_4000-4999						nan														SC-Arg-Ura + YNB w/AS + dextrose	nan																	
4644.0	4632 replica	nan		nan			nan	nan	Misc	miscellaneous_4000-4999						nan														SC-Arg-Ura + YNB w/AS + dextrose	nan																	
4645.0	20230208_kinase_phosphatase_PTC_MARVEL_round_2_SC_outgrowth_Tecan 1st passage transposed for 32-fold and 1024-fold dilutions	nan		nan			nan	nan	Misc	miscellaneous_4000-4999						nan														SC-Arg-Ura	nan																	
4646.0	20230208_kinase_phosphatase_PTC_MARVEL_round_2_SC_outgrowth_Tecan 1st passage transposed for 32-fold and 1024-fold dilutions	nan		nan			nan	nan	Misc	miscellaneous_4000-4999						nan														SC-Arg-Lys-Ura	nan																	
4647.0	20230208_kinase_phosphatase_PTC_MARVEL_round_2_SC_outgrowth_Tecan 1st passage transposed for 32-fold and 1024-fold dilutions	nan		nan			nan	nan	Misc	miscellaneous_4000-4999						nan														SC-Arg-Ura+canavanine (60 µg/ml)	nan																	
4648.0	20230208_kinase_phosphatase_PTC_MARVEL_round_2_SC_outgrowth_Tecan 1st passage transposed for 32-fold and 1024-fold dilutions	nan		nan			nan	nan	Misc	miscellaneous_4000-4999						nan														SC-Arg-Ura+5FC (300 µM)	nan																	
4649.0	20230208_kinase_phosphatase_PTC_MARVEL_round_2_SC_outgrowth_Tecan 1st passage transposed for 32-fold and 1024-fold dilutions	nan		nan			nan	nan	Misc	miscellaneous_4000-4999						nan														SC-Arg-Ura+5FC (300 µM)+canavanine (60 µg/ml)	nan																	
4650.0	20230208_kinase_phosphatase_PTC_MARVEL_round_2_SC_outgrowth_Tecan 2nd passage transposed for 32-fold and 1024-fold dilutions	nan		nan			nan	nan	Misc	miscellaneous_4000-4999						nan														SC-Arg-Ura	nan																	
4651.0	20230208_kinase_phosphatase_PTC_MARVEL_round_2_SC_outgrowth_Tecan 2nd passage transposed for 32-fold and 1024-fold dilutions	nan		nan			nan	nan	Misc	miscellaneous_4000-4999						nan														SC-Arg-Lys-Ura	nan																	
4652.0	20230208_kinase_phosphatase_PTC_MARVEL_round_2_SC_outgrowth_Tecan 2nd passage transposed for 32-fold and 1024-fold dilutions	nan		nan			nan	nan	Misc	miscellaneous_4000-4999						nan														SC-Arg-Ura+canavanine (60 µg/ml)	nan																	
4653.0	20230208_kinase_phosphatase_PTC_MARVEL_round_2_SC_outgrowth_Tecan 2nd passage transposed for 32-fold and 1024-fold dilutions	nan		nan			nan	nan	Misc	miscellaneous_4000-4999						nan														SC-Arg-Ura+5FC (300 µM)	nan																	
4654.0	20230208_kinase_phosphatase_PTC_MARVEL_round_2_SC_outgrowth_Tecan 2nd passage transposed for 32-fold and 1024-fold dilutions	nan		nan			nan	nan	Misc	miscellaneous_4000-4999						nan														SC-Arg-Ura+5FC (300 µM)+canavanine (60 µg/ml)	nan																	
4655.0	20230208_kinase_phosphatase_PTC_MARVEL_round_2_SC_outgrowth_Tecan 3rd passage transposed for 32-fold and 1024-fold dilutions	nan		nan			nan	nan	Misc	miscellaneous_4000-4999						nan														SC-Arg-Ura	nan																	
4656.0	20230208_kinase_phosphatase_PTC_MARVEL_round_2_SC_outgrowth_Tecan 3rd passage transposed for 32-fold and 1024-fold dilutions	nan		nan			nan	nan	Misc	miscellaneous_4000-4999						nan														SC-Arg-Lys-Ura	nan																	
4657.0	20230208_kinase_phosphatase_PTC_MARVEL_round_2_SC_outgrowth_Tecan 3rd passage transposed for 32-fold and 1024-fold dilutions	nan		nan			nan	nan	Misc	miscellaneous_4000-4999						nan														SC-Arg-Ura+canavanine (60 µg/ml)	nan																	
4658.0	20230208_kinase_phosphatase_PTC_MARVEL_round_2_SC_outgrowth_Tecan 3rd passage transposed for 32-fold and 1024-fold dilutions	nan		nan			nan	nan	Misc	miscellaneous_4000-4999						nan														SC-Arg-Ura+5FC (300 µM)	nan																	
4659.0	20230208_kinase_phosphatase_PTC_MARVEL_round_2_SC_outgrowth_Tecan 3rd passage transposed for 32-fold and 1024-fold dilutions	nan		nan			nan	nan	Misc	miscellaneous_4000-4999						nan														SC-Arg-Ura+5FC (300 µM)+canavanine (60 µg/ml)	nan																	
4660.0	yL324 (SC-Arg-Ura + YNB w/AS + galactose + 1 μg/mL aTc, 3rd passage), 4000 cells plated	nan		nan			nan	nan	Misc	miscellaneous_4000-4999						nan														nan	nan																	
4661.0	yL326 (SC-Arg-Ura + YNB w/AS + galactose + 1 μg/mL aTc, 3rd passage), 4000 cells plated	nan		nan			nan	nan	Misc	miscellaneous_4000-4999						nan														nan	nan																	
4662.0	yL328 (SC-Arg-Ura + YNB w/AS + galactose + 1 μg/mL aTc, 3rd passage), 4000 cells plated	nan		nan			nan	nan	Misc	miscellaneous_4000-4999						nan														nan	nan																	
4663.0	yL330 (SC-Arg-Ura + YNB w/AS + galactose + 1 μg/mL aTc, 3rd passage), 4000 cells plated	nan		nan			nan	nan	Misc	miscellaneous_4000-4999						nan														nan	nan																	
4664.0	yL324 (SC-Arg-Ura + YNB w/AS + galactose + 1 μg/mL aTc, 3rd passage), 2000 cells plated	nan		nan			nan	nan	Misc	miscellaneous_4000-4999						nan														nan	nan																	
4665.0	yL326 (SC-Arg-Ura + YNB w/AS + galactose + 1 μg/mL aTc, 3rd passage), 2000 cells plated	nan		nan			nan	nan	Misc	miscellaneous_4000-4999						nan														nan	nan																	
4666.0	yL328 (SC-Arg-Ura + YNB w/AS + galactose + 1 μg/mL aTc, 3rd passage), 2000 cells plated	nan		nan			nan	nan	Misc	miscellaneous_4000-4999						nan														nan	nan																	
4667.0	yL330 (SC-Arg-Ura + YNB w/AS + galactose + 1 μg/mL aTc, 3rd passage), 2000 cells plated	nan		nan			nan	nan	Misc	miscellaneous_4000-4999						nan														nan	nan																	
4668.0	yL324 (SC-Arg-Ura + YNB w/AS + galactose + 1 μg/mL aTc, 3rd passage), 1000 cells plated	nan		nan			nan	nan	Misc	miscellaneous_4000-4999						nan														nan	nan																	
4669.0	yL326 (SC-Arg-Ura + YNB w/AS + galactose + 1 μg/mL aTc, 3rd passage), 1000 cells plated	nan		nan			nan	nan	Misc	miscellaneous_4000-4999						nan														nan	nan																	
4670.0	yL328 (SC-Arg-Ura + YNB w/AS + galactose + 1 μg/mL aTc, 3rd passage), 1000 cells plated	nan		nan			nan	nan	Misc	miscellaneous_4000-4999						nan														nan	nan																	
4671.0	yL330 (SC-Arg-Ura + YNB w/AS + galactose + 1 μg/mL aTc, 3rd passage), 1000 cells plated	nan		nan			nan	nan	Misc	miscellaneous_4000-4999						nan														nan	nan																	
4672.0	V492 diluted in water, plated on LB+Carb+Kan, 2000 cells plated	nan		nan			nan	nan	Misc	miscellaneous_4000-4999						nan														nan	nan																	
4673.0	V493 diluted in water, plated on LB+Carb+Kan, 2000 cells plated	nan		nan			nan	nan	Misc	miscellaneous_4000-4999						nan														nan	nan																	
4674.0	V492 diluted in water, plated on LB+Carb+Kan, 1000 cells plated	nan		nan			nan	nan	Misc	miscellaneous_4000-4999						nan														nan	nan																	
4675.0	V493 diluted in water, plated on LB+Carb+Kan, 1000 cells plated	nan		nan			nan	nan	Misc	miscellaneous_4000-4999						nan														nan	nan																	
4676.0	V492 diluted in water, plated on LB+Carb+Kan, 500 cells plated	nan		nan			nan	nan	Misc	miscellaneous_4000-4999						nan														nan	nan																	
4677.0	V493 diluted in water, plated on LB+Carb+Kan, 500 cells plated	nan		nan			nan	nan	Misc	miscellaneous_4000-4999						nan														nan	nan																	
4678.0	V492 diluted in media, plated on LB+Carb+Kan, 2000 cells plated	nan		nan			nan	nan	Misc	miscellaneous_4000-4999						nan														nan	nan																	
4679.0	V493 diluted in media, plated on LB+Carb+Kan, 2000 cells plated	nan		nan			nan	nan	Misc	miscellaneous_4000-4999						nan														nan	nan																	
4680.0	V492 diluted in media, plated on LB+Carb+Kan, 1000 cells plated	nan		nan			nan	nan	Misc	miscellaneous_4000-4999						nan														nan	nan																	
4681.0	V493 diluted in media, plated on LB+Carb+Kan, 1000 cells plated	nan		nan			nan	nan	Misc	miscellaneous_4000-4999						nan														nan	nan																	
4682.0	V492 diluted in media, plated on LB+Carb+Kan, 500 cells plated	nan		nan			nan	nan	Misc	miscellaneous_4000-4999						nan														nan	nan																	
4683.0	V493 diluted in media, plated on LB+Carb+Kan, 500 cells plated	nan		nan			nan	nan	Misc	miscellaneous_4000-4999						nan														nan	nan																	
4684.0	20230208_kinase_phosphatase_PTC_MARVEL_round_2_SC_outgrowth_Tecan 3rd passage transposed for 32-fold and 1024-fold dilutions	nan		nan			nan	nan	Misc	miscellaneous_4000-4999						nan														SC-Arg-Ura + YNB w/AS + dextrose	nan																	
4685.0	20230208_kinase_phosphatase_PTC_MARVEL_round_2_SC_outgrowth_Tecan 3rd passage transposed for 32-fold and 1024-fold dilutions	nan		nan			nan	nan	Misc	miscellaneous_4000-4999						nan														SC-Lys-Ura + YNB w/AS + dextrose	nan																	
4686.0	20230208_kinase_phosphatase_PTC_MARVEL_round_2_SC_outgrowth_Tecan 3rd passage transposed for 32-fold and 1024-fold dilutions	nan		nan			nan	nan	Misc	miscellaneous_4000-4999						nan														SC-Arg-Lys-Ura (2/1/23)	nan																	
4687.0	20230208_kinase_phosphatase_PTC_MARVEL_round_2_SC_outgrowth_Tecan 3rd passage transposed for 32-fold and 1024-fold dilutions	nan		nan			nan	nan	Misc	miscellaneous_4000-4999						nan														SC-His-Leu-Ura (pH 5.8) + YNB w/AS + dextrose	nan																	
4688.0	20230208_kinase_phosphatase_PTC_MARVEL_round_2_SC_outgrowth_Tecan 3rd passage transposed for 32-fold and 1024-fold dilutions	nan		nan			nan	nan	Misc	miscellaneous_4000-4999						nan														SC-Arg-His-Leu-Lys-Ura (pH 5.8) + YNB w/AS + dextrose	nan																	
4689.0	20230208_kinase_phosphatase_PTC_MARVEL_round_2_SC_outgrowth_Tecan 3rd passage transposed for 32-fold and 1024-fold dilutions	nan		nan			nan	nan	Misc	miscellaneous_4000-4999						nan														SC-Arg-Lys-Ura (2/6/23)	nan																	
4690.0	2169 (RED) + 2170 (BLUE) + 2171 (YELLOW) + 2172 (GREEN)	nan		nan			nan	nan	Misc	miscellaneous_4000-4999						2023-05-22 00:00:00														YPD+Hyg	nan																	
4691.0	2173 (RED) + 2174 (BLUE) + 2175 (YELLOW) + 2176 (GREEN)	nan		nan			nan	nan	Misc	miscellaneous_4000-4999						2023-05-22 00:00:00														YPD+Hyg	nan																	
4692.0	2177 (RED) + 2178 (BLUE) + 2179 (YELLOW) + 2180 (GREEN)	nan		nan			nan	nan	Misc	miscellaneous_4000-4999						2023-05-22 00:00:00														YPD+Hyg	nan																	
4693.0	2181 (RED) + 2182 (BLUE) + 2183 (YELLOW) + 2184 (GREEN)	nan		nan			nan	nan	Misc	miscellaneous_4000-4999						2023-05-22 00:00:00														YPD+Hyg	nan																	
4694.0	2185 (RED) + 2186 (BLUE) + 2187 (YELLOW) + 2188 (GREEN)	nan		nan			nan	nan	Misc	miscellaneous_4000-4999						2023-05-22 00:00:00														YPD+Hyg	not yet stamped but 384 plates 2185-2208 are still in good condition																	
4695.0	2189 (RED) + 2190 (BLUE) + 2191 (YELLOW) + 2192 (GREEN)	nan		nan			nan	nan	Misc	miscellaneous_4000-4999						2023-05-22 00:00:00														YPD+Hyg	not yet stamped but 384 plates 2185-2208 are still in good condition																	
4696.0	2193 (RED) + 2194 (BLUE) + 2195 (YELLOW) + 2196 (GREEN)	nan		nan			nan	nan	Misc	miscellaneous_4000-4999						2023-05-22 00:00:00														YPD+Hyg	not yet stamped but 384 plates 2185-2208 are still in good condition																	
4697.0	2197 (RED) + 2198 (BLUE) + 2199 (YELLOW) + 2200 (GREEN)	nan		nan			nan	nan	Misc	miscellaneous_4000-4999						2023-05-22 00:00:00														YPD+Hyg	not yet stamped but 384 plates 2185-2208 are still in good condition																	
4698.0	2201 (RED) + 2202 (BLUE) + 2203 (YELLOW) + 2204 (GREEN)	nan		nan			nan	nan	Misc	miscellaneous_4000-4999						2023-05-22 00:00:00														YPD+Hyg	not yet stamped but 384 plates 2185-2208 are still in good condition																	
4699.0	2205 (RED) + 2206 (BLUE) + 2207 (YELLOW) + 2208 (GREEN)	nan		nan			nan	nan	Misc	miscellaneous_4000-4999						2023-05-22 00:00:00														YPD+Hyg	not yet stamped but 384 plates 2185-2208 are still in good condition																	
4700.0	4690	nan		nan			nan	nan	Misc	miscellaneous_4000-4999						nan														SC-Leu-Ura + YNB w/AS + dextrose	nan																	
4701.0	4691	nan		nan			nan	nan	Misc	miscellaneous_4000-4999						nan														SC-Leu-Ura + YNB w/AS + dextrose	nan																	
4702.0	4692	nan		nan			nan	nan	Misc	miscellaneous_4000-4999						nan														SC-Leu-Ura + YNB w/AS + dextrose	nan																	
4703.0	4693	nan		nan			nan	nan	Misc	miscellaneous_4000-4999						nan														SC-Leu-Ura + YNB w/AS + dextrose	nan																	
4704.0	4690	nan		nan			nan	nan	Misc	miscellaneous_4000-4999						nan														SC-Lys-Ura + YNB w/AS + dextrose	nan																	
4705.0	4691	nan		nan			nan	nan	Misc	miscellaneous_4000-4999						nan														SC-Lys-Ura + YNB w/AS + dextrose	nan																	
4706.0	4692	nan		nan			nan	nan	Misc	miscellaneous_4000-4999						nan														SC-Lys-Ura + YNB w/AS + dextrose	nan																	
4707.0	4693	nan		nan			nan	nan	Misc	miscellaneous_4000-4999						nan														SC-Lys-Ura + YNB w/AS + dextrose	nan																	
4708.0	2240 (RED) + 2240 (BLUE) + 2240 (YELLOW) + 2240 (GREEN) 	4708 = 2240 (RED) + 2240 (BLUE) + 2240 (YELLOW) + 2240 (GREEN)  on SC-Leu+5FOA (pH 5.8)		nan			nan	nan	Misc	miscellaneous_4000-4999						nan														SC-Leu+5FOA (pH 5.8)	2240																	
4709.0	2241 (RED) + 2241 (BLUE) + 2241 (YELLOW) + 2241 (GREEN) 	4709 = 2241 (RED) + 2241 (BLUE) + 2241 (YELLOW) + 2241 (GREEN)  on SC-Leu+5FOA (pH 5.8)		nan			nan	nan	Misc	miscellaneous_4000-4999						nan														SC-Leu+5FOA (pH 5.8)	2241																	
4710.0	2242 (RED) + 2242 (BLUE) + 2242 (YELLOW) + 2242 (GREEN) 	4710 = 2242 (RED) + 2242 (BLUE) + 2242 (YELLOW) + 2242 (GREEN)  on SC-Leu+5FOA (pH 5.8)		nan			nan	nan	Misc	miscellaneous_4000-4999						nan														SC-Leu+5FOA (pH 5.8)	2242																	
4711.0	2243 (RED) + 2243 (BLUE) + 2243 (YELLOW) + 2243 (GREEN) 	4711 = 2243 (RED) + 2243 (BLUE) + 2243 (YELLOW) + 2243 (GREEN)  on SC-Leu+5FOA (pH 5.8)		nan			nan	nan	Misc	miscellaneous_4000-4999						nan														SC-Leu+5FOA (pH 5.8)	2243																	
4712.0	2244 (RED) + 2244 (BLUE) + 2244 (YELLOW) + 2244 (GREEN) 	4712 = 2244 (RED) + 2244 (BLUE) + 2244 (YELLOW) + 2244 (GREEN)  on SC-Leu+5FOA (pH 5.8)		nan			nan	nan	Misc	miscellaneous_4000-4999						nan														SC-Leu+5FOA (pH 5.8)	2244																	
4713.0	2245 (RED) + 2245 (BLUE) + 2245 (YELLOW) + 2245 (GREEN) 	4713 = 2245 (RED) + 2245 (BLUE) + 2245 (YELLOW) + 2245 (GREEN)  on SC-Leu+5FOA (pH 5.8)		nan			nan	nan	Misc	miscellaneous_4000-4999						nan														SC-Leu+5FOA (pH 5.8)	2245																	
4714.0	2246 (RED) + 2246 (BLUE) + 2246 (YELLOW) + 2246 (GREEN) 	4714 = 2246 (RED) + 2246 (BLUE) + 2246 (YELLOW) + 2246 (GREEN)  on SC-Leu+5FOA (pH 5.8)		nan			nan	nan	Misc	miscellaneous_4000-4999						nan														SC-Leu+5FOA (pH 5.8)	2246																	
4715.0	2247 (RED) + 2247 (BLUE) + 2247 (YELLOW) + 2247 (GREEN) 	4715 = 2247 (RED) + 2247 (BLUE) + 2247 (YELLOW) + 2247 (GREEN)  on SC-Leu+5FOA (pH 5.8)		nan			nan	nan	Misc	miscellaneous_4000-4999						nan														SC-Leu+5FOA (pH 5.8)	2247																	
4716.0	2248 (RED) + 2248 (BLUE) + 2248 (YELLOW) + 2248 (GREEN) 	4716 = 2248 (RED) + 2248 (BLUE) + 2248 (YELLOW) + 2248 (GREEN)  on SC-His+5FOA (pH 5.8)		nan			nan	nan	Misc	miscellaneous_4000-4999						nan														SC-His+5FOA (pH 5.8)	2248																	
4717.0	2249 (RED) + 2249 (BLUE) + 2249 (YELLOW) + 2249 (GREEN) 	4717 = 2249 (RED) + 2249 (BLUE) + 2249 (YELLOW) + 2249 (GREEN)  on SC-His+5FOA (pH 5.8)		nan			nan	nan	Misc	miscellaneous_4000-4999						nan														SC-His+5FOA (pH 5.8)	2249																	
4718.0	2250 (RED) + 2250 (BLUE) + 2250 (YELLOW) + 2250 (GREEN) 	4718 = 2250 (RED) + 2250 (BLUE) + 2250 (YELLOW) + 2250 (GREEN)  on SC-His+5FOA (pH 5.8)		nan			nan	nan	Misc	miscellaneous_4000-4999						nan														SC-His+5FOA (pH 5.8)	2250																	
4719.0	2251 (RED) + 2251 (BLUE) + 2251 (YELLOW) + 2251 (GREEN) 	4719 = 2251 (RED) + 2251 (BLUE) + 2251 (YELLOW) + 2251 (GREEN)  on SC-His+5FOA (pH 5.8)		nan			nan	nan	Misc	miscellaneous_4000-4999						nan														SC-His+5FOA (pH 5.8)	2251																	
4720.0	2252 (RED) + 2252 (BLUE) + 2252 (YELLOW) + 2252 (GREEN) 	4720 = 2252 (RED) + 2252 (BLUE) + 2252 (YELLOW) + 2252 (GREEN)  on SC-His+5FOA (pH 5.8)		nan			nan	nan	Misc	miscellaneous_4000-4999						nan														SC-His+5FOA (pH 5.8)	2252																	
4721.0	2253 (RED) + 2253 (BLUE) + 2253 (YELLOW) + 2253 (GREEN) 	4721 = 2253 (RED) + 2253 (BLUE) + 2253 (YELLOW) + 2253 (GREEN)  on SC-His+5FOA (pH 5.8)		nan			nan	nan	Misc	miscellaneous_4000-4999						nan														SC-His+5FOA (pH 5.8)	2253																	
4722.0	2254 (RED) + 2254 (BLUE) + 2254 (YELLOW) + 2254 (GREEN) 	4722 = 2254 (RED) + 2254 (BLUE) + 2254 (YELLOW) + 2254 (GREEN)  on SC-His+5FOA (pH 5.8)		nan			nan	nan	Misc	miscellaneous_4000-4999						nan														SC-His+5FOA (pH 5.8)	2254																	
4723.0	2255 (RED) + 2255 (BLUE) + 2255 (YELLOW) + 2255 (GREEN) 	4723 = 2255 (RED) + 2255 (BLUE) + 2255 (YELLOW) + 2255 (GREEN)  on SC-His+5FOA (pH 5.8)		nan			nan	nan	Misc	miscellaneous_4000-4999						nan														SC-His+5FOA (pH 5.8)	2255																	
4724.0	yT100 (RED) + yT100 (BLUE) + yT100 (YELLOW) + yT100 (GREEN) 	4724 = yT100 (RED) + yT100 (BLUE) + yT100 (YELLOW) + yT100 (GREEN)  on YPD+Hyg		nan			nan	nan	Misc	miscellaneous_4000-4999						nan														YPD+Hyg	yT100																	
4725.0	yT100 (RED) + yT100 (BLUE) + yT100 (YELLOW) + yT100 (GREEN) 	4725 = yT100 (RED) + yT100 (BLUE) + yT100 (YELLOW) + yT100 (GREEN)  on YPD+Hyg		nan			nan	nan	Misc	miscellaneous_4000-4999						nan														YPD+Hyg	yT100																	
4726.0	yT100 (RED) + yT100 (BLUE) + yT100 (YELLOW) + yT100 (GREEN) 	4726 = yT100 (RED) + yT100 (BLUE) + yT100 (YELLOW) + yT100 (GREEN)  on YPD+Hyg		nan			nan	nan	Misc	miscellaneous_4000-4999						nan														YPD+Hyg	yT100																	
4727.0	yT100 (RED) + yT100 (BLUE) + yT100 (YELLOW) + yT100 (GREEN) 	4727 = yT100 (RED) + yT100 (BLUE) + yT100 (YELLOW) + yT100 (GREEN)  on YPD+Hyg		nan			nan	nan	Misc	miscellaneous_4000-4999						nan														YPD+Hyg	yT100																	
4728.0	yT100 (RED) + yT100 (BLUE) + yT100 (YELLOW) + yT100 (GREEN) 	4728 = yT100 (RED) + yT100 (BLUE) + yT100 (YELLOW) + yT100 (GREEN)  on YPD+Hyg		nan			nan	nan	Misc	miscellaneous_4000-4999						nan														YPD+Hyg	yT100																	
4729.0	yT100 (RED) + yT100 (BLUE) + yT100 (YELLOW) + yT100 (GREEN) 	4729 = yT100 (RED) + yT100 (BLUE) + yT100 (YELLOW) + yT100 (GREEN)  on YPD+Hyg		nan			nan	nan	Misc	miscellaneous_4000-4999						nan														YPD+Hyg	yT100																	
4730.0	yT100 (RED) + yT100 (BLUE) + yT100 (YELLOW) + yT100 (GREEN) 	4730 = yT100 (RED) + yT100 (BLUE) + yT100 (YELLOW) + yT100 (GREEN)  on YPD+Hyg		nan			nan	nan	Misc	miscellaneous_4000-4999						nan														YPD+Hyg	yT100																	
4731.0	yT100 (RED) + yT100 (BLUE) + yT100 (YELLOW) + yT100 (GREEN) 	4731 = yT100 (RED) + yT100 (BLUE) + yT100 (YELLOW) + yT100 (GREEN)  on YPD+Hyg		nan			nan	nan	Misc	miscellaneous_4000-4999						nan														YPD+Hyg	yT100																	
4732.0	2256 (RED) + 2256 (BLUE) + 2256 (YELLOW) + 2256 (GREEN) 	4732 = 2256 (RED) + 2256 (BLUE) + 2256 (YELLOW) + 2256 (GREEN)  on YPD+Hyg		nan			nan	nan	Misc	miscellaneous_4000-4999						nan														YPD+Hyg	2256																	
4733.0	2257 (RED) + 2257 (BLUE) + 2257 (YELLOW) + 2257 (GREEN) 	4733 = 2257 (RED) + 2257 (BLUE) + 2257 (YELLOW) + 2257 (GREEN)  on YPD+Hyg		nan			nan	nan	Misc	miscellaneous_4000-4999						nan														YPD+Hyg	2257																	
4734.0	2258 (RED) + 2258 (BLUE) + 2258 (YELLOW) + 2258 (GREEN) 	4734 = 2258 (RED) + 2258 (BLUE) + 2258 (YELLOW) + 2258 (GREEN)  on YPD+Hyg		nan			nan	nan	Misc	miscellaneous_4000-4999						nan														YPD+Hyg	2258																	
4735.0	2259 (RED) + 2259 (BLUE) + 2259 (YELLOW) + 2259 (GREEN) 	4735 = 2259 (RED) + 2259 (BLUE) + 2259 (YELLOW) + 2259 (GREEN)  on YPD+Hyg		nan			nan	nan	Misc	miscellaneous_4000-4999						nan														YPD+Hyg	2259																	
4736.0	2260 (RED) + 2260 (BLUE) + 2260 (YELLOW) + 2260 (GREEN) 	4736 = 2260 (RED) + 2260 (BLUE) + 2260 (YELLOW) + 2260 (GREEN)  on YPD+Hyg		nan			nan	nan	Misc	miscellaneous_4000-4999						nan														YPD+Hyg	2260																	
4737.0	2261 (RED) + 2261 (BLUE) + 2261 (YELLOW) + 2261 (GREEN) 	4737 = 2261 (RED) + 2261 (BLUE) + 2261 (YELLOW) + 2261 (GREEN)  on YPD+Hyg		nan			nan	nan	Misc	miscellaneous_4000-4999						nan														YPD+Hyg	2261																	
4738.0	2262 (RED) + 2262 (BLUE) + 2262 (YELLOW) + 2262 (GREEN) 	4738 = 2262 (RED) + 2262 (BLUE) + 2262 (YELLOW) + 2262 (GREEN)  on YPD+Hyg		nan			nan	nan	Misc	miscellaneous_4000-4999						nan														YPD+Hyg	2262																	
4739.0	2263 (RED) + 2263 (BLUE) + 2263 (YELLOW) + 2263 (GREEN) 	4739 = 2263 (RED) + 2263 (BLUE) + 2263 (YELLOW) + 2263 (GREEN)  on YPD+Hyg		nan			nan	nan	Misc	miscellaneous_4000-4999						nan														YPD+Hyg	2263																	
4740.0	REDI BC V5 1536 format	4740 = REDI BC V5 1536 format on YPD+G418		nan			nan	nan	Misc	miscellaneous_4000-4999						nan														YPD+G418	nan																	
4741.0	REDI BC V5 1536 format	4741 = REDI BC V5 1536 format on YPD+G418		nan			nan	nan	Misc	miscellaneous_4000-4999						nan														YPD+G418	nan																	
4742.0	2264 (RED) + 2264 (BLUE) + 2264 (YELLOW) + 2264 (GREEN) 	4742 = 2264 (RED) + 2264 (BLUE) + 2264 (YELLOW) + 2264 (GREEN)  on YPD+Hyg		nan			nan	nan	Misc	miscellaneous_4000-4999						nan														YPD+Hyg	2264																	
4743.0	2265 (RED) + 2265 (BLUE) + 2265 (YELLOW) + 2265 (GREEN) 	4743 = 2265 (RED) + 2265 (BLUE) + 2265 (YELLOW) + 2265 (GREEN)  on YPD+Hyg		nan			nan	nan	Misc	miscellaneous_4000-4999						nan														YPD+Hyg	2265																	
4744.0	2266 (RED) + 2266 (BLUE) + 2266 (YELLOW) + 2266 (GREEN) 	4744 = 2266 (RED) + 2266 (BLUE) + 2266 (YELLOW) + 2266 (GREEN)  on YPD+Hyg		nan			nan	nan	Misc	miscellaneous_4000-4999						nan														YPD+Hyg	2266																	
4745.0	2267 (RED) + 2267 (BLUE) + 2267 (YELLOW) + 2267 (GREEN) 	4745 = 2267 (RED) + 2267 (BLUE) + 2267 (YELLOW) + 2267 (GREEN)  on YPD+Hyg		nan			nan	nan	Misc	miscellaneous_4000-4999						nan														YPD+Hyg	2267																	
4746.0	2268 (RED) + 2268 (BLUE) + 2268 (YELLOW) + 2268 (GREEN) 	4746 = 2268 (RED) + 2268 (BLUE) + 2268 (YELLOW) + 2268 (GREEN)  on YPD+Hyg		nan			nan	nan	Misc	miscellaneous_4000-4999						nan														YPD+Hyg	2268																	
4747.0	2269 (RED) + 2269 (BLUE) + 2269 (YELLOW) + 2269 (GREEN) 	4747 = 2269 (RED) + 2269 (BLUE) + 2269 (YELLOW) + 2269 (GREEN)  on YPD+Hyg		nan			nan	nan	Misc	miscellaneous_4000-4999						nan														YPD+Hyg	2269																	
4748.0	2270 (RED) + 2270 (BLUE) + 2270 (YELLOW) + 2270 (GREEN) 	4748 = 2270 (RED) + 2270 (BLUE) + 2270 (YELLOW) + 2270 (GREEN)  on YPD+Hyg		nan			nan	nan	Misc	miscellaneous_4000-4999						nan														YPD+Hyg	2270																	
4749.0	2271 (RED) + 2271 (BLUE) + 2271 (YELLOW) + 2271 (GREEN) 	4749 = 2271 (RED) + 2271 (BLUE) + 2271 (YELLOW) + 2271 (GREEN)  on YPD+Hyg		nan			nan	nan	Misc	miscellaneous_4000-4999						nan														YPD+Hyg	2271																	
4750.0	2272 (RED) + 2272 (BLUE) + 2272 (YELLOW) + 2272 (GREEN) 	4750 = 2272 (RED) + 2272 (BLUE) + 2272 (YELLOW) + 2272 (GREEN)  on YPD+Hyg		nan			nan	nan	Misc	miscellaneous_4000-4999						nan														YPD+Hyg	2272																	
4751.0	2273 (RED) + 2273 (BLUE) + 2273 (YELLOW) + 2273 (GREEN) 	4751 = 2273 (RED) + 2273 (BLUE) + 2273 (YELLOW) + 2273 (GREEN)  on YPD+Hyg		nan			nan	nan	Misc	miscellaneous_4000-4999						nan														YPD+Hyg	2273																	
4752.0	2274 (RED) + 2274 (BLUE) + 2274 (YELLOW) + 2274 (GREEN) 	4752 = 2274 (RED) + 2274 (BLUE) + 2274 (YELLOW) + 2274 (GREEN)  on YPD+Hyg		nan			nan	nan	Misc	miscellaneous_4000-4999						nan														YPD+Hyg	2274																	
4753.0	2275 (RED) + 2275 (BLUE) + 2275 (YELLOW) + 2275 (GREEN) 	4753 = 2275 (RED) + 2275 (BLUE) + 2275 (YELLOW) + 2275 (GREEN)  on YPD+Hyg		nan			nan	nan	Misc	miscellaneous_4000-4999						nan														YPD+Hyg	2275																	
4754.0	2278 (RED) + 2278 (BLUE) + 2278 (YELLOW) + 2278 (GREEN) 	4754 = 2278 (RED) + 2278 (BLUE) + 2278 (YELLOW) + 2278 (GREEN)  on YPD+G418		nan			nan	nan	Misc	miscellaneous_4000-4999						nan														YPD+G418	2278																	
4755.0	2279 (RED) + 2279 (BLUE) + 2279 (YELLOW) + 2279 (GREEN) 	4755 = 2279 (RED) + 2279 (BLUE) + 2279 (YELLOW) + 2279 (GREEN)  on YPD+G418		nan			nan	nan	Misc	miscellaneous_4000-4999						nan														YPD+G418	2279																	
4756.0	2280 (RED) + 2280 (BLUE) + 2280 (YELLOW) + 2280 (GREEN) 	4756 = 2280 (RED) + 2280 (BLUE) + 2280 (YELLOW) + 2280 (GREEN)  on YPD+G418		nan			nan	nan	Misc	miscellaneous_4000-4999						nan														YPD+G418	2280																	
4757.0	2281 (RED) + 2281 (BLUE) + 2281 (YELLOW) + 2281 (GREEN) 	4757 = 2281 (RED) + 2281 (BLUE) + 2281 (YELLOW) + 2281 (GREEN)  on YPD+G418		nan			nan	nan	Misc	miscellaneous_4000-4999						nan														YPD+G418	2281																	
4758.0	2282 (RED) + 2282 (BLUE) + 2282 (YELLOW) + 2282 (GREEN) 	4758 = 2282 (RED) + 2282 (BLUE) + 2282 (YELLOW) + 2282 (GREEN)  on YPD+G418		nan			nan	nan	Misc	miscellaneous_4000-4999						nan														YPD+G418	2282																	
4759.0	2283 (RED) + 2283 (BLUE) + 2283 (YELLOW) + 2283 (GREEN) 	4759 = 2283 (RED) + 2283 (BLUE) + 2283 (YELLOW) + 2283 (GREEN)  on YPD+G418		nan			nan	nan	Misc	miscellaneous_4000-4999						nan														YPD+G418	2283																	
4760.0	2284 (RED) + 2284 (BLUE) + 2284 (YELLOW) + 2284 (GREEN) 	4760 = 2284 (RED) + 2284 (BLUE) + 2284 (YELLOW) + 2284 (GREEN)  on YPD+G418		nan			nan	nan	Misc	miscellaneous_4000-4999						nan														YPD+G418	2284																	
4761.0	2285 (RED) + 2285 (BLUE) + 2285 (YELLOW) + 2285 (GREEN) 	4761 = 2285 (RED) + 2285 (BLUE) + 2285 (YELLOW) + 2285 (GREEN)  on YPD+G418		nan			nan	nan	Misc	miscellaneous_4000-4999						nan														YPD+G418	2285																	
4762.0	2286 (RED) + 2286 (BLUE) + 2286 (YELLOW) + 2286 (GREEN) 	4762 = 2286 (RED) + 2286 (BLUE) + 2286 (YELLOW) + 2286 (GREEN)  on YPD+G418		nan			nan	nan	Misc	miscellaneous_4000-4999						nan														YPD+G418	2286																	
4763.0	2287 (RED) + 2287 (BLUE) + 2287 (YELLOW) + 2287 (GREEN) 	4763 = 2287 (RED) + 2287 (BLUE) + 2287 (YELLOW) + 2287 (GREEN)  on YPD+G418		nan			nan	nan	Misc	miscellaneous_4000-4999						nan														YPD+G418	2287																	
4764.0	2288 (RED) + 2288 (BLUE) + 2288 (YELLOW) + 2288 (GREEN) 	4764 = 2288 (RED) + 2288 (BLUE) + 2288 (YELLOW) + 2288 (GREEN)  on YPD+G418		nan			nan	nan	Misc	miscellaneous_4000-4999						nan														YPD+G418	2288																	
4765.0	2289 (RED) + 2289 (BLUE) + 2289 (YELLOW) + 2289 (GREEN) 	4765 = 2289 (RED) + 2289 (BLUE) + 2289 (YELLOW) + 2289 (GREEN)  on YPD+G418		nan			nan	nan	Misc	miscellaneous_4000-4999						nan														YPD+G418	2289																	
4766.0	yT100 (RED) + yT100 (BLUE) + yT100 (YELLOW) + yT100 (GREEN) 	4766 = yT100 (RED) + yT100 (BLUE) + yT100 (YELLOW) + yT100 (GREEN)  on YPD+Hyg		nan			nan	nan	Misc	miscellaneous_4000-4999						nan														YPD+Hyg	yT100																	
4767.0	yT100 (RED) + yT100 (BLUE) + yT100 (YELLOW) + yT100 (GREEN) 	4767 = yT100 (RED) + yT100 (BLUE) + yT100 (YELLOW) + yT100 (GREEN)  on YPD+Hyg		nan			nan	nan	Misc	miscellaneous_4000-4999						nan														YPD+Hyg	yT100																	
4768.0	yT100 (RED) + yT100 (BLUE) + yT100 (YELLOW) + yT100 (GREEN) 	4768 = yT100 (RED) + yT100 (BLUE) + yT100 (YELLOW) + yT100 (GREEN)  on YPD+Hyg		nan			nan	nan	Misc	miscellaneous_4000-4999						nan														YPD+Hyg	yT100																	
4769.0	yT100 (RED) + yT100 (BLUE) + yT100 (YELLOW) + yT100 (GREEN) 	4769 = yT100 (RED) + yT100 (BLUE) + yT100 (YELLOW) + yT100 (GREEN)  on YPD+Hyg		nan			nan	nan	Misc	miscellaneous_4000-4999						nan														YPD+Hyg	yT100																	
4770.0	yT100 (RED) + yT100 (BLUE) + yT100 (YELLOW) + yT100 (GREEN) 	4770 = yT100 (RED) + yT100 (BLUE) + yT100 (YELLOW) + yT100 (GREEN)  on YPD+Hyg		nan			nan	nan	Misc	miscellaneous_4000-4999						nan														YPD+Hyg	yT100																	
4771.0	yT100 (RED) + yT100 (BLUE) + yT100 (YELLOW) + yT100 (GREEN) 	4771 = yT100 (RED) + yT100 (BLUE) + yT100 (YELLOW) + yT100 (GREEN)  on YPD+Hyg		nan			nan	nan	Misc	miscellaneous_4000-4999						nan														YPD+Hyg	yT100																	
4772.0	20200318 yT100 MATalpha REDI BC 384 RED, (restocked on 20230411 in YPD+Hyg+15% glycerol)	nan		nan			nan	nan	Misc	miscellaneous_4000-4999						nan														YPD+Hyg	nan																	
4773.0	20200318 yT100 MATalpha REDI BC 384 BLUE, (restocked on 20230411 in YPD+Hyg+15% glycerol)	nan		nan			nan	nan	Misc	miscellaneous_4000-4999						nan														YPD+Hyg	nan																	
4774.0	20200318 yT100 MATalpha REDI BC 384 YELLOW, (restocked on 20230411 in YPD+Hyg+15% glycerol)	nan		nan			nan	nan	Misc	miscellaneous_4000-4999						nan														YPD+Hyg	nan																	
4775.0	20200318 yT100 MATalpha REDI BC 384 GREEN, (restocked on 20230411 in YPD+Hyg+15% glycerol)	nan		nan			nan	nan	Misc	miscellaneous_4000-4999						nan														YPD+Hyg	nan																	
4776.0	replica of 4472	nan		nan			nan	nan	Misc	miscellaneous_4000-4999						nan														YPD+Hyg	nan																	
4777.0	replica of 4473	nan		nan			nan	nan	Misc	miscellaneous_4000-4999						nan														YPD+Hyg	nan																	
4778.0	replica of 4474	nan		nan			nan	nan	Misc	miscellaneous_4000-4999						nan														YPD+Hyg	nan																	
4779.0	replica of 4475	nan		nan			nan	nan	Misc	miscellaneous_4000-4999						nan														YPD+Hyg	nan																	
4780.0	20230515_yT182_yT183_bc1_lox71_bc2_MATa_REDI_full_collection_RED	nan		4780 = 20230515_yT182_yT183_bc1_lox71_bc2_MATa_REDI_full_collection_RED			nan	nan	Misc	miscellaneous_4000-4999						nan														YPD+G418	nan																	
4781.0	20230515_yT182_yT183_bc1_lox71_bc2_MATa_REDI_full_collection_BLUE	nan		4781 = 20230515_yT182_yT183_bc1_lox71_bc2_MATa_REDI_full_collection_BLUE			nan	nan	Misc	miscellaneous_4000-4999						nan														YPD+G418	nan																	
4782.0	20230515_yT182_yT183_bc1_lox71_bc2_MATa_REDI_full_collection_YELLOW	nan		4782 = 20230515_yT182_yT183_bc1_lox71_bc2_MATa_REDI_full_collection_YELLOW			nan	nan	Misc	miscellaneous_4000-4999						nan														YPD+G418	nan																	
4783.0	20230515_yT182_yT183_bc1_lox71_bc2_MATa_REDI_full_collection_GREEN	nan		4783 = 20230515_yT182_yT183_bc1_lox71_bc2_MATa_REDI_full_collection_GREEN			nan	nan	Misc	miscellaneous_4000-4999						nan														YPD+G418	nan																	
4784.0	20230517_yT182_yT183_bc1_lox71_bc2_MATa_REDI_R_collection_RED	nan		4784 = 20230517_yT182_yT183_bc1_lox71_bc2_MATa_REDI_R_collection_RED			nan	nan	Misc	miscellaneous_4000-4999						nan														YPD+G418	nan																	
4785.0	20230517_yT182_yT183_bc1_lox71_bc2_MATa_REDI_B_collection_BLUE	nan		4785 = 20230517_yT182_yT183_bc1_lox71_bc2_MATa_REDI_B_collection_BLUE			nan	nan	Misc	miscellaneous_4000-4999						nan														YPD+G418	nan																	
4786.0	20230517_yT182_yT183_bc1_lox71_bc2_MATa_REDI_Y_collection_YELLOW	nan		4786 = 20230517_yT182_yT183_bc1_lox71_bc2_MATa_REDI_Y_collection_YELLOW			nan	nan	Misc	miscellaneous_4000-4999						nan														YPD+G418	nan																	
4787.0	20230517_yT182_yT183_bc1_lox71_bc2_MATa_REDI_G_collection_GREEN	nan		4787 = 20230517_yT182_yT183_bc1_lox71_bc2_MATa_REDI_G_collection_GREEN			nan	nan	Misc	miscellaneous_4000-4999						nan														YPD+G418	nan																	
4788.0	20230515_yT182_yT183_bc1_lox71_bc2_MATa_REDI_full_collection_RED 1536 4:1 single source	nan		4788 = 20230515_yT182_yT183_bc1_lox71_bc2_MATa_REDI_full_collection_RED 1536 4:1 single source			nan	nan	Misc	miscellaneous_4000-4999						nan														YPD+G418	nan																	
4789.0	20230515_yT182_yT183_bc1_lox71_bc2_MATa_REDI_full_collection_BLUE 4:1 single source	nan		4789 = 20230515_yT182_yT183_bc1_lox71_bc2_MATa_REDI_full_collection_BLUE 4:1 single source			nan	nan	Misc	miscellaneous_4000-4999						nan														YPD+G418	nan																	
4790.0	20230515_yT182_yT183_bc1_lox71_bc2_MATa_REDI_full_collection_YELLOW 4:1 single source	nan		4790 = 20230515_yT182_yT183_bc1_lox71_bc2_MATa_REDI_full_collection_YELLOW 4:1 single source			nan	nan	Misc	miscellaneous_4000-4999						nan														YPD+G418	nan																	
4791.0	20230515_yT182_yT183_bc1_lox71_bc2_MATa_REDI_full_collection_GREEN 4:1 single source	nan		4791 = 20230515_yT182_yT183_bc1_lox71_bc2_MATa_REDI_full_collection_GREEN 4:1 single source			nan	nan	Misc	miscellaneous_4000-4999						nan														YPD+G418	nan																	
4792.0	20200318 yT100 MATalpha REDI BC 1536 RBYG (restocked on 20230411 in YPD+Hyg+15% glycerol)	nan		4792 = 20200318 yT100 MATalpha REDI BC 1536 RBYG (restocked on 20230411 in YPD+Hyg+15% glycerol)			nan	nan	Misc	miscellaneous_4000-4999						nan														YPD+Hyg	nan																	
4793.0	20200318 yT100 MATalpha REDI BC 1536 RBYG (restocked on 20230411 in YPD+Hyg+15% glycerol)	nan		4793 = 20200318 yT100 MATalpha REDI BC 1536 RBYG (restocked on 20230411 in YPD+Hyg+15% glycerol)			nan	nan	Misc	miscellaneous_4000-4999						nan														YPD+Hyg	nan																	
4794.0	20200318 yT100 MATalpha REDI BC 384 RED, (restocked on 20230411 in YPD+Hyg+15% glycerol) 1536 4:1 single source	nan		4794 = 20200318 yT100 MATalpha REDI BC 384 RED, (restocked on 20230411 in YPD+Hyg+15% glycerol) 1536 4:1 single source			nan	nan	Misc	miscellaneous_4000-4999						20210721														YPD+Hyg	nan																	
4795.0	20200318 yT100 MATalpha REDI BC 384 BLUE, (restocked on 20230411 in YPD+Hyg+15% glycerol) 1536 4:1 single source	nan		4795 = 20200318 yT100 MATalpha REDI BC 384 BLUE, (restocked on 20230411 in YPD+Hyg+15% glycerol) 1536 4:1 single source			nan	nan	Misc	miscellaneous_4000-4999						20210721														YPD+Hyg	nan																	
4796.0	20200318 yT100 MATalpha REDI BC 384 YELLOW, (restocked on 20230411 in YPD+Hyg+15% glycerol) 1536 4:1 single source	nan		4796 = 20200318 yT100 MATalpha REDI BC 384 YELLOW, (restocked on 20230411 in YPD+Hyg+15% glycerol) 1536 4:1 single source			nan	nan	Misc	miscellaneous_4000-4999						20210721														YPD+Hyg	nan																	
4797.0	20200318 yT100 MATalpha REDI BC 384 GREEN, (restocked on 20230411 in YPD+Hyg+15% glycerol) 1536 4:1 single source	nan		4797 = 20200318 yT100 MATalpha REDI BC 384 GREEN, (restocked on 20230411 in YPD+Hyg+15% glycerol) 1536 4:1 single source			nan	nan	Misc	miscellaneous_4000-4999						20210721														YPD+Hyg	nan																	
4798.0	20230515_yT182_yT183_bc1_lox71_bc2_MATa_REDI_full_collection 1536 RBGY (The ROTOR 384 to 1536 stamping was rotated a few degrees leading to a tilted 1536 array! Luckily 4799 was OK so 6 replicate plates were made from 4799. This did not appear to affect any other plates as well.	nan		nan			nan	nan	Misc	miscellaneous_4000-4999						nan														YPD+G418	nan																	
4799.0	20230515_yT182_yT183_bc1_lox71_bc2_MATa_REDI_full_collection 1536 RBGY	nan		nan			nan	nan	Misc	miscellaneous_4000-4999						nan														YPD+G418	nan																	
4800.0	2217	nan		nan			nan	nan	Misc	miscellaneous_4000-4999						20210721														YPD+Hyg	nan																	
4801.0	2218	nan		nan			nan	nan	Misc	miscellaneous_4000-4999						2023-03-09 00:00:00														YPD+Hyg	nan																	
4802.0	2219	nan		nan			nan	nan	Misc	miscellaneous_4000-4999						2023-03-09 00:00:00														YPD+Hyg	nan																	
4803.0	2220	nan		nan			nan	nan	Misc	miscellaneous_4000-4999						2023-03-09 00:00:00														YPD+Hyg	nan																	
4804.0	2221	nan		nan			nan	nan	Misc	miscellaneous_4000-4999						2022-11-12 00:00:00														YPD+Hyg	nan																	
4805.0	2222	nan		nan			nan	nan	Misc	miscellaneous_4000-4999						2022-11-12 00:00:00														YPD+Hyg	nan																	
4806.0	2223	nan		nan			nan	nan	Misc	miscellaneous_4000-4999						2022-11-12 00:00:00														YPD+Hyg	nan																	
4807.0	2224	nan		nan			nan	nan	Misc	miscellaneous_4000-4999						2022-11-12 00:00:00														YPD+Hyg	nan																	
4808.0	2225	nan		nan			nan	nan	Misc	miscellaneous_4000-4999						2022-11-12 00:00:00														YPD+Hyg	nan																	
4809.0	2226	nan		nan			nan	nan	Misc	miscellaneous_4000-4999						2022-11-12 00:00:00														YPD+Hyg	nan																	
4810.0	2227	nan		nan			nan	nan	Misc	miscellaneous_4000-4999						2022-11-12 00:00:00														YPD+Hyg	nan																	
4811.0	2228	nan		nan			nan	nan	Misc	miscellaneous_4000-4999						2022-11-12 00:00:00														YPD+Hyg	nan																	
4812.0	2229	nan		nan			nan	nan	Misc	miscellaneous_4000-4999						2022-11-12 00:00:00														YPD+Hyg	nan																	
4813.0	2230	nan		nan			nan	nan	Misc	miscellaneous_4000-4999						2022-11-12 00:00:00														YPD+Hyg	nan																	
4814.0	2231	nan		nan			nan	nan	Misc	miscellaneous_4000-4999						2022-11-12 00:00:00														YPD+Hyg	nan																	
4815.0	2232	nan		nan			nan	nan	Misc	miscellaneous_4000-4999						2022-11-12 00:00:00														YPD+Hyg	nan																	
4816.0	2233	nan		nan			nan	nan	Misc	miscellaneous_4000-4999						2022-11-12 00:00:00														YPD+Hyg	nan																	
4817.0	2234	nan		nan			nan	nan	Misc	miscellaneous_4000-4999						2023-03-09 00:00:00														YPD+Hyg	nan																	
4818.0	2235	nan		nan			nan	nan	Misc	miscellaneous_4000-4999						2023-03-09 00:00:00														YPD+Hyg	nan																	
4819.0	2236	nan		nan			nan	nan	Misc	miscellaneous_4000-4999						2023-03-09 00:00:00														YPD+Hyg	nan																	
4820.0	2237	nan		nan			nan	nan	Misc	miscellaneous_4000-4999						2023-03-09 00:00:00														YPD+Hyg	nan																	
4821.0	2238	nan		nan			nan	nan	Misc	miscellaneous_4000-4999						2023-03-09 00:00:00														YPD+Hyg	nan																	
4822.0	2239	nan		nan			nan	nan	Misc	miscellaneous_4000-4999						2023-03-09 00:00:00														YPD+Hyg	nan																	
4823.0	20230517_yT182_yT183_bc1_lox71_bc2_MATa_REDI_R_collection_RED 1536 4:1 single source	nan		4823 = 20230517_yT182_yT183_bc1_lox71_bc2_MATa_REDI_R_collection_RED 1536 4:1 single source			nan	nan	Misc	miscellaneous_4000-4999						nan														YPD+G418	nan																	
4824.0	20230517_yT182_yT183_bc1_lox71_bc2_MATa_REDI_B_collection_BLUE 1536 4:1 single source	nan		4824 = 20230517_yT182_yT183_bc1_lox71_bc2_MATa_REDI_B_collection_BLUE 1536 4:1 single source			nan	nan	Misc	miscellaneous_4000-4999						nan														YPD+G418	nan																	
4825.0	20230517_yT182_yT183_bc1_lox71_bc2_MATa_REDI_Y_collection_YELLOW 1536 4:1 single source	nan		4825 = 20230517_yT182_yT183_bc1_lox71_bc2_MATa_REDI_Y_collection_YELLOW 1536 4:1 single source			nan	nan	Misc	miscellaneous_4000-4999						nan														YPD+G418	nan																	
4826.0	20230517_yT182_yT183_bc1_lox71_bc2_MATa_REDI_G_collection_GREEN 1536 4:1 single source	nan		4826 = 20230517_yT182_yT183_bc1_lox71_bc2_MATa_REDI_G_collection_GREEN 1536 4:1 single source			nan	nan	Misc	miscellaneous_4000-4999						nan														YPD+G418	nan																	
4827.0	20230517_yT182_yT183_bc1_lox71_bc2_MATa_REDI_RBGY_collection 1536 RBGY	nan		4827 = 20230517_yT182_yT183_bc1_lox71_bc2_MATa_REDI_RBGY_collection 1536 RBGY			nan	nan	Misc	miscellaneous_4000-4999						nan														YPD+G418	nan																	
4828.0	20230517_yT182_yT183_bc1_lox71_bc2_MATa_REDI_RBGY_collection 1536 RBGY	nan		4828 = 20230517_yT182_yT183_bc1_lox71_bc2_MATa_REDI_RBGY_collection 1536 RBGY			nan	nan	Misc	miscellaneous_4000-4999						nan														YPD+G418	nan																	
4829.0	2304	nan		nan			nan	nan	Misc	miscellaneous_4000-4999						2023-06-07 00:00:00														YPD+G418	nan																	
4830.0	2305	nan		nan			nan	nan	Misc	miscellaneous_4000-4999						2023-06-07 00:00:00														YPD+G418	nan																	
4831.0	2306	nan		nan			nan	nan	Misc	miscellaneous_4000-4999						2023-06-07 00:00:00														YPD+G418	nan																	
4832.0	2307	nan		nan			nan	nan	Misc	miscellaneous_4000-4999						2023-06-07 00:00:00														YPD+G418	nan																	
4833.0	2308	nan		nan			nan	nan	Misc	miscellaneous_4000-4999						2023-06-07 00:00:00														YPD+G418	nan																	
4834.0	2309	nan		nan			nan	nan	Misc	miscellaneous_4000-4999						2023-06-07 00:00:00														YPD+G418	nan																	
4835.0	2310	nan		nan			nan	nan	Misc	miscellaneous_4000-4999						2023-06-07 00:00:00														YPD+G418	nan																	
4836.0	2311	nan		nan			nan	nan	Misc	miscellaneous_4000-4999						2023-06-07 00:00:00														YPD+G418	nan																	
4837.0	2312	nan		nan			nan	nan	Misc	miscellaneous_4000-4999						2023-06-07 00:00:00														YPD+G418	nan																	
4838.0	2313	nan		nan			nan	nan	Misc	miscellaneous_4000-4999						2023-06-07 00:00:00														YPD+G418	nan																	
4839.0	2314	nan		nan			nan	nan	Misc	miscellaneous_4000-4999						2023-06-07 00:00:00														YPD+G418	nan																	
4840.0	2315	nan		nan			nan	nan	Misc	miscellaneous_4000-4999						2023-06-07 00:00:00														YPD+G418	nan																	
4841.0	2316	nan		nan			nan	nan	Misc	miscellaneous_4000-4999						2023-06-07 00:00:00														YPD+G418	nan																	
4842.0	2317	nan		nan			nan	nan	Misc	miscellaneous_4000-4999						2023-06-07 00:00:00														YPD+G418	nan																	
4843.0	2318	nan		nan			nan	nan	Misc	miscellaneous_4000-4999						2023-06-07 00:00:00														YPD+G418	nan																	
4844.0	2319	nan		nan			nan	nan	Misc	miscellaneous_4000-4999						2023-06-07 00:00:00														YPD+G418	nan																	
4845.0	2320	nan		nan			nan	nan	Misc	miscellaneous_4000-4999						2023-06-07 00:00:00														YPD+G418	nan																	
4846.0	2321	nan		nan			nan	nan	Misc	miscellaneous_4000-4999						2023-06-07 00:00:00														YPD+G418	nan																	
4847.0	20230601_yT182_yT183_bc1_lox71_bc2_MATa_REDI_RBGY_collection 1536 RBGY	nan		nan			nan	nan	Misc	miscellaneous_4000-4999						2022-10-12 00:00:00														YPD+G418	nan																	
4848.0	20230601_yT182_yT183_bc1_lox71_bc2_MATa_REDI_RBGY_collection 1536 RBGY	nan		nan			nan	nan	Misc	miscellaneous_4000-4999						2022-10-17 00:00:00														YPD+G418	nan																	
4849.0	20230601_yT182_yT183_bc1_lox71_bc2_MATa_REDI_RBGY_collection 1536 RBGY	nan		nan			nan	nan	Misc	miscellaneous_4000-4999						2022-10-24 00:00:00														YPD+G418	nan																	
4850.0	20230601_yT182_yT183_bc1_lox71_bc2_MATa_REDI_RBGY_collection 1536 RBGY	nan		nan			nan	nan	Misc	miscellaneous_4000-4999						2023-03-17 00:00:00														YPD+G418	nan																	
4851.0	20230601_yT182_yT183_bc1_lox71_bc2_MATa_REDI_RBGY_collection 1536 RBGY	nan		nan			nan	nan	Misc	miscellaneous_4000-4999						2023-04-20 00:00:00														YPD+G418	nan																	
4852.0	20230601_yT182_yT183_bc1_lox71_bc2_MATa_REDI_RBGY_collection 1536 RBGY	nan		nan			nan	nan	Misc	miscellaneous_4000-4999						2023-05-24 00:00:00														YPD+G418	nan																	
4853.0	20230601_yT182_yT183_bc1_lox71_bc2_MATa_REDI_RBGY_collection 1536 RBGY	nan		nan			nan	nan	Misc	miscellaneous_4000-4999						2023-05-25 00:00:00														YPD+G418	nan																	
4854.0	20230601_yT182_yT183_bc1_lox71_bc2_MATa_REDI_RBGY_collection 1536 RBGY	nan		nan			nan	nan	Misc	miscellaneous_4000-4999						2023-06-07 00:00:00														YPD+G418	nan																	
4855.0	20230601_yT182_yT183_bc1_lox71_bc2_MATa_REDI_RBGY_collection 1536 RBGY	nan		nan			nan	nan	Misc	miscellaneous_4000-4999						2023-06-07 00:00:00														YPD+G418	nan																	
4856.0	yL310, 22 uL from the 25 mL CSM-His+gal+ATc overnight outgrowths inoculated in YPD+G418	nan		nan			nan	nan	Misc	miscellaneous_4000-4999						2023-06-07 00:00:00														YPD+G418	1024																	
4857.0	yL310, 22 uL from the 25 mL CSM-His+gal+ATc overnight outgrowths inoculated in CSM-His+gal+ATc	nan		nan			nan	nan	Misc	miscellaneous_4000-4999						2023-06-07 00:00:00														YPD+G418	1024																	
4858.0	yL312, 22 uL from the 25 mL CSM-His+gal+ATc overnight outgrowths inoculated in YPD+G418	nan		nan			nan	nan	Misc	miscellaneous_4000-4999						2023-06-07 00:00:00														YPD+G418	1024																	
4859.0	yL312, 22 uL from the 25 mL CSM-His+gal+ATc overnight outgrowths inoculated in CSM-His+gal+ATc	nan		nan			nan	nan	Misc	miscellaneous_4000-4999						2023-06-07 00:00:00														YPD+G418	1024																	
4860.0	2322	nan		nan			nan	nan	Misc	miscellaneous_4000-4999						2023-06-16 00:00:00														YPD+G418	nan																	
4861.0	2323	nan		nan			nan	nan	Misc	miscellaneous_4000-4999						2023-06-16 00:00:00														YPD+G418	nan																	
4862.0	2324	nan		nan			nan	nan	Misc	miscellaneous_4000-4999						2023-06-16 00:00:00														YPD+G418	nan																	
4863.0	2325	nan		nan			nan	nan	Misc	miscellaneous_4000-4999						2023-06-16 00:00:00														YPD+G418	nan																	
4864.0	2326	nan		nan			nan	nan	Misc	miscellaneous_4000-4999						2023-06-16 00:00:00														YPD+G418	nan																	
4865.0	2327	nan		nan			nan	nan	Misc	miscellaneous_4000-4999						2023-06-16 00:00:00														YPD+G418	nan																	
4866.0	2328	nan		nan			nan	nan	Misc	miscellaneous_4000-4999						2023-06-16 00:00:00														YPD+G418	nan																	
4867.0	2329	nan		nan			nan	nan	Misc	miscellaneous_4000-4999						2023-06-16 00:00:00														YPD+G418	nan																	
4868.0	2330	nan		nan			nan	nan	Misc	miscellaneous_4000-4999						2023-06-16 00:00:00														YPD+G418	nan																	
4869.0	2331	nan		nan			nan	nan	Misc	miscellaneous_4000-4999						2023-06-16 00:00:00														YPD+G418	nan																	
4870.0	2332	nan		nan			nan	nan	Misc	miscellaneous_4000-4999						2023-06-16 00:00:00														YPD+G418	nan																	
4871.0	2333	nan		nan			nan	nan	Misc	miscellaneous_4000-4999						2023-06-16 00:00:00														YPD+G418	nan																	
4872.0	4852	nan		nan			nan	nan	Misc	miscellaneous_4000-4999						2023-06-16 00:00:00														YPD+G418	nan																	
4873.0	4853	nan		nan			nan	nan	Misc	miscellaneous_4000-4999						2023-06-16 00:00:00														YPD+G418	nan																	
4874.0	4854	nan		nan			nan	nan	Misc	miscellaneous_4000-4999						2023-06-16 00:00:00														YPD+G418	nan																	
4875.0	4855	nan		nan			nan	nan	Misc	miscellaneous_4000-4999						2023-06-16 00:00:00														YPD+G418	nan																	
4876.0	2334	nan		nan			nan	nan	Misc	miscellaneous_4000-4999						2023-06-07 00:00:00														YPD+G418	nan																	
4877.0	2335	nan		nan			nan	nan	Misc	miscellaneous_4000-4999						2023-06-16 00:00:00														YPD+G418	nan																	
4878.0	2336	nan		nan			nan	nan	Misc	miscellaneous_4000-4999						2023-05-25 00:00:00														YPD+G418	nan																	
4879.0	2337	nan		nan			nan	nan	Misc	miscellaneous_4000-4999						2023-05-25 00:00:00														YPD+G418	nan																	
4880.0	2338	nan		nan			nan	nan	Misc	miscellaneous_4000-4999						2023-05-25 00:00:00														YPD+G418	nan																	
4881.0	2339	nan		nan			nan	nan	Misc	miscellaneous_4000-4999						2023-05-25 00:00:00														YPD+G418	nan																	
4882.0	2340	nan		nan			nan	nan	Misc	miscellaneous_4000-4999						2023-05-25 00:00:00														YPD+G418	nan																	
4883.0	2341	nan		nan			nan	nan	Misc	miscellaneous_4000-4999						2023-05-25 00:00:00														YPD+G418	nan																	
4884.0	2342	nan		nan			nan	nan	Misc	miscellaneous_4000-4999						2023-05-25 00:00:00														YPD+G418	nan																	
4885.0	2343	nan		nan			nan	nan	Misc	miscellaneous_4000-4999						2023-05-25 00:00:00														YPD+G418	nan																	
4886.0	2344	nan		nan			nan	nan	Misc	miscellaneous_4000-4999						2023-05-25 00:00:00														YPD+G418	nan																	
4887.0	2345	nan		nan			nan	nan	Misc	miscellaneous_4000-4999						2023-05-25 00:00:00														YPD+G418	nan																	
4888.0	4852	nan		nan			nan	nan	Misc	miscellaneous_4000-4999						2023-05-25 00:00:00														YPD+G418	nan																	
4889.0	4853	nan		nan			nan	nan	Misc	miscellaneous_4000-4999						2023-05-25 00:00:00														YPD+G418	nan																	
4890.0	4854	nan		nan			nan	nan	Misc	miscellaneous_4000-4999						2023-05-25 00:00:00														YPD+G418	nan																	
4891.0	4855	nan		nan			nan	nan	Misc	miscellaneous_4000-4999						2023-05-25 00:00:00														YPD+G418	nan																	
4892.0	2346	nan		nan			nan	nan	Misc	miscellaneous_4000-4999						2023-05-15 00:00:00														YPD+G418	nan																	
4893.0	2347	nan		nan			nan	nan	Misc	miscellaneous_4000-4999						2023-05-15 00:00:00														YPD+G418	nan																	
4894.0	20230517_yT182_yT183_bc1_lox71_bc2_MATa_REDI_RBGY_collection 1536 RBGY	nan		nan			nan	nan	Misc	miscellaneous_4000-4999						nan														YPD+G418	nan																	
4895.0	20230601_yT182_yT183_bc1_lox71_bc2_MATa_REDI_RBGY_collection 1536 RBGY	nan		nan			nan	nan	Misc	miscellaneous_4000-4999						nan														YPD+G418	nan																	
4896.0	4894	nan		nan			nan	nan	Misc	miscellaneous_4000-4999						2022-06-30 00:00:00														CSM-His	nan																	
4897.0	4895	nan		nan			nan	nan	Misc	miscellaneous_4000-4999						2022-06-30 00:00:00														CSM-His	nan																	
4898.0	4894	nan		nan			nan	nan	Misc	miscellaneous_4000-4999						2018-10-10 00:00:00														CSM-Leu	nan																	
4899.0	4895	nan		nan			nan	nan	Misc	miscellaneous_4000-4999						2018-10-10 00:00:00														CSM-Leu	nan																	
4900.0	4894	nan		nan			nan	nan	Misc	miscellaneous_4000-4999						2023-08-10 00:00:00														SC-His + YNB w/AS + dextrose + 1 mg/mL 5FOA (pH 3.5)	nan																	
4901.0	4895	nan		nan			nan	nan	Misc	miscellaneous_4000-4999						2023-08-10 00:00:00														SC-His + YNB w/AS + dextrose + 1 mg/mL 5FOA (pH 3.5)	nan																	
4902.0	4894	nan		nan			nan	nan	Misc	miscellaneous_4000-4999						2023-07-19 00:00:00														SGal+His+Leu+Ura	nan																	
4903.0	4895	nan		nan			nan	nan	Misc	miscellaneous_4000-4999						2023-07-19 00:00:00														SGal+His+Leu+Ura	nan																	
4904.0	5094 (RED), 5095 (BLUE), 5096 (YELLOW), 5097 (GREEN)	nan		nan			nan	nan	Misc	miscellaneous_4000-4999						2023-11-16 00:00:00														YPD+G418	nan																	
4905.0	5098 (RED), 5099 (BLUE), 5100 (YELLOW), 5101 (GREEN)	nan		nan			nan	nan	Misc	miscellaneous_4000-4999						2023-11-16 00:00:00														YPD+G418	nan																	
4906.0	4906 = 4904 = 5094 (RED), 5095 (BLUE), 5096 (YELLOW), 5097 (GREEN)	nan		nan			nan	nan	Misc	miscellaneous_4000-4999						2023-11-16 00:00:00														YPD+G418	nan																	
4907.0	4907 = 4904 = 5094 (RED), 5095 (BLUE), 5096 (YELLOW), 5097 (GREEN)	nan		nan			nan	nan	Misc	miscellaneous_4000-4999						2023-11-16 00:00:00														YPD+G418	nan																	
4908.0	4908 = 4904 = 5094 (RED), 5095 (BLUE), 5096 (YELLOW), 5097 (GREEN)	nan		nan			nan	nan	Misc	miscellaneous_4000-4999						2023-11-16 00:00:00														YPD+G418	nan																	
4909.0	4909 = 4904 = 5094 (RED), 5095 (BLUE), 5096 (YELLOW), 5097 (GREEN)	nan		nan			nan	nan	Misc	miscellaneous_4000-4999						2023-11-16 00:00:00														YPD+G418	nan																	
4910.0	4910 = 4905 = 5098 (RED), 5099 (BLUE), 5100 (YELLOW), 5101 (GREEN)	nan		nan			nan	nan	Misc	miscellaneous_4000-4999						2023-11-16 00:00:00														YPD+G418	nan																	
4911.0	4911 = 4905 = 5098 (RED), 5099 (BLUE), 5100 (YELLOW), 5101 (GREEN)	nan		nan			nan	nan	Misc	miscellaneous_4000-4999						2023-11-16 00:00:00														YPD+G418	nan																	
4912.0	4912 = 4905 = 5098 (RED), 5099 (BLUE), 5100 (YELLOW), 5101 (GREEN)	nan		nan			nan	nan	Misc	miscellaneous_4000-4999						2023-11-16 00:00:00														YPD+G418	nan																	
4913.0	4913 = 4905 = 5098 (RED), 5099 (BLUE), 5100 (YELLOW), 5101 (GREEN)	nan		nan			nan	nan	Misc	miscellaneous_4000-4999						2023-11-16 00:00:00														YPD+G418	nan																	
4914.0	20230601_yT182_yT183_bc1_lox71_bc2_MATa_REDI_RBGY_collection 1536 RBGY	nan		nan			nan	nan	Misc	miscellaneous_4000-4999						2023-11-16 00:00:00														YPD+G418	nan																	
4915.0	20230601_yT182_yT183_bc1_lox71_bc2_MATa_REDI_RBGY_collection 1536 RBGY	nan		nan			nan	nan	Misc	miscellaneous_4000-4999						2023-11-16 00:00:00														YPD+G418	nan																	
4916.0	4906 = 4904 = 5094 (RED), 5095 (BLUE), 5096 (YELLOW), 5097 (GREEN)	nan		nan			nan	nan	Misc	miscellaneous_4000-4999						nan														YPD + 1 mM 5FC	nan																	
4917.0	4906 = 4904 = 5094 (RED), 5095 (BLUE), 5096 (YELLOW), 5097 (GREEN)	nan		nan			nan	nan	Misc	miscellaneous_4000-4999						nan														CSM-HIS+300 uM 5FC	nan																	
4918.0	4906 = 4904 = 5094 (RED), 5095 (BLUE), 5096 (YELLOW), 5097 (GREEN)	nan		nan			nan	nan	Misc	miscellaneous_4000-4999						nan														YP + 3% glycerol + G418	nan																	
4919.0	4907 = 4904 = 5094 (RED), 5095 (BLUE), 5096 (YELLOW), 5097 (GREEN)	nan		nan			nan	nan	Misc	miscellaneous_4000-4999						nan														YP + 2% fructose + G418	nan																	
4920.0	4907 = 4904 = 5094 (RED), 5095 (BLUE), 5096 (YELLOW), 5097 (GREEN)	nan		nan			nan	nan	Misc	miscellaneous_4000-4999						nan														YP + 2% sucrose + G418	nan																	
4921.0	4907 = 4904 = 5094 (RED), 5095 (BLUE), 5096 (YELLOW), 5097 (GREEN)	nan		nan			nan	nan	Misc	miscellaneous_4000-4999						nan														YPD + 400 mM Lithium Chloride + G418	nan																	
4922.0	4908 = 4904 = 5094 (RED), 5095 (BLUE), 5096 (YELLOW), 5097 (GREEN)	nan		nan			nan	nan	Misc	miscellaneous_4000-4999						nan														YPD + 50 μM Cadmium Chloride + G418	nan																	
4923.0	4908 = 4904 = 5094 (RED), 5095 (BLUE), 5096 (YELLOW), 5097 (GREEN)	nan		nan			nan	nan	Misc	miscellaneous_4000-4999						nan														YPD + 1 M Magnesium Chloride Hexahydrate + G418	nan																	
4924.0	4908 = 4904 = 5094 (RED), 5095 (BLUE), 5096 (YELLOW), 5097 (GREEN)	nan		nan			nan	nan	Misc	miscellaneous_4000-4999						nan														YPD + 3 uM Tunicamycin	nan																	
4925.0	4909 = 4904 = 5094 (RED), 5095 (BLUE), 5096 (YELLOW), 5097 (GREEN)	nan		nan			nan	nan	Misc	miscellaneous_4000-4999						nan														YP+2% mannose + G418	nan																	
4926.0	4909 = 4904 = 5094 (RED), 5095 (BLUE), 5096 (YELLOW), 5097 (GREEN)	nan		nan			nan	nan	Misc	miscellaneous_4000-4999						nan														YP+2% raffinose + G418	nan																	
4927.0	4909 = 4904 = 5094 (RED), 5095 (BLUE), 5096 (YELLOW), 5097 (GREEN)	nan		nan			nan	nan	Misc	miscellaneous_4000-4999						nan														YPD + G418	nan																	
4928.0	4910 = 4905 = 5098 (RED), 5099 (BLUE), 5100 (YELLOW), 5101 (GREEN)	nan		nan			nan	nan	Misc	miscellaneous_4000-4999						nan														YPD + 1 mM 5FC	nan																	
4929.0	4910 = 4905 = 5098 (RED), 5099 (BLUE), 5100 (YELLOW), 5101 (GREEN)	nan		nan			nan	nan	Misc	miscellaneous_4000-4999						nan														CSM-HIS+300 uM 5FC	nan																	
4930.0	4910 = 4905 = 5098 (RED), 5099 (BLUE), 5100 (YELLOW), 5101 (GREEN)	nan		nan			nan	nan	Misc	miscellaneous_4000-4999						nan														YP + 3% glycerol + G418	nan																	
4931.0	4911 = 4905 = 5098 (RED), 5099 (BLUE), 5100 (YELLOW), 5101 (GREEN)	nan		nan			nan	nan	Misc	miscellaneous_4000-4999						nan														YP + 2% fructose + G418	nan																	
4932.0	4911 = 4905 = 5098 (RED), 5099 (BLUE), 5100 (YELLOW), 5101 (GREEN)	nan		nan			nan	nan	Misc	miscellaneous_4000-4999						nan														YP + 2% sucrose + G418	nan																	
4933.0	4911 = 4905 = 5098 (RED), 5099 (BLUE), 5100 (YELLOW), 5101 (GREEN)	nan		nan			nan	nan	Misc	miscellaneous_4000-4999						nan														YPD + 400 mM Lithium Chloride + G418	nan																	
4934.0	4912 = 4905 = 5098 (RED), 5099 (BLUE), 5100 (YELLOW), 5101 (GREEN)	nan		nan			nan	nan	Misc	miscellaneous_4000-4999						nan														YPD + 50 μM Cadmium Chloride + G418	nan																	
4935.0	4912 = 4905 = 5098 (RED), 5099 (BLUE), 5100 (YELLOW), 5101 (GREEN)	nan		nan			nan	nan	Misc	miscellaneous_4000-4999						nan														YPD + 1 M Magnesium Chloride Hexahydrate + G418	nan																	
4936.0	4912 = 4905 = 5098 (RED), 5099 (BLUE), 5100 (YELLOW), 5101 (GREEN)	nan		nan			nan	nan	Misc	miscellaneous_4000-4999						nan														YPD + 3 uM Tunicamycin	nan																	
4937.0	4913 = 4905 = 5098 (RED), 5099 (BLUE), 5100 (YELLOW), 5101 (GREEN)	nan		nan			nan	nan	Misc	miscellaneous_4000-4999						nan														YP+2% mannose + G418	nan																	
4938.0	4913 = 4905 = 5098 (RED), 5099 (BLUE), 5100 (YELLOW), 5101 (GREEN)	nan		nan			nan	nan	Misc	miscellaneous_4000-4999						nan														YP+2% raffinose + G418	nan																	
4939.0	4913 = 4905 = 5098 (RED), 5099 (BLUE), 5100 (YELLOW), 5101 (GREEN)	nan		nan			nan	nan	Misc	miscellaneous_4000-4999						nan														YPD + G418	nan																	
4940.0	4908 = 4904 = 5094 (RED), 5095 (BLUE), 5096 (YELLOW), 5097 (GREEN)	nan		nan			nan	nan	Misc	miscellaneous_4000-4999						nan														YPD + 100 uM fluconazole	nan																	
4941.0	4912 = 4905 = 5098 (RED), 5099 (BLUE), 5100 (YELLOW), 5101 (GREEN)	nan		nan			nan	nan	Misc	miscellaneous_4000-4999						nan														YPD + 100 uM fluconazole	nan																	
4942.0	4914 = 20230601_yT182_yT183_bc1_lox71_bc2_MATa_REDI_RBGY_collection 1536 RBGY	nan		nan			nan	nan	Misc	miscellaneous_4000-4999						2023-03-13 00:00:00														SC-Leu+1mg/ul 5FOA pH3.5	nan																	
4943.0	4915 = 20230601_yT182_yT183_bc1_lox71_bc2_MATa_REDI_RBGY_collection 1536 RBGY	nan		nan			nan	nan	Misc	miscellaneous_4000-4999						2023-03-13 00:00:00														SC-Leu+1mg/ul 5FOA pH3.5	nan																	
4944.0	4914 = 20230601_yT182_yT183_bc1_lox71_bc2_MATa_REDI_RBGY_collection 1536 RBGY	nan		nan			nan	nan	Misc	miscellaneous_4000-4999						2023-03-10 00:00:00														SC-His+1ug/ml 5FOA	nan																	
4945.0	4915 = 20230601_yT182_yT183_bc1_lox71_bc2_MATa_REDI_RBGY_collection 1536 RBGY	nan		nan			nan	nan	Misc	miscellaneous_4000-4999						2023-03-10 00:00:00														SC-His+1ug/ml 5FOA	nan																	
								nan	Rearray_Target	Rearray_Target_Plates_5000-5999								nan														5000.0	20220921_MAGESTIC_QTL_rearray_plate_5000	nan		5000 (RED) + 5001 (BLUE) + 5002 (YELLOW) + 5003 (GREEN) 	nan											
								nan	Rearray_Target	Rearray_Target_Plates_5000-5999								nan														5001.0	20220921_MAGESTIC_QTL_rearray_plate_5001	nan		nan	nan											
								nan	Rearray_Target	Rearray_Target_Plates_5000-5999								nan														5002.0	20220921_MAGESTIC_QTL_rearray_plate_5002	nan		nan	nan											
								nan	Rearray_Target	Rearray_Target_Plates_5000-5999								nan														5003.0	20220921_MAGESTIC_QTL_rearray_plate_5003	nan		nan	nan											
								nan	Rearray_Target	Rearray_Target_Plates_5000-5999								nan														5004.0	20220921_MAGESTIC_QTL_rearray_plate_5004	nan		5004 (RED) + 5005 (BLUE) + 5006 (YELLOW) + 5007 (GREEN) 	nan											
								nan	Rearray_Target	Rearray_Target_Plates_5000-5999								nan														5005.0	20220921_MAGESTIC_QTL_rearray_plate_5005	nan		nan	nan											
								nan	Rearray_Target	Rearray_Target_Plates_5000-5999								nan														5006.0	20220921_MAGESTIC_QTL_rearray_plate_5006	nan		nan	nan											
								nan	Rearray_Target	Rearray_Target_Plates_5000-5999								nan														5007.0	20220921_MAGESTIC_QTL_rearray_plate_5007	nan		nan	nan											
								nan	Rearray_Target	Rearray_Target_Plates_5000-5999								nan														5008.0	20220921_MAGESTIC_QTL_rearray_plate_5008	nan		5008 (RED) + 5009 (BLUE) + 5010 (YELLOW) + 5011 (GREEN) 	nan											
								nan	Rearray_Target	Rearray_Target_Plates_5000-5999								nan														5009.0	20220921_MAGESTIC_QTL_rearray_plate_5009	nan		nan	nan											
								nan	Rearray_Target	Rearray_Target_Plates_5000-5999								nan														5010.0	20220921_MAGESTIC_QTL_rearray_plate_5010	nan		nan	nan											
								nan	Rearray_Target	Rearray_Target_Plates_5000-5999								nan														5011.0	20220921_MAGESTIC_QTL_rearray_plate_5011	nan		nan	nan											
								nan	Rearray_Target	Rearray_Target_Plates_5000-5999								nan														5012.0	20220921_MAGESTIC_QTL_rearray_plate_5012	nan		5012 (RED) + 5013 (BLUE) + 5014 (YELLOW) + 5015 (GREEN) 	nan											
								nan	Rearray_Target	Rearray_Target_Plates_5000-5999								nan														5013.0	20220921_MAGESTIC_QTL_rearray_plate_5013	nan		nan	nan											
								nan	Rearray_Target	Rearray_Target_Plates_5000-5999								nan														5014.0	20220921_MAGESTIC_QTL_rearray_plate_5014	nan		nan	nan											
								nan	Rearray_Target	Rearray_Target_Plates_5000-5999								nan														5015.0	20220921_MAGESTIC_QTL_rearray_plate_5015	nan		nan	nan											
								nan	Rearray_Target	Rearray_Target_Plates_5000-5999								nan														5016.0	20220921_MAGESTIC_QTL_rearray_plate_5016	nan		5016 (RED) + 5017 (BLUE) + 5018 (YELLOW) + 5019 (GREEN) 	nan											
								nan	Rearray_Target	Rearray_Target_Plates_5000-5999								nan														5017.0	20220921_MAGESTIC_QTL_rearray_plate_5017	nan		nan	nan											
								nan	Rearray_Target	Rearray_Target_Plates_5000-5999								nan														5018.0	20220921_MAGESTIC_QTL_rearray_plate_5018	nan		nan	nan											
								nan	Rearray_Target	Rearray_Target_Plates_5000-5999								nan														5019.0	20220921_MAGESTIC_QTL_rearray_plate_5019	nan		nan	nan											
								nan	Rearray_Target	Rearray_Target_Plates_5000-5999								nan														5020.0	20220921_MAGESTIC_QTL_rearray_plate_5020	nan		5020 (RED) + 5021 (BLUE) + 5022 (YELLOW) + 5023 (GREEN) 	nan											
								nan	Rearray_Target	Rearray_Target_Plates_5000-5999								nan														5021.0	20220921_MAGESTIC_QTL_rearray_plate_5021	nan		nan	nan											
								nan	Rearray_Target	Rearray_Target_Plates_5000-5999								nan														5022.0	20220921_MAGESTIC_QTL_rearray_plate_5022	nan		nan	nan											
								nan	Rearray_Target	Rearray_Target_Plates_5000-5999								nan														5023.0	20220921_MAGESTIC_QTL_rearray_plate_5023	nan		nan	nan											
								nan	Rearray_Target	Rearray_Target_Plates_5000-5999								nan														5024.0	20220921_MAGESTIC_QTL_rearray_plate_5024	nan		5024 (RED) + 5025 (BLUE) + 5026 (YELLOW) + 5027 (GREEN) 	nan											
								nan	Rearray_Target	Rearray_Target_Plates_5000-5999								nan														5025.0	20220921_MAGESTIC_QTL_rearray_plate_5025	nan		nan	nan											
								nan	Rearray_Target	Rearray_Target_Plates_5000-5999								nan														5026.0	20220921_MAGESTIC_QTL_rearray_plate_5026	nan		nan	nan											
								nan	Rearray_Target	Rearray_Target_Plates_5000-5999								nan														5027.0	20220921_MAGESTIC_QTL_rearray_plate_5027	nan		nan	nan											
								*	Rearray_Target	Rearray_Target_Plates_5000-5999								nan														5028.0	20220921_MAGESTIC_QTL_rearray_plate_5028	nan		5028 (RED) + 5029 (BLUE) + 5030 (YELLOW) + 5031 (GREEN) 	nan											
								*	Rearray_Target	Rearray_Target_Plates_5000-5999								nan														5029.0	20220921_MAGESTIC_QTL_rearray_plate_5029	nan		nan	nan											
								*	Rearray_Target	Rearray_Target_Plates_5000-5999								nan														5030.0	20220921_MAGESTIC_QTL_rearray_plate_5030	nan		nan	nan											
								*	Rearray_Target	Rearray_Target_Plates_5000-5999								nan														5031.0	20220921_MAGESTIC_QTL_rearray_plate_5031	nan		nan	nan											
								*	Rearray_Target	Rearray_Target_Plates_5000-5999								nan														5032.0	20220921_MAGESTIC_QTL_rearray_plate_5032	nan		5032 (RED) + 5033 (BLUE) + 5034 (YELLOW) + 5035 (GREEN) 	nan											
								nan	Rearray_Target	Rearray_Target_Plates_5000-5999								nan														5033.0	20220921_MAGESTIC_QTL_rearray_plate_5033	nan		nan	nan											
								nan	Rearray_Target	Rearray_Target_Plates_5000-5999								nan														5034.0	20220921_MAGESTIC_QTL_rearray_plate_5034	nan		nan	nan											
								nan	Rearray_Target	Rearray_Target_Plates_5000-5999								nan														5035.0	20220921_MAGESTIC_QTL_rearray_plate_5035	nan		nan	nan											
								nan	Rearray_Target	Rearray_Target_Plates_5000-5999								nan														5036.0	20220921_MAGESTIC_QTL_rearray_plate_5036	nan		5036 (RED) + 5037 (BLUE) + 5038 (YELLOW) + 5039 (GREEN) 	nan											
								nan	Rearray_Target	Rearray_Target_Plates_5000-5999								nan														5037.0	20220921_MAGESTIC_QTL_rearray_plate_5037	nan		nan	nan											
								nan	Rearray_Target	Rearray_Target_Plates_5000-5999								nan														5038.0	20220921_MAGESTIC_QTL_rearray_plate_5038	nan		nan	nan											
								nan	Rearray_Target	Rearray_Target_Plates_5000-5999								nan														5039.0	20220921_MAGESTIC_QTL_rearray_plate_5039	nan		nan	nan											
								nan	Rearray_Target	Rearray_Target_Plates_5000-5999								nan														5040.0	20220921_MAGESTIC_QTL_rearray_plate_5040	nan		5040 (RED) + 5041 (BLUE) + 5042 (YELLOW) + 5043 (GREEN) 	nan											
								nan	Rearray_Target	Rearray_Target_Plates_5000-5999								nan														5041.0	20220921_MAGESTIC_QTL_rearray_plate_5041	nan		nan	nan											
								nan	Rearray_Target	Rearray_Target_Plates_5000-5999								nan														5042.0	20220921_MAGESTIC_QTL_rearray_plate_5042	nan		nan	nan											
								nan	Rearray_Target	Rearray_Target_Plates_5000-5999								nan														5043.0	20220921_MAGESTIC_QTL_rearray_plate_5043	nan		nan	nan											
								nan	Rearray_Target	Rearray_Target_Plates_5000-5999								nan														5044.0	20220921_MAGESTIC_QTL_rearray_plate_5044	nan		5044 (RED) + 5045 (BLUE) + 5046 (YELLOW) + 5047 (GREEN) 	nan											
								nan	Rearray_Target	Rearray_Target_Plates_5000-5999								nan														5045.0	20220921_MAGESTIC_QTL_rearray_plate_5045	nan		nan	nan											
								nan	Rearray_Target	Rearray_Target_Plates_5000-5999								nan														5046.0	20220921_MAGESTIC_QTL_rearray_plate_5046	nan		nan	nan											
								nan	Rearray_Target	Rearray_Target_Plates_5000-5999								nan														5047.0	20220921_MAGESTIC_QTL_rearray_plate_5047	nan		nan	nan											
								nan	Rearray_Target	Rearray_Target_Plates_5000-5999								nan														5048.0	20220921_MAGESTIC_QTL_rearray_plate_5048	nan		5048 (RED) + 5049 (BLUE) + 5050 (YELLOW) + 5051 (GREEN) 	nan											
								nan	Rearray_Target	Rearray_Target_Plates_5000-5999								nan														5049.0	20220921_MAGESTIC_QTL_rearray_plate_5049	nan		nan	nan											
								nan	Rearray_Target	Rearray_Target_Plates_5000-5999								nan														5050.0	20220921_MAGESTIC_QTL_rearray_plate_5050	nan		nan	nan											
								nan	Rearray_Target	Rearray_Target_Plates_5000-5999								nan														5051.0	20220921_MAGESTIC_QTL_rearray_plate_5051	nan		nan	nan											
								nan	Rearray_Target	Rearray_Target_Plates_5000-5999								nan														5052.0	20220921_MAGESTIC_QTL_rearray_plate_5052	nan		5052 (RED) + 5053 (BLUE) + 5054 (YELLOW) + 5055 (GREEN) 	nan											
								nan	Rearray_Target	Rearray_Target_Plates_5000-5999								nan														5053.0	20220921_MAGESTIC_QTL_rearray_plate_5053	nan		nan	nan											
								nan	Rearray_Target	Rearray_Target_Plates_5000-5999								nan														5054.0	20220921_MAGESTIC_QTL_rearray_plate_5054	nan		nan	nan											
								nan	Rearray_Target	Rearray_Target_Plates_5000-5999								nan														5055.0	20220921_MAGESTIC_QTL_rearray_plate_5055	nan		nan	nan											
								*	Rearray_Target	Rearray_Target_Plates_5000-5999								nan														5056.0	20220921_MAGESTIC_QTL_rearray_plate_5056	nan		5056 (RED) + 5057 (BLUE) + 5058 (YELLOW) + 5059 (GREEN) 	nan											
								*	Rearray_Target	Rearray_Target_Plates_5000-5999								nan														5057.0	20220921_MAGESTIC_QTL_rearray_plate_5057	nan		nan	nan											
								*	Rearray_Target	Rearray_Target_Plates_5000-5999								nan														5058.0	20220921_MAGESTIC_QTL_rearray_plate_5058	nan		nan	nan											
								*	Rearray_Target	Rearray_Target_Plates_5000-5999								nan														5059.0	20220921_MAGESTIC_QTL_rearray_plate_5059	nan		nan	nan											
								nan	Rearray_Target	Rearray_Target_Plates_5000-5999								nan														5060.0	"20220921_MAGESTIC_QTL_rearray_plate_5060

*5060 was used for the isolation of controls from plate 1047 and also used for the first plate of the SpCas9 hits
*Therefore, the former will be renamed ""5096 = plate 1047 controls"""	nan		5060 (RED) + 5061 (BLUE) + 5062 (YELLOW) + 5063 (GREEN) 	nan											
								nan	Rearray_Target	Rearray_Target_Plates_5000-5999								nan														5061.0	20220921_MAGESTIC_QTL_rearray_plate_5061	outer rows & cols empty		nan	nan											
								nan	Rearray_Target	Rearray_Target_Plates_5000-5999								nan														5062.0	20220921_MAGESTIC_QTL_rearray_plate_5062	outer rows & cols empty		nan	nan											
								nan	Rearray_Target	Rearray_Target_Plates_5000-5999								nan														5063.0	20220921_MAGESTIC_QTL_rearray_plate_5063	outer rows & cols empty		nan	nan											
								nan	Rearray_Target	Rearray_Target_Plates_5000-5999								nan														5064.0	20220921_MAGESTIC_QTL_rearray_plate_5064	outer rows & cols empty		5064 (RED) + 5065 (BLUE) + 5066 (YELLOW) + 5067 (GREEN) 	nan											
								nan	Rearray_Target	Rearray_Target_Plates_5000-5999								nan														5065.0	20220921_MAGESTIC_QTL_rearray_plate_5065	outer rows & cols empty		nan	nan											
								nan	Rearray_Target	Rearray_Target_Plates_5000-5999								nan														5066.0	20220921_MAGESTIC_QTL_rearray_plate_5066	outer rows & cols empty		nan	nan											
								nan	Rearray_Target	Rearray_Target_Plates_5000-5999								nan														5067.0	20220921_MAGESTIC_QTL_rearray_plate_5067	outer rows & cols empty		nan	nan											
								*	Rearray_Target	Rearray_Target_Plates_5000-5999								only 5068, 5069, and 5092 show good 5FC agreement														5068.0	20220921_MAGESTIC_QTL_rearray_plate_5068	outer rows & cols empty		5068 (RED) + 5069 (BLUE) + 5070 (YELLOW) + 5071 (GREEN) 	nan				1.0	18.0	5068.0	5023.0	5024.0	78.0	132.0	
								*	Rearray_Target	Rearray_Target_Plates_5000-5999								nan														5069.0	20220921_MAGESTIC_QTL_rearray_plate_5069	outer rows & cols empty		nan	nan				1.0	19.0	5068.0	5025.0	0.0	98.0	0.0	
								nan	Rearray_Target	Rearray_Target_Plates_5000-5999								nan														5070.0	20220921_MAGESTIC_QTL_rearray_plate_5070	outer rows & cols empty		nan	nan				1.0	20.0	5069.0	5025.0	5026.0	11.0	139.0	
								nan	Rearray_Target	Rearray_Target_Plates_5000-5999								nan														5071.0	20220921_MAGESTIC_QTL_rearray_plate_5071	outer rows & cols empty		nan	nan				1.0	21.0	5069.0	5027.0	5028.0	125.0	33.0	
								nan	Rearray_Target	Rearray_Target_Plates_5000-5999								nan														5072.0	20220921_MAGESTIC_QTL_rearray_plate_5072	outer rows & cols empty		5072 (RED) + 5073 (BLUE) + 5074 (YELLOW) + 5075 (GREEN) 	nan											
								*	Rearray_Target	Rearray_Target_Plates_5000-5999								nan														5073.0	20220921_MAGESTIC_QTL_rearray_plate_5073	outer rows & cols empty		nan	nan											
								nan	Rearray_Target	Rearray_Target_Plates_5000-5999								nan														5074.0	20220921_MAGESTIC_QTL_rearray_plate_5074	outer rows & cols empty		nan	nan											
								nan	Rearray_Target	Rearray_Target_Plates_5000-5999								nan														5075.0	20220921_MAGESTIC_QTL_rearray_plate_5075	outer rows & cols empty		nan	nan											
								*5082 was found between 5077 and 5078!	Rearray_Target	Rearray_Target_Plates_5000-5999								nan														5076.0	20220921_MAGESTIC_QTL_rearray_plate_5076	outer rows & cols empty		5076 (RED) + 5077 (BLUE) + 5078 (YELLOW) + 5079 (GREEN) 	nan											
								*could that impact the restamping from inner cols to inner + outer cols?	Rearray_Target	Rearray_Target_Plates_5000-5999								nan														5077.0	20220921_MAGESTIC_QTL_rearray_plate_5077	outer rows & cols empty		nan	nan											
								nan	Rearray_Target	Rearray_Target_Plates_5000-5999								nan														5078.0	20220921_MAGESTIC_QTL_rearray_plate_5078	outer rows & cols empty		nan	nan											
								nan	Rearray_Target	Rearray_Target_Plates_5000-5999								nan														5079.0	20220921_MAGESTIC_QTL_rearray_plate_5079	outer rows & cols empty		nan	nan											
								nan	Rearray_Target	Rearray_Target_Plates_5000-5999								nan														5080.0	20220921_MAGESTIC_QTL_rearray_plate_5080	outer rows & cols empty		5080 (RED) + 5081 (BLUE) + 5082 (YELLOW) + 5083 (GREEN) 	nan											
								nan	Rearray_Target	Rearray_Target_Plates_5000-5999								nan														5081.0	20220921_MAGESTIC_QTL_rearray_plate_5081	outer rows & cols empty		nan	nan											
								nan	Rearray_Target	Rearray_Target_Plates_5000-5999								nan														5082.0	20220921_MAGESTIC_QTL_rearray_plate_5082	outer rows & cols empty		nan	nan											
								nan	Rearray_Target	Rearray_Target_Plates_5000-5999								nan														5083.0	20220921_MAGESTIC_QTL_rearray_plate_5083	outer rows & cols empty		nan	nan											
								nan	Rearray_Target	Rearray_Target_Plates_5000-5999								nan														5084.0	20220921_MAGESTIC_QTL_rearray_plate_5084	outer rows & cols empty		5084 (RED) + 5085 (BLUE) + 5086 (YELLOW) + 5087 (GREEN) 	nan											
								nan	Rearray_Target	Rearray_Target_Plates_5000-5999								nan														5085.0	20220921_MAGESTIC_QTL_rearray_plate_5085	outer rows & cols empty		nan	nan											
								nan	Rearray_Target	Rearray_Target_Plates_5000-5999								nan														5086.0	20220921_MAGESTIC_QTL_rearray_plate_5086	outer rows & cols empty		nan	nan											
								nan	Rearray_Target	Rearray_Target_Plates_5000-5999								nan														5087.0	20220921_MAGESTIC_QTL_rearray_plate_5087	outer rows & cols empty		nan	nan											
								nan	Rearray_Target	Rearray_Target_Plates_5000-5999								nan														5088.0	20220921_MAGESTIC_QTL_rearray_plate_5088	outer rows & cols empty		5088 (RED) + 5089 (BLUE) + 5090 (YELLOW) + 5091 (GREEN) 	nan											
								nan	Rearray_Target	Rearray_Target_Plates_5000-5999								nan														5089.0	20220921_MAGESTIC_QTL_rearray_plate_5089	outer rows & cols empty		nan	nan											
								nan	Rearray_Target	Rearray_Target_Plates_5000-5999								nan														5090.0	20220921_MAGESTIC_QTL_rearray_plate_5090	outer rows & cols empty		nan	nan											
								nan	Rearray_Target	Rearray_Target_Plates_5000-5999								nan														5091.0	20220921_MAGESTIC_QTL_rearray_plate_5091	outer rows & cols empty		nan	nan											
								*	Rearray_Target	Rearray_Target_Plates_5000-5999								nan														5092.0	20220921_MAGESTIC_QTL_rearray_plate_5092	outer rows & cols empty		5092 (RED) + 5093 (BLUE) + 5094 (YELLOW) + 5095 (GREEN) 	nan											
								*	Rearray_Target	Rearray_Target_Plates_5000-5999								nan														5093.0	20220921_MAGESTIC_QTL_rearray_plate_5093	outer rows & cols empty		nan	nan											
								nan	Rearray_Target	Rearray_Target_Plates_5000-5999								nan														5094.0	20220921_MAGESTIC_QTL_rearray_plate_5094	outer rows & cols empty		nan	nan											
								nan	Rearray_Target	Rearray_Target_Plates_5000-5999								nan														5095.0	20220921_MAGESTIC_QTL_rearray_plate_5095	outer rows & cols empty		nan	nan											
								nan	Rearray_Target	Rearray_Target_Plates_5000-5999								nan														5096.0	20220921_MAGESTIC_QTL_rearray_plate_5096 = plate 1047 controls	nan		nan	nan											
								nan	Rearray_Target	Rearray_Target_Plates_5000-5999								nan														5097.0	20220921_MAGESTIC_QTL_rearray_plate_5097 = causal_variants	nan		nan	nan											
								nan	Rearray_Target	Rearray_Target_Plates_5000-5999								nan														5098.0	nan	nan		5098 (RED) + 5099 (BLUE) + 5100 (YELLOW) + 5101 (GREEN) 	nan											
								nan	Rearray_Target	Rearray_Target_Plates_5000-5999								nan														5099.0	nan	nan		nan	nan											
								nan	Rearray_Target	Rearray_Target_Plates_5000-5999								nan														5100.0	nan	nan		nan	nan											
								nan	Rearray_Target	Rearray_Target_Plates_5000-5999								nan														5101.0	nan	nan		nan	nan											
								nan	Rearray_Target	Rearray_Target_Plates_5000-5999								nan														5102.0	nan	SaCas9 X1 SpCas9 libraries yL312-yL315		5102 (RED) + 5103 (BLUE) + 5104 (YELLOW) + 5105 (GREEN) 	5105 (RED) + 5104 (BLUE) + 5103 (YELLOW) + 5102 (GREEN) 											
								nan	Rearray_Target	Rearray_Target_Plates_5000-5999								nan														5103.0	nan	SaCas9 X1 SpCas9 libraries yL312-yL315		nan	nan											
								nan	Rearray_Target	Rearray_Target_Plates_5000-5999								nan														5104.0	nan	SaCas9 X1 SpCas9 libraries yL312-yL315		nan	nan											
								nan	Rearray_Target	Rearray_Target_Plates_5000-5999								nan														5105.0	nan	SaCas9 X1 SpCas9 libraries yL312-yL315		nan	nan											
								nan	Rearray_Target	Rearray_Target_Plates_5000-5999								nan														5106.0	nan	SaCas9 X1 SpCas9 libraries yL312-yL315		5106 (RED) + 5107 (BLUE) + 5108 (YELLOW) + 5109 (GREEN) 	5109 (RED) + 5108 (BLUE) + 5107 (YELLOW) + 5106 (GREEN) 											
								nan	Rearray_Target	Rearray_Target_Plates_5000-5999								nan														5107.0	nan	SaCas9 X1 SpCas9 libraries yL312-yL315		nan	nan											
								nan	Rearray_Target	Rearray_Target_Plates_5000-5999								nan														5108.0	nan	SaCas9 X1 SpCas9 libraries yL312-yL315		nan	nan											
								nan	Rearray_Target	Rearray_Target_Plates_5000-5999								nan														5109.0	nan	SaCas9 X1 SpCas9 libraries yL312-yL315		nan	nan											
								nan	Rearray_Target	Rearray_Target_Plates_5000-5999								nan														5110.0	nan	SaCas9 X1 SpCas9 libraries yL312-yL315		5110 (RED) + 5111 (BLUE) + 5112 (YELLOW) + 5113 (GREEN) 	5113 (RED) + 5112 (BLUE) + 5111 (YELLOW) + 5110 (GREEN) 											
								nan	Rearray_Target	Rearray_Target_Plates_5000-5999								nan														5111.0	nan	SaCas9 X1 SpCas9 libraries yL312-yL315		nan	nan											
								nan	Rearray_Target	Rearray_Target_Plates_5000-5999								nan														5112.0	nan	SaCas9 X1 SpCas9 libraries yL312-yL315		nan	nan											
								nan	Rearray_Target	Rearray_Target_Plates_5000-5999								nan														5113.0	nan	SaCas9 X1 SpCas9 libraries yL312-yL315		nan	nan											
								nan	Rearray_Target	Rearray_Target_Plates_5000-5999								nan														5114.0	nan	SaCas9 X1 SpCas9 libraries yL312-yL315		5114 (RED) + 5115 (BLUE) + 5116 (YELLOW) + 5117 (GREEN) 	5117 (RED) + 5116 (BLUE) + 5115 (YELLOW) + 5114 (GREEN) 											
								nan	Rearray_Target	Rearray_Target_Plates_5000-5999								nan														5115.0	nan	SaCas9 X1 SpCas9 libraries yL312-yL315		nan	nan											
								nan	Rearray_Target	Rearray_Target_Plates_5000-5999								nan														5116.0	nan	SaCas9 X1 SpCas9 libraries yL312-yL315		nan	nan											
								nan	Rearray_Target	Rearray_Target_Plates_5000-5999								nan														5117.0	nan	SaCas9 X1 SpCas9 libraries yL312-yL315		nan	nan											
								nan	Rearray_Target	Rearray_Target_Plates_5000-5999								nan														5118.0	nan	SaCas9 X1 SpCas9 libraries yL312-yL315		5118 (RED) + 5119 (BLUE) + 5120 (YELLOW) + 5121 (GREEN) 	5121 (RED) + 5120 (BLUE) + 5119 (YELLOW) + 5118 (GREEN) 											
								nan	Rearray_Target	Rearray_Target_Plates_5000-5999								nan														5119.0	nan	SaCas9 X1 SpCas9 libraries yL312-yL315		nan	nan											
								nan	Rearray_Target	Rearray_Target_Plates_5000-5999								nan														5120.0	nan	SaCas9 X1 SpCas9 libraries yL312-yL315		nan	nan											
								nan	Rearray_Target	Rearray_Target_Plates_5000-5999								nan														5121.0	nan	SaCas9 X1 SpCas9 libraries yL312-yL315		nan	nan											
								nan	Rearray_Target	Rearray_Target_Plates_5000-5999								nan														5122.0	nan	SaCas9 X1 SpCas9 libraries yL312-yL315		5122 (RED) + 5123 (BLUE) + 5124 (YELLOW) + 5125 (GREEN) 	5125 (RED) + 5124 (BLUE) + 5123 (YELLOW) + 5122 (GREEN) 											
								nan	Rearray_Target	Rearray_Target_Plates_5000-5999								nan														5123.0	nan	SaCas9 X1 SpCas9 libraries yL312-yL315		nan	nan											
								nan	Rearray_Target	Rearray_Target_Plates_5000-5999								nan														5124.0	nan	SaCas9 X1 SpCas9 libraries yL312-yL315		nan	nan											
								nan	Rearray_Target	Rearray_Target_Plates_5000-5999								nan														5125.0	nan	SaCas9 X1 SpCas9 libraries yL312-yL315		nan	nan											
								nan	Rearray_Target	Rearray_Target_Plates_5000-5999								nan														5126.0	nan	SaCas9 X1 SpCas9 libraries yL312-yL315		5126 (RED) + 5127 (BLUE) + 5128 (YELLOW) + 5129 (GREEN) 	5129 (RED) + 5128 (BLUE) + 5127 (YELLOW) + 5126 (GREEN) 											
								nan	Rearray_Target	Rearray_Target_Plates_5000-5999								nan														5127.0	nan	SaCas9 X1 SpCas9 libraries yL312-yL315		nan	nan											
								nan	Rearray_Target	Rearray_Target_Plates_5000-5999								nan														5128.0	nan	SaCas9 X1 SpCas9 libraries yL312-yL315		nan	nan											
								nan	Rearray_Target	Rearray_Target_Plates_5000-5999								nan														5129.0	nan	SaCas9 X1 SpCas9 libraries yL312-yL315		nan	nan											
								nan	Rearray_Target	Rearray_Target_Plates_5000-5999								nan														5130.0	nan	SaCas9 X1 SpCas9 libraries yL312-yL315		5130 (RED) + 5131 (BLUE) + 5132 (YELLOW) + 5133 (GREEN) 	5133 (RED) + 5132 (BLUE) + 5131 (YELLOW) + 5130 (GREEN) 											
								nan	Rearray_Target	Rearray_Target_Plates_5000-5999								nan														5131.0	nan	SaCas9 X1 SpCas9 libraries yL312-yL315		nan	nan											
								nan	Rearray_Target	Rearray_Target_Plates_5000-5999								nan														5132.0	nan	SaCas9 X1 SpCas9 libraries yL312-yL315		nan	nan											
								nan	Rearray_Target	Rearray_Target_Plates_5000-5999								nan														5133.0	nan	SaCas9 X1 SpCas9 libraries yL312-yL315		nan	nan											
								nan	Rearray_Target	Rearray_Target_Plates_5000-5999								nan														5134.0	nan	SaCas9 X1 SpCas9 libraries yL312-yL315		5134 (RED) + 5135 (BLUE) + 5136 (YELLOW) + 5137 (GREEN) 	5137 (RED) + 5136 (BLUE) + 5135 (YELLOW) + 5134 (GREEN) 											
								nan	Rearray_Target	Rearray_Target_Plates_5000-5999								nan														5135.0	nan	SaCas9 X1 SpCas9 libraries yL312-yL315		nan	nan											
								nan	Rearray_Target	Rearray_Target_Plates_5000-5999								nan														5136.0	nan	SaCas9 X1 SpCas9 libraries yL312-yL315		nan	nan											
								nan	Rearray_Target	Rearray_Target_Plates_5000-5999								nan														5137.0	nan	SaCas9 X1 SpCas9 libraries yL312-yL315		nan	nan											
								nan	Rearray_Target	Rearray_Target_Plates_5000-5999								nan														5138.0	nan	SaCas9 X1 SpCas9 libraries yL312-yL315		5138 (RED) + 5139 (BLUE) + 5140 (YELLOW) + 5141 (GREEN) 	5141 (RED) + 5140 (BLUE) + 5139 (YELLOW) + 5138 (GREEN) 											
								nan	Rearray_Target	Rearray_Target_Plates_5000-5999								nan														5139.0	nan	SaCas9 X1 SpCas9 libraries yL312-yL315		nan	nan											
								nan	Rearray_Target	Rearray_Target_Plates_5000-5999								nan														5140.0	nan	SaCas9 X1 SpCas9 libraries yL312-yL315		nan	nan											
								nan	Rearray_Target	Rearray_Target_Plates_5000-5999								nan														5141.0	nan	SaCas9 X1 SpCas9 libraries yL312-yL315		nan	nan											
								nan	Rearray_Target	Rearray_Target_Plates_5000-5999								nan														5142.0	nan	SaCas9 X1 SpCas9 libraries yL312-yL315		5142 (RED) + 5143 (BLUE) + 5144 (YELLOW) + 5145 (GREEN) 	5145 (RED) + 5144 (BLUE) + 5143 (YELLOW) + 5142 (GREEN) 											
								nan	Rearray_Target	Rearray_Target_Plates_5000-5999								nan														5143.0	nan	SaCas9 X1 SpCas9 libraries yL312-yL315		nan	nan											
								nan	Rearray_Target	Rearray_Target_Plates_5000-5999								nan														5144.0	nan	SaCas9 X1 SpCas9 libraries yL312-yL315		nan	nan											
								nan	Rearray_Target	Rearray_Target_Plates_5000-5999								nan														5145.0	nan	SaCas9 X1 SpCas9 libraries yL312-yL315		nan	nan											
								nan	Rearray_Target	Rearray_Target_Plates_5000-5999								nan														5146.0	nan	SaCas9 X1 SpCas9 libraries yL312-yL315		5146 (RED) + 5147 (BLUE) + 5148 (YELLOW) + 5149 (GREEN) 	5149 (RED) + 5148 (BLUE) + 5147 (YELLOW) + 5146 (GREEN) 											
								nan	Rearray_Target	Rearray_Target_Plates_5000-5999								nan														5147.0	nan	SaCas9 X1 SpCas9 libraries yL312-yL315		nan	nan											
								nan	Rearray_Target	Rearray_Target_Plates_5000-5999								nan														5148.0	nan	SaCas9 X1 SpCas9 libraries yL312-yL315		nan	nan											
								nan	Rearray_Target	Rearray_Target_Plates_5000-5999								nan														5149.0	nan	SaCas9 X1 SpCas9 libraries yL312-yL315		nan	nan											
								nan	Rearray_Target	Rearray_Target_Plates_5000-5999								nan														5150.0	nan	SaCas9 X1 SpCas9 libraries yL312-yL315		5150 (RED) + 5151 (BLUE) + 5152 (YELLOW) + 5153 (GREEN) 	5153 (RED) + 5152 (BLUE) + 5151 (YELLOW) + 5150 (GREEN) 											
								nan	Rearray_Target	Rearray_Target_Plates_5000-5999								nan														5151.0	nan	SaCas9 X1 SpCas9 libraries yL312-yL315		nan	nan											
								nan	Rearray_Target	Rearray_Target_Plates_5000-5999								nan														5152.0	nan	SaCas9 X1 SpCas9 libraries yL312-yL315		nan	nan											
								nan	Rearray_Target	Rearray_Target_Plates_5000-5999								nan														5153.0	nan	SaCas9 X1 SpCas9 libraries yL312-yL315		nan	nan											
6000.0	2350 (RED) + 2351 (BLUE) + 2352 (YELLOW) + 2353 (GREEN)								Consolidated_384	Consolidated_384_target_plates_						2024-02-15 00:00:00														YPD+G418							nan											3382.0
6001.0	2354 (RED) + 2355 (BLUE) + 2356 (YELLOW) + 2357 (GREEN)								Consolidated_384	Consolidated_384_target_plates_						2024-02-15 00:00:00														YPD+G418							nan											3383.0
6002.0	2358 (RED) + 2359 (BLUE) + 2360 (YELLOW) + 2361 (GREEN)								Consolidated_384	Consolidated_384_target_plates_						2024-02-15 00:00:00														YPD+G418							nan											3384.0
6003.0	2362 (RED) + 2363 (BLUE) + 2364 (YELLOW) + 2365 (GREEN)								Consolidated_384	Consolidated_384_target_plates_						2024-02-15 00:00:00														YPD+G418							nan											3385.0
6004.0	2366 (RED) + 2367 (BLUE) + 2368 (YELLOW) + 2369 (GREEN)								Consolidated_384	Consolidated_384_target_plates_						2024-02-15 00:00:00														YPD+G418							nan											3386.0
6005.0	2370 (RED) + 2371 (BLUE) + 2372 (YELLOW) + 2373 (GREEN)								Consolidated_384	Consolidated_384_target_plates_						2024-02-15 00:00:00														YPD+G418							nan											3387.0
6006.0	2374 (RED) + 2375 (BLUE) + 2376 (YELLOW) + 2377 (GREEN)								Consolidated_384	Consolidated_384_target_plates_						2024-02-15 00:00:00														YPD+G418							nan											3388.0
6007.0	2378 (RED) + 2379 (BLUE) + 2380 (YELLOW) + 2381 (GREEN)								Consolidated_384	Consolidated_384_target_plates_						2024-02-15 00:00:00														YPD+G418							nan											3389.0
6008.0	2382 (RED) + 2383 (BLUE) + 2384 (YELLOW) + 2385 (GREEN)								Consolidated_384	Consolidated_384_target_plates_						2024-02-15 00:00:00														YPD+G418							nan											3390.0
6009.0	2386 (RED) + 2387 (BLUE) + 2388 (YELLOW) + 2389 (GREEN)								Consolidated_384	Consolidated_384_target_plates_						2024-02-15 00:00:00														YPD+G418							nan											3391.0
6010.0	2390 (RED) + 2391 (BLUE) + 2392 (YELLOW) + 2393 (GREEN)								Consolidated_384	Consolidated_384_target_plates_						2024-02-15 00:00:00														YPD+G418							nan											3392.0
6011.0	2394 (RED) + 2395 (BLUE) + 2396 (YELLOW) + 2397 (GREEN)								Consolidated_384	Consolidated_384_target_plates_						2024-02-15 00:00:00														YPD+G418							nan											3393.0
6012.0	2398 (RED) + 2399 (BLUE) + 2400 (YELLOW) + 2401 (GREEN)								Consolidated_384	Consolidated_384_target_plates_						2024-02-15 00:00:00														YPD+G418							nan											3394.0
6013.0	2402 (RED) + 2403 (BLUE) + 2404 (YELLOW) + 2405 (GREEN)								Consolidated_384	Consolidated_384_target_plates_						2024-02-15 00:00:00														YPD+G418							nan											3395.0
6014.0	2406 (RED) + 2407 (BLUE) + 2408 (YELLOW) + 2409 (GREEN)								Consolidated_384	Consolidated_384_target_plates_						2024-02-15 00:00:00														YPD+G418							nan											3396.0
6015.0	2410 (RED) + 2411 (BLUE) + 2412 (YELLOW) + 2413 (GREEN)								Consolidated_384	Consolidated_384_target_plates_						2024-02-15 00:00:00														YPD+G418							nan											3397.0
6016.0	2353 (RED) + 2352 (BLUE) + 2351 (YELLOW) + 2350 (GREEN)								Consolidated_384	Consolidated_384_target_plates_						2024-02-15 00:00:00														YPD+G418							nan											3398.0
6017.0	2357 (RED) + 2356 (BLUE) + 2355 (YELLOW) + 2354 (GREEN)								Consolidated_384	Consolidated_384_target_plates_						2024-02-15 00:00:00														YPD+G418							nan											3399.0
6018.0	2361 (RED) + 2360 (BLUE) + 2359 (YELLOW) + 2358 (GREEN)								Consolidated_384	Consolidated_384_target_plates_						2024-02-15 00:00:00														YPD+G418							nan											3400.0
6019.0	2365 (RED) + 2364 (BLUE) + 2363 (YELLOW) + 2362 (GREEN)								Consolidated_384	Consolidated_384_target_plates_						2024-02-15 00:00:00														YPD+G418							nan											3401.0
6020.0	2369 (RED) + 2368 (BLUE) + 2367 (YELLOW) + 2366 (GREEN)								Consolidated_384	Consolidated_384_target_plates_						2024-02-15 00:00:00														YPD+G418							nan											3402.0
6021.0	2373 (RED) + 2372 (BLUE) + 2371 (YELLOW) + 2370 (GREEN)								Consolidated_384	Consolidated_384_target_plates_						2024-02-15 00:00:00														YPD+G418							nan											3403.0
6022.0	2377 (RED) + 2376 (BLUE) + 2375 (YELLOW) + 2374 (GREEN)								Consolidated_384	Consolidated_384_target_plates_						2024-02-15 00:00:00														YPD+G418							nan											3404.0
6023.0	2381 (RED) + 2380 (BLUE) + 2379 (YELLOW) + 2378 (GREEN)								Consolidated_384	Consolidated_384_target_plates_						2024-02-15 00:00:00														YPD+G418							nan											3405.0
6024.0	2385 (RED) + 2384 (BLUE) + 2383 (YELLOW) + 2382 (GREEN)								Consolidated_384	Consolidated_384_target_plates_						2024-02-15 00:00:00														YPD+G418							nan											3406.0
6025.0	2389 (RED) + 2388 (BLUE) + 2387 (YELLOW) + 2386 (GREEN)								Consolidated_384	Consolidated_384_target_plates_						2024-02-15 00:00:00														YPD+G418							nan											3407.0
6026.0	2393 (RED) + 2392 (BLUE) + 2391 (YELLOW) + 2390 (GREEN)								Consolidated_384	Consolidated_384_target_plates_						2024-02-15 00:00:00														YPD+G418							nan											3408.0
6027.0	2397 (RED) + 2396 (BLUE) + 2395 (YELLOW) + 2394 (GREEN)								Consolidated_384	Consolidated_384_target_plates_						2024-02-15 00:00:00														YPD+G418							nan											3409.0
6028.0	2401 (RED) + 2400 (BLUE) + 2399 (YELLOW) + 2398 (GREEN)								Consolidated_384	Consolidated_384_target_plates_						2024-02-15 00:00:00														YPD+G418							nan											3410.0
6029.0	2405 (RED) + 2404 (BLUE) + 2403 (YELLOW) + 2402 (GREEN)								Consolidated_384	Consolidated_384_target_plates_						2024-02-15 00:00:00														YPD+G418							nan											3411.0
6030.0	2409 (RED) + 2408 (BLUE) + 2407 (YELLOW) + 2406 (GREEN)								Consolidated_384	Consolidated_384_target_plates_						2024-02-15 00:00:00														YPD+G418							nan											3412.0
6031.0	2413 (RED) + 2412 (BLUE) + 2411 (YELLOW) + 2410 (GREEN)								Consolidated_384	Consolidated_384_target_plates_						2024-02-15 00:00:00														YPD+G418							nan											3413.0
6032.0	2414 (RED) + 2415 (BLUE) + 2416 (YELLOW) + 2417 (GREEN)								Consolidated_384	Consolidated_384_target_plates_						2023-03-17 00:00:00														YPD+G418							nan											3414.0
6033.0	2418 (RED) + 2419 (BLUE) + 2420 (YELLOW) + 2421 (GREEN)								Consolidated_384	Consolidated_384_target_plates_						2023-03-17 00:00:00														YPD+G418							nan											3415.0
6034.0	2422 (RED) + 2423 (BLUE) + 2424 (YELLOW) + 2425 (GREEN)								Consolidated_384	Consolidated_384_target_plates_						2023-03-17 00:00:00														YPD+G418							nan											3416.0
6035.0	2426 (RED) + 2427 (BLUE) + 2428 (YELLOW) + 2429 (GREEN)								Consolidated_384	Consolidated_384_target_plates_						2023-03-17 00:00:00														YPD+G418							nan											3417.0
6036.0	2430 (RED) + 2431 (BLUE) + 2432 (YELLOW) + 2433 (GREEN)								Consolidated_384	Consolidated_384_target_plates_						2023-07-14 00:00:00														YPD+G418							nan											3418.0
6037.0	2434 (RED) + 2435 (BLUE) + 2436 (YELLOW) + 2437 (GREEN)								Consolidated_384	Consolidated_384_target_plates_						2023-07-14 00:00:00														YPD+G418							nan											3419.0
6038.0	2438 (RED) + 2439 (BLUE) + 2440 (YELLOW) + 2441 (GREEN)								Consolidated_384	Consolidated_384_target_plates_						2023-07-14 00:00:00														YPD+G418							nan											3420.0
6039.0	2442 (RED) + 2443 (BLUE) + 2444 (YELLOW) + 2445 (GREEN)								Consolidated_384	Consolidated_384_target_plates_						2023-07-14 00:00:00														YPD+G418							nan											3421.0
6040.0	2417 (RED) + 2416 (BLUE) + 2415 (YELLOW) + 2414 (GREEN)								Consolidated_384	Consolidated_384_target_plates_						2023-07-14 00:00:00														YPD+G418							nan											3422.0
6041.0	2421 (RED) + 2420 (BLUE) + 2419 (YELLOW) + 2418 (GREEN)								Consolidated_384	Consolidated_384_target_plates_						2023-07-14 00:00:00														YPD+G418							nan											3423.0
6042.0	2425 (RED) + 2424 (BLUE) + 2423 (YELLOW) + 2422 (GREEN)								Consolidated_384	Consolidated_384_target_plates_						2023-07-14 00:00:00														YPD+G418							nan											3424.0
6043.0	2429 (RED) + 2428 (BLUE) + 2427 (YELLOW) + 2426 (GREEN)								Consolidated_384	Consolidated_384_target_plates_						2023-11-16 00:00:00														YPD+G418							nan											3425.0
6044.0	2433 (RED) + 2432 (BLUE) + 2431 (YELLOW) + 2430 (GREEN)								Consolidated_384	Consolidated_384_target_plates_						2023-11-16 00:00:00														YPD+G418							nan											3426.0
6045.0	2437 (RED) + 2436 (BLUE) + 2435 (YELLOW) + 2434 (GREEN)								Consolidated_384	Consolidated_384_target_plates_						2023-11-16 00:00:00														YPD+G418							nan											3427.0
6046.0	2441 (RED) + 2440 (BLUE) + 2439 (YELLOW) + 2438 (GREEN)								Consolidated_384	Consolidated_384_target_plates_						2023-11-16 00:00:00														YPD+G418							nan											3428.0
6047.0	2445 (RED) + 2444 (BLUE) + 2443 (YELLOW) + 2442 (GREEN)								Consolidated_384	Consolidated_384_target_plates_						2023-11-16 00:00:00														YPD+G418							nan											3429.0
6048.0	5000 (RED) + 5001 (BLUE) + 5002 (YELLOW) + 5003 (GREEN)								Consolidated_384	Consolidated_384_target_plates_						2024-02-21 00:00:00														YPD+G418							nan											3430.0
6049.0	5004 (RED) + 5005 (BLUE) + 5006 (YELLOW) + 5007 (GREEN)								Consolidated_384	Consolidated_384_target_plates_						2024-02-21 00:00:00														YPD+G418							nan											3431.0
6050.0	5008 (RED) + 5009 (BLUE) + 5010 (YELLOW) + 5011 (GREEN)								Consolidated_384	Consolidated_384_target_plates_						2024-02-21 00:00:00														YPD+G418							nan											3432.0
6051.0	5012 (RED) + 5013 (BLUE) + 5014 (YELLOW) + 5015 (GREEN)								Consolidated_384	Consolidated_384_target_plates_						2024-02-21 00:00:00														YPD+G418							nan											3433.0
6052.0	5016 (RED) + 5017 (BLUE) + 5018 (YELLOW) + 5019 (GREEN)								Consolidated_384	Consolidated_384_target_plates_						2024-02-21 00:00:00														YPD+G418							nan											3434.0
6053.0	5020 (RED) + 5021 (BLUE) + 5022 (YELLOW) + 5023 (GREEN)								Consolidated_384	Consolidated_384_target_plates_						2024-02-21 00:00:00														YPD+G418							nan											3435.0
6054.0	5024 (RED) + 5025 (BLUE) + 5026 (YELLOW) + 5027 (GREEN)								Consolidated_384	Consolidated_384_target_plates_						2024-02-21 00:00:00														YPD+G418							nan											3436.0
6055.0	5028 (RED) + 5029 (BLUE) + 5030 (YELLOW) + 5031 (GREEN)								Consolidated_384	Consolidated_384_target_plates_						2024-02-21 00:00:00														YPD+G418							nan											3437.0
6056.0	5032 (RED) + 5033 (BLUE) + 5034 (YELLOW) + 5035 (GREEN)								Consolidated_384	Consolidated_384_target_plates_						2024-02-21 00:00:00														YPD+G418							nan											3438.0
6057.0	5036 (RED) + 5037 (BLUE) + 5038 (YELLOW) + 5039 (GREEN)								Consolidated_384	Consolidated_384_target_plates_						2024-02-21 00:00:00														YPD+G418							nan											3439.0
6058.0	5040 (RED) + 5041 (BLUE) + 5042 (YELLOW) + 5043 (GREEN)								Consolidated_384	Consolidated_384_target_plates_						2024-02-21 00:00:00														YPD+G418							nan											3440.0
6059.0	5044 (RED) + 5045 (BLUE) + 5046 (YELLOW) + 5047 (GREEN)								Consolidated_384	Consolidated_384_target_plates_						2024-02-21 00:00:00														YPD+G418							nan											3441.0
6060.0	5048 (RED) + 5049 (BLUE) + 5050 (YELLOW) + 5051 (GREEN)								Consolidated_384	Consolidated_384_target_plates_						2024-02-21 00:00:00														YPD+G418							nan											3442.0
6061.0	5052 (RED) + 5053 (BLUE) + 5054 (YELLOW) + 5055 (GREEN)								Consolidated_384	Consolidated_384_target_plates_						2024-02-21 00:00:00														YPD+G418							nan											3443.0
6062.0	5056 (RED) + 5057 (BLUE) + 5058 (YELLOW) + 5059 (GREEN)								Consolidated_384	Consolidated_384_target_plates_						2024-02-21 00:00:00														YPD+G418							nan											3444.0
6063.0	5060 (RED) + 5096 (BLUE) + 5097 (YELLOW) + 5097 (GREEN)								Consolidated_384	Consolidated_384_target_plates_						2024-02-21 00:00:00														YPD+G418							nan											
6064.0	5098 (RED) + 5099 (BLUE) + 5100 (YELLOW) + 5101 (GREEN) 								Consolidated_384	Consolidated_384_target_plates_						2024-02-21 00:00:00														YPD+G418							nan											
6065.0	5102 (RED) + 5103 (BLUE) + 5104 (YELLOW) + 5105 (GREEN)								Consolidated_384	Consolidated_384_target_plates_						2024-02-21 00:00:00														YPD+G418							nan											3445.0
6066.0	5106 (RED) + 5107 (BLUE) + 5108 (YELLOW) + 5109 (GREEN)								Consolidated_384	Consolidated_384_target_plates_						2024-02-21 00:00:00														YPD+G418							nan											3446.0
6067.0	5110 (RED) + 5111 (BLUE) + 5112 (YELLOW) + 5113 (GREEN)								Consolidated_384	Consolidated_384_target_plates_						2024-02-21 00:00:00														YPD+G418							nan											3447.0
6068.0	5114 (RED) + 5115 (BLUE) + 5116 (YELLOW) + 5117 (GREEN)								Consolidated_384	Consolidated_384_target_plates_						2024-02-21 00:00:00														YPD+G418							nan											3448.0
6069.0	5118 (RED) + 5119 (BLUE) + 5120 (YELLOW) + 5121 (GREEN)								Consolidated_384	Consolidated_384_target_plates_						2024-02-21 00:00:00														YPD+G418							nan											3449.0
6070.0	5122 (RED) + 5123 (BLUE) + 5124 (YELLOW) + 5125 (GREEN)								Consolidated_384	Consolidated_384_target_plates_						2024-02-21 00:00:00														YPD+G418							nan											3450.0
6071.0	5126 (RED) + 5127 (BLUE) + 5128 (YELLOW) + 5129 (GREEN)								Consolidated_384	Consolidated_384_target_plates_						2024-02-21 00:00:00														YPD+G418							nan											3451.0
6072.0	5130 (RED) + 5131 (BLUE) + 5132 (YELLOW) + 5133 (GREEN)								Consolidated_384	Consolidated_384_target_plates_						2024-02-21 00:00:00														YPD+G418							Target plate not flat and poured thin. Many colonies did not transfer. Will go from 384 directly to YPD+G418+5FC to make 6102.											3452.0
6073.0	5134 (RED) + 5135 (BLUE) + 5136 (YELLOW) + 5137 (GREEN)								Consolidated_384	Consolidated_384_target_plates_						2024-02-21 00:00:00														YPD+G418							nan											3453.0
6074.0	5138 (RED) + 5139 (BLUE) + 5140 (YELLOW) + 5141 (GREEN)								Consolidated_384	Consolidated_384_target_plates_						2024-02-21 00:00:00														YPD+G418							nan											3454.0
6075.0	5142 (RED) + 5143 (BLUE) + 5144 (YELLOW) + 5145 (GREEN)								Consolidated_384	Consolidated_384_target_plates_						2024-02-21 00:00:00														YPD+G418							Colonies pinned in a slightly rotated array, resulting in missing most colonies during the next pinning steps for REDI and for 6104.											3455.0
6076.0	5146 (RED) + 5147 (BLUE) + 5148 (YELLOW) + 5149 (GREEN)								Consolidated_384	Consolidated_384_target_plates_						2024-02-21 00:00:00														YPD+G418							nan											3456.0
6077.0	5150 (RED) + 5151 (BLUE) + 5152 (YELLOW) + 5097 (GREEN)								Consolidated_384	Consolidated_384_target_plates_						2024-02-21 00:00:00														YPD+G418							nan											3457.0
6078.0	6048								Consolidated_384	Consolidated_384_target_plates_						2024-02-28 00:00:00														YPD+G418+1 mM 5FC							nan											
6079.0	6049								Consolidated_384	Consolidated_384_target_plates_						2024-02-28 00:00:00														YPD+G418+1 mM 5FC							nan											
6080.0	6050								Consolidated_384	Consolidated_384_target_plates_						2024-02-28 00:00:00														YPD+G418+1 mM 5FC							nan											
6081.0	6051								Consolidated_384	Consolidated_384_target_plates_						2024-02-28 00:00:00														YPD+G418+1 mM 5FC							nan											
6082.0	6052								Consolidated_384	Consolidated_384_target_plates_						2024-02-28 00:00:00														YPD+G418+1 mM 5FC							nan											
6083.0	6053								Consolidated_384	Consolidated_384_target_plates_						2024-02-28 00:00:00														YPD+G418+1 mM 5FC							nan											
6084.0	6054								Consolidated_384	Consolidated_384_target_plates_						2024-02-28 00:00:00														YPD+G418+1 mM 5FC							nan											
6085.0	6055								Consolidated_384	Consolidated_384_target_plates_						2024-02-28 00:00:00														YPD+G418+1 mM 5FC							nan											
6086.0	6056								Consolidated_384	Consolidated_384_target_plates_						2024-02-28 00:00:00														YPD+G418+1 mM 5FC							nan											
6087.0	6057								Consolidated_384	Consolidated_384_target_plates_						2024-02-28 00:00:00														YPD+G418+1 mM 5FC							nan											
6088.0	6058								Consolidated_384	Consolidated_384_target_plates_						2024-02-28 00:00:00														YPD+G418+1 mM 5FC							nan											
6089.0	6059								Consolidated_384	Consolidated_384_target_plates_						2024-02-28 00:00:00														YPD+G418+1 mM 5FC							nan											
6090.0	6060								Consolidated_384	Consolidated_384_target_plates_						2024-02-28 00:00:00														YPD+G418+1 mM 5FC							nan											
6091.0	6061								Consolidated_384	Consolidated_384_target_plates_						2024-02-28 00:00:00														YPD+G418+1 mM 5FC							nan											
6092.0	6062								Consolidated_384	Consolidated_384_target_plates_						2024-02-28 00:00:00														YPD+G418+1 mM 5FC							nan											
6093.0	6063								Consolidated_384	Consolidated_384_target_plates_						2024-02-28 00:00:00														YPD+G418+1 mM 5FC							nan											
6094.0	6064								Consolidated_384	Consolidated_384_target_plates_						2024-02-28 00:00:00														YPD+G418+1 mM 5FC							nan											
6095.0	6065								Consolidated_384	Consolidated_384_target_plates_						2024-02-28 00:00:00														YPD+G418+1 mM 5FC							nan											
6096.0	6066								Consolidated_384	Consolidated_384_target_plates_						2024-02-28 00:00:00														YPD+G418+1 mM 5FC							nan											
6097.0	6067								Consolidated_384	Consolidated_384_target_plates_						2024-02-28 00:00:00														YPD+G418+1 mM 5FC							nan											
6098.0	6068								Consolidated_384	Consolidated_384_target_plates_						2024-02-28 00:00:00														YPD+G418+1 mM 5FC							nan											
6099.0	6069								Consolidated_384	Consolidated_384_target_plates_						2024-02-28 00:00:00														YPD+G418+1 mM 5FC							nan											
6100.0	6070								Consolidated_384	Consolidated_384_target_plates_						2024-02-28 00:00:00														YPD+G418+1 mM 5FC							nan											
6101.0	6071								Consolidated_384	Consolidated_384_target_plates_						2024-02-28 00:00:00														YPD+G418+1 mM 5FC							nan											
6102.0	6072								Consolidated_384	Consolidated_384_target_plates_						2024-02-28 00:00:00														YPD+G418+1 mM 5FC							nan											
6103.0	6073								Consolidated_384	Consolidated_384_target_plates_						2024-02-28 00:00:00														YPD+G418+1 mM 5FC							nan											
6104.0	6074								Consolidated_384	Consolidated_384_target_plates_						2024-02-28 00:00:00														YPD+G418+1 mM 5FC							nan											
6105.0	6075								Consolidated_384	Consolidated_384_target_plates_						2024-02-28 00:00:00														YPD+G418+1 mM 5FC							nan											
6106.0	6076								Consolidated_384	Consolidated_384_target_plates_						2024-02-28 00:00:00														YPD+G418+1 mM 5FC							nan											
6107.0	6077								Consolidated_384	Consolidated_384_target_plates_						2024-02-28 00:00:00														YPD+G418+1 mM 5FC							nan											
