amino_acid_position,mutation_type,bc1,YPD,YPD+IAA,log2fc_last,depletion_bc,supports_hit,agrees_direction
1,PTC,AACAGACTATTTGGTCTTAA,-0.059452012219303046,0.1702220112664518,-2.55872604304418,False,False,False
1,PTC,ATAATGCTTAAGTTAACATA,-0.1026792767128137,-2.1470529734905837,-30.988357045248527,True,True,True
1,PTC,GAGGCACTGGTACAGTAAAG,-0.07507975386595739,-2.2064328968846727,-32.36371008067642,True,True,True
1,PTC,GCTGCTCGAACCGTGTAAGG,0.04443153599356775,0.16411692756661653,-31.843249624891996,True,False,False
1,synonymous,AAGACATAATCTAAAGGGCA,0.012670575753548704,-0.05406604713868135,-5.542666889294341,False,False,True
1,synonymous,AGACGATGGAATACGGTTCA,-1.12387736284626,0.19975456381581685,-0.8760881733237429,False,False,False
1,synonymous,AGCTGTTAGCATTAGTGAAC,-1.075035416055877,-0.8988543775807234,-30.098118251531353,True,False,False
1,synonymous,ATAGCGCGATGGATCAAAAA,0.040449025862986016,-1.0780755046138786,-30.70644768844355,True,True,True
1,synonymous,ATTTTTCGTAAGCACGTTGC,-0.024856970368405288,0.045597256772038644,-3.110099107825672,False,False,False
1,synonymous,CAAACTTGAAACCAGAAAAA,0.0381535785267757,-0.11625138822679598,-7.306895140155431,False,False,True
1,synonymous,CAGCGAGATAGATTGACAAG,0.04009045390355487,0.04653534050037865,-1.0301714031929214,False,False,False
1,synonymous,CCGTAATTAGAAAATAGATT,0.03649590024140541,-0.9375849530321321,-31.003514500493107,True,False,True
1,synonymous,CGCATAGAAATTTCGCGCCT,-0.012656081404418444,-0.9284201263766376,-30.305204709171612,True,False,True
1,synonymous,GATCTGATCACACGAGACCA,0.012569046162301844,0.03287475652581269,-3.863993817325525,False,False,False
1,synonymous,GGCTAAATCATGATCCAGTA,0.03316507400066347,-0.9744372314029355,-31.344532577299354,True,False,True
1,synonymous,GGTGAGACGGTAGCTAAGTG,-0.09039454220473835,-0.08441153613788896,-7.815167777256441,False,False,False
1,synonymous,GTATACAACTTTAAAAAGAC,0.017173739056680296,0.10094055948095829,-1.4239512567837571,False,False,False
1,synonymous,GTATGATTTAAACAGATAAT,0.005144363443131182,0.10533391659379236,-1.3989044853000006,False,False,False
1,synonymous,GTCACACAACCAAGCTCGCT,-0.0006403803548626409,-1.0202010133379222,-33.069360449860454,True,True,True
1,synonymous,TCATTAGTGACAAAAGTGTA,-0.02614855122978894,0.10903347540933685,-1.4739210218225194,False,False,False
1,synonymous,TTACACGCGTTAGCAGAAAC,0.04250386684510815,-0.019023606925163167,-5.780767182502767,False,False,True
1,synonymous,TTAGAAACAACTTATAAGAA,0.012102276111143255,0.030703414123390768,-3.5426686527756206,False,False,False
2,missense,ACGGACACAGTGCAGCTAAA,-0.021223373834924602,0.02913710578717736,-2.7986185445830416,False,False,False
2,missense,ATAGACAAAACGCATAGGCT,-1.1457384668986283,-0.972495803959055,-30.959755269269873,True,False,False
2,missense,GGAACATCGATGTACGTAAT,0.08062326959216258,-1.5889342713820682,-29.954806418927827,True,True,True
2,synonymous,AGTCCTATCAAGGTAAGAGG,-0.06778133880950406,0.07068928836557585,-2.263103182012837,False,False,False
2,synonymous,GGAGGGATCCGGTACATTCG,0.629330362187824,-0.2622512556508328,-29.946026860712553,True,False,True
3,missense,ATATTCTCCATTATCGTTAA,-0.03948937210047919,0.09762264793385117,-0.7383496710608451,False,False,False
3,missense,CGTCAAAGCGGGACCATAAT,-0.0019995839076645365,-0.008747641982847443,-4.402092521979849,False,False,True
3,missense,GACATTTTTAACAAGTCGTA,0.032023385329233794,0.24992616351108454,-0.06838472912505286,False,False,False
3,synonymous,AATTCCGAAAGCTGTCTTGA,-0.5303794542838471,-0.9145049787515687,-30.06802575300802,True,False,True
3,synonymous,TGGTTTATATACTGCTTTTT,0.036525366303881854,0.07744372830855603,-2.7890509822793295,False,False,False
3,synonymous,TTAGGCAAAAGCGTACTTGT,-0.0015102063102241676,0.08603637098795812,0.06701019473010646,False,False,False
4,missense,AAAGGTGGAAACAACTGTGT,0.03044549398580938,-0.9212875208766496,-30.734750414080235,True,False,True
4,missense,AGGTAGCTCTTACTAAGCAA,0.019252268369488443,0.3091894413848475,4.670832398894477,False,False,False
4,missense,CATGCCAATCATATGCTGTG,-0.009060148188223727,-0.995422480088215,-32.346218686529404,True,True,True
4,synonymous,CATCTATCATCAAACGAATG,-0.006434755083690227,0.02643078877839483,-3.8415328598501097,False,False,False
4,synonymous,CTACTACTATATACGCTGAA,0.2454122547968141,-0.7347037084411179,-30.31326026811643,True,False,True
5,missense,CAATATATTCCAATCCAAAA,-0.01974526312445851,0.05321535816783718,-2.2658040494353635,False,False,False
5,missense,CATCTCAGACATATAAATAA,0.008017667479889282,0.059968714622974165,-2.41588195826512,False,False,False
5,missense,CCGAAGTCTACTAGCCAGCT,0.015521202389331449,0.07504929952050485,-2.8318610640089195,False,False,False
5,missense,GCGATACACAAATTAACTAG,-0.02489925665162013,0.019447943559208508,-2.2578158221237445,False,False,False
5,synonymous,ACGTCAATAACGGAATGCAC,0.011696740157434372,0.04702288605276041,-2.8909030635597683,False,False,False
5,synonymous,ATATCCCAACGAATATATAT,0.15614699127344506,0.16156007033671468,-1.756643596393272,False,False,False
5,synonymous,CAGGTTCGCCCAAAGTGAAT,-0.03281960978319563,-0.032508029852222786,-4.416592525383947,False,False,False
5,synonymous,CATGCTTCGAATCCGTCGGA,-0.09494394995498122,0.15955401026329427,-1.1793490772128055,False,False,False
5,synonymous,CCAAAAAAGTGTCAACCATA,0.03474156778246658,0.04380793389523223,-3.0442475123198793,False,False,False
5,synonymous,GAAAAGGATACCCGCCCAAA,0.016582883816896953,-0.9476312356211285,-30.47845538076685,True,False,True
5,synonymous,GAGTGATGAATTAAAGGTGC,-0.04745847331626665,-1.0863555524844417,-31.165366254974703,True,True,True
5,synonymous,TAGACAGAGAATCATCACCA,0.007200036796284289,0.07159477764023425,-2.381735015410973,False,False,False
5,synonymous,TATAATACCAGAAACGTTAT,-0.0025666436743988037,-0.029472816069918334,-5.24237811321755,False,False,True
5,synonymous,TTAAGCACTCTTACATTGTC,0.07997306895684893,-0.9481205401077646,-30.92417794167581,True,False,True
5,synonymous,TTTGAATGACGTTTGGGCAA,0.010480202676795964,-0.8852960292783596,-30.94903313028526,True,False,True
6,missense,AAATAGCCCAAGAATCAAGT,-0.013627085346405395,-0.02894368591302504,-4.593612492167473,False,False,True
6,missense,AGAAAATGAGAAAGCTAAAG,0.014021046717690513,0.08304993899189778,-1.891194660665881,False,False,False
6,missense,GAGAAATATACATTATCCGC,-0.0030777595724037704,0.03749454991121609,-3.032359733866152,False,False,False
6,synonymous,CGAAAACTACGCCAGACATA,0.0215475539357126,0.07159758892990858,-2.4703286625682788,False,False,False
6,synonymous,CTACACGAATGCATAAAAGG,0.06996397643530461,0.08451182487475366,-4.272406484087857,False,False,False
6,synonymous,TAAAGCGTTCTGCCAGAAGA,-0.9337077726189927,-0.9952706493105172,-30.47503358035654,True,False,True
6,synonymous,TCGTATACCGTAAGCACATG,-0.04792148628166347,-1.0603263219611245,-31.78070318389811,True,True,True
7,missense,ACGTCAGCAAACCCGTGACA,-0.011131024294375048,0.06568813613994103,-1.9913202705560664,False,False,False
7,missense,CAAACAAAGATCACGAAGAG,-0.041170446658751206,-0.00840052891046733,-4.992581900917381,False,False,False
7,missense,CCGTAGATTATTTGTTGAAT,-0.05451147591061796,0.026789332059480447,-4.167363219086046,False,False,False
7,missense,GCCCCCTAAATATCGCAGAT,0.020609682197286584,0.003614534966441013,-3.632870431966575,False,False,False
7,missense,TGGAGAATAATACATAGAAA,-8.794326178068268e-05,-0.9886345583292362,-30.273086594010522,True,True,True
7,synonymous,AAACTCGACGAGTAATATGA,-0.0041880254783805805,-0.8460811808815103,-30.74045638273652,True,False,True
7,synonymous,ACGTAAAGCGAAAAATTAAC,-0.09863817050170645,-0.963686764603638,-31.268782907203992,True,False,True
7,synonymous,TAAAAAATTTTACTATGACC,-0.006873749059292066,0.04017791932361868,-2.7998807101350054,False,False,False
8,missense,AAGAGGACTGCAATGAAAAA,-0.004563760513876567,0.06885776273646992,-2.0919868049994474,False,False,False
8,missense,ACTACAAGAAAACGGATTAT,-1.1562691245381322,-0.11246895369197829,-5.07156676867345,False,False,False
8,missense,ATATAGATGACAAAGCTTAA,0.002698842475976052,0.046174074961362485,-3.0834634875173466,False,False,False
8,missense,CAATAAAATACGATTTTAAA,-0.03392973094189136,0.10808966187237617,-1.6952299106016238,False,False,False
8,missense,TAAAAAGTATATATTGAAAA,-0.17785269246611657,-0.011881411534293784,-5.4703506383347795,False,False,False
8,synonymous,AACTGGAACTAGAGGTGAGT,0.037194987068759566,-0.006965585348809866,-4.678571690692704,False,False,True
8,synonymous,AACTTCTTTATGTAAGAATG,-0.13930827214680702,-0.8628439134936718,-29.922812929381845,True,False,True
8,synonymous,ACCAGGTATAGAAATAATAG,-1.0609443000654046,-1.5655021251791856,-30.405469848980157,True,False,True
8,synonymous,AGGTGATAAAGATGCTTTGA,-0.0318260854749219,0.10207045423435898,-2.492081431148738,False,False,False
8,synonymous,ATGCTTAATGAGCGACTTTC,-0.08611361565225242,0.05165975498802411,-2.6868429456097633,False,False,False
8,synonymous,GAACTGTTATATGATGTATA,-0.07215992222967102,0.04771096484459078,-2.784110101490972,False,False,False
8,synonymous,TACAGAGGCGCGTCGCTAGG,-0.04783531437217277,-1.0091958597340758,-30.24241641669335,True,True,True
8,synonymous,TTACCGTTACAATATTGATG,-0.002060926238216596,0.08113770349941864,-1.5834214425867654,False,False,False
9,missense,AAGTCGAAAACTATTAAAGA,0.006499172224270164,0.0006800779962139458,-3.9635548807014485,False,False,False
9,synonymous,AACATGGACCCGATTGAAGT,0.0004788430861101022,-0.1343317269486921,-7.414956364373114,False,False,True
9,synonymous,ACAAAAAGTACTGGAAACCA,-0.12291230897337765,-0.9253626875903838,-30.325518788760828,True,False,True
9,synonymous,CAAAGAAATTTCCAAATGTT,-1.0462593970091896,0.027788714390036065,-2.601430998206632,False,False,False
9,synonymous,CAGTAACAAAAATAAGGAAC,-0.003926274875762614,-0.9455840387545071,-31.68656880757717,True,False,True
9,synonymous,CCATACTGATATTAATCAGG,-0.00963094335190161,-0.9509696222953097,-31.50508775483026,True,False,True
10,missense,AAACTGTGCGGTATCAGATG,0.007280365038917369,-0.9765338963240258,-31.256690236179548,True,False,True
10,missense,AAATACAGGCAAATAAAGCA,0.04166252822068242,-1.5945132480516317,-31.026609846535205,True,True,True
10,missense,CACACCACGCAAATAGACGA,0.012333347330028074,-0.011997506766776245,-4.473662049540303,False,False,True
10,missense,CCAAGCCCTCAGCTAATGCC,-0.04522335559475202,-1.011790243665875,-32.42127061737553,True,True,True
10,missense,CCAATGCAAACGCGCAAGTG,-0.03788873292602542,-1.6785405206920996,-32.05696236515991,True,True,True
10,missense,CGTACCGGGAATTCAGCAAC,0.027921753789661833,0.07297280652339252,-1.63016430009738,False,False,False
10,missense,CTTCTTAGCTGCGGATAAAA,0.013529932083144907,0.03217647092576155,-3.2299027998437335,False,False,False
10,missense,TTCTTCCATACTCGAGTATA,0.016736393672417076,0.03694556328144975,-3.1704665692100558,False,False,False
10,synonymous,AAATCCGTAATCTACAAGAT,0.022791330111061124,0.07248118264658934,-2.0663434739794533,False,False,False
10,synonymous,ATCTGAAACCACGTTAACGG,-0.00679279527957612,0.10389255176508927,-1.6680704908134854,False,False,False
10,synonymous,ATGCTTGGAGGGGGGTAGGT,-0.010271479976827896,0.04708744490424055,-2.8524340782825877,False,False,False
10,synonymous,ATTAGAAAAATAAATATCTG,-0.013968134418131856,-0.0013347242816955651,-3.848172967160261,False,False,False
10,synonymous,CAACAAACGAAAATAAATAA,0.008761281076235604,0.11678953959448683,-2.5605449801201003,False,False,False
10,synonymous,CACTTAACCGCGAAAATTGG,-0.009336553106346792,0.046771154387107286,-2.3209227259717577,False,False,False
10,synonymous,CATAACCAGGATAGCTACGC,-0.011965103625608452,0.0645694999541243,-2.3798058574637486,False,False,False
10,synonymous,CATACCCCCAGCTACATCCT,-0.12025223388431412,-1.0048923929557323,-31.728712700610895,True,True,True
10,synonymous,CCGCTCTCCAGTAGAGAATA,-0.019555856635268144,-0.6154381482244171,-2.413333720171454,False,False,True
10,synonymous,CCTTACAGCAGCGCGAATTA,0.001930813570496943,0.11656697607989576,-1.543523442698128,False,False,False
10,synonymous,GAACAACATAAAAGAAGTTA,-0.032640146250207114,0.0894769346193959,-1.9218804431094851,False,False,False
10,synonymous,GTAGTCGAAACCAAGAGACT,-0.015100697703504463,-0.055316548193683146,-5.344434664325661,False,False,True
10,synonymous,TAAACAGAATAGTATATCAA,0.008032765727175949,0.051852511136463386,-2.883512016526971,False,False,False
11,missense,AATATGGGATTTAAGACAAT,0.01893747082818996,0.032326054607465,-3.1930353704681296,False,False,False
11,missense,ACGATCGCGCAAATGTCAAT,-0.019008022430798348,0.050031497206153144,-2.4614472641675436,False,False,False
11,missense,CAAAAGTCACAAACGCACCA,-0.09051104442092982,-0.9799770367839755,-30.751467512140046,True,True,True
11,missense,CATAATAAAGAACTATCGAC,0.00627515867032314,0.07387612160574301,-2.0537667761775826,False,False,False
11,missense,CCTACCCCGGTGGTTAACAC,-0.05669761662343818,-0.9536320223100596,-30.698355223130267,True,False,True
11,missense,CGCGAAAAATTACCGAAAGG,-0.013836724197126726,-0.8060187813416191,-31.03397452680484,True,False,True
11,missense,CTGAGGATCGAGGAGCGGCA,-0.017847289246776164,0.036571151121434775,-2.342216113589903,False,False,False
11,missense,TAAAACCATTCATTCTACGA,-0.059634336301645635,0.07762189896512628,-2.6871560013544107,False,False,False
11,missense,TACCAATCTACACTGTGGTC,-0.1564136912627921,-0.9479730611229664,-30.605640543952777,True,False,True
11,missense,TCCAATTTAGACACAACGAT,0.05249476303843435,0.0916525163255702,-2.6810572195430655,False,False,False
11,missense,TTTATGAAATAAGAAGGTAA,0.03925458613901771,0.19619950654323765,0.8152233542534693,False,False,False
11,synonymous,ACACGTATTAAAACAGAAGA,0.0011321706025358032,0.042304656350751535,-3.16838918430383,False,False,False
11,synonymous,ATAAAACCCTTGCATTCGTC,-0.008159753847524336,-0.9694274406185179,-31.189919198941954,True,False,True
11,synonymous,ATATTAAGAGTTTTACACGA,0.005720426984686574,0.03244818337308923,-3.4180380398000727,False,False,False
11,synonymous,ATGCATTAGGAGGAGCCATC,-0.20518749075162412,-0.9731441628619235,-31.59389302342689,True,False,True
11,synonymous,ATTGAACCTACTAATGCGGA,-0.045638603779253537,0.08949053831511253,-2.5389869893820896,False,False,False
11,synonymous,CCAATATGTATACCAGCCCA,-0.24478201627556445,-0.9755816597026148,-31.618259081523654,True,False,True
11,synonymous,CCACAGTGATAGGCCGAGTG,-1.0694678956469572,-1.0153879566127673,-31.142409293651063,True,False,False
11,synonymous,GAGTCTAAATAAATGCTTAT,-0.013337041391408948,0.0567562179450518,-2.235425888311261,False,False,False
11,synonymous,GGGGCCTGGATAATACCTAG,-0.03766969544339496,-0.9830564228893657,-31.733218332890566,True,True,True
11,synonymous,GTTGTATGGTGAGACGGTAC,-0.11987465290362413,-1.5796280987252092,-30.208867112839076,True,True,True
11,synonymous,TAATTTTATACACTTACATT,-1.6583091562863532,-0.9556211458733646,-30.483217813161428,True,False,False
12,missense,AAAAAGATAAAAATCGTGTT,0.0591162016841115,-0.13677350664992693,-5.831331478365453,False,False,True
12,missense,CATTATCAACTTCAATGATA,0.047331048715489085,0.07416478218383431,-2.058066771006815,False,False,False
12,missense,CTACTTATCCAAATCACCCA,-1.0482456840515684,-0.9619991461392738,-30.661001211076112,True,False,False
12,missense,GGGTATCTTGCTTCTCAAAC,0.01618549942271018,0.06028642634173614,-2.3002097467880946,False,False,False
12,missense,TGTTCTCAAAATCAGATTAT,-1.6669643841953223,-1.505435791111198,-29.905729069971592,True,False,False
12,missense,TTATTCCAAACATCTAAAAC,-0.01691237096557635,0.06698236161868436,-2.0108013932739324,False,False,False
12,synonymous,AGATTCTGTAAGGTTTCTAG,-0.06070802233615902,-0.9754430768866131,-30.644252949806322,True,False,True
12,synonymous,CGTGCATAAATCAATCCTTA,-0.0009906421010969489,-0.9379961990945778,-31.25682687018186,True,False,True
12,synonymous,GGTCCGACTTGCGGACAGCG,0.4170200645157574,0.12451760592279872,0.3550184716380448,False,False,False
12,synonymous,GTAGAAGCCTAAAAAAGCGA,-0.08577611838776358,-0.9464972058536718,-31.11994744110816,True,False,True
12,synonymous,GTCTGCCAGTAACATGTTGT,0.1140893438560204,-0.9281818404528832,-29.968028999391052,True,False,True
13,missense,AAAGTCGAACGCCGATATAC,-0.007238063943361878,0.10868536000709661,-0.7492031714528339,False,False,False
13,missense,ATACACATACTAAAATGAGA,0.011983643409288624,0.14731488917255628,-2.314780055309113,False,False,False
13,missense,ATCACATATTCGTTACCTAG,0.0006613440788068776,-0.005031115668155284,-4.130074094852978,False,False,True
13,missense,GGACATTGAATAAGAAAACG,0.08793313269375803,-0.9390343641354519,-30.685813203961775,True,False,True
13,missense,TCCTAGTCCGGCACCACCAG,0.021325548355692347,0.08065920247234622,-1.5791528640056889,False,False,False
13,missense,TTACTTAAGACACGCGTAGA,-0.10747027798324119,0.09313951541560771,-1.0116785968405901,False,False,False
13,synonymous,AAAATCCAGTGCATCAATAT,0.01964512949957238,0.1016457399286266,-0.9834050375187903,False,False,False
13,synonymous,ACACGAGTAAAATGGATGAT,-0.03643684203991952,0.10666905358517478,-1.7895779704667147,False,False,False
13,synonymous,ACATAGATATAGAAAGCTTT,-0.028007890750842382,0.7163354714055297,-0.40784786978945814,False,False,False
13,synonymous,AGAAGACAGGGCACAAAAAA,0.015878680113237474,0.06146139126612389,-2.5074793867776326,False,False,False
13,synonymous,AGAGGTACCTCAAACAATCT,-0.02448335740476484,0.01869883091438021,-3.7689736090166854,False,False,False
13,synonymous,ATATAGAGTTAGAAGCTGAA,0.09383082822980114,0.047413922147308704,-2.348752529973929,False,False,False
13,synonymous,CAGCTATTCGATCTACTCGG,-0.02442387134869731,0.13732443647406248,-1.5607559996372706,False,False,False
13,synonymous,CCGAAGAAAACGTCTATCAA,0.01614615457468875,0.0708411621010083,-2.0330079367656757,False,False,False
13,synonymous,CGGATGCGTGCTTGACACAG,-0.04964867260652844,-1.1880882804034667,-30.28711865343958,True,True,True
13,synonymous,CTAACCCTGTTACAGGCTAA,0.02576461572022254,-1.0034563278989541,-31.587391417065835,True,True,True
13,synonymous,GATATAAACACTAGTGTTCA,-0.02236808959660384,-0.9869834103680821,-31.614638749616326,True,True,True
13,synonymous,GTTAAGCTAAAGGGTGTGCA,0.015961910459333185,0.2484307978410244,0.2848404548315917,False,False,False
13,synonymous,TAGGGTCTACAACAATGCTA,-0.03132893500815004,-0.9565792102757305,-30.885504354102114,True,False,True
13,synonymous,TGTAGAACTTTCAGCATCAT,0.43239851618805963,-0.9326993745701684,-30.692068651128118,True,False,True
13,synonymous,TTGGTATGTTACCTGTTATA,-0.03678451737911462,-1.0048782978147206,-32.24575953878149,True,True,True
14,missense,AAACAAATCAGGTCAAGAAA,-0.002997132134706597,0.06824481641698964,-2.556210841439253,False,False,False
14,missense,AAATGCCATAGTTCTGTAGT,0.02266916755394507,-1.6354709092523023,-31.222520174481023,True,True,True
14,missense,ACGCCATGATGAAAGAAACT,0.6315700534608889,-1.591762272996943,-30.20114576630751,True,True,True
14,missense,GGCTAAGACGTATCCGATCG,0.10703762042645888,-0.8947618338928345,-29.983382148324065,True,False,True
14,synonymous,AACAAGGTCCGGACATATCT,-0.058621080882213475,-0.9649916939247083,-31.28752158668064,True,False,True
14,synonymous,ACTAGTACATTTGTTTAAAA,0.005918979624025957,0.08372746180511118,-2.2373205754100853,False,False,False
14,synonymous,CTAACTACGATAGGCTCGTC,0.0010162495044806336,-0.9480059585668636,-31.72561336526417,True,False,True
14,synonymous,CTACCGAAAGATTTATGTTA,0.01844811358700104,-0.9777033354427247,-31.420717848539997,True,False,True
14,synonymous,GGGACTATTGTGAATAGGAA,0.01607501062109122,0.06250580220324523,-2.6409462678729714,False,False,False
14,synonymous,TAAAGACGTAACAATCGAGG,-0.01434677628604986,0.08924344557145517,-1.6014942064379831,False,False,False
14,synonymous,TGCATACGGCGATGAGTAAT,-0.048106244489889594,-0.015994105444759182,-5.418151106050675,False,False,False
14,synonymous,TTGGCTGCATAGTAAAGATC,-0.059955825396258974,-0.9939210285583582,-31.69647951253859,True,True,True
15,missense,AAACGGTCTTTCGGAATAAT,-0.1355642507884865,-0.6924707110513513,-1.574604802736443,False,False,True
15,missense,AGTCAGTCTTAAGGGAAGAA,-0.0029731398045411044,0.08199433319304353,-2.500283428813187,False,False,False
15,missense,ATTGAGGTTACAACCCCTTT,-0.0026748883734703617,-0.17194094142720212,-8.48651129479475,False,False,True
15,missense,CAAGCCCGCTCATGCTAAAG,-0.017910575751745452,-0.0494440966060575,-5.636311883655681,False,False,True
15,missense,TGCAAAATCTTTAGGCTAAG,-0.006646200678227179,0.09189351225571865,-1.3297400927136285,False,False,False
15,missense,TGTTGTCCACCCTGCGCCTA,0.06700615495779093,-1.0719893622452255,-31.33444185402732,True,True,True
15,synonymous,AAATGATCTATACCTATAGG,0.06885653878735239,-0.9808461420440207,-30.83169336926673,True,True,True
15,synonymous,AAGCCGAGCCCTATTTTCCG,-1.14772012671085,-1.7682437750686812,-30.89578856308424,True,False,True
15,synonymous,ACTAAACGTTAATAGAAGGT,-0.3469676000840322,-0.8149665334301472,-29.972553186431853,True,False,True
15,synonymous,AGTACTGGATAATCACGGTG,0.09391164956691707,-0.8945325890344513,-30.796540773083322,True,False,True
15,synonymous,ATATCACGATATAAATTGGC,-0.02462558188522066,0.02638428148200378,-2.8004447232833845,False,False,False
15,synonymous,CAAAGGCCGTACTTCACACT,-0.015262965043693795,-1.0015631255950947,-31.72940327637438,True,True,True
15,synonymous,GGAAATAAAATTCGATAAGC,-0.7829270029169467,-1.4752284800621385,-30.01600887945204,True,False,True
16,missense,AATAAGTAACACTTGAATTG,-0.010443312980111369,-0.9743353622158859,-31.143955290278424,True,False,True
16,missense,AATTATTCATCGAGGAAATA,-0.032279731242315965,0.11949745220254979,-1.0815286503997195,False,False,False
16,missense,AGTATCAATATAGAGCGAAA,0.0665697821084431,-0.728926115347253,-30.129064227858485,True,False,True
16,missense,CAAAAGCACTCATTAAACTA,0.059163146119729976,0.06696310415420569,-2.729297823592461,False,False,False
16,missense,CCACAGTATATAAAAAGCAT,0.00903872695300877,-0.988571166690168,-31.77511972094902,True,True,True
16,missense,CTACGTCAATTATACTCTAA,0.0005478823174995765,-0.06999205386467067,-6.10422770027005,False,False,True
16,missense,CTCACTCATACTCTCGTTAA,0.04233692272870411,0.061651578185967906,-3.136679223785339,False,False,False
16,missense,GAAAATAATCAGCAATCATC,0.06942861849518898,-1.0280287611239225,-32.17600353149324,True,True,True
16,missense,GAAACGGGTTGAATTCTCTC,0.11615563646980595,-1.62875347258326,-31.053174750616364,True,True,True
16,missense,GCAGGGCGTTAGCCGTAGCA,-0.007754964845269335,-0.016309987045208085,-4.385951478306025,False,False,True
16,missense,GGTGTAAAAAGAACGAGGCG,-0.003062461283312044,-0.9456789641960583,-31.422645813644287,True,False,True
16,missense,TAATAAAACGACTATGCCCA,-0.28783964763282166,0.06361832447560511,-3.0977121728644375,False,False,False
16,missense,TGAAACGCAATTTTGCCTCA,0.006939949607028487,-0.130678008151199,-6.821482019403857,False,False,True
16,missense,TGAATAAAATCAAACGGAAG,0.030869237714537524,-0.9811072094697617,-30.792967596716547,True,True,True
16,missense,TTCGTATAACTTAGAAAAAC,-0.13075246836123383,-0.9948147289499336,-31.559862206633866,True,True,True
16,synonymous,AACAAACGACATCAATGCTC,-0.020781216750767675,-0.857708183103987,-31.281081035037605,True,False,True
16,synonymous,ACATAGATTCTGAGTTACTC,0.0032887515753922745,0.03983535583780451,-2.9146068986733,False,False,False
16,synonymous,ACGCTTATAAAAAAAAGACA,0.01143256530952121,-0.05574561520710186,-5.687851951979509,False,False,True
16,synonymous,AGGAAACCAGACGTACTGAT,-0.047799061908407964,0.04224558511071341,-3.0610210472127983,False,False,False
16,synonymous,CATGCAATAAAACCTATAGG,0.00801372123834233,-0.9981471778134106,-31.29594414762205,True,True,True
16,synonymous,CGGGCTAGAAACACACGCCG,0.019592495909420252,-0.044919265354251725,-4.778807843398169,False,False,True
17,missense,AGCGTACGTGTTGATGACCG,0.050483870134367156,0.010958540217866158,-4.049027729682848,False,False,False
17,missense,ATATTTATTTCATTAATCGA,-0.020020198191266186,0.08890896813341412,-2.0292817796341978,False,False,False
17,missense,ATTCATAGCATAACAAAAAT,-0.017688412224017944,0.03716626714460816,-2.9271877369936337,False,False,False
17,missense,CAAGAGAAGGGAAAAAGACT,0.024247956158001037,0.042183568085001774,-3.015312569657858,False,False,False
17,missense,CCATATGGTCCTATTTCTGT,0.013543706053545676,0.07057842250001968,-2.4515154599650173,False,False,False
17,missense,CGAATAAAGCAACTTAACTA,-0.720789626231979,-0.9816106633806003,-31.482354453753548,True,False,True
17,missense,GATAGCAAGTTAGACTCTGC,-0.021704319308500142,-0.14874611033030521,-7.7171455410317815,False,False,True
17,missense,TTATCACGAACGAGCGTACA,0.09172822298570756,0.07995896032878728,-1.8562126940064125,False,False,False
17,synonymous,AAAGTGGCGAGAGGTCAAAA,0.0254844810888397,-0.9240912944775781,-30.62045612749131,True,False,True
17,synonymous,AAGCGTCGGCAACTTACAAG,0.003299776005650712,0.06892455451634032,-2.3745294158530545,False,False,False
17,synonymous,ACAAATGATCTTAGCTTGAA,-0.017385999447534987,0.04157709337694275,-4.066634573426522,False,False,False
17,synonymous,ACACATAGTTGAAAACAGGA,0.02990065220049961,0.02014791376862296,-3.604239538992905,False,False,False
17,synonymous,AGAGGGACTATTTAATCTGA,0.03254086911153861,0.1548442244479025,-1.0277155817078931,False,False,False
17,synonymous,GCCTACTTTGGGTGACAAGA,-0.01601304512487733,-0.09965192677511014,-6.563032161563642,False,False,True
17,synonymous,TAGAAATCTAACGTCCAAAC,0.0012717277843681061,-0.9822132708649265,-32.00064385891285,True,True,True
17,synonymous,TGTAGCAAAATTATTAAAGA,0.025791363179141526,-0.9708186589494285,-32.39966130807504,True,False,True
18,missense,AATATATACAACCCAAATTT,0.020352822649162033,0.01351856324145409,-3.1176696738632295,False,False,False
18,missense,AGACCCGGGCAGCTATATAC,-0.04753453231571893,0.014839364508309139,-3.2470194052755157,False,False,False
18,missense,ATCAAAAGAAGTCAATTTGA,0.015209642045697786,-0.09691387033854146,-6.7182534298168175,False,False,True
18,missense,CCCAACCGTATAAACCACTA,-0.916143665818216,-0.9717945096534135,-30.736510494619413,True,False,True
18,missense,CGATCCCGATGACTCCATAA,0.03244586887669896,-0.9356857930116449,-30.267588717827323,True,False,True
18,missense,GAGACGATACAAGATATGTC,0.05993757855640408,0.10864663813987357,-1.0718489814470933,False,False,False
18,missense,GCTCACATACCCAATTCACT,0.014902953486113564,0.0037327652480654006,-4.207764243079023,False,False,False
18,missense,GTCCGACACTGGATCCGAGC,-0.018241028223826134,-0.02793979676416372,-5.101931055058262,False,False,True
18,missense,TACGATCGCAAACTAGCATA,-0.0026762626978123283,0.07640468521767724,-2.477787996739554,False,False,False
18,missense,TGAAGCCGTACCTAGCATAA,-0.03740962253789866,0.06515607958467855,-2.1055404353449836,False,False,False
18,synonymous,AAAAGTCTACTCATAAAACC,-0.010905719663266216,0.056195155301898086,-2.276847990695468,False,False,False
18,synonymous,AAAGGTCATTCAAACACTAT,-0.0034322188771139708,-0.7147596848161253,-30.22251748991691,True,False,True
18,synonymous,ACAACTTCAAGAATAAAGAC,-0.034640416022533885,-0.9334607136586832,-30.718544574232496,True,False,True
18,synonymous,ACTAACCTAAAGTCTTTACA,-1.138927197325132,-0.9513172413698405,-30.545849711965257,True,False,False
18,synonymous,AGGCGATCAGGCATATAGCA,0.0033854293931675967,0.06079076008072001,-1.9303042093284075,False,False,False
18,synonymous,ATTACCGTAATGAAAATGGC,0.0020417213923687428,-0.9704715833250634,-30.949228646531118,True,False,True
18,synonymous,CATTCAGAGAAGCGTTTGAT,-0.0005619684060202274,-0.9237940457940961,-31.342421914366827,True,False,True
18,synonymous,CCAAAGGCTCATGTTGGCCA,-0.05550570435804404,-0.9889191880630612,-31.11553921749771,True,True,True
18,synonymous,CGCGGGTCACGAGTTAAGTA,-0.012393896540578474,0.10828040068061645,-0.9808159719770394,False,False,False
18,synonymous,CTTGGTAAAGCAGGATCTCT,0.018535977175882103,0.05682116669524409,-2.8074830059558353,False,False,False
18,synonymous,TAATCAATCGGAATTGCACT,-0.1166901220273563,-0.9633804149694889,-31.59669633732378,True,False,True
18,synonymous,TGTTCATACGCGGGGAGTAA,-0.06579149677111124,-0.9981521734759982,-31.96093702721747,True,True,True
18,synonymous,TTATACAACTCCGCCCATCC,-0.05656350886700352,-1.013360045290687,-32.190227111146896,True,True,True
19,missense,AAAAAGTCCGGTGAACAACG,0.02887348298469296,-0.9837669391953514,-30.507732052517312,True,True,True
19,missense,ACAGAGGCAGAACGGCCAAA,-0.010218941501257683,0.07117958619412272,-2.2416112475364165,False,False,False
19,missense,CACCAAGCGTAAATTTATAT,-0.0344835329305643,0.054982802806687534,-2.6549143860971847,False,False,False
19,missense,CAGGGGACCTTGACTCGATT,0.02014796554700947,0.07738780133578915,-1.9670276961741167,False,False,False
19,missense,TCAAGTCGGCATCTAAAATT,0.04165900390493485,0.005863475536671214,-3.660024052113914,False,False,False
19,synonymous,AATTACCCCGTGATTTAGGT,0.016584712808020107,0.12474135933878819,-1.0222973292124828,False,False,False
19,synonymous,AGGCGTCATAACGATAGCAC,0.5533434331378762,0.12853801515228805,-0.09121152690874496,False,False,False
20,missense,ACATATCATAATGTAAAAGA,0.07032376353255494,0.08662119657501574,-1.9459433715962688,False,False,False
20,missense,AGACCAGCTAGTATATTTCC,-0.024703946514673253,-0.9708188284134995,-31.271911556219596,True,False,True
20,missense,ATCGTGCTAGCGTTATGAAA,-0.015381258447938917,0.033600487681297225,-2.8289202186802935,False,False,False
20,missense,CACCAAGAGATCCTTCATTA,0.05852153341714442,0.11569190036876298,-1.594959599088084,False,False,False
20,missense,TTGTGTATAAGCGCGCCCGC,0.03436941211330974,-1.0047208040430926,-31.81699998934537,True,True,True
20,synonymous,AACAATAATCAAAGCTACTA,-0.01029583872507466,-0.9176928405870313,-30.005057853572477,True,False,True
20,synonymous,CAAGAGAATCCTCTTCATTA,-0.01308751148482868,0.04159929860059926,-3.309744162005721,False,False,False
20,synonymous,CAATTTAGAATAACAAAAAA,0.003819970777536278,0.09107111549597018,-1.7743688385919985,False,False,False
20,synonymous,CAGTCATGATGTATCTTCTG,-0.037075986247486134,0.02245623172370914,-3.528330966294963,False,False,False
20,synonymous,CGAAGTTCAAACGATTGCCG,-0.013999722261626758,-0.01572194873336838,-4.482725915242651,False,False,True
20,synonymous,TCTGGCCGGCATATTGCCTA,-0.004792269036653899,-0.005090573131411674,-3.6040988219621046,False,False,True
20,synonymous,TGACAAAGCGATAGTTTGAG,0.023653781252468496,0.029250710112788958,-2.974463147120704,False,False,False
21,missense,ATTACTTATATCTACATAAG,-0.0002798747040979356,0.05092659315267685,-2.5401488817965294,False,False,False
21,missense,GGAAACGGAGCCGTCCAAAG,0.0438022933239552,0.13970251174385032,-0.47373729719240293,False,False,False
21,synonymous,AACGTTAGGCTTGCCGGGTT,0.11202839133440973,-2.1504143026012086,-30.675759685539084,True,True,True
21,synonymous,AATTAATAGTAAAATGGAAT,-0.6792099773626752,0.017082664349506588,0.1019388592102276,False,False,False
21,synonymous,TATAGAACAGCATTTAAACT,-0.03243304670872926,0.1529664550654788,-1.0148036442067414,False,False,False
22,missense,AAGAAGGCCCGACAAGGTTC,-1.0324222791626256,-0.9165286656335567,-30.053739082310738,True,False,False
22,missense,AATGTGAAAGCTTACTATAA,0.004287962227328156,0.03228168661716169,-3.582395608915828,False,False,False
22,missense,ACCACAATGTTGCTTTTACG,-1.11681186364797,0.0027353834718493175,-3.706265499908995,False,False,False
22,missense,ACTTTTGAGGCAAAATTCCA,-0.021848158709782496,0.07607967274273741,-2.5587364467567144,False,False,False
22,missense,AGAAATACCATTTTCATTTT,-0.6304497376458474,-1.6024770382421814,-30.198078286774308,True,False,True
22,missense,ATAACGGTACTCTATCGAAG,-0.017906860845142068,-0.8614411434026614,-30.560677013495372,True,False,True
22,missense,ATTACAATACCTTTACGAAC,0.06855757859809262,-0.9879054779128227,-31.823205228421443,True,True,True
22,missense,ATTCCCAGTTCACTTTAGAA,0.05833772363629221,-0.13572109289493528,-8.065954040617784,False,False,True
22,missense,CCGATTAATCAATCTGATAC,0.06755293417796983,-0.9796682930481733,-31.346832863367975,True,False,True
22,missense,CGGCCGCGATATCCTGCGAT,0.01719682264166052,-0.0329304488434887,-5.073865904994341,False,False,True
22,missense,CTGCATTCTGTACCAAAATG,0.07416720291803706,0.047895412093329495,-1.074904763217578,False,False,False
22,missense,GCAATTATAGATTACCACTC,-0.005350776753592386,-0.05619373155346036,-7.328713345540575,False,False,True
22,missense,TAACCTTAGTAATAATTAAG,0.021018000669188026,0.06955656911061432,-2.396246869117758,False,False,False
22,missense,TACATACGCTGCAGATCAGT,0.02475236345962511,-0.032626001752871114,-5.5225066710707855,False,False,True
22,missense,TAGATAGAACTCGTCCCCAA,0.0008426436088247321,-0.9697734262348783,-31.66440948419489,True,False,True
22,missense,TAGCGGGCAATCAATGATAA,0.006350797986726912,0.04154294299629266,-3.199023826880566,False,False,False
22,synonymous,AAAGGTCAAGTTCAACATCG,-0.0012839541208030701,0.04557142584583326,-2.494766653930025,False,False,False
22,synonymous,AATTAATAATAAGATTAACA,0.005504124721840995,-0.9784574663460825,-31.882607927936544,True,False,True
22,synonymous,ACACAGTAAGCTTAAGGCAA,-0.6566581575676879,-0.9472053524315454,-30.90230950658212,True,False,True
22,synonymous,ACAGCACTCAAAGAAGAGAC,-0.009833883707579745,0.07011903214087038,-2.2381308958969988,False,False,False
22,synonymous,ATAACTATACAGCTAAACAA,-0.07153989520259295,-0.9504499533898711,-31.322236441457775,True,False,True
22,synonymous,ATAATGAATAACCCCTTATA,0.02789445427656505,0.050250559728318475,-2.7162232424921156,False,False,False
22,synonymous,CAAACATACGATCCGAATTT,-0.005181994327106873,0.08853488138165136,-2.62818977184406,False,False,False
22,synonymous,CAATTAAAACATATACGAAA,0.02544625053507596,-0.06293672454697391,-7.101143854727433,False,False,True
22,synonymous,CCCACACTCTTAAAATTCCG,-0.008715157447362998,0.12072350959114019,-1.725548018458433,False,False,False
22,synonymous,CTTTTGAAAAAGTATAGAAA,0.018016982977547693,-0.04897431607835043,-4.974941330286634,False,False,True
22,synonymous,GCAATTACTTCTGCTAGAAT,-0.035798669491157384,0.08485974017342694,-1.0491232737171459,False,False,False
22,synonymous,GGCGCCGCTAAGAACAACCA,-0.039221860058713656,-0.9457488931461906,-31.047892769527987,True,False,True
22,synonymous,GTATCGTCCAAGGGTGACAC,0.008342321688179022,0.06024184739628537,-1.7782796523973219,False,False,False
22,synonymous,TAATCAACGAATAGGGAGGT,-0.022791370395731335,-0.965719271590324,-30.691857768500963,True,False,True
23,missense,AAAACATTAATAAGGTAGAG,0.0038415345462805934,-0.10751043354623624,-1.6263305746389032,False,False,True
23,missense,AACGGCTTACAAAGGTAGTA,0.08278642250950245,0.08987692360203686,-1.2126375027524317,False,False,False
23,missense,AAGGCTTTGAGTAGGAACGT,-0.01321956523329312,-0.9589968502436383,-31.653727268255317,True,False,True
23,missense,ACCCGTTAGTATGCGAGTAT,0.0010186698665918857,-0.9196313217228731,-30.21458905833714,True,False,True
23,missense,CGAAATGCATATTAATTGAC,-0.018426484401297127,-0.9768391876232396,-31.898923769000426,True,False,True
23,missense,CGGCCCGCTAGGCTAAAACG,0.0015289207095785207,0.054763503660449825,-2.647220282689733,False,False,False
23,synonymous,AAGAATAGTTTATAAGGTAA,0.012322761137101174,0.009483586172376712,-4.344172148344817,False,False,False
23,synonymous,ATACTGAACTTTTATTTAAC,0.03538803906868318,0.1235376161625915,-0.8734951595151674,False,False,False
23,synonymous,CAGAAGAACCAGCATCTGAT,0.030144747496361934,0.05242052555335984,-2.733061678198201,False,False,False
23,synonymous,CCCCTGGTATGCATAAATAC,-0.17431827829575208,0.12112046193857856,-0.8131580068361429,False,False,False
23,synonymous,TCACGTACCCAAATGATCGA,-0.007995355796119007,-0.9735101434201263,-32.293409963748964,True,False,True
23,synonymous,TGATAGGACACGTGAGCCAA,0.017216453861982017,-0.9489808067601662,-30.204245905973483,True,False,True
23,synonymous,TGTTAATCTTATGTATGCAT,0.004202563362297687,0.009401087421270438,-3.9374806045563124,False,False,False
24,missense,AAATCATAAATCGATATAAT,0.030457482406667347,-0.19976345967002984,-9.496191337426795,False,False,True
24,missense,ACCTTTCAGAAGCCAAGTAA,-0.19278437469294704,-0.9474517550698056,-30.654777336187838,True,False,True
24,missense,AGCAAGAGCTAATAAATACA,-0.02487265562125442,-0.051103478934867885,-5.692839210021205,False,False,True
24,missense,CTATTATTATCCACCGCGGT,-0.0028136483836489357,0.08910965197935941,-1.8482342974838175,False,False,False
24,missense,GATTCGGACATAGGCGTACC,0.01012050970445948,-0.987683510709588,-31.61113916940355,True,True,True
24,missense,TGCAGACTTTCTAAACTTCA,0.0338210640289312,0.041376077244885276,-1.9284981918204116,False,False,False
24,synonymous,ACTTTTAATTAGTTGAACCT,-0.0700281416272864,-0.9798756111267133,-30.92839354551113,True,True,True
24,synonymous,AGAGCTTATACACACATTAA,0.00019105030252523046,0.04792252367264918,-3.7225626650464565,False,False,False
24,synonymous,ATAATTTACCATCATAATCA,0.03826406042515268,0.06548295366618417,-2.5037622354802416,False,False,False
24,synonymous,GTTTATCTTGAGGTGCACGT,-0.007539518103144223,-0.9795844332659411,-31.840866375239774,True,False,True
24,synonymous,TCAAAACAATTGAGACCTCT,0.015918363543128606,0.08824939855434893,-2.578904025032619,False,False,False
25,missense,TCTTCTTTCGAACTAAGAGA,-0.007585537182669825,0.05026760225700294,-3.0398458505413415,False,False,False
25,missense,TTATATAATATTACGAAAGT,0.03744271628934867,-1.0260929830168806,-31.74451889254112,True,True,True
25,synonymous,GAAAACATTTGTTGATTAGT,-0.00038664220676209093,0.024539557953724117,-3.576220947027422,False,False,False
26,missense,ACAAAGATGCAAGTGATAGA,0.15998744996470277,-1.5823179326450825,-30.402343234520657,True,True,True
26,missense,AGATTATATACGGATATTTA,-0.027411064746801137,-0.9498310551940137,-31.17259810879752,True,False,True
26,missense,ATGTTTCAGTTTACGTAATT,0.009976369126367225,-0.9887133320133947,-30.79805337202027,True,True,True
26,missense,CACCATCTTACTTTGTAATA,-0.06030632370734665,0.01876124800869977,-4.287902969481645,False,False,False
26,missense,TATGGCAGATTAATTGCAAA,0.029486260837929955,-0.9708401174803132,-30.97422427689958,True,False,True
26,missense,TTAATGAGAAAAAACTAAGG,-0.03077439383298253,-0.9179093284991118,-30.096643202222975,True,False,True
26,missense,TTAGCGCCCTCTAAATTAAT,0.003515710758507794,0.026539834381136607,-2.5364480945720773,False,False,False
26,synonymous,CCAATCCACAGACTATATAA,0.025291925863663963,0.035286280724455,-3.339904608037288,False,False,False
26,synonymous,CCAGCGTTGCATCGGTTCCC,-0.7184843229266511,0.05668201874558525,-2.7259356718603858,False,False,False
26,synonymous,CTAAAAAGATTAATAGAGTA,-0.0282115184308417,-0.9516656148084899,-31.658067115987034,True,False,True
26,synonymous,TTTTGAGAATGGACCTTCTA,-0.8024274822787498,-0.23520499474042456,-30.402260507034935,True,False,False
27,missense,AAGCTGAATTTTACTGTACC,0.05030893686158745,-0.5084558746676955,-0.7685175570207299,False,False,True
27,missense,AATCCAAATAATTTTCAACC,-0.04488963823217984,-1.0063930888987416,-31.761828052480162,True,True,True
27,missense,CCGATGATATGTCAAAACTC,0.10108752974165118,-0.9694055134673178,-30.534668980932597,True,False,True
27,missense,TAAGGAATCCATGCGTCTCT,-0.16491448167844533,-0.9382833669028885,-30.956447351781218,True,False,True
27,missense,TGAAGCTAAATAGAAGACGG,0.04424947538860215,-0.9212974227104784,-30.132781709360344,True,False,True
27,synonymous,ATTTTCGTCGGCCATTGCCA,0.13429452383633897,-0.016105821764122813,-5.196475149268768,False,False,True
27,synonymous,GCAATAATATAAATGATACG,-0.03414776299130105,-0.7213681286710312,-30.06287871069964,True,False,True
27,synonymous,GTAACTGATGTTGACAACTC,-0.7701259289650442,0.08891373626730312,-1.9675104848485034,False,False,False
27,synonymous,TTAAGCACAGAGAAAAAACA,0.003019344246784034,0.07341418487759208,-2.2070540407974653,False,False,False
28,missense,AAATTAAGAGCGAAGATAAT,0.013274650660252359,0.07873821122015323,-2.324581443869251,False,False,False
28,missense,GCACCTGGAGAAGCCCGATT,0.024472215664743734,0.1266037183802498,-1.0477597939371388,False,False,False
28,missense,TGCTATCATAGAAGGACGAA,-0.0010186019648979914,0.07232692610852307,-2.1735340058985626,False,False,False
29,missense,AAAACCTCCCAGAGAAGGAA,-0.013835282700812211,-0.09422683334425086,-6.764527908090809,False,False,True
29,missense,AAAATCGGGGCAAACAAATT,0.004146253375971007,0.06451359824661393,-2.181035491655682,False,False,False
29,missense,AACCGATATACGCCCGCAAT,0.0043131651585720954,0.1870783452730087,-0.09596660732846392,False,False,False
29,missense,ACCGAAAAACGCTACTATCA,0.016125331396222534,-0.1225172028153203,-7.553116622151673,False,False,True
29,missense,TTGAAGTAATTTAAACCGGG,0.05250662033070086,-0.8688451485310105,-30.36899826746895,True,False,True
29,synonymous,AACAATACATTCCTTCAAGA,0.02411191427419729,0.0373082358139645,-2.8361668144809524,False,False,False
29,synonymous,AAGGATACAATAAAACTACA,-0.040030818086491504,-0.9580930000532706,-30.26883178718252,True,False,True
29,synonymous,ATTACAGAAACAAATTAGAT,0.02866711282595814,-0.11952029381776569,-7.342721704871416,False,False,True
29,synonymous,CCAACTAATGGGCATGCGAC,-0.05317955405257828,0.09568398571804465,-1.437677041194147,False,False,False
29,synonymous,TATTTCATTCAAAAAATAAT,0.0955214254921001,-0.8876819174000217,-30.05517215036138,True,False,True
29,synonymous,TCCTATAATCTGAATACACT,-0.0654203347434658,0.08886920630894693,-2.0604248039469235,False,False,False
30,missense,ACGTACATATGTAAAGGAGG,-0.03664384591243082,-0.9858548134210012,-31.535043541104898,True,True,True
30,missense,TGAAAAACAACATTGCACGG,-0.020048112273700323,-0.03520303533280442,-5.959383824051362,False,False,True
30,missense,TGAGCAACAGGTTCACTAAT,0.0016157623950569652,0.054108188319803116,-2.669279004853286,False,False,False
31,missense,GATCAACAAAAATCATCTGC,-0.12960820210934276,0.08390723067777933,-1.9660851272896864,False,False,False
31,missense,TTGAAGGGGCGTTTTACGGT,-0.2345774439041623,0.023640079584384827,-3.912090089635794,False,False,False
31,synonymous,AGGGACAATAACAGTCAACT,0.01325920044968918,0.16107419974847204,-0.7080872448861537,False,False,False
31,synonymous,AGTACTCTCTCCACCACTTA,0.163679893334133,-0.9115485836303325,-31.044826821219157,True,False,True
31,synonymous,CAGCTTGTTTGTGTGTATCA,-0.012557336602081874,0.028365212056944436,-3.4778105213940584,False,False,False
31,synonymous,CATTTTCACCACTACAAAAG,0.06856467116566377,-0.46933803034242944,-29.98925922738235,True,False,True
31,synonymous,CGGCTATGAGTTCAAAGTTC,-0.07162300672821242,0.10817314269552539,-2.293577223523843,False,False,False
31,synonymous,GTAAATGACAAACGTGAAAC,0.004796634726555097,0.06366736527726657,-2.285896745063942,False,False,False
31,synonymous,GTAAGAAACGTACAAGAACG,0.012741552625761663,0.01159025124653626,-4.123650182682606,False,False,False
31,synonymous,TCAATCCAGGTATTTATAAT,0.01270358027220517,-0.06594008228765916,-6.146887228718246,False,False,True
31,synonymous,TTAAAAATAGTTGCGTGTAC,-0.006999359054466733,0.03768213835022556,-3.0480934699715436,False,False,False
32,missense,AGAGTCTTAGACTGGTAATA,-0.11886659660134571,0.08147204434844874,-2.2183359878985853,False,False,False
32,missense,CGAAATTCGATATTTTCTAA,0.06752583074828807,-0.9310146402061117,-31.57152210171357,True,False,True
32,missense,CTTACGCCAAAACCAATCTT,0.04163214661917608,0.06743893202999494,-2.6945810569170816,False,False,False
32,missense,GAACATGCGAACTACAATTA,-0.004128259765850809,0.009940658477072983,-2.902067378416292,False,False,False
32,missense,TATTCCGCTAATGTCCGCTA,0.047667297073649334,-0.9478774587573278,-32.0627260517971,True,False,True
32,synonymous,AGAGCGGTATCATAACTTGA,-0.0377234238967912,0.057979556804872476,-2.8133826160608373,False,False,False
32,synonymous,GGATGTAAAGCAAAGGTACT,-1.1308211577467997,-0.9684612857583688,-30.919635860811432,True,False,False
33,missense,AGAGGCTCCTCATAAGCAAC,0.6898508793588364,0.5629507660375237,10.580979372367715,False,False,False
33,missense,AGATACATCATTATCTGATT,-0.02260585907646335,0.009495442608684623,-3.840598589485593,False,False,False
33,missense,AGTGGGTACAACCTCATCTT,-0.043570439103175124,0.057592801220282944,-2.2174581553634116,False,False,False
33,missense,CACCACCGAATGGCTGTAAT,0.08226083428443552,-0.935310617391518,-30.396192153760744,True,False,True
33,missense,CTTTAGAAGCTCGTCTTTAA,-0.039293550133082125,-0.9397760248762794,-30.90112358642569,True,False,True
33,missense,GTGGTCCTTTCCACCCTAAA,-0.011435720923734327,-0.11744344822100378,-6.574917948015046,False,False,True
33,missense,TCATTAAACAAACAAAGCTA,0.037935022658052486,-0.9468960942527607,-31.045573250550923,True,False,True
33,missense,TGAAATAAACTAGTCTTCAT,-0.2090364074574714,-0.9546857332150742,-30.228982515643484,True,False,True
33,synonymous,ACATTGTAAAAGTTCAAGGC,-0.017484958135018762,0.05395364709460382,-2.582064491184573,False,False,False
33,synonymous,ATGATTACAACAACACGTCG,-0.04069051129799518,-0.9937931187959994,-31.63820472360384,True,True,True
33,synonymous,ATTATAAGGAACAAATGCAA,0.09213734026187922,0.06266345446798169,-1.3173652238730384,False,False,False
33,synonymous,CGCAGTCGGGGTCCGCCACC,0.004410831951878851,0.10497305121644596,-1.7418551439776342,False,False,False
33,synonymous,CTAATGATTACCGTCTCTAA,0.02783756050810173,-0.9645073024652229,-31.23170003727467,True,False,True
33,synonymous,CTGGGTGTACAATGTAAAGG,-0.020386863482374243,0.05282589894673216,-3.0424966798713307,False,False,False
33,synonymous,GAAAATTAAGATAAACATTA,0.011706488052878791,0.029283026074595236,-1.7668863986625614,False,False,False
33,synonymous,GTAGCCCAACGAACGCTACC,0.012011817634056746,0.03308582412798078,-2.9595636026232963,False,False,False
33,synonymous,TGCAAAATAAGTATTTTTGA,0.04227716691676467,-0.02854356652346471,-5.1961002886731515,False,False,True
33,synonymous,TGGAATCATTAACATTTGGA,0.00252743935273087,0.1285183821198759,-0.5141562541311937,False,False,False
34,missense,AGTTAGGATCATTAGATTGA,-0.649755969279916,-1.562035865506687,-29.906470590468203,True,False,True
34,missense,GAAAACACAGAGACAGAACC,0.009453108636599806,0.07588145778787726,-1.775488117436859,False,False,False
34,missense,TCATACACTCCCATAAATAA,-0.020239486407176786,0.026797538420904224,-3.345888968397189,False,False,False
34,missense,TCCCCCGCTTTTATGCCTTT,0.05891639893173685,-0.9857154741208807,-30.078482734658863,True,True,True
34,missense,TTTGGACGAGGGAACAGGGA,-0.009493185704837677,0.3545944449639965,5.5510122593325395,False,False,False
34,synonymous,GGAACGCATTATAACACATA,0.05984937574984217,-0.9381310591953016,-30.322814268936376,True,False,True
34,synonymous,TAAATATATCGTCATATCCC,-0.07304751297132997,-0.9250261943596658,-31.19010781339613,True,False,True
34,synonymous,TCCCTATTCAGTTCCATGTG,0.027122348393548226,0.07548049398486772,-1.8780190267890098,False,False,False
35,missense,AAGGGTTTGGGGGTCCTAAT,0.021287607769335692,0.07396997186324736,-2.335652848614607,False,False,False
35,missense,ATCACATGCGAAATACTAGG,-0.008924200499647478,0.0645563486732849,-2.4302111072122186,False,False,False
35,missense,GAGCGTACGAAAGGAGGGAG,-0.060041639269281605,-0.9604144153169349,-31.296466790809962,True,False,True
35,missense,GTTACTTAAGGGATCAGGGA,0.7073732842958805,-0.9180576001950624,-30.17290123029146,True,False,True
35,missense,GTTTACACTCCTTAGGACGC,-0.011799837865688018,-0.913688579188721,-30.900711867674644,True,False,True
35,missense,TAGAATACATTAGAAACATA,0.009590041553719442,0.11179944092135902,-1.1644731000393793,False,False,False
35,synonymous,ACAATTGAAATAAACGACAT,-0.03229973233675762,0.07513296356063077,-2.2515430921324504,False,False,False
36,missense,ATCAACAATTAGGGAACCCA,0.00875215889211956,0.11388434722701057,-1.262047972485883,False,False,False
36,missense,CCGAATAAAGAGTTTTTACT,-0.0017887881223504157,0.03862595135418925,-3.0187315279717395,False,False,False
36,missense,TTGCAGTTAACGATCGGAAA,0.007306905614980822,0.052037055130826695,-2.1947585862776533,False,False,False
37,missense,AAACAGTTAAACAGGTAGAC,-0.009152144798259767,-0.10129176710651544,-7.187885320780151,False,False,True
37,missense,AAGTAGTGTTCGTGGTGAAC,-0.03208180796635873,-0.9599113844766824,-31.153723503811268,True,False,True
37,missense,AGTTAGAATGAAAAGCGCAG,-0.036505126348697195,-0.0012887040881583711,-4.903535291134881,False,False,False
37,missense,CAATGTTAGACTTAGAAAAA,0.06477230802871345,0.07272017038578667,-1.6479044785954207,False,False,False
37,missense,GAGGGACGAATTACACTATA,-0.005474910752941523,0.0409113725091238,-3.1440998361862347,False,False,False
37,missense,TTCTAGCCTAGTCAGAATCA,0.0581106369146719,-0.9783623748893375,-31.457236815334543,True,False,True
38,synonymous,AAAAGTCTATAAGGTGTGCT,0.015654400220843703,0.035660536256930664,-3.1718213084391738,False,False,False
38,synonymous,AAATGATGAACCACGTTATG,-0.17883929842453442,0.10593079911794719,-1.3210198671623763,False,False,False
38,synonymous,CACAGAGAAAGTTTTTTCAT,-0.9812213795433679,-0.8888557080841939,-30.556460918334068,True,False,False
38,synonymous,CGATTGACTCAGATTATAAG,0.012201092839993998,-0.9945511855160114,-31.804984698523004,True,True,True
38,synonymous,GGTAATATAGGAGTTAAAAC,-0.017717386167660054,0.1180766516433201,-0.8621749276421102,False,False,False
38,synonymous,GTTAAAAAGTGTGATAAGCT,-0.01544824595300481,-1.090544833015837,-31.497794273862542,True,True,True
38,synonymous,TAAGTTCCAATTACACGACA,0.60911026270449,-0.26039056905110003,-5.359090107354704,False,False,True
38,synonymous,TAATAAGAGTTTACTCTTCG,0.005409460536049887,0.13071860006018338,-0.9152216177584046,False,False,False
38,synonymous,TCAAGGCGATTATACTCCCA,-0.01628146058920907,-0.9992717131135851,-31.78285682887517,True,True,True
39,missense,AAAGGGTATCATCACGCTTA,-0.711386729794863,-0.9330382564655642,-29.970279379976457,True,False,True
39,missense,ATGGAAAATCTTATAAATCA,-0.04839437384633781,0.1379565324598124,-0.24572738305463582,False,False,False
39,missense,ATTATAGATAGAAAGGATAT,-0.994562505227097,-0.9028560780462351,-29.95040924650054,True,False,False
39,missense,GATATTGAGGTACACTTTAG,-0.598565364290357,-0.1555455981923171,-29.89784035658948,True,False,False
39,missense,TAAACTTAAATCGGATTGGA,0.005043355252668539,0.0487180318134047,-2.769759147376063,False,False,False
39,synonymous,AAAGAATTACCAGGATTGCA,-0.07278492575881801,-0.9394285035743968,-31.156974388299812,True,False,True
39,synonymous,ACAAAAGCGATACGGATTGA,0.022863864414514268,-0.13561542765896356,-7.609424194744825,False,False,True
39,synonymous,AGTTAGCTGTAAATTACGAA,0.7104841853625359,-0.9095161840475474,-30.241468663837974,True,False,True
39,synonymous,ATAGTGTTGGAATTAATAAA,0.01820164028655833,0.053137615148480255,-2.0813381359459973,False,False,False
39,synonymous,ATTCATAAGCGTTCAAGTAC,0.027710804343558732,-0.9642347767830868,-31.44401796176772,True,False,True
39,synonymous,CACGTCATTGAGAGGAAAAC,0.021541624200550512,0.07606464568677128,-2.336855102907752,False,False,False
39,synonymous,CCGTGGTAAAACGTAAGGAA,-0.015936679792418817,-0.9889954469653262,-30.497764090483336,True,True,True
39,synonymous,TAAGATAGACTATGAGATAA,-0.003959263176553188,0.07703411393159744,-2.0875352274689916,False,False,False
39,synonymous,TTGTCAGCCAGTTCTTAAGC,0.04565078213098725,-0.8559492079885012,-30.50945855922188,True,False,True
40,missense,AAATACCAAAAGACCCCGCA,0.009849355528155971,0.04878743839231414,-3.013722068194857,False,False,False
40,missense,AATTGACCATTGCTAAGCTA,-0.013724542792952842,0.0998709725469501,-2.012687728128772,False,False,False
40,missense,ACCTATATCAAAAAAACACT,-1.652450515188131,-1.0375201031048362,-30.244484183305712,True,False,False
40,missense,ATTGCAAAATAAAGACTGTC,-0.013787416443210257,0.030641094082517542,-3.5485489846864255,False,False,False
40,synonymous,GATAAGCAAAGTTGCAGTAT,0.011858480666883804,0.041564824703853226,-3.1304011095364896,False,False,False
40,synonymous,GATTGTCATATTACTGTATA,0.006993102811060089,0.07129271880073954,-2.3602650349590144,False,False,False
40,synonymous,TAAAGATATTGCTAAGGTTC,-0.00425900600469761,0.03411487314135846,-2.750711061258502,False,False,False
41,missense,GCCACTGTTGAACGTGTCAA,-1.0456741267281275,-0.9589599620828799,-30.454521455677625,True,False,False
41,missense,TATACTGACTACACAAATGT,-0.022850182598673215,-1.036915411987837,-31.573662018693962,True,True,True
41,synonymous,AAACACTTTCGTACTGTAGT,-0.0026100051070646526,0.005637856331177582,-3.8968990068968843,False,False,False
41,synonymous,ATCCAGTCAAGAGTTAGCGA,0.020686945503720508,0.08698803339511639,-1.6939069013583676,False,False,False
41,synonymous,ATGCGAGGAGAATACACGGA,0.0350122797735328,-0.968741946138385,-30.262697804077053,True,False,True
41,synonymous,GAACGGAGTCATCCGTCGTT,0.04872603488282212,-0.8869650969076788,-30.593217792091448,True,False,True
42,missense,AACGATTAGCACGGGATGTT,-0.01041487565841808,0.022190007594873162,-3.6401612338717597,False,False,False
42,missense,CCACTGACTTTGATCACTCT,-0.02610774848982277,0.1035942949567139,-1.7243788780183962,False,False,False
42,missense,CTTCAAGTTTAATGATAAGC,0.012592103332533041,0.074202444361507,-2.2724007287265597,False,False,False
42,missense,TGACTAGCTAGAAGGATATT,0.21199302350206375,0.05907761756045142,-2.3205226055600727,False,False,False
42,synonymous,AGTACGAAATACCTAAGCGG,-0.10765990093274355,-1.045987813240593,-31.89112128389614,True,True,True
42,synonymous,ATTGGAGGTTGGAATAGAGT,-0.02613636127728045,0.004283085808653914,-4.068442488494778,False,False,False
42,synonymous,CAAAGAGGTCGACAATGCCT,-0.45047774649774863,-0.898510101796038,-30.35802384690058,True,False,True
43,missense,AATTGTATTCGGGTTCTGAT,-0.021822991968396592,-1.5954420142460686,-29.96289711920741,True,True,True
43,missense,CAGAGGGTACCACAATATAG,-0.0245741987919588,0.06700864841732193,-2.449979791880985,False,False,False
43,missense,CGTATTTACGTGACGAGTAT,-0.0004550671454415238,0.0699721023768648,-2.3532755121868063,False,False,False
43,synonymous,CCTGAATACGAGGTACCCGC,0.008174728681539581,0.021984337814532406,-3.745077288956667,False,False,False
44,synonymous,CGTCAAAGTTAACGTATAAA,-0.032653801380098046,-0.9028363281168879,-31.951769009961506,True,False,True
44,synonymous,TGGATAAGTCGAACGAAACC,0.035281108589068674,0.04108594591458674,-3.499732968077849,False,False,False
45,missense,CATGTCTGACTTAATACCGT,0.0035982343083491904,-2.42181667838929,-34.874046882991564,True,True,True
47,missense,ATTGAAGAACCGTGAATTAA,0.021417045949829117,0.03842553971468653,-2.9227827440813297,False,False,False
48,missense,GGAGCAGATAAAAGTTCCCA,0.0026400963464749357,0.02667050159326946,-3.2090000477722893,False,False,False
48,synonymous,AGCCAGGGTACAAAAAAACC,-0.022776850174438822,-0.9706721723270055,-30.865716836453434,True,False,True
48,synonymous,CTAAACGACGCGAGAGGCCC,0.04886697900545274,0.08857705251101614,-2.0912059861101504,False,False,False
49,missense,ATAGCGGTATAGGAGGAGCA,-0.04974344145629768,0.07453928202976229,-2.8046001826399656,False,False,False
49,synonymous,ATGGTGATTTAAGAATGCTT,0.016833344555186428,0.08794793938330109,-1.7212809794897383,False,False,False
49,synonymous,TCACGACGTTAACCAACAGA,-0.7594245190697093,0.10364151167110525,-1.0289133537337563,False,False,False
49,synonymous,TTAAGAAAGTTAAAGTAATG,-0.04942652624035808,0.0065632787250301805,-3.47512241557381,False,False,False
50,PTC,AGAGACATATTCTACAGAAT,-0.01832869983745089,0.11746585919548747,-1.5743105985961208,False,False,False
50,synonymous,CTGAAGTAAAAACACAAGAA,0.05136059671375984,-0.9597223538943993,-30.34129473080494,True,False,True
51,missense,ATACCACCAAATCAGCATTC,0.07475840274156602,-0.5363030451948709,-0.9014031105399538,False,False,True
51,missense,GATAAAAACACAAAATGATG,0.024083660995173603,0.096434561247323,-1.1665172231353125,False,False,False
51,synonymous,GATGCTTTGTGGCGTTGTCA,0.00940623793926314,0.0843193240980313,-1.7546256428894964,False,False,False
51,synonymous,TACCAGGTATGAGAATCGGA,-0.021109546989819164,0.12095976809005811,-2.8395866585169753,False,False,False
52,missense,AATTAACGAAAAATCGAATC,-0.01516195699331246,-0.032628885587586226,-4.230223164950401,False,False,True
52,missense,CTGAGAACACAATTGGAAGC,-0.028818863026058895,0.012421792826651706,-3.947937449661755,False,False,False
52,missense,TTAATTACATATCTAGGAAT,-0.00844837025634788,-0.09921160045190158,-7.272555886603506,False,False,True
52,synonymous,CCATACTAAAGACTATTTTT,-0.0676255059133098,-0.9339917381782741,-31.0324804199506,True,False,True
52,synonymous,GCGCAACTGTAAACGGAACG,-0.039215576119602594,0.11736769525859185,-0.6646997561373728,False,False,False
52,synonymous,GTGCCGCCTAACATCAAAAT,0.012636078941931148,-0.060794197047182724,-5.757972210819913,False,False,True
53,missense,AACAAGACAATTAATATGAA,-0.0012603629736167282,-0.22511655965608768,-9.6259766882673,False,False,True
53,missense,AACGTAAACTCAGTAATGAG,0.009222718746108357,-0.05341865886188041,-4.919079561271473,False,False,True
53,missense,AATTAGATATAATTATAAGA,0.05390543515781887,-1.063658110968555,-32.31407439639513,True,True,True
53,missense,GACATATTCTTACTGGAATA,0.005118234318290053,-1.6456390997168138,-31.177280175314184,True,True,True
53,synonymous,AAAAATCTAGGAGTCCTGGT,-0.1293198837382517,-0.9896196062709786,-31.845776410218427,True,True,True
53,synonymous,CATTAATTATTTGATGCCGC,0.028322752847925264,-0.09420839813743223,-6.3244758766765345,False,False,True
53,synonymous,GTAAAAAACCTGTGTAGCGT,-0.002497658112923377,0.03696983884430964,-2.8787362722630663,False,False,False
53,synonymous,GTGACATTCTTCTAAACGGT,0.01635877602436986,0.07403685793272301,-1.7596420862519304,False,False,False
53,synonymous,TCTTAAAATTATAAATGGAC,-0.07064173845759356,-0.946022785815609,-30.462615416086138,True,False,True
54,missense,ACTTGCATGATAATTCCGTA,0.025687552835187488,-0.03279527316043193,-5.684880535580172,False,False,True
54,missense,CAAGATGCAAACCGATTGTT,-0.72871658561976,0.10456972249952859,-0.350180459835754,False,False,False
54,missense,CGGCCGATGCGGGCAGCGAC,-1.1467791360008326,-1.5274295274353147,-29.92435434965242,True,False,True
54,missense,CGTAGAAACAAGTTGATCTA,-0.03947175728157215,0.00765876372180721,-5.626745418184586,False,False,False
54,missense,CTTGGCCGGTAATCGTATTC,0.0764650082897445,0.16052700711413534,-0.8989946417687751,False,False,False
54,missense,GAAGAGAATTGATTATTAAA,-0.012771327983289976,0.05723198438216433,-2.4777469108883405,False,False,False
54,missense,GGACTGTGAATCTGGTCAAT,-0.08990182676030699,-0.10910204118835543,-5.173085112499852,False,False,True
54,missense,GTAAATTAAAGTCACCCGCG,-0.03100025636332859,0.004344590366541501,-4.430035136789422,False,False,False
54,synonymous,AACGCACAGACGAACTTGGA,0.0044207974420725216,0.02061920103795367,-3.4912909096135842,False,False,False
54,synonymous,CAGAATATTAACCAGGCATA,-1.0917699458510404,-0.739516945950748,-5.990814796639393,False,False,False
54,synonymous,TAAGGGACACACATCTCAAC,-0.03357414892381669,-0.8665506173863564,-30.40058260910646,True,False,True
54,synonymous,TAGAATAAGATTAAATAAGA,0.01267330426161984,0.05489997558840788,-2.895904900283427,False,False,False
54,synonymous,TAGAGATAATAGATGTATTA,-0.0064211516192645025,0.0416367176215237,-2.9506263814173255,False,False,False
54,synonymous,TTGTTACGAAGAACCGATAA,-0.0013163790936073574,0.07995676435076772,-2.3225149963431146,False,False,False
55,missense,AACACTAAGTTTGGAAGCAT,-0.009855326462108535,-0.13448723479588265,-7.891397350267132,False,False,True
55,missense,AGAGTTCTAAGTTGCGGAAA,0.0026208265181623036,0.0680145382177374,-1.8396871189395838,False,False,False
55,missense,CAGAATGAAATATGCATAAA,0.01819564277113844,0.05226593117183094,-2.474348594722518,False,False,False
55,missense,CCAAATCTGAGCTAAATGTC,0.060046181413109787,-0.992861113738591,-31.75579940734903,True,True,True
55,missense,GCTTTCGTGCTCGAACGCAA,0.03661329987699695,0.06983264133564178,-2.128903718438666,False,False,False
55,missense,TTTTCGGACCGAGGAAGGTA,0.05766568317771914,-0.9380597007474467,-30.52697888106574,True,False,True
55,synonymous,AAAATTTGACAGTGAAAAAA,0.00506916090836395,-1.0323853608932936,-32.50925270472889,True,True,True
55,synonymous,ATAGGACGCCTGAATACACT,0.06368326589582919,-0.14911083998585528,-7.568990123737993,False,False,True
55,synonymous,TATGAATACCATGATATTTC,0.007908847651901488,0.1289699828801627,-1.139264553751259,False,False,False
56,missense,AAGGATTTAGTGTAAAAAAA,0.0532392273006488,0.11635481320453872,-1.6832700884532437,False,False,False
56,missense,ACAAAGAGGGTTATATCACC,-0.05085309882043686,-0.969281486577618,-31.29404070009321,True,False,True
56,missense,CCAACGATCTGGGTACCCTC,0.02101950729038639,0.08654585309357742,-1.3772204719262862,False,False,False
56,missense,GGTAAACTTAAGCTAGTCAC,-1.1320724800125372,0.15409657261881146,-0.56558788761279,False,False,False
56,missense,TGAGCAGCCCAAGGCATATC,-0.027172854966859904,0.04672693630257682,-3.480474682346794,False,False,False
56,synonymous,AAACTAGTGCTGACAATCAA,0.032939128327536066,-0.017926350176632744,-4.191866363831923,False,False,True
56,synonymous,AAAGTCTTAGAAAAAACTGC,-0.023598502464861833,0.04890054256891209,-2.9977249928499283,False,False,False
56,synonymous,AAATTTTTAAAACATAAACC,0.06350875093059329,0.06555066799672761,-2.19913630514947,False,False,False
56,synonymous,CAAACCGCAAAGATTACTTG,0.08654106964155159,0.10021847249476398,-1.0282534252678375,False,False,False
56,synonymous,CAACGGAGATAATCTATCAA,-0.021689558341004975,0.09779548173197199,-1.8880807715694405,False,False,False
56,synonymous,GGAATTTGAAAGAACAACAT,-0.0008640393561377894,-0.0017028237579094219,-4.03322448058056,False,False,True
56,synonymous,TATTTCATATATTTATAACA,-0.04683210858410004,-0.9501973979617817,-30.82533481714214,True,False,True
56,synonymous,TGGTGTCACATTACAAATCA,0.04450727206453066,-0.9331395861217571,-30.709099186981668,True,False,True
57,missense,AAACGACATAATGTAGGTTA,-0.06177552631559621,-1.3471564161340186,-29.90168456641546,True,True,True
57,missense,AATCGTGACGATCAGGGACT,0.020643963959934605,0.07221666617280155,-2.6368077471971594,False,False,False
57,missense,ACATCCACCCGTCATCATTC,0.004036524086859535,0.1271159382150593,-1.6668369300117285,False,False,False
57,missense,ACGGAGAAATAAAACATTCA,0.018665132713025227,0.11344349793711107,-1.3604641058352462,False,False,False
57,missense,AGAAATCCATTAACTACCAA,-0.03819845302285821,-0.10929631666999451,-7.503111297647626,False,False,True
57,missense,CAAACTAAAAGCGTCTCAGA,-0.022661404706186668,0.08845897229576818,-1.8137337823462838,False,False,False
57,missense,GGGCCACCCTAAGGAGATGG,-0.006691987326920111,0.02883889371486105,-3.7834842613140878,False,False,False
57,missense,TAAGCGTAAGTCCCCAAAGG,-0.013233780505942119,-0.028941917033390857,-4.75267448185428,False,False,True
57,missense,TATATACTTGAAAAAAATAA,-0.009476940636313819,0.09947134736866901,-1.3942399403302774,False,False,False
57,missense,TTTCATTCTCTAATCGCGAT,-0.03344305545300147,-0.4902781853024067,-6.10566801472895,False,False,True
57,synonymous,AACTTAGAGACACCTACTTT,0.021237860098416377,0.05952700714567859,-2.8399773708692866,False,False,False
57,synonymous,ACATGCAAGCTCGGACAACA,0.007023603305208174,-0.029668057389536207,-4.851550378365144,False,False,True
57,synonymous,ACCAAAAACGGGCACTTAAC,-0.02077952921248419,0.036764434172160715,-4.257040565280484,False,False,False
57,synonymous,AGAGTTGAGATTGTAAACTG,-0.18848523669404688,-0.019557215325161026,-5.279419116493545,False,False,False
57,synonymous,ATATAGTTCGGTGAAAATGT,-0.05629328918015018,-0.605809588502862,-1.1949739423040746,False,False,True
57,synonymous,ATTCGTAAATAAAAAATAGG,0.015287299719504169,0.03975494027951754,-2.999492898701995,False,False,False
57,synonymous,CCAACTGCCAACTTCACAAA,-0.013964720173061544,-0.9711051730871718,-31.479218528520637,True,False,True
57,synonymous,CGTAAGTAAATTTTCCAAAT,0.007894122175535433,-0.0549890970236982,-5.598820754930837,False,False,True
57,synonymous,TAAATTTACGGTCCTTAATA,0.007017473812942489,0.06875569183634474,-2.402206463038642,False,False,False
57,synonymous,TGCAATCGAACAAAGCAGTC,-1.098435255187311,-0.6100266690727156,-30.45487393036634,True,False,False
57,synonymous,TTAGAATATGACCGAGTCCG,-0.043047802561741594,-0.9794337481166793,-32.24092720480268,True,False,True
57,synonymous,TTCATAGAGAGGGACCAGAC,0.014822943978522247,0.17374166703020594,-1.134446332675489,False,False,False
57,synonymous,TTGTCTAAAAACTCATAAGA,-1.0499805433939926,-0.8891787878907653,-30.25068281727423,True,False,False
58,missense,GAAGACGGCACAGTGTAACT,-0.012580580433122223,-1.0130256829654056,-32.93844355569582,True,True,True
58,missense,GTGAATGTTACCATCCATTT,-0.0766432612287651,0.06507417654310155,-2.515373561301368,False,False,False
58,missense,TCAAACATCATGTTAAGGTG,0.0470867572037523,-1.0028109505452125,-32.23147657472761,True,True,True
58,missense,TCATTATGAACAGGTACAAA,0.01709966773102001,0.07079004948511418,-2.126121248930689,False,False,False
58,missense,TTGCCTTCATCTAGAGAGTA,-0.006872890552911322,0.019716689973925894,-3.901705103980437,False,False,False
58,synonymous,AATAGACACGGGAGGGCATA,-0.004572410466403017,0.09171269494850982,-2.208020984140781,False,False,False
58,synonymous,AGAAATGAATACATTATATC,-0.09094970237262602,-1.5908290963346428,-30.168898935930518,True,True,True
58,synonymous,AGTATAATCAGGCACAATAT,0.035575668483056225,-0.9440987528354581,-30.134868174367373,True,False,True
58,synonymous,CGACTCAGAAGTATACAGAC,0.004533552016749118,0.06879248232238758,-1.820089004890295,False,False,False
58,synonymous,TAAGATAATTCCCTATAAGG,0.01287545708808539,0.06782200011791872,-2.331966082518546,False,False,False
58,synonymous,TCAATTGAGAGTCTGCAAAC,-0.0019199595523168526,-1.022297964265463,-32.372217597446436,True,True,True
59,missense,AACTTAAGGGAAGTAGAAAA,0.023275178203887015,0.061629155794688126,-2.7239937182399587,False,False,False
59,missense,ACTCTGTTAACACGAACGTA,0.6500936343155219,-0.32822282037704287,-30.800128781378394,True,False,True
59,missense,AGGAGACAGCTCAAGGTAAT,0.009774329278123772,0.06450286664996067,-2.5024013745585427,False,False,False
59,missense,ATCGCAAAGGAAATCACCTC,0.019361964865040656,-0.026517077652277316,-4.874538528304201,False,False,True
59,missense,CAGATGAGCCTCATGAGACA,0.015676711986401533,0.07627485118721312,-2.075628510099802,False,False,False
59,missense,CCTAGAAGGAAAAATGTCTT,-0.015861503518912686,0.00401123615787724,-4.30155202817716,False,False,False
59,missense,TAGCCAAGTAAATCGAAGCT,0.0229634358126101,0.030365264395061403,-3.896442590330457,False,False,False
59,missense,TATAATGTGGTATGGGAACG,-0.007555362793118688,0.014011656595086214,-2.5308851782024346,False,False,False
59,synonymous,AAATCAAGAAAAGGCTTACC,0.020372152676918373,0.011824426227060814,-3.833957615113483,False,False,False
59,synonymous,CACAATTTGTAAAAAAAGGA,-0.055878395854455976,0.08542503903730118,-1.990336693834019,False,False,False
59,synonymous,CCAGAGGTCGTATCGTTTAT,-0.03573104148255847,0.12246885411650182,-1.173176321999334,False,False,False
59,synonymous,GTTCGAACTTGAAATTCATG,-0.24841120716872583,-0.9189558257719004,-30.949577831453485,True,False,True
59,synonymous,TAGGACACAGGATAAGGATC,0.012532695604008822,0.033821672268487105,-3.1138864895721956,False,False,False
59,synonymous,TTGTAAGGCTCGCAATACAA,0.05131960973720327,0.014021591254681443,-3.9891423324522073,False,False,False
60,missense,CACTTAACGAAACCTAAAAG,-0.1627605779038674,-0.9358722423198234,-31.11498314422862,True,False,True
60,missense,CATGTAGAATAAAAAAGTCT,0.014638318887399455,-0.06175585750448784,-5.721875363366731,False,False,True
60,missense,CCCGTGGCCCATAAGAAAGA,0.027393806570668713,0.04912824002032959,-3.110443114180245,False,False,False
60,missense,GAAAAGATCAAAAGCATTGC,-1.1062047320968704,-1.5788975484727492,-29.970114086121814,True,False,True
60,missense,GAATAAAAAAATTCCAGTAG,-0.02146399497322082,0.020398720654262487,-3.5354158100898836,False,False,False
60,missense,GAGAGAATGAGTTCACAGCA,-1.0927825091540202,0.07802167229282987,-2.8474362792823715,False,False,False
60,missense,GTCGTTCATAGAGAAAGGAG,0.0300868066234217,-1.0088037967981611,-31.59805753636941,True,True,True
60,missense,TGCCGCAAATATATAATTCC,0.08738490530192479,-0.10089098167791,-30.038739856231135,True,False,True
60,synonymous,AAAAAATTAGAGACCGAATC,-0.0350749635260786,-0.07758138741868847,-7.4128796900650995,False,False,True
60,synonymous,AGCTGTACCTAATAACACGT,-0.026668159739954688,0.12565763894940035,-0.9832739608520217,False,False,False
60,synonymous,AGTGACTCTGAAGAATAAAG,0.04836731397524999,-0.9459368020414669,-31.158060521540495,True,False,True
60,synonymous,ATAAGGATTTCAAACTAATA,0.05951276924682339,-0.9494275084817978,-31.00228887753291,True,False,True
60,synonymous,CAATTAAGATGAAGCGGCAG,0.07346525828127508,-0.9639553622572878,-30.31994732568501,True,False,True
60,synonymous,CTTCCCTTACGTAAGGCCCT,0.0031422802810510617,0.031075481359543605,-3.3437269482456964,False,False,False
60,synonymous,TAATATTGCACCTCACACCA,-0.019419651083010792,0.16507966905063376,-0.10091663053050194,False,False,False
60,synonymous,TCTGAAGAAAATCCCGATTA,-0.017240545638915604,0.11120337251807794,-1.5810403567052973,False,False,False
61,missense,ATATTACGATGCTGACAGAC,0.034116342725729984,-0.03460679956813187,-5.6553304950594985,False,False,True
61,missense,GATACCAGACAAAACTGAAA,0.005072312811184175,0.06669430143997383,-2.3252374046151485,False,False,False
61,missense,TAGGATACTATGTAAAAGCA,0.6135557902391434,0.12023185251748307,-1.364467131803252,False,False,False
61,missense,TGACAGAATTAGTTCTTTCA,-0.08500947830469592,-0.9274925242589174,-30.990669217278285,True,False,True
61,missense,TTACTAGAGACACATCCTAT,-0.01231119295298584,-0.1656397986290581,-7.8884310157865745,False,False,True
61,synonymous,TTAAAGCTGTCATGTATTTA,0.08054353584476452,0.1909815872046527,-0.7205622535450487,False,False,False
62,missense,ACCACAGACAAGAATAGAGG,-0.0189761800857098,0.024338203680287107,-3.186843127257103,False,False,False
62,missense,ACTAGGAGACTATATTAATG,0.028939531769170856,0.03029452202270244,-3.222880427444194,False,False,False
62,missense,ATTTGGATAATACAGTTCAT,0.021061759144211115,-0.2582205027085568,-30.797663006485543,True,False,True
62,missense,GGATTGAATGCTTACATAAC,0.021977906321759458,0.010050830840299924,-3.802000575108419,False,False,False
62,missense,TAGTCGAATGAAACACCAGC,0.08742670273180998,0.08678422981555876,-1.9076114620103792,False,False,False
62,synonymous,GATAAGACAGCCATTCGATC,-0.012267620688579875,0.09469346607508278,-1.8090056919967672,False,False,False
62,synonymous,TCTCCCAAGCCGTTAAAGGT,-0.011448893461184287,0.018591506759846443,-3.733297533982244,False,False,False
63,missense,CCTGGTAAATAAATATAGAC,-0.0006612746499319632,0.04898103171158211,-3.200664414621246,False,False,False
63,missense,CGCATTATTGAATGTGGAAC,-0.04290503576607685,0.03636359671031658,-4.044661766689056,False,False,False
63,missense,GCGCGATAACTAAGATCCAC,0.013485432888899125,0.10964490005566149,-1.3143911255479592,False,False,False
63,missense,GTATAAAGTCCCCAAAGTTG,0.025854805901619426,0.042205412899214395,-3.001681291148061,False,False,False
63,missense,TGCCTTGATATGCCCCGTAT,-0.01494726723879719,-0.918705630732183,-29.98841746182866,True,False,True
63,missense,TTAATAAGGTATTGCGCAGG,0.026767167850743307,-0.9133118915565017,-30.18569749472671,True,False,True
63,synonymous,GCGTACGAGAAGCATAAAAA,0.007543519287319515,0.01801509517756883,-3.7040436500641465,False,False,False
63,synonymous,TCTCCCAATCTCTCTACACC,-0.01681879644862049,0.011448767292222689,-3.947744286387469,False,False,False
63,synonymous,TTAGGACCTCAAAATCTCAT,0.06551725763093677,0.08870666343578665,-3.407168679379694,False,False,False
63,synonymous,TTTCAATACAAATAGCCACA,-0.021356083604861874,0.04557112250881176,-2.5684590024955516,False,False,False
64,missense,AATACAGGGTTCCAAATACT,0.02963655071219622,-0.014874072863000465,-6.081987197756634,False,False,True
64,missense,AGACGAGTTTCGAAAAGAGT,0.01598994019087184,0.047908098276453384,-3.411562172898717,False,False,False
64,missense,CGAAATACAGTTCCTAGAAA,0.03618565242491077,0.018052671398247233,-2.9307208049109366,False,False,False
64,missense,CGATGATAAAATACACTATA,-0.0018225487339311877,-0.003695800396836174,-4.289694948642239,False,False,True
64,missense,CTTGAGACAGGACTTATATG,0.0028030872373210293,0.012354923933674766,-4.276357782293568,False,False,False
64,missense,TATAAAACATTGTCAAGTAC,-0.00461242608634702,0.055830276851518465,-3.0434157025997735,False,False,False
64,missense,TCCGGCAGCTGCAATTTGGC,-0.015930222669138662,0.0732801516180192,-2.2766062272447676,False,False,False
64,missense,TGACAGCAAACATAAGTCAA,-0.01710827553370204,0.07349961070024376,-2.501898520129307,False,False,False
64,synonymous,ATAACTTTAAAGAGGAGAAG,-0.008751394655063914,-0.05468889274149316,-6.377382583669508,False,False,True
64,synonymous,ATAATACCGGAACAGAAGAA,-0.030556348572392703,0.06412327360614349,-1.7779396522887572,False,False,False
64,synonymous,CCACATTTACAAGAAAACGA,0.01276377968848247,0.031280390153559365,-3.497052611944728,False,False,False
65,missense,AAAAGACCATATCAGTACCG,0.03915829447734254,-0.9682975791032926,-30.30672718998102,True,False,True
65,missense,AATAAGGGCGATGAAGTCGC,-0.006314050361343223,-0.9985772049671768,-31.689878274069425,True,True,True
65,missense,ACTACAGTGACCATCTGCAT,0.003825375750114622,0.05197986987847475,-2.50718506119527,False,False,False
65,missense,CAGATATTCTCTTACATACA,0.006935399341642975,0.08700345822563375,-1.983863628139749,False,False,False
65,missense,GCCACATCGCCTAAGCTCAC,-0.0028656648210168296,0.04976417344288303,-3.199498525726131,False,False,False
65,missense,GCCAGAACACCAGATGCTTC,0.00798024967528596,0.02269573848263895,-3.588071492546436,False,False,False
65,missense,GTAGATATAAATTACCCGTT,0.01796034702863096,-0.0030220545583168335,-4.8767368760329015,False,False,True
65,missense,TAGAGTACTGCACAAGAGAA,0.006216867400640981,0.07434728317312099,-2.105175180336378,False,False,False
65,missense,TGTCAAATCCAATTAACCTG,-0.0728798438529441,-0.9148461791621063,-30.047430347347795,True,False,True
65,synonymous,AACGCAAGCGATTAGTACAA,-0.6986886266560152,-0.7207616108118973,-30.640084769108235,True,False,True
65,synonymous,AAGGGAACAGAAAGGAAGAA,-0.027769746701381524,0.16331586657685848,-1.1313577840056492,False,False,False
65,synonymous,ACAGTTAAATTCCCGGAATA,-0.01395672892208747,0.009733508043620609,-3.8607550783045417,False,False,False
65,synonymous,AGATAATTGACAAGGTTCTT,0.06593308018854914,0.002992080158396221,-2.5060957147676532,False,False,False
65,synonymous,ATAATCGATTTTTCAAAATA,-0.029507286521901373,0.027040690403279263,-3.6186867241773357,False,False,False
65,synonymous,ATCAACCCACGCACATACAC,0.03477524091693479,-1.6735823963256249,-31.882798669466485,True,True,True
65,synonymous,CAAGGTCGGGCCCACATGAA,-0.010596375093510428,-0.015102135388459337,-4.247740057781042,False,False,True
65,synonymous,CCGGTTAGCAAGGTATCCAC,0.023885471745758852,-0.8977915890150165,-31.8053649624042,True,False,True
65,synonymous,GTAACACAAAGTAACCTTTT,-0.005245562048930815,-0.9495985805498492,-31.97853738838688,True,False,True
65,synonymous,GTTTCAGAATAATTCAAATA,-0.006338967986591514,0.05675929000402066,-2.6333910169194508,False,False,False
65,synonymous,TCGGGCAAACAAATGAACAT,0.09997213582999538,-0.9493258036680676,-30.495637054386812,True,False,True
65,synonymous,TGAGCAGCCAGGTGTGAAAA,-0.7423454724770191,-0.8496945184444387,-30.24238400401867,True,False,True
66,missense,TAACTTTAAGTGAGGGTCCC,-0.005194434948150011,0.0021857506079973332,-3.065477786233898,False,False,False
66,missense,TTAGCCCGGAAAGAACCCCA,-0.011823413672799685,-0.08686089164361568,-5.466373267420762,False,False,True
66,synonymous,AAGCACTTTAAGACGACTAC,0.03776892513230663,0.01128603878576559,-3.611404324859206,False,False,False
66,synonymous,ATATTAATGGACGAAGGGCC,-0.007859427615203004,0.006330142434515823,-3.731076705141637,False,False,False
66,synonymous,GCAAATAATAAGTGAAGTAG,-0.020051778817861934,0.03358665788298175,-3.486856981512103,False,False,False
66,synonymous,GCCATAAATGCGTACAAATG,-0.00302232750634254,0.05280187680320776,-2.7492425271962366,False,False,False
66,synonymous,GGCTAAAGGTCTACCGGTCT,0.02760349326558155,0.0856843100538139,-2.1372656387945694,False,False,False
66,synonymous,GTCATATTGGCCAACAAACT,0.03131328829878696,0.07227845079806537,-2.7449032176134054,False,False,False
67,missense,AACAAAGGCCAAAATCAGAT,-1.1027131876645875,0.054668704853400404,-2.2407650474308243,False,False,False
67,missense,CCTCCAAACTGCCACTAACG,0.020473403189215308,-0.005106764241707695,-3.525861199267303,False,False,True
67,missense,GAAAACATACAATTTTTGTT,-0.07066972694720128,-0.9687150183683133,-29.927891532375384,True,False,True
67,missense,GGCGCTACGGACGACTAGCA,-0.01186404070017414,-0.9542929675570329,-30.980101404395374,True,False,True
67,synonymous,CAAAACATGGAGATATGAGA,0.016272431634867537,0.03618157602288019,-3.1749553776772896,False,False,False
67,synonymous,CACAAATACGATAGATCCAG,0.009631249802140406,-0.8922987052618103,-30.32166930729298,True,False,True
67,synonymous,CGGGAACACGTACAGAAAGT,-0.057510702586370435,-0.2913276876196296,-30.369108515572037,True,False,True
67,synonymous,GAGCAAGTTAATTCAAACCT,0.008482421428327648,0.023975311762580304,-2.059270341347137,False,False,False
68,missense,AATCGGAAGGTAGTTAGAAG,0.01233505296827782,0.0523076425664873,-2.0887167929931976,False,False,False
68,missense,AATGGTAGTTTCAATTCTCT,0.028593938693897553,0.07521324672692886,-2.4149969635938606,False,False,False
68,missense,ATGGTAAGCAATTTTCCCCT,0.026006433052807663,0.039669635239165876,-2.1270061227732215,False,False,False
68,missense,CAAAGCAGGACATATTTACA,0.006995013214884854,-0.08544163365438023,-6.300897409417433,False,False,True
68,missense,CATGAGTCTGCTAGCCATTA,0.009450939732378497,-1.157610535950488,-30.754358907271,True,True,True
68,synonymous,ACCGGGTCTAGTGGCAACCC,0.015121337879533648,0.016463756845279315,-3.8149292934611547,False,False,False
68,synonymous,ATAAATAAAATTACCAGTGG,-0.3263217029312178,0.1545644758644769,-1.2034587930881504,False,False,False
68,synonymous,GGATGAATCTGGTTGCATTC,-0.005024892152980985,0.07161188260184811,-2.716975418465956,False,False,False
69,missense,TTGCAGGAAAACGACACACC,-0.006692361792184966,-0.007299747918150634,-4.1080954698968295,False,False,True
70,synonymous,AATAGATGGAAGGATAGCAA,-0.04809275554829438,-0.06517940544946024,-6.097013909917598,False,False,True
70,synonymous,AGAGAGAGAATTAAAACATA,0.012740822668514147,0.023231745076600085,-3.5447083129802457,False,False,False
70,synonymous,CATTTCTTATTTCACTGTAA,-0.026747773246468418,-0.09648135649389952,-6.039578964012598,False,False,True
70,synonymous,TAAAAATACAACTATAGTTG,-0.006448343523903119,0.02845122247138339,-3.432328260440754,False,False,False
70,synonymous,TCTCAGTGGAACGGTATCTT,-0.016186190689931986,0.031765942665750904,-3.131957166625434,False,False,False
71,missense,ACGGTACCTCCTAGAGGTAG,0.013534177304860657,0.0205735542605123,-3.2764511279959154,False,False,False
71,missense,CAACATACGGTAGCCAATCG,0.015748679624236026,-0.9953838598071021,-32.25358272416209,True,True,True
71,synonymous,CCACGAAGGACAAGTCAACA,0.0516354189631069,-1.1683220656856816,-31.170474166154627,True,True,True
71,synonymous,CGAGCAAAAATACCATTTCG,0.0016161875415506442,0.046262721127089734,-3.086563671129471,False,False,False
71,synonymous,TCAATCACAACATACAAGAC,0.0838274040006722,-0.9653024020952223,-31.72729221533901,True,False,True
72,missense,CCGAAAATCCGGTGATGTCA,0.0024530543387484924,-1.9561343514428717,-33.33850627667421,True,True,True
72,missense,TAGTAACCCATGATGTGCTA,0.06367372144044456,-1.596067196074298,-30.646209071543957,True,True,True
72,synonymous,AAATCTCTATTTAGCATAGA,-0.024960281259900904,0.0294615506911413,-3.4426369295792276,False,False,False
72,synonymous,AATAATGAATATACTAACCG,0.007795648498616361,0.05213754647751216,-2.590025735365219,False,False,False
72,synonymous,CTATAGGTAAGATACGAGGC,0.015226793813085488,-0.9236940245254586,-30.69105402445998,True,False,True
72,synonymous,GAATGCTAGATTGATCGTTA,0.10805881744862614,-0.9586935421168585,-30.006849431859383,True,False,True
72,synonymous,GCAACAAATAACGCCATTCA,0.008613559702412597,0.04073825265307143,-2.942009771830846,False,False,False
72,synonymous,GGCATTGCCAGTATGAAAGG,0.045568739093788294,0.04691519608269157,-2.5275885966920066,False,False,False
72,synonymous,TAGTCCGACTAACGAGGATT,0.0733043549569188,-0.5117364004370433,-29.955397199986535,True,False,True
72,synonymous,TGAAAGAGGTACGATTGCGT,0.007938860964281909,0.051506275397997195,-3.0169264707426486,False,False,False
73,missense,ACGTATTGAAAACCAGTAAA,-0.041444026824966854,0.016951993211725885,-4.4450670210483985,False,False,False
73,missense,ATGTAAAAACGGGTTTCTTT,0.007079472712347751,0.03338573168348537,-2.593031370597529,False,False,False
73,missense,GTAACAAAAAACGAAGTTTG,-0.380254846982373,0.6625380969875407,-1.9901863491098812,False,False,False
73,missense,GTAAGCAACATTAAACAATG,0.019786264794128556,-0.9802591811996264,-32.1891214997897,True,True,True
73,missense,TTACAGTAAAAACACACAAG,-0.12846181793698086,-0.018589585870886355,-5.731964838387965,False,False,False
73,synonymous,AAAAGACCCATAAGATACTT,-0.00891065563025072,-0.7101519647218855,-6.2624857494781585,False,False,True
73,synonymous,AACTCTTCCGTCAAACCACC,-0.0021226543134750687,0.09006488986376623,-1.9311621986403784,False,False,False
73,synonymous,ACTAGAACAACAGTAAGTAT,-0.049172274267649446,0.16522957464025578,-0.39169787446243626,False,False,False
73,synonymous,CTGCACAACACGTGGTTAAG,0.23278064426986664,-0.3004819783386331,-30.37653376151396,True,False,True
73,synonymous,GCTAATTACACTAATACAAA,-0.25923960247842115,-0.07616024195256521,-2.623072745039474,False,False,False
73,synonymous,GCTCCAAGAAGTCACACGAT,0.045517946650311364,-0.02748692120507401,-4.642678412245351,False,False,True
73,synonymous,GTTAAGTATTGAGGATTGCC,0.033167811355271665,-0.9883779216227042,-31.59658694666916,True,True,True
73,synonymous,TCCACCCTTCAGGAACTAGG,-0.002886381125175322,0.055870127848024226,-2.7511845771736185,False,False,False
74,missense,AGAAAAAATAAATGAACCCT,0.024647202266323772,0.06310994081983537,-2.3358442310713876,False,False,False
74,missense,CTCACTTCGGAGTTACGCGA,0.013613840031995682,0.03780973067297383,-2.403434702725881,False,False,False
74,missense,GGTACGCAAATAAAAGGTGA,0.014540900928059439,-0.023241946526280866,-4.843229862088719,False,False,True
74,missense,TAGATAAGTCTCATTGATTA,-0.008049186399894012,0.0511386015467646,-2.6472106800885884,False,False,False
74,missense,TTACATGAAACATACAGTAG,-0.022375297015892352,-0.009163148119448794,-4.151981914900587,False,False,False
74,synonymous,AGATGCCAATATCTCCACTA,0.013340969892283044,0.06301682050475185,-2.502311802158226,False,False,False
74,synonymous,CATTACAGTCGTAACATCTT,0.042886811979451406,0.018565008289294083,-3.386210935201312,False,False,False
74,synonymous,CCAAGAACGTGGACAACTGA,-0.08972277911288876,-1.038002035164094,-31.758383261779024,True,True,True
74,synonymous,TAAAAAAAGACATTCCCACG,0.06970315958600654,0.06418449623834852,-0.41974498309041813,False,False,False
75,missense,ACTAAAACACCTCCAACCGT,-0.010036371100264632,0.06469436720808955,-2.7536286032819346,False,False,False
75,missense,CTGGCGTTCCGCAACACATT,0.012110717635019582,-1.0030073592843027,-32.352695440363995,True,True,True
75,missense,GAATGGAGAGTTCATGCGCC,-0.06232912472090074,-0.08235191232790909,-6.677389501425209,False,False,True
75,synonymous,CAAGAATACCTACACTTTAT,-0.0656601450374617,-0.9759779019507766,-31.51291296599423,True,False,True
75,synonymous,CGCATACAGACAATGACTAG,-0.14542522648226147,-0.906440825000774,-29.992322457766605,True,False,True
75,synonymous,CTGATGCATAGAAAACATAC,-0.00043303811950147876,0.02019587420863006,-2.1644033145660946,False,False,False
75,synonymous,TAAAACAAATGCGTCGTAAA,-0.030691005984978665,-0.9709509499844615,-31.45793733545286,True,False,True
76,missense,ACGGAGCTCAACAAGAAAAC,0.003174904948696838,0.08156953795323305,-1.939648229974423,False,False,False
76,missense,CGATATAATAGTTATATGCT,-0.017892538371229973,-0.9896788507357719,-31.06783056836083,True,True,True
76,missense,TAATAAAATAAAGAAACGTG,0.016634443093175903,0.031991755454820234,-2.7828784713331274,False,False,False
77,missense,ACCAATAAGCTGAAGTCAGA,-0.055815320378540006,-1.0364463390156367,-31.72299254450252,True,True,True
77,missense,AGAAATGATTGATCCCTCTA,-0.09494218097658,-0.8953634630325358,-30.45573163621907,True,False,True
77,missense,ATAAGAAATAGAATACAAGC,-0.007485427455960118,0.06289211029275876,-2.2114158050719452,False,False,False
77,missense,GGAGCGCCGCCACTACTGTA,0.005805030324859487,0.10706006825471975,-1.3319994020947514,False,False,False
77,missense,GGCATAACGTTTGGAACAAG,0.014299000997177454,0.041064615128062934,-3.094525138645675,False,False,False
77,missense,TCTCGTATTAGGTTGAAACG,-0.2836099800123785,-0.01351421708703493,-1.0028009920806364,False,False,False
78,missense,CACCAATAACAGAAACGAAA,0.10200274126505576,-0.9341708086802418,-30.59987165212988,True,False,True
78,missense,GATATAACATTATAAAGTAA,-0.03363988351802087,0.05516872665640188,-2.533450570376378,False,False,False
78,synonymous,AATGTCTTGAAAACCATTTG,0.026318987839469378,0.1315430601542361,-1.0387120567126717,False,False,False
78,synonymous,AGCAGCGAAACATCTACGTA,0.026109751741023625,-0.09107564297638734,-6.75841137735965,False,False,True
78,synonymous,TGCATTTTGTTACCAGACTA,-0.018897209695827002,-0.0157042263766555,-4.645646793987473,False,False,False
79,missense,AAACCAAATCTTACCCTCTA,0.005908750991154444,0.08224445917934077,-2.7354049550914032,False,False,False
79,missense,GAATCATCGAGGGTAAAAAT,-0.04210186478203726,-0.905708889469963,-30.907758820208503,True,False,True
79,missense,TAATAAGGTGAAAGAAAAAC,0.004102886001188306,0.07847626245302058,-2.61764989820264,False,False,False
79,missense,TACCGAGGGCCATACACCAT,-0.6876061775496971,-0.9886343794990551,-31.60995541859962,True,False,True
79,synonymous,ACTGTAGAGCAGCAACAAAT,0.061143404546476474,0.2235027647154056,-1.0924572390126133,False,False,False
80,missense,AGCTATCCGTTTACCACCTG,-0.15081566097722826,0.10372180513170551,-0.9970254131559189,False,False,False
80,missense,GAGATTGACACAAAGGCTCA,-1.1937392057380718,0.10084415243388725,-1.2440249488794874,False,False,False
80,missense,TAAACCAATGGACGACAGAA,0.01904607347960131,-1.0278996092856827,-33.080796113013534,True,True,True
80,missense,TACTTAGAACCATGTTAAAG,-0.8123582780842329,-0.9251221005718122,-30.3014252522799,True,False,True
80,missense,TATTCAAACATAGCAGTGTA,-0.22029974358209883,-0.04741766408339676,0.1465402687302178,False,False,False
80,missense,TCGAGTTAATATAGCTCCAA,-0.006940809175358087,-0.14078162098022845,-7.276062456056079,False,False,True
80,missense,TGTAACCGAAAAAGTGTTGG,-0.006188748194925101,-0.0017108972742808648,-3.9738565240129486,False,False,False
80,synonymous,AGTGCCCTTAAAGAGAGTAG,0.0480370905562348,-1.0018959941570382,-31.021852637934945,True,True,True
80,synonymous,AGTTCCACTGACGTTTCTTC,-0.040286310713322865,0.0859247244762452,-0.9989506316907396,False,False,False
80,synonymous,TCAAAATTTTGAACAATCAA,-0.028882299395853153,0.0029582786975247966,-4.052145739635252,False,False,False
81,missense,ATGCGAATTTCGTCATTCAT,0.0017978644273829944,0.06822526018874286,-2.350256232449223,False,False,False
81,synonymous,TCAAGCGGATAGTAGTGTCC,0.003523404487563707,-0.17379579514069687,-9.347743623229762,False,False,True
82,missense,AGCTTCAGTGATGGATTCAG,-0.019149680721174983,0.030110461664525787,-3.708618520725005,False,False,False
82,missense,AGTATGAAATCTAAATTAAG,-0.021890222289990026,0.07118894837061138,-2.4069674427894676,False,False,False
82,missense,CACAAATGAGTAAAAATAGG,-0.06912031898791164,0.012199701764611937,-2.8957267711570442,False,False,False
82,missense,TTAAAAAAGCGTGTGAAGGT,-0.01635942665543154,-0.08775785796126356,-6.830395026108183,False,False,True
82,synonymous,TAGCGGGTAAACTCTGTGTA,-0.02102675610434515,-0.019148201749307786,-4.605581370760019,False,False,False
83,missense,AAATCTTGCAAAGGAAAGCT,0.02049249551651391,0.08454886638797884,-0.5456767562435444,False,False,False
83,missense,AACTGGCGTGAAGTACGTAT,-0.047606093546536735,0.02075952407310855,-3.0612323929062724,False,False,False
83,synonymous,ACCACTTCGTATCCATCATA,0.010914044878130375,-0.013902757648595554,-4.645300295360883,False,False,True
83,synonymous,CAAAAAAAAAAACACAGTTT,0.023167703465533616,0.08194911461241768,-2.2098601082095914,False,False,False
83,synonymous,TACGAATATACGATTACTAA,0.07763890507021755,-0.8912504502487952,-30.058271842480416,True,False,True
84,missense,AAGTGACTAGGTTTCAAACT,-0.030347338633085027,-0.9617506870887211,-31.309799309696867,True,False,True
84,missense,GAAATAAAAAAATAGCATAA,-0.08747116464358934,-0.9395996026407423,-30.726280370513606,True,False,True
84,missense,GCTGTAAGAGTCTATGATAT,-0.05182605576176473,0.04661678287173891,-2.748144313276346,False,False,False
84,synonymous,AGAAACGTAAATGCGACTAC,0.02708960031069026,-1.6220118917218334,-31.38378279850223,True,True,True
84,synonymous,ATGCTCGTATAGTAGCTTTA,-0.029489022934304696,0.027188864269308166,-4.047453031875138,False,False,False
84,synonymous,CATAACTAAATAATACGAGA,-0.044000168953831464,0.019464240662586035,-5.429064052476383,False,False,False
84,synonymous,TCCAGAAAGGAACTCTCGAC,-0.01993490726380581,0.04176208472355196,-4.088252532841655,False,False,False
85,missense,TCTCTGAGTACGTTACGTAT,-0.058638439582675825,-1.6766126274034627,-32.383941430752586,True,True,True
85,synonymous,AAACCATTTCAAAACAAATG,-0.6905016216822927,-0.18226542569793241,-30.003816170246985,True,False,False
85,synonymous,CCAGCTCACATACCATAAGG,0.005602107379468433,0.07524245448774317,-2.1898404831048373,False,False,False
85,synonymous,GAGCGCACTCATATCGTACG,0.057051188293767124,0.06966538565541104,-3.045895452934778,False,False,False
86,missense,AGTAATGTGAAAATCGGTTT,0.058617336158498456,-0.8546993501377258,-29.9573843119213,True,False,True
86,missense,CAACAATACAGAGCTAACGA,-0.702565214055581,-0.92337011756524,-30.287777934120516,True,False,True
86,missense,TTTATAACTAAAAATCGGAG,-0.006668152435044632,-0.00232457701155514,-3.6017054197124048,False,False,False
86,synonymous,TAAGTGTGAGTACCAATTGG,-0.02535662458981299,-0.9283800782054901,-30.41064175451523,True,False,True
86,synonymous,TCGATTATATGGTTAAGCAA,0.038893398443668126,-0.1365920559799808,-8.179604263933559,False,False,True
87,missense,GACTAACTACAAACTCCCCG,-0.014143948771830204,0.0018127048481435815,-3.7800844754583065,False,False,False
87,missense,GCGAACACAACTGAAGGTTA,0.021647184223297547,0.06991981551006371,-2.3981777054677087,False,False,False
87,synonymous,AAAAGCATCAAGACTACCAA,0.031131897702955495,0.01800751106359455,-2.934342359706539,False,False,False
87,synonymous,CCAACACGTCACTATGTTAT,0.04017635625421864,0.05227160117098072,-2.3649769016247832,False,False,False
87,synonymous,CTTCGTTGCCGGTAAAATAT,0.002726627166618103,0.027890856628327326,-3.264575903805659,False,False,False
87,synonymous,GCAGAGAATAACCCTTACCA,0.029684378898538748,-1.683594947491862,-32.096531314687866,True,True,True
87,synonymous,TAAGTAATGATAAAAGACGA,0.035193337851886164,0.09937094940824776,-1.8178800511211017,False,False,False
87,synonymous,TACACAGGTTGAAAAAACGA,-0.026844892485825556,0.15259627771359416,-0.5234916573021811,False,False,False
88,missense,AAGATACTTTTTAACTCACG,0.018196453266406315,0.16586150984859047,-0.7492950079120207,False,False,False
88,missense,GTATGGACGGAGTTTCGACC,-0.05067704756682455,0.12211253134926088,-1.2357418184804259,False,False,False
88,synonymous,AATAGATGGACTGCAAGGCC,0.01648786626543617,0.047623103837673555,-2.983848417223029,False,False,False
88,synonymous,AGTAAAAATACATGTGGACT,-0.028067609058246283,0.039995105417530846,-3.223873747812493,False,False,False
88,synonymous,GAATAATACAGAAATCGTGG,-0.0717640429517465,-0.9392948195457369,-30.922832914049273,True,False,True
88,synonymous,TACCGACTTCCACCCAGTAG,0.017583516948888163,0.03228814098992579,-3.378930196394215,False,False,False
88,synonymous,TGTGTCCGCGATACGTGACC,-0.010446513030972673,-0.027743420469861946,-4.117301675268282,False,False,True
89,missense,AAAAAAGAAGAAGAATACAA,-0.012745781930881897,0.07726213914107778,-1.8211995615047412,False,False,False
89,missense,GATACAGGAAATGCTGCAAA,0.010603917177024615,-0.923600204556595,-29.91303264024448,True,False,True
89,missense,GATTGTAGAAATCTCAACAA,0.0020983082265876316,0.046123359513517356,-3.000225174397329,False,False,False
89,missense,TAATATGACAGCCTTAAGCT,-0.008366932588860542,-0.9418076395528274,-30.794213624023623,True,False,True
89,missense,TGAATTACGACCACAAACCT,0.023339640344292523,-1.0399092521693998,-33.039572374861955,True,True,True
89,synonymous,AAACAGGTGCTGTAGTAAAA,-0.02494378289472374,-2.170544290578575,-31.273566482175493,True,True,True
90,missense,AGTAACGTTGTAAATGTGAG,-0.071570828011556,-0.9525741907957503,-31.122078610540655,True,False,True
90,missense,CAAACAAAGCTCGTCCATTT,0.021205587936621088,-0.9479558642699069,-30.769554538564865,True,False,True
90,missense,TAAAAGCGTCGAAATTGATC,0.027005019949413095,0.08701872309884649,-2.3846755091574416,False,False,False
90,synonymous,AAATGTTTATGCCTCATCAC,-0.06504453578648604,-0.9590059839153293,-30.718087435027616,True,False,True
90,synonymous,AATAATCTTTTGAATGCGTA,-0.008764084783257714,0.05621625865515212,-3.1155523873420856,False,False,False
90,synonymous,AGACCCCTAATGGTCGTCTG,0.08336004109424966,-0.9494818524537267,-30.735915211895314,True,False,True
90,synonymous,CTAAAAAACATATCCAAGTC,-0.13930814286714932,-0.9055856901596264,-30.56226438520598,True,False,True
90,synonymous,GCCAGCTAAGACTCAAGATT,0.026689478990474757,0.039384335220419064,-1.9122688401953878,False,False,False
91,missense,AACTAATCAGAAATTTAAGA,-0.05767512375562173,0.12418043556261407,-0.38922732011964256,False,False,False
91,missense,ACTCTTACGAAACTACAACC,0.021012564112598327,-0.020299668839969975,-4.971847716891826,False,False,True
91,missense,CATAAGGATTTTGAATCTTT,0.01936975106772198,0.06924716501793197,-2.368523525127955,False,False,False
91,synonymous,ACGTCTATACTCTATACTAA,0.007253821042301749,-0.9302669327212088,-30.733726189393927,True,False,True
91,synonymous,ATTACGCGACGACTATTTGA,-0.014899204931527233,0.04052814503597904,-2.647953021919104,False,False,False
92,missense,AACGAATTTAGCTGAAACAT,0.12767698587953508,-0.9406604910749063,-30.54598861689562,True,False,True
92,missense,TTACGAAACCGACAAGCGAA,-0.023655947520013335,0.03125697200319755,-3.1753753556299777,False,False,False
92,synonymous,AGATTAGGAAATCCACAGTA,0.01199023218157971,0.08293372146819913,-1.7766346396499506,False,False,False
92,synonymous,GATGATTAAAGTTTAAATCC,-0.05021670400764981,-0.8550619301774116,-31.129439166598758,True,False,True
92,synonymous,TTGCTCACTACCATATGAAT,-0.024547856496510097,-1.0586548647667644,-33.18732129036073,True,True,True
93,missense,AAACAGCGCAGCACTGAAGT,0.005431594756522248,0.19964910986349974,-30.87709336261815,True,False,False
93,missense,AAGCAAACGAGATACGAGGC,0.03975485883974264,0.14545787363547605,-1.369808642732893,False,False,False
93,missense,ACGTAAATAAAGCTAAACTA,-0.010021302171742576,0.14021311034815792,-6.876029028861141,False,False,False
93,missense,ATTGGACCAGTTAATGACTA,0.0033511441662754807,-2.311706572692713,-33.296615853812874,True,True,True
93,missense,TGGAAACGGCACGTTGAGAA,-1.2454448001571594,0.1809719394923835,-0.19889309225524923,False,False,False
93,synonymous,ACATTATCAACAGGAAGGTT,-0.009358953643009316,-0.9555511285110729,-31.79491601180103,True,False,True
94,missense,AGTATGGACAAAGTATCCCA,0.04455106914597405,-0.05344851935987313,-5.252139089399207,False,False,True
94,missense,CCGCGCATTAGCTAGTCCAT,0.007487203385695722,0.051888696237333776,-2.697177315882393,False,False,False
94,missense,TAAAATCCATGCACTTAATA,0.01072832725338553,0.06642676616786151,-2.5318930544358094,False,False,False
94,synonymous,AAAAAATTGCTAATATAATT,-0.006881133496482266,-0.9874029809051994,-32.276297060438964,True,True,True
94,synonymous,AAAAAGGTTGATATTAGATA,-0.039358647135050134,-1.5954917270470468,-30.510117503534946,True,True,True
94,synonymous,AAGACCCACTGAAAATGACC,-0.034362976378081306,0.17897816331374586,-1.5452079053626953,False,False,False
94,synonymous,ACATTGGTTATAAAACGCTA,-0.02498405617246561,0.08456844089356558,-3.6812073776404026,False,False,False
94,synonymous,AGAGATATAAATTCGCCAGG,0.01831795003659157,0.06890216643303756,-2.1224234625804628,False,False,False
94,synonymous,AGTAAAAATGAACATGCTTT,0.13927794491817294,-0.9676900267399104,-30.70771173346083,True,False,True
94,synonymous,CCCAAGGCTATTCTGGTTCC,0.05408568112829795,-1.5410618837155852,-29.934585928824834,True,True,True
94,synonymous,GGCGGAAATAAGTACTAACG,0.02731826371048886,0.05673554291235937,-2.4370415177348805,False,False,False
94,synonymous,GTCCTTCTAAGAAAAATAAA,0.04778767041864106,-0.9860630612500947,-31.493292807995203,True,True,True
94,synonymous,GTTACGCAAATTGGCCTCCA,-0.049670761927466764,-0.27163640892990815,-30.243978378867492,True,False,True
94,synonymous,GTTCGTGAAGCCTACAACAG,-0.004222074670924356,0.09458228850014426,-1.518944907585759,False,False,False
94,synonymous,TCAAAGAAATCTTAATAAAG,-0.0036197367965700687,0.05605537642866858,-2.6260370498629695,False,False,False
94,synonymous,TGCCTTAAGCAAATACGGTA,-0.17126275456999282,0.015991014007558202,-2.8053656759841283,False,False,False
95,missense,ATAGATATGAGAACTCATAC,0.0367324974933194,0.0653788907830145,-2.404599108572874,False,False,False
95,missense,CATAAAGCCATCGAAGAACT,0.05775283250021994,0.07968009665663306,-2.1784941066276127,False,False,False
95,missense,GAGATACGCAGCTACATGAA,0.0057726572324479485,0.017777413652116103,-3.4349684683690436,False,False,False
95,synonymous,AAACTACTAGAGCACTGAAT,0.030265639605612127,-0.16554784066908257,-7.835655048541334,False,False,True
95,synonymous,AATACCACAGTACAAATAAA,-0.11751604467938483,0.10429409108931673,-2.9125137876859077,False,False,False
95,synonymous,ACTTCGAGTATTCCACGTTG,-0.09178261422643168,-1.041301481725732,-31.67573417797708,True,True,True
95,synonymous,AGAGCCACTAACATTTAGGA,-0.025719537782467262,0.017410519543828135,-3.726760922871607,False,False,False
95,synonymous,CATAGGCTAAAAAACATTAT,0.08768030952056113,-0.8874591323752883,-30.437778895859132,True,False,True
95,synonymous,CCCGTTTGTCCGAAAGTGAA,0.04665374624045156,0.08184700686525664,-2.5517449670396677,False,False,False
95,synonymous,GGATGATGGAAGCACAACAC,-0.11677412578841864,-0.9685222000934346,-31.12183405280296,True,False,True
95,synonymous,GTCAGAGCGGCTCGTTAGAA,0.0162749250425724,0.06049444260055732,-2.4276759092377422,False,False,False
95,synonymous,TAATATACCGATAAAATATA,0.01720327019197703,-1.0275249638965076,-32.78090321069262,True,True,True
95,synonymous,TTACAATAATCGAAACATAA,-0.004106702894133633,-0.9402833578499752,-30.80210811523186,True,False,True
95,synonymous,TTACCTCGTTGTGCCGCCAT,0.01994713003972345,0.11007046184730665,-1.2761095267597709,False,False,False
96,missense,ATTAATAGATAGTCCTTGAA,-0.042509120701928804,0.07981156487540289,-1.2119816884298646,False,False,False
96,missense,CGTACAATTCTAAAGTAACG,-0.06881114715734644,-0.9551900405946914,-29.9849069151373,True,False,True
96,missense,GAATGTTCTAAAAATTACTT,-0.012602962930951726,-0.9697995057220457,-30.965285873554887,True,False,True
96,missense,GAGAAATCACTAATACGTGC,0.054748000415056106,0.11740755156855429,-1.5483264319091743,False,False,False
96,missense,TAGAGCTAGAAATACAATGG,0.0022290327924933922,0.060288929552389806,-3.0989955167676437,False,False,False
96,missense,TATAAATACTAACAACCGGA,-0.00932373928974323,-0.09192727167962861,-6.320971935555247,False,False,True
96,missense,TATACCAGATGCCGCTTGCG,0.027367828509913,0.05743825087972383,-2.7390802807529813,False,False,False
96,missense,TATACTGAAAGATGCACCTA,-0.009741718092395912,-0.08418850653446441,-6.422386733444895,False,False,True
96,synonymous,AAATTATAACAACTCTTATG,-0.12148135587094541,-1.020703042417016,-30.413216451315392,True,True,True
96,synonymous,AGGCCGGAAATTAAAAAATC,-1.1062820027320748,0.16683920167184416,0.13079302551532304,False,False,False
96,synonymous,CCTCAGCCATCGCCCAACAT,0.008801796077405739,0.04192547230865226,-3.2724573290664356,False,False,False
96,synonymous,TTATAGATACCCACAAACAT,0.00023561890306323828,0.01177166881462921,-3.829295509589765,False,False,False
96,synonymous,TTTCAGTAAACCGGCAAATC,0.007823051052113467,0.06082446881738432,-2.862797807557401,False,False,False
97,missense,AACCTGAGAAATTTTGACGG,0.0012925724139167239,0.045499111815546014,-3.3698102465941635,False,False,False
97,missense,AAGCCAACCTAAACACAAAA,0.013717944511885467,0.061657250622220106,-3.114424190365707,False,False,False
97,missense,AAGTCTTGGACATTTATAAT,-0.07983638728691592,-0.9538132317606718,-31.23442904029159,True,False,True
97,missense,AGAGAGAAAGAAACAAATAA,0.046191215040430986,-0.977154496509764,-30.850906625962658,True,False,True
97,missense,CGGGAAACTTTCTCTATACA,-0.07834319209974738,0.08244340495411152,-1.8953683598483781,False,False,False
97,missense,TAAATATATAAAACTGTGCA,0.013750618655670373,0.09267848879193977,-1.5591777440876338,False,False,False
97,missense,TGGATAAGTTAACAGGTCCC,-0.024028673243580063,0.015942104893980957,-3.9079280770163916,False,False,False
97,synonymous,AAACTATAAGGACCAAAAGG,-1.9164399792337277,-0.9399264686801707,-30.33469069837016,True,False,False
97,synonymous,AACGAATAGAAGCAATATTA,0.018837645784573608,0.07902298884407485,-1.976163645659067,False,False,False
97,synonymous,AAGTTTGTGATACAGTCCCG,0.0227476542404618,0.13777678720281739,-0.7407155912740839,False,False,False
97,synonymous,ACGGCTTAATTGAATATAGC,0.023611544361754357,0.002619203659113667,-3.724909161014697,False,False,False
97,synonymous,ATATGCCACCCGGATATAGA,-1.4545245810928392e-05,0.03700298239062352,-3.0369669748279655,False,False,False
97,synonymous,CTACTCTAATCGTAGGACTC,0.029338194215450177,0.05765024333619319,-2.388396394332815,False,False,False
97,synonymous,CTATAGATATAGTCTTTAGT,0.0067159958574683504,0.07091756895616982,-2.2384596938478207,False,False,False
97,synonymous,CTGCTTATTTGGCCTATGGC,-0.02900161152749017,-0.9557435639538414,-32.093840444349,True,False,True
97,synonymous,GAACATGAGGAAAATGAAAC,-0.03359780490021018,-1.0138893242839648,-31.276750050024443,True,True,True
97,synonymous,GATACACTATATTTAAAAGA,-0.10419492222130122,-1.0137699927603776,-30.7740505944679,True,True,True
97,synonymous,GGACTATATTAAACAATGGA,-0.0020980036627286976,0.08043148722992374,-2.4811283639906354,False,False,False
97,synonymous,GTATATTATATCAGGTGAAA,-0.07400312448944454,0.11882039997104188,-0.6192200275965069,False,False,False
97,synonymous,TAAAGAACCCGACAATATCC,-0.015887711364731612,0.04945625122532582,-5.975995417508808,False,False,False
97,synonymous,TAACGGTCCAATGGCAATTA,-0.012200248021710715,0.05218156078961991,-2.7773131451518376,False,False,False
98,missense,AACAGCGTGGTCTAATTTCC,-0.053713156231118483,-0.04732632428773259,-4.807187657990804,False,False,False
98,missense,ACACGTGAAGTCCTGGGACC,0.04271960996615201,0.043453360804842495,-3.2496175463196715,False,False,False
98,missense,ACTAACCTCCAGAAACAAAT,0.06159704785840876,-0.9151917224781396,-30.38426210081298,True,False,True
98,missense,ATAAAACAAATGATTCGATG,0.003420805533228505,0.03760866551829242,-3.4521779008441147,False,False,False
98,missense,ATATAGAGAGACAGAAATAT,0.7083385722147431,-0.04232282873159729,-5.466109308132408,False,False,True
98,missense,ATTCGATTTTGTAACTGATA,-0.004108065149135266,-1.0453460853110965,-31.130448021921485,True,True,True
98,missense,CACAATAAACCTGCAGATAC,-0.08270919295544753,0.06322536943009673,-2.3751048297351685,False,False,False
98,missense,CCAGACGAAGTATGGGGTAA,0.01416887455720221,0.07542365587488245,-2.0874995174173683,False,False,False
98,missense,CGATCAGAAAATTAAATTAT,0.008448521685512486,-0.9949380627815168,-30.666835798205565,True,True,True
98,missense,CGATCGTAGTGCTCACTAAA,-0.09398675178078655,-0.9617228780349165,-30.934377271934025,True,False,True
98,missense,CGGCTTAGTGAGCATCTACT,-0.027000452822149554,0.048219417541704085,-2.4937923222932006,False,False,False
98,missense,GAATGTACAAAGATTTAATC,-0.01878521729095996,-1.0331084694286605,-31.56056290951344,True,True,True
98,missense,GAGCAGTGCGACGCCTGAAG,-0.01434303060728728,-1.0088050550894885,-31.325160231481437,True,True,True
98,missense,GGACGTCAGTAATGTATAAT,-0.005021163412941567,0.049797342548024995,-2.47699270357513,False,False,False
98,missense,GGGAGTTAAATTTAAGAACA,0.031014970252927862,0.10870505284705113,-0.8135816401697089,False,False,False
98,missense,TAATATACCATTAAACCCCA,-0.03411883371867376,-0.9799284892586066,-31.423594307410223,True,True,True
98,missense,TACAAACCTTAATGGCGCAA,0.634384878681704,-0.14838209458203439,-6.947210516866229,False,False,True
98,missense,TATAATTAAAATTCGATCGT,-0.005064308943496231,-1.609616949330142,-30.567971690146127,True,True,True
98,missense,TGAGAACGCAAAATAACGAA,0.11250070276417691,-0.19691315192371067,-3.346080323572135,False,False,True
98,synonymous,AAGCAGAAATTAAAAAACAG,-0.08324343583801844,0.15125246508219897,-0.49707223546743423,False,False,False
98,synonymous,AATACGCGTGGTAAAACCCT,0.06665812274926709,-0.987666066758923,-30.975375997844804,True,True,True
98,synonymous,ACAACCACCACAAGTCTAGA,0.08295373851012394,-0.9323256483884677,-30.342914027833505,True,False,True
98,synonymous,ACAGTCATCTTACATGGGAC,-0.007353408980047636,0.012630136842457895,-4.074624599547471,False,False,False
98,synonymous,AGCACCTTACGAACATATCT,-0.005205340034040886,0.07168800715717145,-2.2197762828557006,False,False,False
98,synonymous,AGCTTATACCCACAAGATTG,0.026980371498237538,0.09937948970337838,-1.6067132757661406,False,False,False
98,synonymous,ATAAGACTAAAATCCGTTGC,0.01153631139705781,-0.06251291017132954,-5.671731692349753,False,False,True
98,synonymous,ATTAAAACTGAACCGATATG,-1.5243512128318124,-0.9372429196369925,-30.41942921539047,True,False,False
98,synonymous,CCCTCATCGGTTCAACCGCG,0.018725191912446076,-0.9831466832532976,-31.810107390417507,True,True,True
98,synonymous,CGCGACGGGCGTAAACTTTA,-0.035148967893206234,-1.0325250024422012,-32.210460161527244,True,True,True
98,synonymous,CGTCTAAAGGGAATTTTTTA,0.049362421335820916,-0.08251232783076687,-7.13975534033415,False,False,True
98,synonymous,CTATCATACATATAATTAAC,-0.020885800630839474,0.11733770696086859,-2.575435108830967,False,False,False
98,synonymous,GAAGGCTATAACTAGCGATT,-0.03171213086217839,0.09452654106741855,-1.6366379852804211,False,False,False
98,synonymous,GCGGACTAATGTGAAGCATA,0.008896457877890004,-0.9684235852447554,-31.25047667541857,True,False,True
98,synonymous,GGCAGTTAAAGCTATTTAGT,-0.2132495479345439,-0.9542255186935868,-30.20806411353306,True,False,True
98,synonymous,TACGATAACGCGTAATTGAG,0.059825442806761525,-0.8528397456581094,-30.152093186688422,True,False,True
98,synonymous,TTGGACACTCAATTAATTCA,0.15727955302300942,-0.5442427628859055,-30.2282927237085,True,False,True
99,missense,ATAATATTCAGAGTAGCCAA,0.018467105273705074,-0.12998552982290423,-8.51548420019894,False,False,True
99,missense,ATGAGATACAACTAGAAAGC,-0.057457577660784576,-0.9577966039016639,-31.51033900041669,True,False,True
99,missense,ATGCTTAGGCCACCTCGATA,0.008126343680015533,0.0418740379386969,-2.9602754700725766,False,False,False
99,missense,ATGTAGATTGCCAACCGCGG,0.04319456755128828,0.0031300668744985716,-3.791234546520381,False,False,False
99,missense,GTAAAGTCTAATCAGCTGCT,0.01008878361184374,-0.9600272259698628,-30.488030489040554,True,False,True
99,missense,TATCGGCTCCGTACACTATC,0.017181746404814232,-0.9506895632007457,-30.052897340547556,True,False,True
100,missense,ATTAACGCAGAAGCAATTAA,-0.07918427287490762,-0.0787683151962876,-7.329766607620102,False,False,False
100,synonymous,CACATATGATAAACAGCCCA,0.009768965867576973,-0.9975322323392934,-31.503467299601688,True,True,True
100,synonymous,GCCATAGATACTAACGCGTA,-0.049386004042683534,-0.11965858571343302,-7.863719024824963,False,False,True
100,synonymous,TCGAAAGGGAAGGTTATTTG,-1.7240446199169759,-0.2860969861631798,-30.327069556286993,True,False,False
100,synonymous,TGAGAACAGTAAACATGCGT,0.12524821182763998,-0.8888210640559431,-30.33251296280541,True,False,True
100,synonymous,TTATGGGGGTCGAACAGATG,-0.010634546767355948,0.16240825737609121,-2.2528955811380276,False,False,False
100,synonymous,TTTAAGACTATAGGTTTAGA,0.025842921018458684,0.004728368180420717,-4.068005392869269,False,False,False
101,missense,CGCTAAATATGCAGCAGTTA,-0.035149804242935664,0.14129291503070981,-0.6423605095803739,False,False,False
101,missense,CGGATATAATAAGCAATGAA,-0.08015688961214956,0.08047929318489713,-0.965951781394013,False,False,False
101,missense,CGTGGCGAAACGAATTACAA,0.0485229702325536,0.041573582771057854,-1.2076509403392615,False,False,False
101,missense,GCTGCTCATAGTCGTACGTA,0.009347830599583832,-0.9671802000154488,-31.960040501606247,True,False,True
101,missense,TCAATAAGTACTACACAGTA,0.028181475442625233,0.09385963583501938,-1.9102091821535332,False,False,False
102,missense,AGGGTGCAGACACAAATAAA,-0.060855995362353976,0.11463170527422041,-4.610946930277304,False,False,False
102,synonymous,GTCTAATTGAATAGATAGTA,0.008350494178677186,0.05549531629463253,-2.8443068210482987,False,False,False
102,synonymous,GTGGAGATTAGGTAGAAATA,0.05150858413404591,-0.9428916992498098,-30.73475728672339,True,False,True
102,synonymous,TGGTCAAACCCGATCCGAGA,0.005625819237578865,0.047745114190247004,-3.119924643575359,False,False,False
103,missense,AGAATTCTTGACTGCTTACG,-1.0956929735660512,-0.8982388642987147,-30.006615821832625,True,False,False
103,missense,CAACGTTTGAACGTCCACGC,-0.02204680997238372,-0.13952455188677193,-7.17409714852088,False,False,True
103,missense,CATAAGACATGAGCGAATTA,0.027139907967836715,0.03562438882735497,-2.9165296120265713,False,False,False
103,missense,GCAAAATTTGGAAATACAAC,0.08578059058782411,-0.02328304126652661,-5.487933888861223,False,False,True
103,missense,TGTTTAAACCAACAGATGTG,0.013716824189711508,-1.0284040782378332,-32.960453063272475,True,True,True
103,synonymous,CCAAAAGATAATTCATTCCC,0.03631235399095595,-0.0040190782435853,-4.849163980978228,False,False,True
104,missense,CAACTCTTTGGTGCAAACCC,0.024791569760035104,0.05675293290332184,-2.084173575976618,False,False,False
104,missense,CCGAATAGCGACCTAAGTCC,0.058457596727340744,-0.5002185490214257,-1.4196681040736907,False,False,True
104,missense,GCATATAATGATCGACCAAA,-0.16764526684339398,-0.8822141736234492,-30.128037239758843,True,False,True
104,missense,TAGAGTATGTTCCTGGAACT,-0.18251733391614264,-0.03427962520029043,-5.989848200559514,False,False,False
104,missense,TGAGTATAAACGGTGCACGC,0.028110130149638018,0.08857577460850985,-1.5209435121216175,False,False,False
104,synonymous,ACAAAGTTATCAGTATGATT,0.024556561905977336,0.043728194365453416,-2.9768197205933147,False,False,False
104,synonymous,ACAGCCAACCTTAATAAAAT,0.01487175564678922,-0.07395034736855263,-5.796856044398042,False,False,True
104,synonymous,CGATATAATCTATCATTCGC,-0.26014466660542174,-0.9322249852114064,-5.969911599720803,False,False,True
104,synonymous,GCCAGGGAAAAAGAATCGAC,0.008378572638450061,0.060863198216455014,-2.5337674378394714,False,False,False
104,synonymous,TAAATGACGCAACATACGGT,0.0021617918122476083,0.043408014578242296,-3.1128736025105384,False,False,False
104,synonymous,TTACAGGGAAGTAAAAGACT,-0.02407595275508724,0.05967308790211279,-2.9975222634648033,False,False,False
105,missense,GCCAACAATTGCGTATCCAT,0.04528565102494181,0.4081849624937383,7.503091122664689,False,False,False
105,synonymous,CACTATAGTCCCTCTTAGTT,0.03530706104618017,-0.9960853403834868,-32.00621233950224,True,True,True
105,synonymous,TACGGCACAGACAAAGAATA,0.014268759468465246,0.03812943065062316,-2.7579948421016693,False,False,False
105,synonymous,TATATCTAAAATAAGTGGCC,0.06576641853774289,0.1530427195708411,-1.2278573042678225,False,False,False
106,missense,GCAAATCATCTGAAAATTCC,0.005161802046957601,-0.9748447596219334,-31.63185077806989,True,False,True
106,synonymous,CACTGATGCCCAGCCAAAAA,0.04220113019968984,-0.2937063454751662,-30.571868177072997,True,False,True
106,synonymous,GAATTCGAAGACACTAGCGC,-1.5173581246619094,0.0828590386792704,-1.0996600185145058,False,False,False
106,synonymous,GTTGAGTAACGCTCTATGAT,-1.0730401963747964,-1.5238764664566848,-30.018352711671035,True,False,True
107,missense,GATACTTAGTTCTTAAAAAA,-0.6285655969665098,-0.1649227377865531,-5.740047187811669,False,False,False
107,synonymous,CAACACAGACTCCTCGCATA,0.008355911996600568,0.032572618282395174,-3.1651986159776424,False,False,False
107,synonymous,CAGTACCTCTAGACCAACAT,0.009763785576572445,0.05322886707274288,-2.4119476736829535,False,False,False
108,missense,AACATCGTAGTATGTGCGAT,-0.11099377277535026,-1.0247455785155748,-31.090769409723595,True,True,True
109,missense,CATTACCAAAACATAATGGC,0.021991204375016078,0.00762824540754925,-3.0540646362625647,False,False,False
110,synonymous,CAGAATAAACTATCCTCCCA,-0.7126268485084729,-0.9306320892766593,-30.02763423851813,True,False,True
111,synonymous,ACCGCACTACGAAATGATGA,-0.010653470327454086,0.07016731449650829,-2.4141634362214446,False,False,False
112,missense,AATTTGTATTGAATTAACAA,-0.01575449754576134,0.0027402680261940093,-4.457721920103442,False,False,False
112,missense,GAAGAACTGGAGAGAACTCC,-0.041407383926061525,-0.8248631063055485,-30.793167292541522,True,False,True
112,missense,TCATAGTTAAGAGGGGATAT,0.01201076531512999,-0.9728170952295181,-31.41549054459881,True,False,True
112,synonymous,AACAAGAAACGAACGAAATG,0.04268760662282561,0.0946646514162584,-1.1012124509260244,False,False,False
112,synonymous,GAGCTACATGTACATGAACC,0.2568574144993926,-0.8578122750079193,-29.927149026440553,True,False,True
112,synonymous,TACTAGTGAAGAAATAGACC,-0.00548491024486512,-0.9776291038938343,-32.106063646625316,True,False,True
113,missense,AATAATATTCTTAGATAGCT,-0.0027144826173833613,-0.9233419215957317,-30.65780354198248,True,False,True
113,synonymous,ACTATGAGTATCCAAAAGAT,-0.007533527973617577,0.08049509233989581,-1.4335266228364927,False,False,False
113,synonymous,AGCCTTGATAAAGGTCATCG,0.18586562113830296,-0.9044718131095308,-30.13860055649285,True,False,True
113,synonymous,CAAAGAACTTTGAATAAGAT,-0.014470984549957894,0.036347992811025465,-3.0936453348193003,False,False,False
113,synonymous,GAAGGAAATGAACCAGGGAT,0.021611288563711535,0.013952661027631347,-3.4730443537931404,False,False,False
113,synonymous,GCAGTGTTTGCATAGTTGCT,0.028735706124693998,0.004990094158594693,-4.684634914925385,False,False,False
114,synonymous,AGCAGACATCGCAAGCGCTT,0.011783420343472226,-0.15582808951281396,-8.442476362134121,False,False,True
114,synonymous,ATAGTTGTGGCGCACATAGT,0.022072106125825882,0.06342379627342953,-2.6351490673391087,False,False,False
115,missense,ACCCAAACCAAACATGGGAG,0.008119672797998733,-0.9398988140173614,-29.99501903755392,True,False,True
115,missense,AGAATAGCAGTTTATTACGT,-0.7453966950777593,-0.9514308892190857,-31.153019575368507,True,False,True
115,missense,ATCATGAACGTGCCACAGAA,-0.006035986275222427,0.1778365563152974,-0.5947491425978351,False,False,False
115,missense,ATTAACTTTAACACTACACA,0.012756717060867553,0.04486140576713947,-2.8382937961537382,False,False,False
115,missense,ATTAATATAGGCTAGAAACG,-0.27372639270410437,-0.9791124153069541,-31.47629280678486,True,False,True
115,missense,CCGAAAATATTTGACACTTA,-0.6218258367438103,-1.3607706949482443,-30.109164148654376,True,False,True
115,missense,TACGGTTATTCTTCAAAAAC,-0.0846058751054593,-0.960297013736821,-31.066719043239488,True,False,True
115,missense,TCATTTGAACTATTCATAAT,-0.12933894938218,-0.9677853371065495,-30.029584178249067,True,False,True
115,missense,TGCACAAGACATAGAAAATA,-0.07437329950967633,-0.9538841055758143,-31.401188480101613,True,False,True
115,synonymous,AAAAAAACAGTTAAGCAGTT,0.007405366629717,-0.0034217571350315112,-4.4603369387520395,False,False,True
115,synonymous,ACGTACCTTATTAAAATATT,-0.016201506939530243,0.06451462744076208,-2.6058233323936175,False,False,False
115,synonymous,AGAACGAGGTTACCTCATCT,0.08716193951650494,-0.07783775214518793,-7.1998911001080055,False,False,True
115,synonymous,CAGACTCTAGACCGTCAATC,-0.0276115886937903,0.05512546090149602,-2.845739094355703,False,False,False
115,synonymous,GGATTTCGTCCAACAATTAT,0.004415199828600133,-1.0295130562712074,-32.95765391531042,True,True,True
116,missense,CCATAAGGGGATTGCAATGC,0.0006182670136817706,0.03892287214406617,-3.1102039731878737,False,False,False
116,missense,CTCGAAACCCGAGTACACAA,-0.6425489660189633,-1.3893548394585253,-30.537516349900724,True,False,True
116,missense,TGTAAAGACGGGAAATACAC,-0.01805470076218125,-1.1639085076907936,-30.669609477562414,True,True,True
116,missense,TTCCGGGTACTATTACCCGT,-0.023881436991783724,-0.9104035585646337,-30.75599548537554,True,False,True
116,synonymous,AAGTAAACATAACAGGAACA,0.020488327329067753,0.09590359895268913,-2.1140828408051417,False,False,False
116,synonymous,AGGTCGTACACTCGGTGAGA,0.0046410331114072004,-0.1043043602598202,-7.344005436187309,False,False,True
116,synonymous,CAGTTAGACCTAACAAAGGT,-0.026298485304331105,0.00145740250320181,-4.027649229030236,False,False,False
116,synonymous,TATAAAGTAATTTATAGGAC,0.006465316763514348,0.07471527224142378,-2.22872730071744,False,False,False
117,missense,GTATAAAATAATGTATGGAT,-0.0047849415439661855,-0.9637494048118902,-30.47323586433589,True,False,True
117,missense,TGTTGTAACTACAGGTTCCT,-0.05354810064305253,0.12975184783076057,-0.4202650158680297,False,False,False
117,synonymous,CACATGATCAATGGGAGGAA,-1.0760441438524142,-1.1689140171628203,-30.33734327787354,True,False,True
117,synonymous,CCAGAAACGAAAGCAATAGA,0.04064429788480223,-0.9134186589700806,-30.937400939545725,True,False,True
117,synonymous,CCCTCTCAGACCGACCCACA,0.026568617711768532,0.08477154215318515,-2.3460148460391963,False,False,False
117,synonymous,GAAGAAATATGTATGAAAGA,0.014418996266423505,-1.0266574942832563,-32.06213968495438,True,True,True
118,missense,AACATAAAACAAAAGCTATA,0.04134875080224236,0.06801323649032225,-2.3194421112909436,False,False,False
118,missense,CGAAGGAGTGATCAACAGAA,0.005024168942399642,-0.9809127372697293,-30.876170673995208,True,True,True
118,missense,CGTTTGCCTTATCCTACGTC,-0.0019858293165378868,-1.8273977944018749,-30.762084393211566,True,True,True
118,missense,CTTTATACATGAACATTCAC,0.01874869370782214,0.038306448520550304,-3.1008917532249187,False,False,False
118,missense,GTACTAAGTTTATAAATACA,-0.05396095612764884,0.1176323655716022,-1.0638553962001047,False,False,False
118,missense,GTATTGAACAGACTCGTATT,0.04941640190435295,-0.008238927728977302,-3.9531584130225133,False,False,True
118,missense,GTCCGTAAATTATAATGCTC,-0.050475729583106824,-0.9397756751180761,-30.645365731452287,True,False,True
118,synonymous,AGTTTCGTACCAGCGTAAAA,0.0022382253408489974,0.04332789837434596,-2.9515790491416745,False,False,False
118,synonymous,CGACATCGAATAGTAGATAC,0.04485079031516781,-1.5561275478182408,-30.587219768192142,True,True,True
118,synonymous,GAGCCCCATCCAGAGAGACT,0.1160989461046235,0.14811298633930298,-0.6329672656658543,False,False,False
118,synonymous,GATGATAAAATGGAAGCTTA,0.030952643431786397,0.14120209653618065,-0.33440421988273317,False,False,False
118,synonymous,TATCAAAAAAATACCTGCAG,0.059252084612787706,-0.978953899673056,-30.374252525772057,True,False,True
118,synonymous,TATGATGAGCGCCTTGAATG,-0.014803700148793744,0.06710645694838199,-2.3030523629992024,False,False,False
119,missense,AATCGAGTCTATTATATTAT,0.026636467508020793,-0.8999297485333622,-31.45480344021038,True,False,True
119,missense,AATTACCGTATACGAACAGA,-0.010966504737856859,-0.9069254822014146,-30.707715444255715,True,False,True
119,missense,CAATTCGACTTTTTCGCCTT,0.07264139447732265,-1.0155441188303467,-30.92917912457789,True,True,True
119,missense,CGAGTAGAGATAGAGTGTGG,-0.11136158962166655,-0.9857117878010244,-31.15218288448889,True,True,True
119,missense,CGTATAATCAAATGAAACTT,0.04045822229985542,0.012568613891153657,-3.7120755543011756,False,False,False
119,missense,GAACAAACAAGATTCAAAGA,0.008307355705177644,0.04082674869718028,-3.4686975701896547,False,False,False
119,missense,GATAGTGCCAAAATAGAAGT,0.015891859274333897,0.0609171461354147,-2.0235875529070326,False,False,False
119,missense,GATTTTAAAAATTCTCGACC,0.011640332177704191,-0.006174633628734771,-4.337254729411189,False,False,True
119,missense,TTCTTTACCTACTTCCCCAC,-0.028204730006496107,-0.017318163920842955,-4.745438453582885,False,False,False
119,synonymous,ACTTCAGAAAAAAAGATTCC,-0.005723487820742338,0.030999554154115608,-2.502581893721732,False,False,False
119,synonymous,CAGAAGTCGGTTGAACCAGG,0.03289321479867429,-1.6796832184253427,-30.039650452692186,True,True,True
119,synonymous,GCGTACCAACCCATCATCCA,0.0030275247998377674,0.04899234178401676,-2.3593585689305616,False,False,False
119,synonymous,TACAATTAACAGCAACACTA,-0.02504647749395755,-1.0216766559773311,-31.707729386962896,True,True,True
119,synonymous,TATCAAAAAACCTGACAGAA,0.015202318386154984,0.036444036392382625,-2.5519283968160167,False,False,False
119,synonymous,TGTAAAACAAGATATTTGCT,-0.06441306190449989,-0.9174140861476017,-29.97331757426356,True,False,True
120,missense,ACCAAAATTAACGATGAAGC,-0.07247699273423555,0.13534528308313767,-1.2953477018191524,False,False,False
120,missense,ATATCAGAAAATGCTAAATG,-0.05417589622851714,-1.0368680806235109,-32.68360079139764,True,True,True
120,missense,CACAAATAAGGCGCAGCCAC,-0.012778539117021832,0.087372385198307,-1.5306784176096622,False,False,False
120,missense,CTCCAAAATTCATAAAAGTA,0.005574545028920266,0.04171441276931505,-2.8137757674653363,False,False,False
120,missense,TGTATCAAAAAATATATAAA,-0.03288823384328707,-0.9160036618540113,-30.116940120926746,True,False,True
120,synonymous,AAGTGAGCTTGTATAAATAC,-0.008650455833971045,0.07920257954310375,-2.472073417043334,False,False,False
120,synonymous,AATCAACTGCGACATTAAAA,0.02338210713019963,-0.13329887834918774,-7.271913599257214,False,False,True
120,synonymous,CTCATAGCAATACGTATAAT,0.027091797669452872,0.02965167575707371,-2.978976138243775,False,False,False
120,synonymous,GAATAAACACAACTATCTCA,-0.09949692977413946,-0.9460915308890281,-31.11687551779973,True,False,True
120,synonymous,GGGCTGGATGGGAAAATAAA,0.005551964378854931,0.06398955033051189,-2.509676383352628,False,False,False
120,synonymous,TCACTAATAACTCGACATCG,0.09433916280060956,0.09637645672679826,-1.7515302369694503,False,False,False
120,synonymous,TGGGGCTGCTATGCATATGC,0.030633522415050584,0.0022568221026785518,-3.8473463591006762,False,False,False
121,missense,AAATGAAAAGCTCTTATACA,-0.026732412979759267,0.069602792752849,-1.7773700542237834,False,False,False
121,missense,ACAATTATGCAAGATCCCGA,-0.09799892820703462,0.0335198103014069,-2.5533496210421918,False,False,False
121,missense,CAGAACCCGTCCACAACCAG,0.05415476873156537,0.17512556265295348,-0.24480429170320944,False,False,False
121,missense,GCCCTTATACAAACCATACA,-1.0677523342850745,-1.5852747244923329,-29.976808331420898,True,False,True
121,missense,GGTTTCGGGGCAGATTTAAT,-0.0700361284519773,-0.09449971164875828,-6.717070591377483,False,False,True
121,missense,TCTCGTATTCGGATTGTGCA,0.0850704887604346,-0.718268291806851,-30.061384544254143,True,False,True
121,missense,TGCCTCACGCCATTGTGCAA,0.033376618893799295,0.0676007550758885,-1.979968709973883,False,False,False
121,missense,TGCTTTCAGTCGGTATAGGA,-0.08327664840658176,-1.032003497986199,-30.98867831981186,True,True,True
121,synonymous,AAAACTAAAATGAAGCACAT,0.08431175693884554,-1.1733416498277602,-30.21814903107437,True,True,True
121,synonymous,AACTGGAGTACATCATAAGA,-0.013618155028862634,-1.0354998127671307,-33.565950222073546,True,True,True
121,synonymous,ATTAATCACTGGAAATCGGC,0.030642273913426388,-0.9023963684711414,-30.960103926488458,True,False,True
121,synonymous,GCAGGTAAGTGTACAGCGAT,-0.030748665393417415,0.052718711742406235,-2.7801076065294574,False,False,False
121,synonymous,GGAGTAAACCTCACTTTTCT,-0.012480042592641403,0.13367800361750684,-0.5890393601139041,False,False,False
121,synonymous,GTAAACGTCTTCGAAAATAA,0.016139965101125982,-0.11013651043042177,-7.007868581020235,False,False,True
121,synonymous,GTAAGTTTATCATAAGAATA,-0.011101727404070385,-1.0437324546275113,-33.43334489531403,True,True,True
121,synonymous,TAACACTAGTCAGGTTATTA,-1.3134535989274843,-0.046524955164732484,-5.685079373451212,False,False,False
121,synonymous,TAAGGTATAAAGAGAGGTGT,-0.003965061113065787,0.13050207108931233,-0.9740232644593115,False,False,False
121,synonymous,TAATACTAGGTCGCGAAAGG,0.02497629854057751,0.1149224829844433,-1.620900446176064,False,False,False
121,synonymous,TAATAGGTTTAACGTTATTG,0.08747479606097057,-1.555649386048731,-29.90168939159733,True,True,True
121,synonymous,TCGCAGAGCCGTGATCGAAA,0.0028337703551136514,-1.0066872943030385,-30.06493694266232,True,True,True
121,synonymous,TGACTCCAGTCAAAATCGAC,-0.012649433220118331,-0.9876778217079649,-31.390531049091024,True,True,True
122,missense,AAATAAGTTAGATAAAACCA,0.15058821787140042,0.1758998798422815,-1.1647175528982434,False,False,False
122,missense,ACTGATACATAAAAGACTAA,-0.002536314365553704,0.03637572567210269,-3.1183363363189245,False,False,False
122,missense,ATGATTTTGAGCTAGAGAGC,0.029195422024464825,0.0390913469761386,-2.776864162485483,False,False,False
122,missense,ATTGACTAACCTATGGTATT,-0.07419185998415488,0.0725492457915922,-2.8778265395373444,False,False,False
122,missense,CCATGAATGAGAATACTATC,-0.09216963830693806,0.143071837166284,-1.700222072777175,False,False,False
122,missense,CCGATAAAATAGATTTAAAG,0.024796627099972164,-0.9971001072249495,-30.308770749946817,True,True,True
122,missense,CTCTCCCGTACGGACGAATT,0.003496547021496651,-0.13292608385471227,-7.9003258610745615,False,False,True
122,missense,CTTTAACCTCCACCATTATA,-0.059447122455929174,-0.09554953113790582,-6.252508123011702,False,False,True
122,missense,GATCTGACAGAGTAGAAGGC,0.03772697598642251,-1.5874209913437933,-31.05659304384004,True,True,True
122,missense,TATGAGGAGATATAAATCTC,0.02820007158306276,-1.003372454450794,-32.30358523398287,True,True,True
122,synonymous,AAATGAAATTCAATTAACAT,-1.5804676551537522,-0.7112468249857467,-30.289239985145205,True,False,False
122,synonymous,CATCCCACCCGACCAAAAGT,-0.02952558111010589,-0.9940156276078003,-31.91721948072631,True,True,True
122,synonymous,GACCAACTAAATACGCTTAG,0.11752905398981539,-1.3800471637373224,-30.406821538680386,True,True,True
122,synonymous,GACTGAAATAAAAAGGCGAC,0.035891806807820795,-1.5989597948219108,-30.342927268489397,True,True,True
122,synonymous,TACAAGTTAGGACAGTTTAC,0.006978669644387661,-1.0692367409314794,-33.26624325688482,True,True,True
122,synonymous,TAGAAGAGGTAAAAGATACA,-0.018977375143773678,0.1312887162867668,-1.7276034137238074,False,False,False
122,synonymous,TTCGAATAGCGATAAAAATA,0.03778512000959729,0.15510720602207514,-0.1224370766993538,False,False,False
123,missense,AAAACATAACGCGGCGTGGG,0.004947527072156033,-0.01308086510516071,-4.501731673175003,False,False,True
123,missense,AATTGAGTGCGAGCCTTGAG,-0.026086283383350752,-0.9796700254724637,-31.538769495261302,True,False,True
123,missense,ACAGGGTGTGTAGTAACGTA,-0.15395441967567577,0.14217770929532142,-1.152745476879325,False,False,False
123,missense,ATGCAAGAAAAGAATTTCCA,-0.012135829309206073,-1.0598832852919644,-33.893069294454776,True,True,True
123,missense,ATTTAGGATACCTCATTAAA,-0.024114552607892362,-0.15573672241532338,-6.676674359156504,False,False,True
123,missense,CGAAAGTCACCACGACCGCT,-0.018013027982069524,0.04932075773039829,-3.00679384476198,False,False,False
123,missense,GGTGCAACCTACACAAGACA,-0.06504482318742955,-0.9795042275209986,-30.926287823443523,True,False,True
123,missense,TAGGAAAAATTTAAAGAAAT,0.015220706039218351,0.10088255967282528,-2.307680819819954,False,False,False
123,missense,TTAGACTTGCTTTAAGTAAG,0.013779773322674467,-0.9705239170351572,-31.813717871643373,True,False,True
123,missense,TTTCTTTGTTAAATATACCA,0.0024146014038169757,0.06466481454248241,-2.3747234458306363,False,False,False
123,synonymous,ACGATTCTATAAGATAATTG,-0.008160350899166897,0.07379196909211691,-2.1036965695156575,False,False,False
123,synonymous,ACGTAAGAAACAATATAAGA,0.07871096880326878,-0.12456915381506889,-7.165244452097594,False,False,True
123,synonymous,AGTCGAACACAACCAGATTA,-0.007380571790691775,0.06031121229915924,-2.1893121776256996,False,False,False
123,synonymous,ATCATTCCCCTTGAAAAGCA,0.00797814083557636,-0.9685929091219019,-32.377520260256716,True,False,True
123,synonymous,CACTATTCTAAAAAGAGACT,-0.16635415005121662,-1.0111852878051124,-31.12185238505208,True,True,True
123,synonymous,GAGAAATACAATCGAAGGAA,0.024090741278561777,0.11187246308651583,-1.8842157151567598,False,False,False
123,synonymous,GCAGATATAACATTCACATC,-0.6651420543015674,-0.5188030382841098,-0.6636282211154811,False,False,False
123,synonymous,GCCAACTTAACACAGAAATC,0.016137165637186833,0.11579428031577216,-1.3045301749886768,False,False,False
123,synonymous,GGTATAGCCAAATGGCTAAA,0.016230691256595757,0.009418661937647538,-4.185314102744962,False,False,False
123,synonymous,TGAGTTAAAAGTATAATAAA,-0.019426570872371807,-0.08804004957353437,-7.195594748476705,False,False,True
123,synonymous,TTAAGGCCGGACCCCAGAGC,-0.010817089528289955,-0.9731422234053171,-31.464950903425677,True,False,True
123,synonymous,TTAGCCTTAAGGACGAAAAG,0.02155376213559139,0.07768535012617248,-1.409887296365341,False,False,False
124,missense,AAAAACAACATACTAGAAAA,-0.02229314264838546,0.03394273882700059,-3.390319731088902,False,False,False
124,missense,AACCCTAATAGCGAGACGCT,0.08344956553591948,0.03770969132149604,-2.677053263713702,False,False,False
124,missense,AACTAGTTAAATAATAAAGA,0.05646528793077142,-0.9527209953261948,-31.584608813116695,True,False,True
124,missense,AATATCGAGACACAATCCCT,0.030591367238519858,-0.003633178595312342,-4.773428150742048,False,False,True
124,missense,AATGTGGGAAATTACAAAGC,0.032120492333184536,0.08059802047067541,-2.2899724828168977,False,False,False
124,missense,ACAACCGAAGATCGAAAAAA,0.15526903695114444,-0.9883880652453587,-30.720090196459328,True,True,True
124,missense,ATAAGGCCAAACTATACCAT,-0.023200495795165196,0.09081893973542163,-1.581356831958128,False,False,False
124,missense,ATGTTGAAAGAAAAGTGTAG,-0.001393342542552559,0.06221017796219655,-2.327339191012053,False,False,False
124,missense,ATTAGAAATGTTGTATGGTA,0.032995566996015434,-0.9588980564178,-31.72932550542006,True,False,True
124,missense,CAAGATTATATTAGAGGCCA,0.04015802192731234,0.08400570797373705,-1.620991792144007,False,False,False
124,missense,CATGTCTCACTATCAGTACA,-0.014580584498155764,-1.0337755712462158,-33.130494469908626,True,True,True
124,missense,CTATCTCCAATTTCACTCTT,0.0022093503992959666,0.004562778431948911,-3.605469761922069,False,False,False
124,missense,CTCTACAGCGGAATCATAGC,-0.02692846105493388,0.009804014844551262,-2.551009713348065,False,False,False
124,missense,GATCTGGAGCAAGTATTCGT,0.00871504907397824,0.029094908522181856,-3.2192398604755947,False,False,False
124,missense,GTAAGTTCCGAAAAGTTGAT,0.004239374981325091,-1.010310594805839,-31.144535185835878,True,True,True
124,missense,TTGGTATAGCGCCCACACCA,-0.036319489388513856,0.036330205319487816,-3.279463584305519,False,False,False
124,synonymous,AAAACAAACAAATCGAGCAT,-0.0028801504408607756,0.04676880587967398,-2.9845102804956585,False,False,False
124,synonymous,AAAAGACCAGTAGACAAGAA,-0.015095583785866343,0.044265551792090505,-1.83618524039175,False,False,False
124,synonymous,AATACATCAGAATCTGAATT,0.010775906867463918,0.06629247969746364,-1.4149452346914264,False,False,False
124,synonymous,ACCGTTAAATTAAAAAAAAA,0.10722576761612561,-1.0021386141985347,-30.23929237066651,True,True,True
124,synonymous,AGTGACAGGAATTTACCTCG,-1.2343772898326912,-1.0317218159024912,-30.685366437326028,True,False,False
124,synonymous,ATAGGTCAATTTCCTCTAAA,0.028826981368328314,0.07354749080688114,-2.626099277518995,False,False,False
124,synonymous,ATGCCATGCAAATGGGCGAG,-0.6558288023867356,0.11702403494005797,-0.10220244706508168,False,False,False
124,synonymous,CAATTAACACACATCAATCG,-0.012207382983873203,0.03771291846995689,-2.5490386993510983,False,False,False
124,synonymous,CATACCGTCTTTTGCTAGCT,-0.13925902407184576,-0.9436482504370975,-30.057492314043934,True,False,True
124,synonymous,CGAAGACGGAAGACTCGCAA,0.012752432511544703,0.0908031123969122,-2.0912890377210127,False,False,False
124,synonymous,CGAATAACCTTCTGTATGAC,0.01109732277809565,0.14288671728469857,-0.48273178103505576,False,False,False
124,synonymous,GAAGTTGGTAGATTATGCAT,-0.5804874629644157,-1.5878805271853942,-29.963672237972553,True,False,True
124,synonymous,GATTACGTACACGCATTGAA,-0.0009321556368052709,0.06455060337996368,-2.3735898852344106,False,False,False
124,synonymous,TACATTCGCACTAGTAGGAT,0.007953719547547318,-1.779474744548026,-30.360670205817172,True,True,True
124,synonymous,TACTCCCTATGTGTATAATA,0.04754010950438678,-0.9700040139378869,-31.34920929619553,True,False,True
124,synonymous,TTTAAGTGCGCACCTAGGAT,0.03780401710846122,0.13623573718010973,-6.291567591683068,False,False,False
125,missense,AAAAAATGTGAGTAAAATAT,0.03814420783896065,-0.9331848380140979,-30.85721815947107,True,False,True
125,missense,AAAAATCGCAAAAAGAAGAT,-0.001784062229641165,0.0036757544060397607,-4.099459492014816,False,False,False
125,missense,AATTTAGTACCAATGCTAAA,-0.005642618462023975,-0.013959743377379097,-4.78277968549135,False,False,True
125,missense,ACAATAGGTGAATGCGTGTA,-0.009110146831824957,0.05530976746874136,-2.6322496550042804,False,False,False
125,missense,ACACGCACTAATACACCGTG,-0.007484270177099735,0.07937830011064015,-1.9449866429896925,False,False,False
125,missense,AGGTAATATCACTACCAGAG,-0.06588514996985842,-0.95742157284157,-30.88994513667485,True,False,True
125,missense,CCATGATGAATTCAAAAACC,-0.0063591661915957404,0.06351856315930669,-2.6942601218296796,False,False,False
125,missense,CCTTCCTTGATCTAAAAAGC,0.013801236798971475,0.06021565094420847,-2.665874459853549,False,False,False
125,missense,CGAACTGCGTATACAATTAA,-0.44961411067525403,-1.58292648831552,-30.597323728504996,True,True,True
125,missense,TAACGACATCGAGAATTTAT,0.00873191358078097,0.07552122926795898,-2.386907971674316,False,False,False
125,missense,TAAGGAAAATAAACGATGTT,-0.006969741573667133,0.0017069847977673192,-4.123215896334659,False,False,False
125,missense,TACTGAAAAAACCAAAGTAG,-0.01932521863976,-0.9481252589424929,-30.35186533339095,True,False,True
125,missense,TGTAAGACTAAAACAAACCC,-0.0027201584095808504,0.13758229915635534,-2.3086462298706567,False,False,False
125,synonymous,AGGGATGAGACAGCAATAAT,-0.026911865147601244,-1.0134400261147138,-32.584614634641106,True,True,True
125,synonymous,CGATGGCACGAAAAGTTTCG,0.01108427842806863,0.037592546423471304,-3.1458806003949586,False,False,False
126,missense,AAAAGACAAAGGACAGGCAT,-0.325810076306843,-1.1559766651585632,-30.17713313516589,True,True,True
126,missense,AGAGAAAACCCTGTAGCACA,0.7046133461258135,-1.5354255337489138,-29.965329777516146,True,True,True
126,missense,CTAAATGCGCCAGTAAGCGA,-0.0030143929516078137,0.003275511897107952,-4.218847422850106,False,False,False
126,missense,CTAATTAGACACAATAAGAG,-0.031008395999863363,0.022534436157052917,-3.6465579929510104,False,False,False
126,missense,GACAATATGAATCTTAATTT,0.023449359438017334,-0.9258129835255735,-30.295100760372378,True,False,True
126,missense,GGTCCCAAACGCGTTCGGAA,-0.014257142483932353,-0.13989363235481145,-8.082679693735258,False,False,True
126,missense,GTGGCGGCTAAACATTCACG,0.008734945512616905,0.09178143884270057,-1.6101680623668102,False,False,False
126,missense,TCGTTAGCTGTCATCAGCTG,0.024411556975874143,0.04107445636734855,-3.5514145036137394,False,False,False
126,missense,TGACGCCCATTGTAATCGAA,0.03157064229514653,-0.9503410557098189,-31.067678377546315,True,False,True
126,synonymous,AAACTTTTACTGTATTATTC,0.012516462952961657,0.031357133820808944,-3.314285191432091,False,False,False
126,synonymous,AAAGTGGATTATTTTACCGG,-0.05980419814674093,-0.8656096400708191,-30.635273680182497,True,False,True
126,synonymous,AAGTAGCAGTTACCAGATGG,0.02733327500837496,-0.9126805212105953,-31.485501230373742,True,False,True
126,synonymous,AATAGAGTATAACACGAAAT,-0.04775395861859168,-0.9546518807745712,-31.041314177574126,True,False,True
126,synonymous,AATCCTAAAACTAACCTTGT,0.054676535090114026,0.022969954564109635,-3.2441654887802565,False,False,False
126,synonymous,AATTCCCTGAGTCGGCACAT,-0.000769409991488606,-0.1798598029686504,-7.80994031394922,False,False,True
126,synonymous,ACACGTTAAACAAAATAACT,-0.11353302163416516,-0.9899470972257949,-31.629006663325494,True,True,True
126,synonymous,ACCAATCACTTGCTTATAAT,0.014157745243524629,0.049385822329837084,-2.797691203461089,False,False,False
126,synonymous,ACCGAGTGAAGTAAACAAAA,0.049936566012545175,-0.923858800153424,-30.596855821144363,True,False,True
126,synonymous,ACTATGGGTCATGTGAATAA,0.05710457639636346,-1.0413484657710648,-30.136290243702916,True,True,True
126,synonymous,AGACTAAACCGCAGCTTCCC,0.01693263363501193,0.07322474808307233,-2.39732774270999,False,False,False
126,synonymous,AGGCTCAACAGCAGCTTATT,0.08038305041633151,-0.03657536957315008,-5.079766260306817,False,False,True
126,synonymous,ATAGCAACTGTTAATCGTCT,-0.011477792070404547,0.04973163371698304,-2.979755308394986,False,False,False
126,synonymous,ATCACTAAAAGCTTATTATG,-1.3255847335018867,-0.3595619967784978,-30.372634401349874,True,False,False
126,synonymous,CAAACCAAAACAGAAGATAT,0.09384865899107911,-1.755163503892136,-30.178563469708273,True,True,True
126,synonymous,CAACAGTTGTCAGACACATA,-0.07951717281268,0.23234037014636175,-2.4984192719091,False,False,False
126,synonymous,CAGATCCACCCCCATAACTA,-0.05390193429007546,0.011250490287433274,-3.651494139442652,False,False,False
126,synonymous,CTTAGTTCTTAACTTCAGCA,-0.015902319558028396,0.018424774324779514,-3.251979744822507,False,False,False
126,synonymous,GAAAAACATGAAATTCTTTT,0.06806818542418674,-1.0073502754431403,-31.095396631140552,True,True,True
126,synonymous,GAAATAGCATAATAGAGAAC,0.04927205062010599,-0.6589461568282291,-29.925031133089988,True,False,True
126,synonymous,GAGTTTTGTCATGTCACTTC,0.0006025264966364086,0.047188633984734024,-2.6066467195610112,False,False,False
126,synonymous,GCGCTTATCTGGGGAATGTG,0.04646296685141511,0.10009863249368756,-1.41365298474589,False,False,False
126,synonymous,GCTGGGAAGTACTTATATTA,-0.052097472096675854,-0.9774525967739092,-31.28092650931586,True,False,True
126,synonymous,GTAATGTGGTGTATGAACCA,-0.032958012767442355,-0.9266793386452954,-30.874099809880896,True,False,True
126,synonymous,GTGGTACCGAGGCAATGCGC,0.006750895831966583,0.06895811707801992,-1.5741165751486328,False,False,False
126,synonymous,TAAGTAGCACGTCGGTCTTG,-0.023634885912457264,0.06289335160557558,-2.636909502299294,False,False,False
126,synonymous,TAATTGCTATGGAAACTTTC,0.6979864954209679,0.11430126990134223,-0.809640598106111,False,False,False
126,synonymous,TGACAAAGAGCAGCGAGGAT,-0.034908010097755585,0.02285205258213438,-3.8768212960702173,False,False,False
126,synonymous,TGCGTGATAACAAGCTATAG,0.042711268004903546,-1.3878165436902845,-30.189224671308708,True,True,True
126,synonymous,TTAGATGGCAGAGAAATAGA,-0.0026604170258839226,-0.9808079634467952,-31.769285369395167,True,True,True
126,synonymous,TTGCTTTCTATAGTGGAGGG,-0.017123498844727796,-0.02387100623576588,-4.83288106729933,False,False,True
127,missense,AAAAAAAAATCCTGGTAAAT,0.009259501776990644,-0.20351608995630943,-8.875800321640021,False,False,True
127,missense,AATACCGATATGCAAGTAAA,0.022773771150666353,-0.1296958358394456,-6.968175133680113,False,False,True
127,missense,ACATAATTTAAAGTCAACTA,-0.019377104493422018,-1.1227549464630469,-31.57543153488433,True,True,True
127,missense,AGACAAAAAAACTAAAAATA,-0.06284856433270931,-1.5897028194644536,-30.123879397151498,True,True,True
127,missense,CGAAAATTTAGAGACCACGT,-1.021683991023744,0.030823744537489234,-1.3729013593784658,False,False,False
127,missense,CGAGAACTTTGCGTTTTAAA,-0.6978605757134709,-1.1624831896439678,-30.381467842999854,True,False,True
127,missense,CTAAAAAACTAAACAAATGC,0.014794539107301467,-1.7753391619107974,-30.414745539544487,True,True,True
127,missense,CTAAAAATACTATAAAATAA,-0.04195470511134983,-1.6270889046159014,-31.42083141898565,True,True,True
127,missense,GATATACCAAGTGAATTAAC,0.1018150540362233,-1.0081822863481693,-31.205659121740077,True,True,True
127,missense,GCAATGCAGAACAAGAACTA,-0.017268249228077463,0.015575357719078198,-3.8774455630907574,False,False,False
127,missense,GCCATCACTACTGCGCGAAG,0.07387015622429627,-0.9494955390007824,-31.37587773669557,True,False,True
128,missense,AACTATTAACTTTAAAATCA,-0.010555574834540204,0.07313276156369451,-1.4010855157390223,False,False,False
128,missense,AATGGCTAGAATCCCGGTTT,-0.13316426995333003,0.7375688088685768,0.12338997701137183,False,False,False
128,missense,AGCACGTTTTCACACATTAG,0.2631866925621585,-1.5527738502681243,-29.9161642893373,True,True,True
128,missense,AGTGGAATAAACTTAAGGAC,-0.04877259175309863,0.042698710824775096,-1.9246225941716257,False,False,False
128,missense,ATATGGCTTCTAGTTAGAGA,-0.02248227356150923,-0.08797438506395852,-4.292785622594856,False,False,True
128,missense,ATCTTTAAAATATTAGAGAC,-0.003070618739478165,-0.9372563531190801,-30.74060580170434,True,False,True
128,missense,ATGCACTGACGAAGATCCTA,0.005605278248447825,-1.009227862795342,-32.7063744505167,True,True,True
128,missense,ATGCCAAGAATGAGCGTTTA,0.01695301529634203,0.02137764219169838,-2.7857664204727794,False,False,False
128,missense,ATTCAACTTATTAATTTATG,0.004365828403829241,0.04553770890808799,-2.9726879299068902,False,False,False
128,missense,CAACTACCCAAATAAATCAT,0.042109689085802676,0.13465801432876945,-0.6465473914020916,False,False,False
128,missense,CCAAAATCCTGAAAAAAACG,0.042561506206638386,0.07792429691571454,-2.16692947928792,False,False,False
128,missense,CGACCCTATTAGTCCAAAAT,0.024463283228362297,-0.9361185555921228,-31.484848584828942,True,False,True
128,missense,CTATAAAAGAAACCAAACGG,-0.057773072568035114,0.08447820158115839,-2.1848199128901973,False,False,False
128,missense,CTCATCATAACAGCCCAGCT,-0.025976462721063034,0.09056664810339443,-2.282313015430833,False,False,False
128,missense,TAAAAATAGTCGTATATCCT,-0.039172595286524045,0.01140917902793509,-3.539331026064703,False,False,False
128,missense,TTTATCAATCGCAACGTGGT,-0.06256953482642968,-0.014252933856367889,-5.365620321247803,False,False,False
128,synonymous,AAATAACAATTGTAAACTAT,0.011766073046297265,-0.982939766088623,-31.45797729623143,True,True,True
128,synonymous,AATGTAGAAATCCGCGTATG,-0.0038978552784670563,0.06795966545720507,-2.3469219557261924,False,False,False
128,synonymous,AATTAAGGTCATCTCGACCT,-0.012865531564896539,0.04740151979585919,-4.277540170361849,False,False,False
128,synonymous,ACAGTGATGCAAAGCAATAA,-0.060461796940337945,-0.019012241688007664,-6.357168637669033,False,False,False
128,synonymous,AGATGTTTATGCTCTGCCAA,0.028788020841430312,-0.910859277516112,-30.756166036880444,True,False,True
128,synonymous,ATCGGTGCACACAAGGACAA,0.03188501504647602,-0.9631023048861826,-31.34182045539487,True,False,True
128,synonymous,CACCACTTAACTCGTGCACA,-0.012537273097795483,0.2279336209468523,-1.0842262372560885,False,False,False
128,synonymous,CACTCACCGAACAGTATTTA,-0.048393195862682106,-0.9198537194615606,-30.89894238985366,True,False,True
128,synonymous,CAGGTCGAGAATGAATGGCC,0.022492422280044888,0.03494083024385798,-3.0932468671123403,False,False,False
128,synonymous,CATTACGGTTAATAACGATA,-0.005960049117764158,-1.0059602829313887,-31.888281223928477,True,True,True
128,synonymous,GAAAACGTGAGATCCCTGAT,-1.1975456574614578,-0.9356644588265399,-30.145782454538235,True,False,False
128,synonymous,GCAACGATAGTCGAACGGTC,-0.02327297426519871,0.0770424251711101,-2.6884501849105753,False,False,False
128,synonymous,GGGGGTCTGACAAATGTTAT,0.022280553587142073,-1.8053206768881571,-30.434630028150554,True,True,True
128,synonymous,GTAAATAACAAATAACACAA,-0.00043834651830256975,0.09206054060490068,-2.6705507088651657,False,False,False
128,synonymous,GTAGATAGAATCTTTATTAT,-0.010275000997595707,-0.04741510780722316,-5.691047461895101,False,False,True
128,synonymous,TACACTAACCAATCACATAG,0.012481898262936116,-0.9785734289150012,-31.955682792795145,True,False,True
128,synonymous,TATCAAAACCGGAGAATAAA,0.018360452485285297,0.09255211972015873,-0.8111383693640604,False,False,False
128,synonymous,TATTCTAGTAAAAAGGTACA,0.16708970565515519,-0.905683835391895,-30.1734990657618,True,False,True
128,synonymous,TGAGAGAGACACGGGTAACT,0.03406222015682221,-1.0177868385757463,-32.350557191201865,True,True,True
128,synonymous,TGGCCCCATTCGTAACACCT,-0.07222075122855742,0.12580374609223077,-0.16133972105646335,False,False,False
128,synonymous,TTATAGCTGGCGAGAAAGTA,-0.03647032715727416,-0.8803213774608178,-30.2982183528202,True,False,True
128,synonymous,TTTGCGCAAGATATTTTAGC,-0.04359658529908253,0.11466946012527005,-1.5831068049732682,False,False,False
129,missense,AAAAGCAAAAACTATACGGT,0.011677565861594708,0.01329993384190084,-3.400556971958251,False,False,False
129,missense,AAACCCTTATACTTCAAGGC,-0.3238995331028448,-0.9292997443523854,-30.237751286644748,True,False,True
129,missense,AAAGAGGGCCAAAAAAATCT,-0.01898047654281511,-0.9067477047896031,-31.237303656721757,True,False,True
129,missense,AACTCACGACATGGCTCAAC,-0.020283505635801433,0.0264612050071142,-3.303614770461253,False,False,False
129,missense,AACTGAAAGGTAAATCCGAA,0.032642960761920525,-1.1443132751548484,-29.920959262029946,True,True,True
129,missense,AATATTAGTAATTGGATTTT,0.010654462938232072,-1.5530001348466824,-30.553505736469535,True,True,True
129,missense,ACACAGTCAATCATTCCATC,-0.006328394967107144,0.04902859779440198,-2.9132836640515576,False,False,False
129,missense,ACGAAAATATAAAAATCAAA,-0.02903598589508871,0.10780536492232248,-1.0674794692785123,False,False,False
129,missense,ACTGAAGGATGAAAAAAAGG,0.1117706349345951,-1.1158256755269327,-30.604629509193163,True,True,True
129,missense,AGAAGTGTCAAATGAATCGA,-0.013419123959119983,-0.28867608760763513,-29.999207465359767,True,False,True
129,missense,AGGCTACATAACATATCCTT,-0.1945724945715717,0.023291753029519885,-3.4969973100680494,False,False,False
129,missense,AGTCTACTAGGAAAATCCCA,0.032659534334500515,-0.037809770180313035,-5.272780952182474,False,False,True
129,missense,ATTACCAAGATTTGACAACG,-0.0057066389248629276,0.11819354135987911,-1.3290745460931208,False,False,False
129,missense,CATTTACGTAGTCACAACTG,-0.145428216517226,-0.9014923175201313,-29.940833725735885,True,False,True
129,missense,CGAAAGCTAAATATCATGGG,0.013595069741489288,0.061471200344705074,-2.3742418763687296,False,False,False
129,missense,CGAATGCCGGTCGCTTATTT,-0.008467697520588553,0.05070298700836337,-3.5409670867394714,False,False,False
129,missense,CTAAGTAGGCTCATATTAAA,0.006704098401682654,0.052014779255510846,-2.38207918734659,False,False,False
129,missense,GAAAAAGCCACAAAAAAAAT,0.014655849071697265,-1.00011706711418,-32.396036012700996,True,True,True
129,missense,GATAACTGCGGAAGCGATAA,0.03242508333067187,0.19609197220306954,-1.5326231830780777,False,False,False
129,missense,GCCGCAAAAACACACCCGTC,-0.015381573580598714,0.06473234748233923,-2.4360581496483493,False,False,False
129,missense,GGAGAATGTAGCACAGCCAA,0.023609189170842763,0.0763603425725523,-2.4169618567596025,False,False,False
129,missense,GTCATGAATTTGTAGCAACA,-1.2828630540773966,-0.9412088575689197,-29.965982918938607,True,False,False
129,missense,GTCTCCATCGCCGAATCCAC,0.00439133703346096,-0.9520226139785095,-30.645335940457517,True,False,True
129,missense,GTGGAATGCAGTTTCAATTA,-0.006408016693437291,-0.015211852504599,-4.3220903027786175,False,False,True
129,missense,TACGTATTACGCGAGAAACT,-0.01684363965644602,-1.106413254172341,-30.08717563732574,True,True,True
129,missense,TATAAGTCAAGCCGGAGGAA,-0.03989924078691083,-0.05569103942788395,-5.117972214417974,False,False,True
129,missense,TGCCCATACTTGCAAACTAC,-0.07543918371291483,0.030113241402434307,-2.8660650482674943,False,False,False
129,missense,TTAATGGATTATTAATTTCA,-0.42640093798621237,0.05979278470169459,-0.9922012566964115,False,False,False
129,synonymous,AAAACCACCAGAACCACCCA,0.09759130907911577,0.11183634960475995,-1.0594140192750707,False,False,False
129,synonymous,AAACGGCAAAATGCACTAAC,-0.03297215463771669,-0.06043590928749498,-7.044531080230924,False,False,True
129,synonymous,AACTTTACTGGTACAACTTT,0.5996662298348086,-0.07523315470372754,-5.560801791003698,False,False,True
129,synonymous,ACATAAGGGGGATTTGCCAT,0.07916264109918655,0.10064986209267263,-1.0758158379514906,False,False,False
129,synonymous,ACTTTAGGCGTTACAATAAT,-1.7336446445488845,0.11857541766405516,-2.0451455411170536,False,False,False
129,synonymous,AGAACCCTACCACAATACCG,0.009993852175582425,0.027903119941450935,-3.3323550322402964,False,False,False
129,synonymous,AGACAAAATCATGCAGTCTC,-0.019326494351486444,-0.9336328164637417,-30.10830244838278,True,False,True
129,synonymous,CATGCAGTCGAATAAAACAC,0.03016564396716558,0.10470058749618807,-1.6065973621358125,False,False,False
129,synonymous,CATTATAAAGAGTAAACCGA,0.0074174080135949935,0.051640416374220205,-2.92924087431697,False,False,False
129,synonymous,CGTATTTTGAAAGCGCAGAA,-0.06473235500736098,-1.0119126505243299,-32.27720399661305,True,True,True
129,synonymous,CTACTCTTAATCAGTTACAA,-0.00999286790127321,-0.912608013351446,-31.136369648899823,True,False,True
129,synonymous,GCGCAATAAACGGTGTACTA,-0.0004641136530079298,0.04981214716388116,-2.692297513145472,False,False,False
129,synonymous,GTTTCATCAGACTGCGGGGA,0.053451707774809565,-0.012708311538764422,-4.746998738837749,False,False,True
129,synonymous,TATGCCCTAACTAGGAACAG,0.06770369604715981,-0.9496949183672811,-31.369478693013104,True,False,True
130,missense,AACTAAGGTTATCCAAATGG,-0.04056160403981039,0.08207594512588236,-1.8408233736643507,False,False,False
130,missense,AATCATATACTTCTAAGTTT,0.009527413216043746,0.09085833776374752,-1.7423518861136684,False,False,False
130,missense,ATAGATTACAGTGTAAAATC,-1.8888240431220147,-1.6091761723240288,-30.731043868553172,True,False,False
130,missense,ATGAGTTTTGAGGGGAGGTA,0.03276126206334393,-0.9805229867130363,-30.307990482787506,True,True,True
130,missense,ATGCAAAAGCCACGAGTAAG,-0.09437887839172004,-0.021508935245816208,-4.931356989800272,False,False,False
130,missense,ATTAAAAGAACGCAGAAAAA,0.6200094193999975,-0.7516540229182798,-30.12774348094763,True,False,True
130,missense,CCGCTAATTAGATCGAACCG,-0.013112168562968745,0.1016365008066899,-1.289461558624701,False,False,False
130,missense,GGAAGCGCCGAAAAAGGTAG,0.5946350257720402,-0.9158240385323335,-30.3643646619611,True,False,True
130,missense,GGAGGTTAAATAGACAATTC,0.011992143317926581,-0.07965966731740501,-7.181607005605472,False,False,True
130,missense,GGTAACTTAATCCTTCTGAA,0.0032406346329409363,-0.9635344191145636,-31.581318517138225,True,False,True
130,missense,GTTCTCCTGGAAGGATATGT,0.03902667403019415,0.09374775805239824,-2.196923805951892,False,False,False
130,missense,TAAGCGAGGTGGGCTACGTT,0.06303911960301141,-0.860953730202036,-30.15469282587285,True,False,True
130,missense,TCAGAAAGATAACGCGCACT,-0.022612373714224383,0.016180261849573413,-3.1303736048908326,False,False,False
130,missense,TGACAGGCTATCCAAAAGAG,0.028167074311159026,-0.9671376116028707,-30.94795390653586,True,False,True
130,missense,TTAAATCACCGCTTAGGAGA,-0.05069270616786396,0.11635917940003078,-1.1858986692374156,False,False,False
130,synonymous,ACCATAACAATTTCGAATTT,-0.07990400897177209,0.07688261541604725,-2.1679353119998317,False,False,False
131,missense,AAAACTTACTTACAGTGACG,0.025337225937444825,-2.144372770689813,-30.798243742029914,True,True,True
131,missense,AAGTCAATAAACCATATTAC,-0.007183454335433161,0.16136341016353456,-1.652229590367239,False,False,False
131,missense,AATCTGAGGACGAAGCCATT,0.0194080713657458,-2.4119518806063374,-9.994889483477149,False,False,True
131,missense,AATTCAACACCAAGATAAGA,-0.015652546747212507,-1.984837883777999,-30.536536501357414,True,True,True
131,missense,CCCACTTACTTAACATGGAT,0.046382088041855896,-2.233639626983363,-32.17635869447896,True,True,True
131,missense,CCTTGACAAATCCTCTTTGC,0.054803372691278454,-2.0583782367295083,-30.157123701317055,True,True,True
131,missense,TCACACTGGTAATATTAACC,-0.0013755375517655634,-2.2786681777034503,-32.76583200542062,True,True,True
131,missense,TGTGCTCTACTACTGCGGCT,0.011250841779653232,-2.2477786601048044,-32.43139180061192,True,True,True
131,synonymous,AAACGTGTATGAGGTGTGAA,-0.006209671257604743,0.020484816086268898,-3.917525558251646,False,False,False
131,synonymous,ACAGCAATGCGGGAAATGGA,0.06583312855238038,-0.9617773225540824,-30.909300927660297,True,False,True
131,synonymous,AGTAGATAATGTAAGTATAC,-0.026129081976620092,-1.0025135554903024,-32.06386525847769,True,True,True
131,synonymous,ATTTTGTAGAGTGGTAAAGC,0.055376421671448406,0.04205487103548586,-2.769757269341707,False,False,False
131,synonymous,CAAGTCCAAATTGCTAATTA,-0.012283326209866129,-1.0131362047734753,-32.067977194654766,True,True,True
131,synonymous,CACATCCACTATAAGAATCT,0.009339314441065985,-0.9334941083378532,-31.13482738599961,True,False,True
131,synonymous,CCCATAATTTAGCATTGAAT,-0.027987298794474782,-0.9377013570069024,-30.610855540473516,True,False,True
131,synonymous,CCTTTTTTATGAGACGATAC,0.03850225829980494,0.09811660931166721,-1.5032206649335338,False,False,False
131,synonymous,GCACCCGCTCCTTCAACAGC,-0.02435619423543407,0.07316030452022847,-2.9451528912719156,False,False,False
131,synonymous,GCTCCAAGTTCCCGAGAGAC,-1.7384179169537088,0.023736324636464412,-5.153097501046716,False,False,False
131,synonymous,TGAAGTCTAGTATAGGTACC,0.002149308709466233,0.06927653916425311,-2.078893806815653,False,False,False
131,synonymous,TGATCGATGCTCTGAATAAC,-0.040606449663950606,-0.02857239527993885,-4.551154692789919,False,False,False
131,synonymous,TTTAATTATAAACTCATGTT,0.054597360480053994,-0.8833400960253122,-30.029006720229518,True,False,True
131,synonymous,TTTTGAGCATATTGAGAGAG,-1.7633911705801313,-1.001826592710399,-30.472925777739665,True,False,False
132,missense,ATACACACACAGTATAGAAC,-0.08763604221889312,-0.9477849880701739,-30.628772366022307,True,False,True
132,missense,TAGAATGACAATCAAATCAT,-0.007399377168156182,0.026094369454665367,-3.475770869042674,False,False,False
132,missense,TCGGGTGCGGGGCCTACTGG,-0.024226823126395892,0.06560136765733454,-2.491685425013383,False,False,False
132,missense,TGATACATCTGTCAAAGTAA,-1.137336724767904,-1.5637827941920994,-30.17118225288911,True,False,True
132,synonymous,AAAGTGCTAGTTTCTTCTTG,-0.04962584050034374,0.08488119019577657,-1.482247489831019,False,False,False
132,synonymous,AATTCTCAAACTTTACCAAC,-0.03767763011217931,-0.8627163599485972,-30.389488907533913,True,False,True
132,synonymous,ACTGGTTTTACATATGATCA,0.029524531021111338,-0.9798204740738088,-32.34442648675772,True,True,True
132,synonymous,ATAGCATAATAAAATCCGAC,-0.10802540401660149,-0.9566020864933718,-30.067029184338846,True,False,True
132,synonymous,ATAGTTTGCCATTGGAATCA,0.008671221525777408,0.08224339776620021,-1.8123273739544237,False,False,False
132,synonymous,ATATAATCCACTAAAAAAAC,-0.01162362291576098,-0.8947612200438884,-29.995489084872094,True,False,True
132,synonymous,ATCACATAAGAAACGAACCA,-0.1629700462949935,0.1333097393788121,-0.8582351632970076,False,False,False
132,synonymous,ATCCACCGGATGAACCCGGT,-0.020437251162716358,0.06501738883547308,-2.171127278919684,False,False,False
132,synonymous,ATTAGATATGCGCAGACATC,0.017366594109633256,0.07805706081162733,-2.691038084934994,False,False,False
132,synonymous,CAGCGAGTTGGTGACTCCGA,0.0052461310953242045,-0.9390812938978614,-31.738517964063714,True,False,True
132,synonymous,CCATTAACTTCCGGGGAATT,-0.03461752585903287,0.418116119803229,7.586785553745124,False,False,False
132,synonymous,CGATGGACGAAAGCTAGGGT,0.047967318711499896,0.02420830543295635,-3.3586147817300884,False,False,False
132,synonymous,GACCGAAAAGAGACCAGTAC,0.02294955632751384,-0.9609822048834311,-31.397862189435994,True,False,True
132,synonymous,GAGATCACTTAGAAATACGC,0.005598704424674425,0.04096163527099163,-3.2262402968804627,False,False,False
132,synonymous,GATCCATCAGCCCTTCTCAG,0.06739708550661534,-0.9561338880274342,-30.598261496214427,True,False,True
132,synonymous,GGCCAAGAAGTACTGGGAAA,-0.0033004925232042095,0.09185423747302286,-1.1507778403244011,False,False,False
132,synonymous,GTGATACCCATGAGTTTTAC,-1.2935956194600222,0.16180612310784886,-1.5197779419434108,False,False,False
132,synonymous,TAAAAGTCTGCAAAAAATGA,0.014391173829122965,0.03436510270874529,-3.2669007291427334,False,False,False
132,synonymous,TCAGAAAACCGGAAACAGTT,-0.0046355094868203465,-0.9973165231911989,-32.385851847817236,True,True,True
133,missense,AAATCATGAATAATAGGGTA,0.02293722927911434,-1.0200584869729359,-32.92107180593098,True,True,True
133,missense,AGGTGCTTCCTTAATTATCA,-0.0666671931248179,0.05355345489503115,-2.1925434450018315,False,False,False
133,missense,TACATAATTTAACACATAAC,-0.03459722608333053,-0.9655923735680723,-30.713745138908344,True,False,True
133,missense,TAGCAAGGCCGTATAGATAT,0.0022869905131307176,0.06442243580091732,-1.9296956355797397,False,False,False
133,missense,TCACATCCGTGTGTAATGTT,0.054898163517462115,-1.0053416149075913,-31.114596059107036,True,True,True
133,missense,TCGTATGTTGCTATAGGTCC,0.00786338731982293,0.04108495544781868,-3.127178092973657,False,False,False
133,missense,TTGTATACGCTCCTTGTGAC,0.027176748233470285,0.06368287569626552,-2.9106978542142556,False,False,False
133,synonymous,ACATATGGTCTAGTTGTAGC,-0.027844265802701787,0.06152927620217352,-2.502676612146718,False,False,False
133,synonymous,ACCAGCCGGGTTCCGTCAAT,0.027785488603520578,-0.951657265887095,-31.47569522247659,True,False,True
133,synonymous,AGCAGATTAACTCGGTGGTA,-0.14155183378800087,-0.8997563478656685,-29.90491090231868,True,False,True
133,synonymous,CAATAACAAAAGGAAATGGT,0.03928164203993981,0.05273670793485885,-2.7101813607160765,False,False,False
133,synonymous,CCAATTATTGTGTTTTGTTC,0.0031385691111995998,0.10525876264799719,-1.28568214825905,False,False,False
133,synonymous,GAAATTACTGTCCTACGTAT,-0.0006094475039425265,0.040621285809884625,-1.608466255743651,False,False,False
133,synonymous,GCAGCCCTTGAAACCTCGTG,-0.1295641786106135,0.024380590631266602,-2.264854569213355,False,False,False
133,synonymous,GGTCAATTAACTGTACAAGC,0.046088439663586805,0.10591162903864423,-1.2876793686364358,False,False,False
133,synonymous,TAGGTAATAATAATATTCCC,-0.03936024525823406,-1.0177173055143514,-32.04330844157831,True,True,True
133,synonymous,TGAGAACGACGCTATAACAT,0.12228207678165037,-0.8789532593697686,-30.300283199385007,True,False,True
133,synonymous,TGGAACCAGAAGCATAAGAT,0.03141255703441956,-0.8679907556339845,-30.15755797665881,True,False,True
133,synonymous,TGGTAGCGTGTATACTACGC,-0.03829954133484349,-0.9604131746886995,-31.328626272801422,True,False,True
133,synonymous,TTATAACCACGAAATTCTGG,-0.2368534643205956,-0.3544644646159342,-30.659089310808277,True,False,True
134,missense,AAATACCAGATTAGATCCCA,0.04369189975318308,0.06838246429846857,-2.200005017835239,False,False,False
134,missense,GGATGTCAACATGCACGCTT,-0.032702555816593884,-1.5914828036615896,-30.168026820946878,True,True,True
134,synonymous,AATAATTATAACTCATAAAT,-0.009867495283931165,0.05536367549699245,-2.7597259639001166,False,False,False
134,synonymous,ACAAAAAAGGTAGTGCTAGC,-0.009703655506029241,0.06876208480313967,-2.4215665609764487,False,False,False
134,synonymous,ACAAAGATAAATAATTAATT,-0.0023971347362444165,0.10661652646818003,-1.7081473659938033,False,False,False
134,synonymous,AGAGGATGTATTGTCAAATA,0.028982088749815445,0.08369424522160555,-1.816740178323468,False,False,False
134,synonymous,ATGGTTAGAATTCAATTTCA,-0.025329025880412612,-0.9161545573762333,-31.28821399604798,True,False,True
134,synonymous,ATTACAGACAAAGGTAAAAA,0.019630114157045426,0.05722373921457051,-2.6572046439877983,False,False,False
134,synonymous,CATATATAGTACATAGGCGC,-0.010026087250812853,-0.8248660967952981,-29.941225290705308,True,False,True
134,synonymous,GAAAACCAGTATAATAAGAA,-0.09563624501237708,-0.9725690415769941,-31.86212360883825,True,False,True
134,synonymous,GAATTCAAAGATAGAATTCA,-0.0026617699197608122,0.09488548863199776,-1.863172684998015,False,False,False
134,synonymous,GATCAGGGAAAAATCTAATA,0.003366072189235549,0.051714999433918565,-2.9072266752981935,False,False,False
134,synonymous,GGATTAATGACTAATTTCGT,0.058887324759642964,-1.014951004697899,-31.81830582705668,True,True,True
134,synonymous,GGCTTACTATTCCAATCGTA,-0.0474308273492767,0.03727671647259609,-2.4893630763645618,False,False,False
134,synonymous,TAATAGCTATTCATGATTGT,-0.0009608446647069039,0.09824783494128364,-1.4283104767733263,False,False,False
134,synonymous,TGACGACAACCCTCCTACAT,0.02954408054063364,-0.07496690984820295,-5.742230462791918,False,False,True
134,synonymous,TTAAGGGCCCGCTGCGTATA,0.027745731952662504,-0.04476880073550654,-5.569099518314756,False,False,True
135,missense,AAAATATGGGTATTGGGTAT,0.042571060568194,0.18390708347928786,-0.015118764763816786,False,False,False
135,missense,AAGCGCATCGATCAGTGTCT,0.0682224561517708,-0.9191524084365823,-30.235772237392894,True,False,True
135,missense,AATAATAAGCCCAAATTTAA,-0.059541734750341316,-0.9912947479168701,-31.47008531467094,True,True,True
135,missense,AGGATGGTACAAGTAGTCCA,0.027221077450599193,-0.9467505939379506,-30.709196630772112,True,False,True
135,missense,ATAGCCTTCCAAAAATTAAA,-0.012806539968942286,-1.1457709037449408,-30.628763629691715,True,True,True
135,missense,ATGAAATCGCATCAACAGTG,0.05105681465092002,-0.07009168347013389,-6.880510352469926,False,False,True
135,missense,CTGATCAGTGTAAACACAGT,-0.0011596358828699447,-0.010449529897212873,-4.3583860274991535,False,False,True
135,missense,CTTGATAGCTTCGCTGTGCT,0.019590606853959653,-0.9495487470642159,-30.502042863842338,True,False,True
135,missense,GTCTAGCAAATCCGCTTTTA,-0.015160320256541411,-0.028496869795054336,-5.137672105537993,False,False,True
135,missense,TCCACAAAACCAAGCACATC,-0.04894794216173101,0.04543580907883847,-2.5354151208081896,False,False,False
135,missense,TCCAGCCCATAAGTAGCAGT,0.0023143901220165058,0.07937158641670039,-2.0449482748740677,False,False,False
135,missense,TCTTCTAAACTTCAAATGGC,-1.1507198240060528,-0.6792571566735082,-30.078256393502723,True,False,False
135,synonymous,AAAGTTATCACGCTATTGCT,0.009250377632105898,0.11547679920034458,-1.1294439040464581,False,False,False
135,synonymous,ATATTGACACTTTGTCAGGC,-0.03774189283395253,-0.9946952060875174,-31.491440958633806,True,True,True
135,synonymous,ATTATGCGGCAGAAAATCTA,0.023106763288519253,0.020020094844750036,-4.022020512760764,False,False,False
135,synonymous,CACTAGAGGGGTATGAGATG,-0.0004244687323333974,0.03590873059848072,-3.368247345000448,False,False,False
135,synonymous,CGTAAGGAATTTTAAGTCAA,-1.8990568762471123,-0.3141360023626295,-30.273463721959445,True,False,False
136,missense,AAAATAATTACATGGCCGAA,-0.05777210387144424,-0.08147821476419265,-6.203135344487651,False,False,True
136,missense,AAAGTCGCGAAAGTCACTTA,-0.1723469420569132,-0.9939087778290709,-31.541715401118367,True,True,True
136,missense,AAGAATAATAGCACCAAGAG,-0.15352780240670716,-0.9371620733779631,-30.225187884697103,True,False,True
136,missense,ACAAGCAGAGAACACTGTCA,0.003724599461287244,0.1118624178247711,-1.2368984333741981,False,False,False
136,missense,AGCGCTAAATAGAACCTATA,-0.011640938505646972,0.10942345469843637,-2.3214684282040814,False,False,False
136,missense,ATTTAGCGAGACAGCGGTCT,-0.10479096550651908,0.036807379873321736,-2.191993417841377,False,False,False
136,missense,GCACCATCAAGGTGAACGAA,-0.02973764272655632,-0.033044934694439254,-4.953755858668789,False,False,True
136,missense,TTAAAGATCTTTCTAATTGT,-0.09261597256140261,-0.9231814294538561,-30.752279440656384,True,False,True
136,missense,TTAATTTCATAGACATATTT,0.02001711096504571,-0.9154341215368731,-30.278941052732915,True,False,True
136,synonymous,GTGTCTGACTAAAATATTAA,0.013007101841945807,-0.0012708745585421344,-3.6501366322093354,False,False,True
137,missense,AAGATCACAGTGCTTAACAT,0.024269203253165023,-0.96647284111566,-31.652269735256716,True,False,True
137,missense,ACATTTGGGAAATTATAAAT,0.044064745222465895,-0.031435238666427945,-3.5799894551196108,False,False,True
137,missense,TAACACGGATTGTCGAATAT,-0.01093974233085275,0.011478366435498405,-3.055750454790298,False,False,False
137,synonymous,GATTCTGCCGCTCGTATCTT,0.0064257382605629,-0.005369451608198045,-4.445079412742067,False,False,True
138,missense,AAAAAAATAGGACATAAAAT,0.6413947808786048,-0.9654310058299704,-30.803778785820015,True,False,True
138,missense,ATATATTTATCTACACATAA,0.02420671143588532,0.06315218189152005,-2.2891394869254493,False,False,False
138,missense,CCCGCGGATTGCCAACCCCG,0.0017648100440012607,0.016630983038931013,-3.7020720431897427,False,False,False
138,missense,CGACCTTGACATTTTTAAAA,0.06794037577157937,-0.9246467528683286,-30.28545921113104,True,False,True
138,missense,CTGGGAACTCATAATGAAAG,-0.0032948038400511456,-0.49948464302412504,0.23729437671363193,False,False,True
138,missense,GGGAGGATTGTAAAATAAGG,-0.04545223040182113,-0.11930250817895166,-6.740368326111711,False,False,True
138,missense,TGCGAAATACAGGGAAATAG,0.008570394087831366,0.04677675210085504,-2.8210530309700457,False,False,False
138,synonymous,ACCCTCAGAAAACGAACCCA,-0.008225101095205077,-0.06401351126839608,-5.867010369470674,False,False,True
138,synonymous,GATTAGAAAGCAATTTCTAG,-0.14304927124445238,-0.6896709862921482,-30.550349237562276,True,False,True
138,synonymous,GCGCGGTCTCTGCCACCCTT,-0.4766087325390091,-1.774826491189002,-30.569177021680343,True,True,True
138,synonymous,GCTACCCCACTCGATTGACC,0.02443004782264302,-0.9856408150149838,-31.366154485535347,True,True,True
139,missense,CACGCACAGGACTTGCGAAT,-0.06827669740781839,0.09901816740379953,-1.1926841144332596,False,False,False
139,synonymous,ACATAAGCTTGGTCGTACCG,0.0024993699995051414,0.08999423899153439,-2.276710361604623,False,False,False
139,synonymous,ATACATAGTCGTGAACCGGA,0.1254060332056255,-0.9941328158970208,-31.22887713353645,True,True,True
139,synonymous,CCGTAATTAATGATATACCT,0.01692415120162786,0.057540027764196186,-2.266687389760084,False,False,False
139,synonymous,CGTTTGCGATGGCGTCGGAG,0.0006735364656651741,0.4135276578179318,7.909197769652335,False,False,False
139,synonymous,TAAGCAATAGAGACATAGCG,0.005339759180786736,0.04602069809369823,-2.8925308848627576,False,False,False
139,synonymous,TATTAACAGAAGAGATGCGT,-0.04023710220094501,-0.9737947254948389,-31.393109244067254,True,False,True
139,synonymous,TATTTTTGACCCAAACTAGA,0.009057239756089864,0.0592674138791823,-2.228660052212519,False,False,False
139,synonymous,TCCATAAGAAATAGATGTTT,0.1441789705169158,-1.558128482642463,-30.304291126779653,True,True,True
139,synonymous,TCCTCTTTTAACATTGGTGT,-1.126632547686101,0.12056766154289919,-2.249158000410217,False,False,False
139,synonymous,TGGATAAAAATGTCCTTCAT,-0.08381854636215796,0.06374684544604796,-2.0510455101522562,False,False,False
139,synonymous,TTCCATCGGAATTTAGAACC,0.017166866724771773,0.027004924443406908,-3.536177129630645,False,False,False
139,synonymous,TTTAAGCCGAACCATACCCA,0.029337278663486944,-0.9943444896615277,-31.076803810358086,True,True,True
140,missense,AGGGTGGTAGCGAATATGCC,0.016664580347580067,-0.019263967852927055,-4.665098503605559,False,False,True
140,missense,CCAACTCAGATGATACAAGC,-0.012988097005154138,-0.20518965740602918,-10.163036480911469,False,False,True
140,missense,CCGTTGATATTGTGTGTTAA,-0.03628997691489466,-0.9831177181665189,-31.017056267957592,True,True,True
140,synonymous,CAGACAAATGTTTAACAGTG,0.07909332091704144,-0.8938089481902827,-30.671036611804382,True,False,True
140,synonymous,GAAATGTAGACCATCATATA,-0.01706379197556371,-0.9887592755594066,-31.41118310342867,True,True,True
140,synonymous,TAATAGAATAATAAATATTA,0.011271957724939916,0.036589315107542486,-3.450381317001941,False,False,False
141,missense,AAAGCGTAAAAAGCAAAAAG,-0.015129075306722209,-0.029169301112683232,-5.164508235856111,False,False,True
141,missense,AAGTATAGCTAGGGTAAAAA,-0.021238133126947445,-0.01822316488398526,-4.891749793431222,False,False,False
141,missense,ACAAGTAAACAAAAGGCAGT,0.001320794081717235,0.027585035353645856,-3.359738922466397,False,False,False
141,missense,AGCTTCAGATATAAAAATTT,0.03535517658690916,0.02594972203695177,-3.6755715886212097,False,False,False
141,missense,CAATTGGATGAGCAAATATA,0.03650764265119115,0.09504493161393701,-2.100053459668604,False,False,False
141,missense,CTAGTCATAAATAATGGATG,-0.04757815830931679,-0.9451753587585117,-30.351994102939308,True,False,True
141,missense,GCCGAGGGATATGGCTGACA,-0.007702578056139806,0.030316487482265925,-3.124268738024556,False,False,False
141,missense,GCGTCATACTAAACTATCCG,0.003440137694887882,-1.0015305324574613,-31.403469989269432,True,True,True
141,missense,GCTACTCAGTGTAGCATACA,-0.069557771781485,0.07973068143785873,-1.3249240637073734,False,False,False
141,missense,TAACTTATAAGTAAACCAGT,-0.04105594556720725,-1.0316262676326524,-33.08180782264761,True,True,True
141,missense,TACGGAAAAACAAATCTTAA,-0.04421915817962144,0.06884759200144684,-2.4770404802639145,False,False,False
141,synonymous,ACACCCAGGGAAAAAATAAA,0.025654170365415643,0.06768595786153692,-2.3756294044375337,False,False,False
141,synonymous,ACAGCGGAAGTCGGAGTAAA,0.03576766479177208,-1.1410617494793733,-30.68075912337551,True,True,True
141,synonymous,ATCAAGGCAATTAAGGGAAA,0.03869797683933436,0.07021205914785822,-2.78137569361437,False,False,False
141,synonymous,CCATACATAGTAGTGAATCG,0.029532790344658645,-1.0376938465355319,-32.57400750914395,True,True,True
141,synonymous,CTGCGTCATCCGAAAGACAT,0.044200419278405775,-0.9503890189506261,-30.471485470222984,True,False,True
141,synonymous,GCAATTAGGACAATACATTA,0.02378838068837184,-0.9399160776694702,-31.736545177263853,True,False,True
141,synonymous,GCAGAGGGCAGGCCGAATGG,0.018484688703563106,-0.0066373070073176554,-3.7715423059933713,False,False,True
141,synonymous,TACTAGCATAGTCGCAGAGG,-0.06964489057293177,0.02630338417007036,-3.6066384142019303,False,False,False
142,missense,AAATTGACTAAAAAATACTA,0.018344050984952395,0.020527436703181884,-4.302662391300846,False,False,False
142,missense,CAACATGATTAATAAGCAAA,4.700450578778081e-05,0.03689188169163485,-3.7914267175215675,False,False,False
142,missense,CACTTTCATACAACTGGTGC,0.0251603189734475,0.029922443986313663,-3.665779012414279,False,False,False
142,missense,CCCAGATAATGTACGAGATT,0.006819322917484814,-0.01659195890696369,-4.280532713547249,False,False,True
142,missense,CGTTTTACGAAAATTGCCTT,-0.0018356028792210159,-0.9738070546807451,-31.061480711437703,True,False,True
142,missense,GTATCGGTATATCGGTCGTG,0.007611125920083367,-0.9405594898689904,-30.75036099966543,True,False,True
142,missense,TCTTACCTTTAATTATCCTA,0.016652028825713705,0.02903961656454193,-3.5827017803676764,False,False,False
142,missense,TGAGTTCTGAAATAGACCCT,0.02327133742700071,-1.0047285325119113,-30.885914141067385,True,True,True
142,missense,TTCATAATTGAATCTTAATT,0.011195272545403603,0.007084846156316438,-4.09675295690652,False,False,False
142,synonymous,ACATGGTATGAGCAATAGCA,0.00936022435407223,0.10572229810339659,-1.3373797799375668,False,False,False
142,synonymous,ACGTCTACAACAGATAAAAT,0.0005465912085881749,0.08258341576258214,-2.148309969250931,False,False,False
142,synonymous,AGCATAGCGACTAGTATAAC,0.01504874591762456,0.06501678899376995,-2.178031230479431,False,False,False
142,synonymous,CAAGATACTAAGAAAAACAA,0.08835085691278316,-0.92213312553204,-30.337942864928248,True,False,True
142,synonymous,CGACCCTATTAAGTTTATCT,0.23257990604300008,-0.9321308824535304,-30.093138356144607,True,False,True
142,synonymous,TCAAGCAAAGTATGCCTCAA,-0.006062648065060768,0.0536300858106564,-2.7679141201941753,False,False,False
142,synonymous,TCATATCGCGTGAAGAAAGC,-0.07296670607266083,-1.0186383145105247,-30.434363267610177,True,True,True
142,synonymous,TTATGCAGCCCAGCGTGAAA,0.013927900611167431,0.0556399106177279,-2.3330306881063616,False,False,False
143,missense,AACGGATTAGAGTAAACTGA,-0.09225715233936346,-1.064843808841313,-30.29939236692292,True,True,True
143,missense,AATAAGAAAACTAACTGGAC,0.010027423415966841,0.0726898061284225,-2.4628202769104326,False,False,False
143,missense,CAAGTCCGTATGAACGACAT,-0.8358134105574554,-0.9894710809264144,-30.28035424493874,True,False,True
143,missense,CGCGACTCGATGCAGAATCA,0.007230784962481742,-0.14405666951114976,-8.705660431615728,False,False,True
143,missense,CTGGAAGCTTCCAAAACTGA,0.004531299889789951,-0.9769644811393476,-31.89174958867001,True,False,True
143,missense,GCCAATGTTAAAGCGACTCG,-0.09733585257924961,0.013975707949040655,-3.425242977232626,False,False,False
143,synonymous,ACATGGAACATATCTCGGGA,0.15771708838555337,-0.1486503764653726,-7.221535786427984,False,False,True
143,synonymous,CGCAAAAACACGAGTATCAA,-0.0417292983262431,0.06671644631273249,-2.390817695430575,False,False,False
143,synonymous,GAGGCATAACAAATCTAGAT,-0.09438666234580297,-0.13404306870009297,-6.584862788319895,False,False,True
143,synonymous,GGCACGAAGGTACTTGGTTA,-0.05192594498518316,0.043903803917871145,-3.3322432071759316,False,False,False
143,synonymous,TTAAATTAAATGCAAATCAT,-0.06208279828429175,-0.9795618330767468,-31.771772646431884,True,False,True
144,missense,AAGATACTAAGTTGGTCCTA,-0.04483782394564298,0.03128009643931148,-3.1805969029875296,False,False,False
144,missense,AAGTTCAGCCAGAAAAGGAA,0.009056826823218171,-0.1979673132908309,-9.21042316597512,False,False,True
144,missense,AATGTTTGGGATAGGTTTAC,-0.10739131854718229,0.14748672407753116,-0.7029735752309443,False,False,False
144,missense,ACAAGATGTCTAGACGGAGT,-0.005359438502491095,0.0027916993199431084,-4.1873190959548845,False,False,False
144,missense,AGCTGCCTGCAGAACACTCA,-0.00013099439918915672,0.06908925327373584,-2.2161421849278704,False,False,False
144,missense,AGGTCGGGATTGATTTAGTA,0.018585930106260515,-0.858490897738398,-30.035684024055964,True,False,True
144,missense,ATGGATGGTACGAAATTAGA,0.5678588899343288,0.19281503525785232,-0.055778791734728,False,False,False
144,missense,ATTTATAACTAAAACCACCG,-1.0170700900924445,-1.553009412673447,-30.121696653212993,True,False,True
144,missense,CCGTTACAAATATCCGTCTG,0.02036240525581896,0.032897716938167884,-2.262972717601312,False,False,False
144,missense,CGCTGTGATAAACGTACCAA,-0.0514589907394066,-0.1003652900826198,-6.612564927520997,False,False,True
144,missense,GTCGGAAATGTAAAGCGTGT,0.028902334581409644,0.021998712055807917,-3.3163080213799248,False,False,False
144,missense,TGACTAGTCACGAGGAAAAG,-0.08182341891337823,-0.045493196607817116,-5.09388309201106,False,False,False
144,missense,TGAGATGAGGGACAATTCAA,0.07085437141735462,-0.9551464914485424,-30.922869199404516,True,False,True
144,missense,TTGATCCAAGTTAATCAAGA,0.027983829914535727,0.09822362725224675,-2.063898083580214,False,False,False
144,missense,TTTACGAGATGGTTCTGCTG,-0.010938909349374843,-0.04202113316006581,-5.266132043861855,False,False,True
144,synonymous,AACATAATGCATGTAAAAAG,0.005612490432665975,0.058620397344651826,-2.6106013298140223,False,False,False
144,synonymous,AATCTAGTAAAATACTTCTA,-0.038473971990445124,-0.9465953121817123,-30.004516657570015,True,False,True
144,synonymous,AATTAGAGACTGACTACTAT,-0.001291752570122982,-0.9815030424849256,-31.838573899932662,True,True,True
144,synonymous,AATTTACTGGAGGCCCGCAA,-0.011754064608433527,-0.09293469552256392,-6.804946958449799,False,False,True
144,synonymous,AGAGTTTCGAAGACACAGCT,0.0066108557196317185,-1.0084061669270163,-31.59071149542981,True,True,True
144,synonymous,AGGGAACTGATATGAAGATT,0.031874677662731624,-0.10677275149459825,-6.326090740118245,False,False,True
144,synonymous,CGAATATCCCAAACTAGCCG,-0.005075373623446936,-0.9556095480845943,-30.99801006104583,True,False,True
144,synonymous,GAGCACACAACGCGAAATAA,-0.016734781323737007,-1.6286824357052403,-30.393259446721483,True,True,True
144,synonymous,GCACCTAATGATAATACGTA,-0.007336521969930843,0.11753064878750699,-0.894898357397767,False,False,False
144,synonymous,GCCATCTAGCAACTGAAAAC,0.03053920125663825,0.028463206961286583,-4.023410653376699,False,False,False
144,synonymous,GCGCATATATAGATGAAGAT,0.019399567536920223,0.06757785281705331,-2.0217637853683836,False,False,False
144,synonymous,GGCCGATACAAGGAGTCGAG,0.018969524800128795,-0.9735122236322655,-30.941018671896536,True,False,True
144,synonymous,TAACGAGCCACATTCTACCA,0.016539504436563608,0.06827088351749963,-2.3774231008557445,False,False,False
144,synonymous,TAATTCCATTGAGCCGAATA,-0.044759010686874434,-1.086723714979699,-30.49020099447352,True,True,True
144,synonymous,TTATAAAAAAGAAGTATCAA,-0.0013509600825753025,0.06304544327990642,-2.249301493054661,False,False,False
144,synonymous,TTGGTCAGCTCTTTGGTCCC,0.03151632985749192,0.027688337206903363,-1.7402064731049112,False,False,False
145,missense,AAAAGAAAATTTCTGCAATC,-0.019552952330521962,-0.07058583788832196,-6.714528232405033,False,False,True
145,missense,AAGCTTCCGACAGGGAAAAA,-0.0016510235160351423,-0.1463764654380863,-7.9307622250526775,False,False,True
145,missense,AATCCATATCTTCCCACTGC,-0.01636936717596666,0.07499020723318159,-2.6313458863063723,False,False,False
145,missense,ACGTAAGTTGCGTAAGTACG,0.01075108559607923,-0.011162686203616878,-4.125465414869078,False,False,True
145,missense,ATACTAAATTTCGAGCGTTA,-0.04467239788765488,0.09889595438367649,-1.7742619596566929,False,False,False
145,missense,ATGGTAATTAGCTTCCACAT,-0.01648109350758366,-0.08094351648972689,-6.343453597630159,False,False,True
145,missense,CACGTTGAGTATCTTAATTT,0.002847727023962574,0.08263515932126121,-2.6573164974369394,False,False,False
145,missense,GAAAAAAAGCTCAACGCGAG,-0.0041704438592037405,0.018390072343652225,-3.169604142543503,False,False,False
145,missense,GCATAACGATCCCTAAGAAT,0.018060191598825492,0.04232285396126147,-3.2453071481022837,False,False,False
145,missense,GCGAGACAAGTGCACAAGTG,-0.014113191854436182,0.05404913633480368,-1.0907952727649604,False,False,False
145,missense,TAACATATAGGATACGTTAC,0.02521904840336473,0.03970810088859163,-2.8275050561663613,False,False,False
145,missense,TATGTACATCGATCTTTTGT,-0.09017918266736069,-0.9768526276183076,-30.42561421199826,True,False,True
145,synonymous,AAATAAAGCAAAGAGAACAA,-0.042417342053768084,0.016776523072720206,-2.166612113924312,False,False,False
145,synonymous,AACATACACCAAATCTAGAA,-1.1153317700393126,0.07049565533711472,-0.18894763595683453,False,False,False
145,synonymous,ACCTAATGCATCCAAATCAA,0.06385346034876684,0.08161169955304266,-2.4209017781845965,False,False,False
145,synonymous,ATTATACAAAGCCTCGTAAG,-0.05461076642450882,-1.4997442740859166,-29.94636659326372,True,True,True
145,synonymous,CAGGCTCTCACAACGATGAC,0.04317228428506059,-0.9913979393295758,-31.150420119544993,True,True,True
145,synonymous,CCTTATAGTGAGAAATGGGC,0.01661716730078224,-0.9832453437665594,-31.806985844712404,True,True,True
145,synonymous,CTCAAAGTACATGTAAAAAT,0.023316508074797116,0.12230686548125383,-1.0506628262071085,False,False,False
145,synonymous,CTGCTATTAAAACATCACAA,-0.01775940427157987,0.1467927218865499,-0.7605243889911779,False,False,False
145,synonymous,GAAATTTCGATTAAAAAAAC,-0.05506385783462653,-0.9662536851811621,-30.918233669846934,True,False,True
145,synonymous,GATCATGCGAAGGTTATCAT,-0.04563296528984169,-0.9464689652720097,-30.457381875496946,True,False,True
145,synonymous,GCACTAGTGCTACAACCCAA,-0.006446136406131862,-1.0164466785988338,-31.63972559891614,True,True,True
145,synonymous,TAGAATAAGTTGATTAATAT,0.011321863836676724,0.07104671057555384,-1.821158839369006,False,False,False
146,missense,AAACGAAAACGGGCACGCAA,-7.039276035291763e-06,0.017441699387106185,-3.7561102735622605,False,False,False
146,missense,AAGGATCAAGGGAGCCTCAT,0.050180813135800986,-0.9749159823232827,-31.104179607066772,True,False,True
146,missense,AATAGTAGACAAATAGCTCA,0.019373244249704085,-0.044850231087240344,-6.39405383510723,False,False,True
146,missense,ACATAAAACATAGAAGACCC,-0.027473021447820493,-0.007571398273249236,-4.774340030326985,False,False,False
146,missense,ACCACCCGGAGACCTCAAGG,0.00016531286567914721,0.07373138230595798,-2.2713742947617845,False,False,False
146,missense,ACGATCGAAACACAACTTTC,0.04816516479650086,-0.26553753069068803,-30.23711050215711,True,False,True
146,missense,ACTTTGATAAATTTCACATA,-0.023115246101977988,0.005457018730210483,-3.989843811512699,False,False,False
146,missense,AGATATATCTCCAAAAGTTA,-0.03200446453130493,0.1251202461884759,0.07315228773110542,False,False,False
146,missense,ATTCCTAGAGATCTAACATA,-0.039433081265820014,0.10676207863810366,-1.4347247207074583,False,False,False
146,missense,ATTGAACGGCAACAAGAGGC,-0.14001787983803224,-0.8967766433379374,-30.391496889265902,True,False,True
146,missense,CCTTATCATTAATGAATCTA,-0.12279774100755941,0.08669684953744533,-1.7693944346903296,False,False,False
146,missense,CGCCTACCGAAGTCCAGAGC,-0.0023552017199268303,-0.8625098604858528,-30.076527975545964,True,False,True
146,missense,GAAATAGAACTGTAAGAGCA,0.005315706577106686,0.021658314378443594,-3.2952972212427767,False,False,False
146,missense,GGAGGTTTAAAACGTAAGTA,0.00292677143235651,-1.026572289591044,-32.795730943606756,True,True,True
146,missense,GGCCCTACCATAAAAAGTAA,-1.1339207784642875,-0.9433455066741936,-30.161412355319065,True,False,False
146,missense,GTTATTCAATACCAATACAA,0.024428713674330766,-1.0193185235029716,-32.38069002364821,True,True,True
146,missense,TAATACGACGAAGAAACACA,0.002257237956855539,-0.011256434128754544,-4.633410728657599,False,False,True
146,missense,TATAACTTGATCCACAAATT,0.106433350081479,-0.9249310559077519,-30.65911015869497,True,False,True
146,missense,TCCACTAAGAATCTCCACTA,-0.006756318118782426,0.1131139238457936,-1.2894677388309166,False,False,False
146,missense,TGAAAAGCGCAATAGAAATA,-0.002682283401941609,-0.07576672492159978,-6.827456879373922,False,False,True
146,synonymous,AAATCGTTAATAGTTAAATT,-0.02131014269444459,-0.8893384059294387,-30.292497720176865,True,False,True
146,synonymous,AAGAGTACCAGGAATATAGG,0.0027288285846754764,0.07799564557237325,-1.8519212393369084,False,False,False
146,synonymous,AGCCTAATCATAACATCTGA,0.03753245809821598,-1.0311947319938157,-30.37367236324983,True,True,True
146,synonymous,ATAATGCTCACGTGATTGAA,-1.1155168004011071,-0.053403043782391635,-5.993567677791417,False,False,False
146,synonymous,ATCATGTACTATGAGCTTAG,-0.49584712958533267,0.08028399257606104,-2.864623163986386,False,False,False
146,synonymous,ATCTCAAGATCAACAGCTAA,0.040288534892229166,0.02028971333859253,-6.714921597983761,False,False,False
146,synonymous,CAAGGAAAAATGACTGTAGA,0.010809529293529904,-1.0062302873432218,-32.50453031778933,True,True,True
146,synonymous,CGACTACGAATCTTACAAAT,0.05343431229479137,0.11923595836364484,-0.9873037833699528,False,False,False
146,synonymous,GAAAATAAACAATAGAAGTA,0.022960505754268765,0.06520572265930817,-1.9070541383099555,False,False,False
146,synonymous,GATACACGTCCAAATGTGAT,0.006882284805800527,0.08964533796601235,-2.361693862514968,False,False,False
146,synonymous,GATATGATACGAGAACCTAA,-0.6499636175905917,-0.9337319904076784,-30.536672576875528,True,False,True
146,synonymous,GTGATCTCGAAAGCCGTACG,-0.11229489788040803,-0.014442022615784894,-3.372369368216812,False,False,False
146,synonymous,TATAAGAAGCATCGAACTTC,-0.054180890028487014,0.06654337066988636,-2.7165946940167256,False,False,False
146,synonymous,TTGGGATATTCCGGGGATTC,0.026616873262600434,-0.06520063022144076,-5.415463383019338,False,False,True
147,missense,ACTGTTGGAGTCCTATCAGG,0.012026907533889852,0.05320951650046432,-2.8493898034520617,False,False,False
147,missense,ACTTTGCGGTGATGACGGAA,0.03180395074030798,0.041063801049604984,-2.8220652377716204,False,False,False
147,missense,AGGATTTAATCAACGAAAGT,0.10104197415559554,0.11077701741465656,-3.439587702046117,False,False,False
147,missense,AGGTATAATTCAGGATACCG,-0.008015192183377743,-0.9503321453257709,-30.76471522921481,True,False,True
147,missense,ATTACATTTAAGCGTTAACC,-0.9167041708447885,-1.5326458425272995,-30.031046610456627,True,False,True
147,missense,CAAACATGTGGCGCATTAAT,0.028955339936900366,-0.0014822437541077982,-4.288652726726929,False,False,True
147,missense,CAGAGATAAAAAGCTAGTTA,-0.0004889773537231235,0.05942493148947339,-2.7704911941520503,False,False,False
147,missense,CAGATGAACTTTGGGATAAA,0.04896399813507628,0.07060783454554488,-2.7425949807680716,False,False,False
147,missense,CGTGAACGATTGCTCAGTTA,0.05794044625356985,-0.011658686493635328,-5.170255430196098,False,False,True
147,missense,GGTCGTTGCTAGTTATAAAA,-0.018055689717994605,-0.9959891923599993,-31.741077799077594,True,True,True
147,missense,TATAAACTAATCATTGCAGG,-0.0002492161960614167,0.036364816754549084,-2.791146236363898,False,False,False
147,missense,TATGCAGTCAACTATGCTTA,0.011963791577886027,0.05900467008230886,-2.5253439756115754,False,False,False
147,missense,TGAACAATAAGTATGAACGA,-0.1313935076487541,-0.9748385611893782,-30.5120222326625,True,False,True
147,missense,TTACACCATCATGTTATTCG,-0.0002683582031042394,0.02641507649170094,-3.919172945104376,False,False,False
147,missense,TTCGAATAACCGAATGGTGA,-0.01977841062624674,-0.1372619194823873,-7.612677188567492,False,False,True
147,missense,TTGTGACCTAGAGGTAATTT,-0.022111779502044144,-0.005576225044652244,-4.935814396951312,False,False,False
147,synonymous,CAGTGCTGCTTAAATGTTAG,0.13774989809587052,-0.9107413528430848,-30.466709713577163,True,False,True
147,synonymous,TGATGAGCAAAATTGGAGTT,0.00878729554959347,0.04265628949010988,-2.781023364942982,False,False,False
147,synonymous,TGTAATAAGCCCTAATGATA,-0.21317114722661373,0.02317583051974373,-2.4007010704517557,False,False,False
147,synonymous,TTAAGTGGCTAGGGCCAGAT,0.0074785598476724315,0.0924843889954517,-1.9409928796401885,False,False,False
148,missense,AAGAGCGTCACACCGTAATA,0.038991141518494046,0.1360399289144106,-1.6776833181895572,False,False,False
148,missense,ACTACGCGTTTATGCACCTT,0.002130826404598135,-1.0153593033093788,-30.48329569267703,True,True,True
148,missense,AGATATTATCTCGATGTTTA,0.14618184960504485,-1.0017656842871192,-31.029238740311648,True,True,True
148,missense,ATATGTTTAAAACCAAGTCG,-0.033502557339785244,0.012831283009679256,-3.2234311946285192,False,False,False
148,missense,ATGCGAGTCGAAGAGATATT,-0.0231148597380715,-1.011170986965011,-30.750854186124005,True,True,True
148,missense,ATTATCCACCAATTCAAGCT,-0.007693900443892371,0.03571103249194961,-2.9977803888666497,False,False,False
148,missense,CAGGCAAAAGAACGCGGCAA,0.007438040068509346,0.09120499677722173,-1.9341161036536487,False,False,False
148,missense,CGTGGATACTAAATATAAAC,-0.06117210665066343,-0.9446118568681603,-30.889448477303244,True,False,True
148,missense,GAACATGTTAACAGAAAAAA,0.0259766537509569,0.1571794103730748,-1.3838441426022623,False,False,False
148,missense,TTAGAATTTAGTTACCAATT,0.06162155673106097,0.09956220821682688,-1.5671089395641626,False,False,False
148,missense,TTCAATGAAAAATACTCACC,-0.02867130261731322,0.10560845923376629,-0.848953294785648,False,False,False
148,missense,TTTATAAAATTCACCTAGTA,0.05705767991550184,0.06553329422044105,-2.013936865208676,False,False,False
148,synonymous,ACCGTTTTCCAGTATGCCCA,-0.039195491747044536,0.0641561345436556,-1.8938236951786953,False,False,False
148,synonymous,ATCACATTCAAACAAGAGGT,0.08647691136814877,-0.9436999310821883,-30.806516743116802,True,False,True
148,synonymous,CGTCCTTATAATAAGGCAAC,-0.03969576997623178,0.09247263283502191,-1.763838628500034,False,False,False
148,synonymous,CGTGCCCAAATCAATAGAAT,-0.05603077639757205,-1.043671664035038,-32.11377380542219,True,True,True
148,synonymous,GCCAGAAGTATGGCAAATAA,-0.014724674954404677,-0.035968546846786714,-3.765054947652196,False,False,True
149,missense,ACAAGTAAATAGAAATATTC,0.00702747034224282,-0.8581032109449229,-30.300344254991938,True,False,True
149,missense,ACTCGTCTCTTTCCTATCTT,0.01595187638460415,-0.9218465830805758,-30.79686409571375,True,False,True
149,missense,ATAGCTCAACAAATATATTA,-0.038164949379847296,-1.0050524155922502,-31.59888843683883,True,True,True
149,missense,ATTCGTCGGGATGACTAACC,-0.044444815145855576,-0.9413880306297304,-30.622905370806706,True,False,True
149,missense,CCCATACGGTCCCGCGGAAC,-0.08301142723048577,-0.9546613326033089,-31.538702804902627,True,False,True
149,missense,CCGCAGTTAGTGGGAAAGCA,-0.010501605026694352,-1.6169502963561246,-30.70622469917152,True,True,True
149,missense,CGCACAGATGGTCAACGTTT,0.05816748236194569,0.08284338742639957,-0.7013950208259668,False,False,False
149,missense,GAAATCTTTGAACCAGTGGA,-0.033716319751035145,-1.0205036177340754,-31.50140989670823,True,True,True
149,missense,GAACAGGGTATCACGTGATG,-0.30968879134093064,-0.922705080401518,-30.73874479304432,True,False,True
149,missense,TAATTATTCTAAAGAAGATC,-0.005561869739414702,-0.9189904594599032,-31.074215230077776,True,False,True
149,missense,TATATTAGAGTAGATAAGAA,0.014904714993329177,0.12106524090863881,-0.669301725144354,False,False,False
149,missense,TCAGTTCTCAGTCTTCATAT,-0.09427784247780736,0.17975691349116688,-0.13118733166558594,False,False,False
149,missense,TGCAAATCCGAAATAGTTAT,0.7045972326075187,-0.8978608944756215,-30.487525471543698,True,False,True
149,missense,TTGGCGAAAGATCGTGCCCG,-0.6617479076509792,-1.1701287079544687,-29.932133892448075,True,False,True
149,synonymous,AAAAAACGTCACTTAAGACG,-0.013552389471257979,0.050821542755141697,-3.2823544304376613,False,False,False
149,synonymous,AAGATTAAAGGTTACCTTGT,0.05551136345506001,-0.9785524999673807,-31.696768599628754,True,False,True
149,synonymous,AATACCAACACATGGAAATA,-0.07917384395310299,0.10643410407290317,-1.0218273152795772,False,False,False
149,synonymous,ACATAAGCAATTTTAATAAC,0.058837035517786185,-0.910158325063571,-30.217498985397988,True,False,True
149,synonymous,ACGTAAACCGTTACACATAT,0.013993851939715762,-0.9934580566117654,-31.610687693640383,True,True,True
149,synonymous,ACTCTCACGTATTGTTCTCG,0.06374920647824436,-1.0026957160066563,-30.999077607792813,True,True,True
149,synonymous,ACTTTCTTTGAAATCCTAAG,0.011932288173945678,0.052702940381769536,-2.989991896568444,False,False,False
149,synonymous,AGGAAGAGACCCGCAAAAAA,0.0869000963707235,-0.9541474090476731,-30.39345501563786,True,False,True
149,synonymous,AGGTTCAATACACAAGTCTC,-0.005777322065052123,0.06976424172253086,-2.220476774113518,False,False,False
149,synonymous,CAAAATCGCTGGTTTCAAGA,-0.015407764907673618,0.16428930221648333,-0.3955077009443684,False,False,False
149,synonymous,CCTTATATCCGGATCTATTC,-0.0015419792860138122,0.052577340231285255,-2.8622003135902943,False,False,False
149,synonymous,CGACTACGAAAATTCATTTG,-0.04938162929106425,-0.9651034216733467,-30.972157084547103,True,False,True
149,synonymous,CGGATGTCAATCAACGAAGC,0.03358875527411978,-0.025368706926093554,-5.036181384509903,False,False,True
149,synonymous,GCATAATAAATTAAAATGGA,-0.06679712534555773,-1.034081279154618,-31.587305197902516,True,True,True
149,synonymous,TAATAAAAAGGTTACGGCAC,-0.055875001937067056,0.09029850908961935,-1.9495287773055214,False,False,False
149,synonymous,TCACTACTGAATCGTTGATT,-0.005528765997909819,-0.12090008675269526,-7.275155850756672,False,False,True
149,synonymous,TCCGCCAATTACCATACAGG,0.014485623297375539,0.051481015402321306,-2.3349151606500915,False,False,False
149,synonymous,TGACAAGTGCCCGTAAACAA,0.06757796945975494,-0.9401759800763143,-31.151954686736655,True,False,True
149,synonymous,TGCGAATGTATTCCAGGGAT,-0.05203553946615179,0.05092706791324415,-2.5771213044867314,False,False,False
149,synonymous,TGGCATCCGACAGAATGTAT,-0.0005975530794960671,0.04517565507825419,-2.889360654254185,False,False,False
149,synonymous,TTCAAAAGTCATGGTTTAGA,0.05889097195546632,0.0696983503066204,-2.603232249480429,False,False,False
150,missense,AAGTCCCGCAATACAATCGC,0.0535666544315018,0.10092766900596731,-2.4096474667311663,False,False,False
150,missense,AAGTGAACTGACACAGAAGT,0.11589096987690599,0.044911158242268295,-3.572307495145217,False,False,False
150,missense,ACCACAAGACGGACTCGTAA,0.030792437213100574,-0.00024152573554844792,-4.138284040221959,False,False,True
150,missense,ATTAATTCCACGATTCAAAC,-0.6304926796827971,-1.6475048847929388,-31.573631177883524,True,False,True
150,missense,CACTCCAAAGTTGTGTCCAT,0.011960958263355127,-0.13936565019637065,-8.327445602343822,False,False,True
150,missense,CAGGAAAGAACTTGAGTAGC,-0.02058081491643116,-0.924125468675171,-31.11361647284829,True,False,True
150,missense,CCGAGAGAGACCAAATCCAA,0.030431260198116598,-0.04991017325919134,-5.150066759878712,False,False,True
150,missense,GCAACAGGGAGTAACAACCA,-0.03119331165201342,0.0389160918710857,-3.2664422139629656,False,False,False
150,missense,GCAATATCGTTCTTATACTT,0.009980499895128482,0.015484546833091417,-3.7853087490979243,False,False,False
150,missense,GGAAAAAGAAGCGTAGATTA,-0.04996156983805543,-0.9857986769174858,-31.41310989585345,True,True,True
150,missense,GGCAATTCCCTATTAATAAA,-0.04250769224622032,-0.943448836099535,-30.41462413491813,True,False,True
150,missense,TAAAACACAGCTACATTTAC,-0.011385642923380564,-0.13211354586460916,-7.974864211318367,False,False,True
150,missense,TCTATTCAAGAAAGTGGCAG,-0.08985093904076562,-0.028078861641203934,-4.521117683909523,False,False,False
150,missense,TGGTAAACCAACTAAGGGCA,0.023709296140841406,0.09335690039056979,-1.6653411247819703,False,False,False
150,missense,TTTCATGTACAATATGCAAA,-0.015329068976528904,-0.09536775626707261,-6.986051034488434,False,False,True
150,synonymous,CCATTTTAATCCGTAACACA,-0.05714257438982068,0.08899204688939469,-1.6114268735460315,False,False,False
150,synonymous,CTCTCGTTTCTTAGCCTTTT,-1.074764542376982,-0.9421353320291115,-30.085100254520214,True,False,False
150,synonymous,GCGTGATCACTTATCATAAA,0.0909675562991829,-0.05791593367661052,-6.222273470179813,False,False,True
151,missense,CGACCGTACCGGCAGTGCAG,-0.026377774740695033,-1.0261537741605695,-32.80563547724272,True,True,True
151,missense,GAATCGTTACACTTCTAAAG,0.012357902075340437,-0.08733483154892294,-7.161938020733888,False,False,True
151,missense,GAATTGCTAAGAAAATAGCT,-0.0038519307880968325,0.05278219665973763,-2.6552524582926593,False,False,False
151,missense,GTGCTCCAACCAGCATTACA,0.12141895182573621,-0.28271345401064074,-30.106279071008668,True,False,True
151,missense,TAACGGGACAATATGATTAT,-1.0465455760750588,-0.8739987154929252,-30.15464165481995,True,False,False
151,missense,TTTAATAAGCCTGTGACCAA,0.006201054877618526,0.03955853742138517,-2.8697602080025733,False,False,False
151,synonymous,AGACGGCTGATTGTGTGATG,-0.06848587959780632,0.17156339625958433,0.27111065088798586,False,False,False
151,synonymous,CTCTCATGAGTAAATGATTG,0.03569840642366154,0.057492581668247306,-3.4768406087006434,False,False,False
151,synonymous,TAATTAGACTAACAATAATG,0.005074738533686658,0.07472481629838361,-1.9362153108888704,False,False,False
152,missense,ACCTTAAACAGGCACAGTAA,-0.007680140956226824,-0.9771314527301209,-31.92755374501753,True,False,True
152,missense,ACTTTACATTACAATAACTA,0.04598674415887391,-1.0084190327263725,-33.01022256879976,True,True,True
152,missense,ATACATACAAATGTTTATTC,0.5469152443376102,-1.5828614550796734,-30.059962406634156,True,True,True
152,missense,GGATGGTCCATATAACACTA,0.047562054580497615,-1.0201052985994106,-32.02245937461138,True,True,True
152,missense,TAAATAAGTAAGTGAGCGAA,-0.0388393615437429,0.09866980259571487,-2.1172226272992973,False,False,False
152,missense,TATGAACAAGAATATAATAA,0.0036651254650590746,0.05030858779166254,-2.742050268506529,False,False,False
152,missense,TTAAAGTACATAATAACACT,-0.038589218445704426,-0.11792629963352202,-6.5128194096840275,False,False,True
152,synonymous,AATCGTCCGAGAAAAACGTA,0.03793967443025813,-1.0016245447912753,-32.28528062973068,True,True,True
152,synonymous,ACACAATTAGAAATTGACAA,0.6552859316851368,-0.792740280966667,-30.08432013235214,True,False,True
153,missense,AAAAAAAAAATAGGTATACT,-0.03029448290457124,0.05970073651861617,-2.8713055773142355,False,False,False
153,missense,AACTGTACAATCCAATATAC,-1.1143702802825977,0.023640432595400634,-4.142596140524029,False,False,False
153,missense,GATAGAAGTAATGCAACCTG,-0.005408717042526786,-0.31457456986411014,-30.312617466606063,True,False,True
153,missense,TAACCTCCAGTTACCAACTT,0.004742391564258882,0.1036331713281939,-0.25107968136505404,False,False,False
153,synonymous,ACATAGAAAATCTAATTTTG,0.054842992592210926,-0.943523768326237,-31.8520952295485,True,False,True
153,synonymous,ATAGTACTAAAAAAGCCAAT,0.012573035204738755,0.04517897683414521,-2.6133190625030647,False,False,False
153,synonymous,CTGCAGACTTTACATAGCAA,-0.1260291217787087,-0.0016223481869754586,-4.021558597380284,False,False,False
153,synonymous,GAGAGACATGTGTGAACGAA,-0.04792136626608054,-1.1800477368636502,-30.04007362711044,True,True,True
153,synonymous,GCCTTTAAACAGAGAAATTG,0.05212452660227862,0.05550975407789413,-2.687121908017481,False,False,False
153,synonymous,TCATCCTGAAAGAAGCATTA,0.11250358980479895,-0.5295716037656812,-0.8253261707312335,False,False,True
153,synonymous,TCGGTTAATTAGCCTTTAAA,-0.0020411977654701593,0.22061735635508195,-0.23391153859749758,False,False,False
154,missense,AGTCGGTAAACCAAGATCAA,0.5899012786481186,-0.9417527571584254,-31.231628057331033,True,False,True
154,missense,ATAAGAAAAAAGATTTAGGG,0.011912146995649988,0.11346466214440729,-1.1952477232789793,False,False,False
154,missense,CAAAATAAACATATCCTCTA,-0.06183878242920439,-0.17873012491267443,-8.569875681087623,False,False,True
154,synonymous,AAAGAATCAGGTAACAAAAT,-0.09176922632606635,0.03987153093034755,-3.5436098916462626,False,False,False
154,synonymous,GATAAGCGCTCATAACATTA,-0.6758410894600607,-0.9793448460070711,-31.543359586541218,True,False,True
154,synonymous,GCCTCTTAACCTAATTTAAG,0.0320801438653615,-1.0628096630810606,-33.69260549730427,True,True,True
154,synonymous,TGTAGAAACAACTTTGATTG,-0.013095733764781427,0.040381803413946094,-3.0769160873154786,False,False,False
155,missense,AAATTGGAAATGTGGGTCAG,-0.010693280638956073,0.14731047089659466,-0.8198058056135732,False,False,False
155,missense,AATACCATACAGTAATGGAG,-0.003814235573108742,-0.07208813536607758,-6.467091348808694,False,False,True
155,missense,TAATATGTTTAGCTTATATA,0.004808179571421571,-0.06927353336322797,-6.013976307870251,False,False,True
155,missense,TCTACTTATACCGTAATACC,-0.0090275494268287,0.08611895762911152,-2.007610244608601,False,False,False
155,missense,TTGATAGAACAAAAGACTTA,-1.0941750874025273,-0.8912761415298809,-30.12281255633525,True,False,False
155,synonymous,AGTGAACGATACCGCATTCT,-0.024868771221088118,-0.09747700431334644,-6.5499593445173545,False,False,True
155,synonymous,CAACAATATATACTAAACGG,-0.04406188307809043,-0.9629468999582633,-31.380859475072644,True,False,True
155,synonymous,GTTATGGCACAATTATCGGT,0.0059508119090699255,0.03572454026947931,-3.470954751429253,False,False,False
155,synonymous,GTTTCAGCCAGATAGACTAT,-0.08871732811728002,-0.7860419857892273,-6.843492195633074,False,False,True
155,synonymous,TCTTCACATATACGGACATG,-0.01862404109859828,0.03531725733571647,-3.188840690682632,False,False,False
156,missense,AAGACCAGAAGTTGAATGCT,0.02287509912028019,0.0275972446737828,-3.4145083067470927,False,False,False
156,missense,ACCCAAATAAGGTTGTATAA,-0.0005481535471099958,-0.9338657363887464,-31.204116996906397,True,False,True
156,missense,AGTGTAGAGCATAATAACTC,0.019858354177096093,-0.054706471700034204,-6.469635676805685,False,False,True
156,missense,TTGAATCCAACGAAAAGTTT,0.040263373441166136,0.0942466865885456,-1.5931369433896,False,False,False
156,missense,TTGCAATAGAAGTAATCTTG,-0.18533637447018234,-0.9092720284376294,-30.9116844469577,True,False,True
156,synonymous,AACGGAACCACTAACAACCA,-0.09411377448464113,0.08501432154950152,-1.6257448224252793,False,False,False
156,synonymous,ACAATGATGTGAGAGGGAAC,0.07903204803082126,0.06949458408325693,-2.3913012644274394,False,False,False
156,synonymous,CAATTTGATGCCACTGGTAC,-0.011168935599043719,-0.01871464768918632,-3.8545900292791355,False,False,True
156,synonymous,CAGTGAGTTAGAACACTCAC,-0.10660648423555656,-0.8738809176983748,-29.962511287457776,True,False,True
156,synonymous,CGAGCCCGATCAAATACAGA,0.11321258053435251,-0.9311117103520679,-30.9366412897728,True,False,True
156,synonymous,CGCAAAATATACCGTGCCAG,-0.16319203466596863,-1.0443965048264634,-30.57961606601731,True,True,True
156,synonymous,CTCCACCCGATCTCTACAGT,-0.010125862327557963,-0.09150424053524775,-5.999164519261323,False,False,True
156,synonymous,CTTAATAAAGCCATAAAGGC,0.050878502149545146,-0.9661227042850213,-31.458215095127148,True,False,True
156,synonymous,GTGCTGTAGGAGAGCGTATT,0.0012141793677149842,0.046762463652763306,-2.88495473874503,False,False,False
156,synonymous,TACTATATAACAAACCATTA,0.053005469477378886,-0.008650282601843168,-5.5428072837484725,False,False,True
156,synonymous,TAGCCCTTTTAAGTATACAA,-0.004477330725102944,0.0792350139537686,-1.7976765700960133,False,False,False
156,synonymous,TATTTTGTCAACTTAATGCA,-0.026646410956759344,0.07400329871339176,-1.9542155296958177,False,False,False
156,synonymous,TGCATCATACTAACAAAGAA,0.027991803666913964,-0.9964820759802693,-31.581479716063814,True,True,True
157,missense,AAAATACAATAGATGAGAAA,0.02507626424467501,0.0857081396216513,-1.254150918087515,False,False,False
157,missense,CATCTCTCGCGCAGTCCTGG,-0.050749975565195074,0.07251757175842605,-2.2579401082578263,False,False,False
157,missense,CGAAGCGAGGTTTACAAAAA,0.006716862873954822,0.029597505915728975,-3.4511917950990982,False,False,False
157,missense,CTAATACAGATATTTTAGTG,-0.04171759322690098,-0.0996499652764403,-6.724906246449456,False,False,True
157,missense,CTGGGTCGTGTCTTATGAAT,-1.0680430140191408,-1.5277025333740804,-29.898118903371646,True,False,True
157,missense,GCAATGTCAGAACCCTAGTC,0.03001324129239209,0.06041292789483062,-2.81231087325701,False,False,False
157,missense,TATCTGGATAAGATCTAATA,-0.026108343364378554,0.06307364708833299,-2.398634233131878,False,False,False
157,synonymous,ATCGTACATGTATTACTGAA,0.03648450739823764,-0.9662908757144877,-30.328423771360217,True,False,True
157,synonymous,CAAAAACATCAACCTTCCAT,0.04641548358913827,-0.914526699670891,-30.48601595689287,True,False,True
157,synonymous,GAGGAAATGTGGACAAGCGA,0.028134340616364075,0.08209696499760628,-2.1044021592696383,False,False,False
157,synonymous,TACCGTCGCAAAAACACAGA,-0.0573266184286393,-0.9443261271230401,-31.524478813745606,True,False,True
158,missense,CCACGTCACCCATACCTACC,0.021992777602091104,0.06835911618266939,-2.3357416028562574,False,False,False
158,missense,CCTATTCATCTCACTTTTAT,-0.053320575043942456,-0.9468118239219865,-31.306816566612856,True,False,True
158,missense,CGATCAGGATGAATATCACA,0.03548221457375911,-0.9607716268652093,-30.359534119952304,True,False,True
158,missense,TCCTATGGAACCTCTCACAA,0.029773697533832764,0.007504352298999206,-4.112573040382259,False,False,False
158,missense,TGCAACTTGAAAAACTACCC,0.015126117582601979,0.022044825696803272,-3.6871279481401245,False,False,False
158,synonymous,ACTTTGGACTAAATCAGCTC,-0.011148382787398294,0.03503742462014664,-3.973815026339421,False,False,False
158,synonymous,ATTTCACCTAATCTTATCAT,-0.00383915720500427,0.05158881142602342,-2.914081461878128,False,False,False
158,synonymous,CACAACACTGAAATTTAAGT,0.013410149322228478,0.07455503681882222,-2.3390356566516144,False,False,False
158,synonymous,GATCTATTCAGCTATATCAA,-0.02685393920166431,-0.9831549522721834,-31.03953514739736,True,True,True
158,synonymous,GGAAATACTAAGTGATACTA,-0.14274848403373183,0.19983133386053276,-0.6704078703792054,False,False,False
159,missense,AAGCGTACACAGATGAAGCG,0.011274505729398152,0.06017572323375055,-2.5365944994205094,False,False,False
159,missense,AATAGCATCCTGACAGACTG,-0.022089972129007294,0.054720245531149375,-2.604869853273142,False,False,False
159,missense,AATGCATCAAAACTTCCGCG,0.014762398047416187,-0.01845458572292527,-4.819686450041305,False,False,True
159,missense,AGGTCGGTAAATGACGAGAA,-0.015911522534732072,0.10048566242351675,-1.158648799394371,False,False,False
159,missense,ATCAGTTCAAAAAGACGGTC,-0.018633627542175343,0.047551753981102216,-2.4580379743641685,False,False,False
159,missense,GAGTCAAAACCTTCTGATCC,0.01727334054521982,-0.05631518676418104,-4.458693764014506,False,False,True
159,missense,TGAAAATGAAAGTTCCTCTG,-0.0647011397331027,-0.9802264989627434,-31.099564535835484,True,True,True
159,synonymous,AATCAGTGACAATACCTACC,-0.10734591688547208,-0.9834022030374325,-31.5551809252138,True,True,True
159,synonymous,AGGGTACTCAAAGAATTAAA,-0.03920951201764236,0.18252080586876349,-0.3837689369486804,False,False,False
159,synonymous,TTGGCAACGAGAACGTGGGA,-0.019021652345332977,0.06652056919069681,-2.864057404428555,False,False,False
160,missense,AAAAGAGGATACTAAAACGA,0.022309182812863284,0.06958744858327157,-2.3503595766507006,False,False,False
160,missense,AACGTACTCCACAGTTCTAA,0.006779634170731551,0.0036745222756356943,-4.275905622658292,False,False,False
160,missense,AATTTAAAATCAGCTCTACA,-0.010709448176347999,0.025281164403003306,-3.6675669418920713,False,False,False
160,missense,ACTGTGAAAAGTCAATATGC,-0.035400190093023365,0.057049403016490904,-3.0721473028022146,False,False,False
160,missense,CCTGGATCACACAATCAATT,-0.02925866798963001,-0.3551148531430692,-30.631862071600203,True,False,True
160,missense,CCTTCACTCATTCTCTCTTT,0.004105226662579445,0.0643420853422266,-2.9374298172570588,False,False,False
160,missense,GAAAAGTAAGATGCAACAGC,-1.134528564748801,0.08006041672060886,-0.885311643671691,False,False,False
160,missense,GGACTAATGCCTTCGTGCCC,-0.029779765466050618,0.08910907145172585,-1.9728474808676706,False,False,False
160,synonymous,CCGATTATAATATTATGACC,-0.09673259082542295,-0.9755886336624291,-31.29396041945978,True,False,True
160,synonymous,CGGATAACTTACGTCAGAAG,-0.01943472630566306,-1.0222210732885926,-30.498748277377402,True,True,True
160,synonymous,TCAGCAAGAGAGAATGAAGA,0.0006851957804162334,0.048695381887908964,-2.604170288362278,False,False,False
160,synonymous,TGCGAATTCCACACGGTTTA,0.028220644202769225,-1.0314764463424553,-33.45165888520763,True,True,True
161,missense,ACTGCATCGGTAGCATGGGA,-0.10744439200900482,-1.7901171086619228,-30.235395280128103,True,True,True
161,missense,AGTAATCGCTTCGGAACTCA,-0.004284953428209463,-0.0034480244583259267,-4.6913884376016055,False,False,False
161,missense,ATTAATTAGTTAGTAACAAT,-0.007256854014747904,0.08026168660839582,-2.014032426524159,False,False,False
161,missense,CGATGTTTCTATACGGTCAA,-0.010486085456550342,0.054728888322594565,-1.7829502819684262,False,False,False
161,missense,GATCCCCCCGGGGGTTAACA,0.04703438669375486,-0.29951391334850386,-30.910550923190023,True,False,True
161,missense,GCTTTATCAGTTCTAAAACT,0.08672003009113097,0.11023822194633345,-1.1115884137703527,False,False,False
161,missense,GGTCTATACCTATGGCGATA,0.053059180612713655,-0.1549162957331664,-4.12164275451887,False,False,True
161,missense,GGTGTAGCTGGACCATTTCC,-0.4178466040224563,-1.017522457780309,-30.414280295031435,True,False,True
161,missense,TCAGTAAGTTATGAACAATA,0.007461039822052552,0.02247448563662313,-2.1998625899278754,False,False,False
161,missense,TGAAAATTTCAACATGACAC,0.07447353661351554,0.14853629121018913,-2.0252425238996086,False,False,False
161,missense,TTAATAGTATCACTAATATG,0.013314890776331457,0.0750946953762949,-2.311158865236512,False,False,False
161,synonymous,GAAGAGGTTCAGAGGCAGTA,-0.4417176633473833,-0.8925934514833409,-30.310282114228798,True,False,True
161,synonymous,GCCGGAAATAAAAATATAAA,-0.04448931776954386,0.06794759982481595,-2.4652464660841567,False,False,False
161,synonymous,GTTACATCCATTAATATAGT,0.09201562489681149,-0.8376453198839902,-30.421634329137085,True,False,True
161,synonymous,GTTGCTTGTCCTAATTCATC,0.006588290702099504,-0.9318384470813874,-30.54155090984237,True,False,True
161,synonymous,TCTTAACGATATACCTTAAA,0.0002709735939678496,-0.9090759756131184,-29.966926634733227,True,False,True
162,missense,AGACAAATAACGCAGAACGA,0.12881709913623907,-0.9671134389028484,-30.168190774860705,True,False,True
162,missense,CGACCTGTTTAAGCATATAT,-0.060259514086614355,-0.09254465087862024,-6.507383809816349,False,False,True
162,missense,CGCAGTAAGCCAACAAAATA,-0.0202926630912147,0.0718924520243961,-2.362450170277091,False,False,False
162,missense,CTAATTCCAAATCATACGGA,0.01730211293361076,0.028211241490684075,-3.1412646818975674,False,False,False
162,missense,CTGAGGCAAGCCAAAGAATT,-0.004387553668955049,0.04950854387435598,-2.8062161873364904,False,False,False
162,missense,CTTTATATGACAATGAACAA,0.7029726219304419,0.10673603052722824,-0.12626704240415607,False,False,False
162,missense,TAAGCAGAATTCCTGAAGAT,-0.04404745871254556,0.024965539786878654,-3.3338868745507018,False,False,False
162,missense,TACATCCACTTGCACCTCAA,0.04917866465220212,-0.9477552629091157,-30.46368206600719,True,False,True
162,missense,TACTGATGAATAATTAAAAT,-0.0023525420643290803,0.002536648878176423,-4.079128084609969,False,False,False
162,missense,TCAAGGATGGTTCTAGTAAT,-1.092636547415836,0.15149282409986464,-0.5104900973584914,False,False,False
162,synonymous,AAAGATTCACATACAGTTTC,0.008137905520470024,-0.9735965277332483,-30.852428629035046,True,False,True
162,synonymous,ACAGAAATAGGAATAAGGCA,0.0045624889245617535,0.03112158479129981,-3.7013920422654705,False,False,False
162,synonymous,AGAAGCACAGGGCTATTTCA,-0.036981774582371826,-0.9514377544238324,-31.199930201202644,True,False,True
162,synonymous,GATTGCTGTAAACTATAGAT,0.025659449267043312,0.04503634987165116,-3.185767277935205,False,False,False
163,missense,AACAGCGAAAATCACTCGCC,-0.009117405759962092,0.04438313653169984,-3.143052505267808,False,False,False
163,missense,AACATCAGGTAGAAACAGAA,0.053128767357714254,0.0293318565728143,-5.230299886382404,False,False,False
163,missense,AACTGTGGAAATTACTACAA,-0.029651464143871865,-0.908516045899638,-30.47807601369685,True,False,True
163,missense,AAGGCAAAGACATTGGGAAT,-0.05888243202232235,0.025376090467011878,-3.2011138462361473,False,False,False
163,missense,AATAAGGTCCATATTCACTG,-0.012007808432124392,0.021609792358672192,-3.9911706761457872,False,False,False
163,missense,AATTAAGAATAAGAAATACA,-0.2926227359142408,-1.054590978322224,-30.274560859108682,True,True,True
163,missense,ACTTACGAAAAAAGGCATCC,0.008751755604711458,-0.9589234128165698,-31.498670767410367,True,False,True
163,missense,GTAAAGAATATTGGTAGCTC,0.024290158475658668,-0.07488003295964521,-6.755194759928142,False,False,True
163,missense,GTTATCTCTATTTGGGTAGC,-0.0025817675530165765,0.045108766751585705,-2.6812870699626794,False,False,False
163,missense,TTATAGGGAACAGAAAAAAA,0.019634544732520937,-0.059234675670700815,-6.853435541084623,False,False,True
163,synonymous,AAAACACCTAAGGCAAAAGA,0.024334099861526702,-1.0005950031295787,-31.194464183055526,True,True,True
163,synonymous,GAACGTTAGCAATTAGGGTT,0.01932395642485707,-0.12171927798496845,-6.52436150134484,False,False,True
163,synonymous,GAGCATTAAGAAGTCCTCTT,0.041523594555221505,0.10491750363070013,-1.990051435390752,False,False,False
163,synonymous,TAATTATTGCAATCTGGAGG,0.0229296681037609,0.06254937549449917,-2.4828193910415743,False,False,False
163,synonymous,TCTTGACGGCACCTTAAAAA,-0.011154841799365356,0.10996618662976954,-1.8111414301260633,False,False,False
164,missense,ACAACCAACGACGATAATAG,0.6499098860896269,-1.2622519267971093,-30.575088012802325,True,True,True
164,missense,CCTATACGCGCGTATGGCTG,0.6563405255631499,-0.977702770686095,-30.620222960111015,True,False,True
164,missense,GCACTCCGAAATCTCAATCG,-0.6491734738151798,-0.8728063181449848,-30.58142342732663,True,False,True
164,missense,GGTAAAGCAAATGTAATGTG,-0.09568704391158586,-0.023674535589037343,-3.6345866625875596,False,False,False
164,missense,GTAAAGCTATGCGGGTCAGT,-0.009532725409810663,0.08843291042470802,-1.121063296655577,False,False,False
164,missense,TTAAAAACATTGGAATCTGA,-0.012107071221449984,-0.03584956711442622,-4.937825521162928,False,False,True
165,missense,AAGAGCCCCGAACACGGTCT,0.05979900131189134,0.10925031139429024,-1.5203871645000173,False,False,False
165,missense,ACGACCCAGCTAAGTCAGAA,-0.0030464995850403324,0.06471952174595022,-2.59771269064508,False,False,False
165,missense,CCAGATCAGAATCAAAACTG,-0.17390345351831962,-0.0629038516123468,-6.5629395944749005,False,False,False
165,synonymous,ACTCTGTACATCATTAAACA,-0.010230336041412855,0.0822203444460841,-2.0103493910233414,False,False,False
165,synonymous,TCAGATATTATACTCCAGGC,0.03183502978072156,0.05665263669204244,-2.856019215197867,False,False,False
166,missense,ACTAGTAACAAATGAAAAGA,0.025543762857334062,0.027199903962823554,-2.7877936974173934,False,False,False
166,missense,CTTCTACCCCACCAGAAAGA,-0.09709795992021526,-0.2849546215122489,-30.017913660075912,True,False,True
166,missense,TAGTTTGATGCAGCAGACAA,0.08773974988728932,-0.9157830150650077,-30.394420131604864,True,False,True
166,synonymous,ATGAAGTGAAGTAAATAGAC,-0.09832775397727432,-0.9164642415454338,-30.84618839237494,True,False,True
166,synonymous,CACCTACTCCTGTAAAGGTG,0.008348912769286114,0.06360715923708068,-2.729081106006407,False,False,False
166,synonymous,CATAATAGCTAATACACGTA,0.031205262891640252,0.0622862527118752,-2.9108070057220976,False,False,False
166,synonymous,CTAAACAAAATCAATACAGA,0.01270026620410665,0.04576875538924703,-3.28686727984054,False,False,False
166,synonymous,GCATTAACTATATCATACAA,0.01158826277242642,-0.9199287220236196,-30.259062618548683,True,False,True
166,synonymous,GTAACTCAGAACGAAAACGC,0.06276559233732586,-1.0109412487371676,-30.820688688977874,True,True,True
167,missense,GAATGTGGAAAAAAAGACAT,-0.04221095083152637,-0.9928872410084755,-31.92619747830919,True,True,True
167,synonymous,AAGAAGCGACATTGGACGTT,0.03353349024241045,-0.06810934724704912,-6.414194479567071,False,False,True
167,synonymous,CAATTCGGACGTCTGCGATT,0.014806396471447226,0.05716068276306009,-2.4146469959177614,False,False,False
167,synonymous,GCGAGCAGATTTCCATGAGA,0.020933926778723175,0.08513049332752004,-2.2504830928552777,False,False,False
167,synonymous,GCGCGCCCACCAAAGTTTCC,0.04151513712200054,0.10349316611929679,-1.7804968228890845,False,False,False
167,synonymous,GTGCGAACGGTGGGAAATTG,0.055891780092276536,0.10945988683582367,-1.7616159793851836,False,False,False
167,synonymous,TAGCCTAAAGAAAAGAAGAC,0.5370284764041107,-0.2914288009759519,-6.043104504886861,False,False,True
167,synonymous,TGATAAAACGCTTACTAGCA,0.6758460033117832,-0.9214710638613894,-30.623663451207808,True,False,True
167,synonymous,TTAAAGAACACATCAGAATA,-0.005230961742603572,-0.257670193791165,-30.083790850778,True,False,True
168,missense,ACCATCACATACATATCAAT,0.0869828328469839,-0.9339289512238584,-31.036458870787563,True,False,True
168,missense,CGCGTTCCTGTATCCCGTGT,0.0024895160773103723,0.04670882299558585,-2.730450279575709,False,False,False
168,missense,TAAGTACAGATATATAGAAA,0.009129315122288324,-0.10546302047103967,-7.071562182828598,False,False,True
168,missense,TAATCCCAAAGATAAGCCCT,0.03798206135189612,0.08994646005514428,-2.206592832590662,False,False,False
168,missense,TGCCTATACTTGGCAGTCTG,0.037342482751759415,-0.9466515668691406,-31.685406034768356,True,False,True
168,synonymous,AACCGATATATCCATCAATT,-0.010857156520873242,-0.010145446260625773,-4.452423861247026,False,False,False
168,synonymous,AACGCAGTAGGATAAAAATC,-0.2546386710854448,-1.0004020859812808,-30.827467804988284,True,True,True
168,synonymous,AATTTCTAAAAGACTGTGTA,0.01085152592304386,0.08317159264822777,-2.2700562147251415,False,False,False
168,synonymous,ACATCTCAGTAACCGCGAGA,-0.014217974670965083,0.0835274872812124,-0.8973773548123078,False,False,False
168,synonymous,AGCATGCATCCTAAAAAACT,-0.0068820404116071675,0.09300962276892127,-1.7229889988739246,False,False,False
168,synonymous,ATTTGCCAATGAAGCTGTTA,0.0031203015947237336,0.05415069833269284,-2.112938555851875,False,False,False
168,synonymous,CGGAATGGGAACTCAGGTTA,-0.01147824637982349,-0.0020218130590442807,-3.7173495987820218,False,False,False
168,synonymous,GAGAATGCATAAACAACCAA,-0.5318919791932267,-0.8438009112933829,-30.208334402263816,True,False,True
168,synonymous,TACTAATGTCAACATTTTCA,0.10518070493068753,-1.0807917986770221,-30.812832469579728,True,True,True
168,synonymous,TGCACTACAGGTAAGTTACA,-0.01371611131941336,-0.027229110092800823,-4.924556296330203,False,False,True
168,synonymous,TTAGCGGTTGTTAAGAACCT,0.0417157349842487,-1.632275990151513,-31.19002433901263,True,True,True
169,missense,CTTTGCAGTGTAATGGGCCC,-0.001716163336056559,-0.07378395774343155,-7.091820805715354,False,False,True
169,missense,GAACTAAAGAATAAACTACC,0.012259671578334226,0.0038257085712874728,-4.557240317931305,False,False,False
169,missense,TAATGGATCATACTGATAAA,-0.04318467678533619,-0.961254782131381,-30.980898984338264,True,False,True
169,missense,TCACAGAATCTGAAGGATAA,0.007090611537101021,0.15521879206037664,-0.9618426521005181,False,False,False
169,synonymous,ACAAGGAAATGAGGCAACTA,0.048699120579007105,0.04499761998633221,-2.7143739918704535,False,False,False
169,synonymous,ATATAACTCACAACTAGAGT,-0.03228684216042045,0.11040281184917788,-1.7304499378578102,False,False,False
169,synonymous,ATTCTAAACAAACCAATCCA,-0.017893614624625277,-0.9416747191604988,-31.045109203100726,True,False,True
169,synonymous,CTACCATAAGGCGCACAGTT,0.01276109408725129,-0.967622294522426,-30.034853384284137,True,False,True
169,synonymous,GATAAAATCAAGGGCAGAAT,0.012579793500276814,-1.0064935044483256,-31.701304604453384,True,True,True
169,synonymous,GATGCAATAGGAATCATTGT,-0.045481328286501574,-1.0062829570399277,-32.17992063893219,True,True,True
169,synonymous,GCTATCTCGGTAAATTGGAC,0.03324843523383274,0.07286820021073469,-2.0597610383780736,False,False,False
169,synonymous,GTCGGTTGTAGATATAACCG,-0.07567617307667619,-0.9711117683955506,-31.235423222566506,True,False,True
169,synonymous,TGTCATCTTTCAACCCAAAA,-0.009049970271360789,-0.018375854978049194,-4.510678975892285,False,False,True
170,missense,CAAGTAAACAAAAAACAATA,0.0695026607347244,-0.9616536246769587,-31.161800881410578,True,False,True
170,missense,CATAAACAACGGTTAACTAC,-0.07679351872530202,-0.9794653880158943,-31.510073802167454,True,False,True
170,missense,CATGATGTAATAATGGCTCA,0.004049082111296637,0.0652812672213592,-2.5376744495006363,False,False,False
170,missense,CTGAACGAGTTAGTTTAACA,0.01911394047056868,0.05927429196542035,-1.7006052126787992,False,False,False
170,missense,TCTTTGAAATCTGGGCTATT,-0.04254820314555759,-0.034297134198341406,-5.670064682821874,False,False,False
170,synonymous,AAACTCTCAAACCATATTGA,-0.032070957861292965,0.029238267627884715,-3.7872251387899207,False,False,False
170,synonymous,AATCTCATACTAACATACGA,0.06263507783903137,0.01721226593391323,-3.7992471412053863,False,False,False
170,synonymous,ACATAAGATCTATGTTATGG,0.01001300693151645,-1.0265321423886598,-33.170222214126824,True,True,True
170,synonymous,CACAGTAACAATAATCGGCT,-0.04570919164979241,0.1584623451809101,-0.523045852357978,False,False,False
170,synonymous,CTTAGTATCTTGAATCAGAT,0.002809560547663251,0.05750103236886153,-2.4978085181780565,False,False,False
170,synonymous,GGACAAGAGACTAACTAAAG,0.025277438364360572,-1.002525478396614,-32.37717530746838,True,True,True
170,synonymous,TCTAACAGTTAGTTAGCAAC,0.003930734153692916,0.0613069948364353,-2.5907167280860572,False,False,False
171,missense,AAAAAAGCAAATCGATTCAG,-0.016797558200729548,-0.09806725840706854,-7.575087855912351,False,False,True
171,missense,AGGCACGTAAACTTATTACC,0.0038159259467814254,0.09640241406660599,-1.85118475257357,False,False,False
171,missense,CGTCTACATAAGAAGATGAC,0.10097888467819555,-1.024007595285583,-31.652787144268252,True,True,True
171,missense,CTTGAACAGCAAATAAATTT,0.6670558463199309,-0.09310243294441367,-6.66763329706844,False,False,True
171,missense,GCATAACTCAGCAAAGACAC,0.012126476129924764,0.021070804523225184,-3.7167835374691442,False,False,False
171,missense,GCTGGAAGGAACGGAATGGT,0.02039921722463025,-0.03320482538348993,-4.999287697096341,False,False,True
171,missense,GGTAATTAACTCTAACATAA,-0.011901829335930208,0.03862472748564391,-3.3250623805341517,False,False,False
171,missense,TCCGTACTAACATCCAACGC,-0.045324906862527325,-0.8672381093342987,-30.110603132472086,True,False,True
171,synonymous,AGCATCAAAAATATCTAACA,0.017722793261379745,-0.25448804636337446,-4.423042343974789,False,False,True
171,synonymous,ATATATATCGTGCCACAAAG,0.02153093835700672,0.674464703500073,-2.873488146478089,False,False,False
171,synonymous,ATTCAAGCTATGCATAGATT,-0.06293015658986298,-0.9708990841737766,-31.072100036421453,True,False,True
171,synonymous,GCAATCCCAAAGCAGAACTC,0.003140869791848571,0.0840737931166836,-1.3096614334387457,False,False,False
171,synonymous,GTAAAATACATGTGGGAAAG,-0.015809486541483862,0.05321629914571965,-2.4990051428820452,False,False,False
171,synonymous,TAACTGGAGGCTTTCGATAG,0.012495506667897519,-0.985250656348327,-31.28923574834627,True,True,True
171,synonymous,TAGGTAACACATAATGCACA,-0.027614697885640006,0.04031400265556724,-2.9486100664353363,False,False,False
172,missense,ATTAGACAAAATGTGAGTTA,0.0689767795010815,-0.11048764054097082,-6.793613353642998,False,False,True
172,missense,GAGAATATGGGCCAAGGCAG,-0.09770081245992561,-1.0043117395958951,-32.19719927988443,True,True,True
172,missense,GTTTAATGATCATGCGGATG,-1.7732073169536169,-0.9327797833900331,-30.627443413047025,True,False,False
172,missense,TCAGGCCGTTTACCCATCTG,-0.08176534170228726,0.14443319962349763,-1.055922445995254,False,False,False
172,missense,TTGTAGATACATGCGATTAC,-0.01841482437890789,-0.02349954794834966,-4.827047277008653,False,False,True
172,synonymous,ACAGAAAGACACGAACCAGA,0.014633368683392642,0.07306500148804189,-2.765401134503986,False,False,False
173,missense,ACAACATACCAAAAAAGTAA,-0.03394807305245663,-0.9658305036503236,-30.93358876732821,True,False,True
173,missense,CAAATTGTATAACGAGATAC,-0.009454013104278142,-0.04637831712606835,-5.990600357793514,False,False,True
173,missense,CGGATTAATTTTTACCCTAA,0.019272457725158895,-0.9160036082353664,-30.621716556898196,True,False,True
173,missense,CTCGAATAGACGACTGTAAT,-0.007928946491923022,0.03350289778253439,-3.4316868850473456,False,False,False
173,missense,CTGGTTCAGTGGTTATAATC,0.0036536196446537374,-0.10874926354579101,-8.320718869116643,False,False,True
173,missense,GGAGCAAGGAAACAAAATTA,-0.07413639657726895,0.08356529632347375,-2.0186750705786163,False,False,False
173,missense,GTCTGGGAGAAGTGACAGTG,-0.040050373350404775,0.06794585871866954,-2.155173195412167,False,False,False
173,missense,TAAATCCAACGCAGCGGAAT,-0.052407449292720065,0.16911562523252896,-0.3893188745047282,False,False,False
173,missense,TGAGAGCGAAGTTCTAAGCT,-0.004852917574279817,0.06717902855931747,-1.5233625512317144,False,False,False
173,missense,TTCAAATAGCTACTAGGATA,-0.01562366005245017,0.05448370153752806,-2.3588893689389323,False,False,False
173,synonymous,AACTCATCTATAATAAAATG,0.021928685050639333,0.0445603579879334,-3.1036457177528884,False,False,False
173,synonymous,AACTTAAAAATTAAGTTGCG,0.004994616105582851,0.0757254143616142,-2.295315856848561,False,False,False
173,synonymous,ATTACGAATATGCTTGTATG,0.0037115003381115153,0.13904198444348762,-0.5277239770471784,False,False,False
173,synonymous,CAGATAAGACAACTGATCAC,-0.020139739177554898,0.11877281849698695,-4.294798983721933,False,False,False
173,synonymous,GAAGACTTCGAAATGCTGGA,0.012958838889866302,-0.9950827536691296,-31.777299429063685,True,True,True
173,synonymous,GTCTCTCAGGTAATTCCGAG,-0.6920452504579431,0.07565097008835736,-1.0896855888643187,False,False,False
173,synonymous,TATAGTGTACGAAATCAATT,-0.06615041592363534,0.0730416699657372,-2.0577398772605826,False,False,False
173,synonymous,TCCTAACTCCTTAGTTTTTG,0.007115204055526635,0.07479057127088874,-2.1251573483246404,False,False,False
173,synonymous,TTATAAACGCTTAAATTAGT,0.01944111927212644,0.09408628104757308,-2.4598301425249836,False,False,False
174,missense,AGAGGCAAGAATACAACCGG,-0.013027589408011409,0.06238851358256027,-2.3594604668011834,False,False,False
174,missense,ATAACTTGCTACGATTTCAC,-0.09294482958934518,0.15002169910469806,-0.7420218964576075,False,False,False
174,missense,ATCAAACACGAGCGTTGACA,0.0004777365339326792,0.07844070631646294,-2.389870568694818,False,False,False
174,missense,ATTTTGAAATTGAAGGAAGT,-0.022058547829490228,-0.13225712286067065,-7.733410782324707,False,False,True
174,missense,CGATGGGTTAGTCCCTAGCA,-0.023487333790804855,0.05629012855353423,-1.9940704289757656,False,False,False
174,missense,CTACTCCTAGCCTATATTTA,-0.01320660798565497,-0.11115658326963435,-7.758484226950366,False,False,True
174,missense,GAACAGTAGAAGACTTCGCT,-0.027711589629401092,-1.015128720890683,-31.664451085619827,True,True,True
174,synonymous,AAAAACTGTATCAAGTAAAG,-0.05051841689827691,0.02199890170437649,-3.275461121794754,False,False,False
174,synonymous,ATATGAGATCCATTATAAGG,-0.004911544745285293,0.06175675958023226,-2.552416359810646,False,False,False
174,synonymous,CTTTGTAATGACGATGAAGT,-0.028710432245064952,0.10748600220685728,-0.644255534487917,False,False,False
174,synonymous,TTTAATATATTTTACGTAGG,0.010042722869508247,0.0315913795683426,-3.402634847226682,False,False,False
175,missense,AATGCTTGAACTTCAACGAG,-0.014329279028742103,0.09145231550966487,-1.976948396219575,False,False,False
175,missense,ACAAAAGTTGTATTCCAAAT,0.010499299094665494,-0.07492522264287244,-6.500477948136976,False,False,True
175,missense,ACACGACAAAAGATCGGTCA,-0.005762929588413372,0.05188313230539732,-3.193148864105593,False,False,False
175,missense,ACCAATACTGGTATAAATAA,0.021674431108430862,0.02054858435430887,-3.130276707811138,False,False,False
175,missense,ACTTAAAAGTCAAGGGGGAA,0.02412415784100662,0.06413093989318824,-2.3417179575643408,False,False,False
175,missense,AGTACATTATTCATTTAAAG,0.00039689037800136936,0.02223796069067835,-1.6695608683293333,False,False,False
175,missense,AGTTCAGTATAAAAACATTG,-0.013139635885982666,0.08994530432645703,-1.9108299320584081,False,False,False
175,missense,CCAAAATTGCACTTGTGTTT,0.09149471606744447,0.17573929138514788,-0.7724113837984865,False,False,False
175,missense,CCAAGAATTGCATAGATATG,0.010706795500350879,0.13222016905640593,-1.6080816718578876,False,False,False
175,missense,CTAAATACACCTACGCAAAT,0.024618957767237923,-0.15738937674663334,-7.053035904867612,False,False,True
175,missense,CTTACGCAATAATTCAGCAC,-0.6398375287805553,-0.03831872794199867,-3.375115998194578,False,False,False
175,missense,CTTGAACACTACATTTAAAA,0.030501564870664848,0.07409381861360574,-1.6941186203522203,False,False,False
175,missense,GAATTTTAGCCAAACCGAAT,-0.035141395267951445,-0.9519044669713408,-30.307122276851754,True,False,True
175,missense,GACTCGATGCTTAAAGTACC,-0.686328391062963,-0.9273647648474832,-30.832805191549454,True,False,True
175,synonymous,CACTATGCTCAGATGTAACC,-0.020431265946579725,-0.11041868567031038,-7.556590127447003,False,False,True
175,synonymous,CATCCATAAGATACTATATG,0.002680530848079043,-0.05635713188437508,-5.6742294134166205,False,False,True
175,synonymous,CTACTAAGTTTAGCCCGAAG,0.05432940012320196,-0.8556560537789193,-29.90781101632256,True,False,True
176,missense,AGTCAACACGGCGTTTGCAC,-0.0012469088947062125,0.14274704196310706,-0.07562299898661046,False,False,False
176,missense,ATCAACCGCAAGTAGTTCGA,-0.8478637126375304,-0.8486584625040972,-30.270074695529765,True,False,True
176,missense,ATTGAGAAACTAATCGGGAA,-1.2251170387705976,-0.8230639911034086,-30.34752709171599,True,False,False
176,missense,CAATATCCAAATAAAAAGAG,0.03112261153112528,0.016017371462449193,-3.950915808538492,False,False,False
176,missense,GGTAACCATAAATAACGTTC,-0.6203354133045379,0.1046010756832163,-1.0645622598309206,False,False,False
176,missense,GTGCGTGGACCCCAGTCGTT,0.07031170941178909,0.12118627656191927,-0.923793772111044,False,False,False
176,missense,TGAACTTTTCTTTTTTCAAG,0.015724714798526933,0.10645978862968919,-1.206697894048293,False,False,False
176,synonymous,AATCTATTTAACGAATACGG,-0.05328597877331874,-0.9698559323629166,-31.298443416363767,True,False,True
176,synonymous,ATGAACTAAATACTTAATCC,-0.027526135951180034,-1.024206907890118,-32.277292210232865,True,True,True
176,synonymous,CGGCTCACATCTTTGACGAT,-1.1441118413948133,-0.9054018227763119,-30.09970067699185,True,False,False
176,synonymous,GGCTAGGCGGTGAATGGCAT,0.16317575065353174,-1.0394928833058263,-31.404475686681522,True,True,True
176,synonymous,GGTGAACAAGAGTCAAACTG,-0.021615145656530402,0.05771413352530133,-2.5542304330604355,False,False,False
176,synonymous,TAGACTATTTAAGATCGCTA,-0.03549828674906151,-0.9956564176669929,-30.849970847736852,True,True,True
176,synonymous,TATAAACGAGATTCTGACAT,0.0215934170294674,0.023479811069224893,-3.025456526907879,False,False,False
176,synonymous,TATCATTCAAAAGCTGATAC,0.007367528314145514,-0.03325009689564559,-5.908937256106559,False,False,True
176,synonymous,TTGACCAAACTCTGGAAGCC,0.11347341561344844,-0.958797302880025,-29.918530119110013,True,False,True
177,missense,ACAAGAGTACTTATTGAGAC,0.09961721500323703,-0.08942169777223707,-0.7932536632326431,False,False,True
177,missense,ATCATTCATTACAGCTTAAT,0.005558123145727794,-0.9445443091402186,-30.450221453462387,True,False,True
177,missense,CAATCAATAAGGCCTTACAA,0.6027648611788161,0.0255826530630133,-2.0368466661163995,False,False,False
177,synonymous,AATAGACAGCTACATCATAG,-0.005356519487252969,0.10621031203475126,-2.4049126249413244,False,False,False
177,synonymous,AGATTATCTTAATAATCATC,0.043175499306038104,0.007427383527624898,-3.2738319771846696,False,False,False
177,synonymous,AGTGAAACGAGTGATTACTT,0.5471129933506813,-0.9432610834600468,-30.725586043863597,True,False,True
177,synonymous,AGTTCACAAGAAACTCACAA,0.04772353710885811,0.056373618319793165,-2.799194897207498,False,False,False
177,synonymous,ATCTACCAGGGTCCCCAAGA,0.00097804999887294,0.015227818940217547,-3.904696894284392,False,False,False
177,synonymous,ATTATGATACTAAAATAGAG,0.009729603244716719,-0.9971547527467164,-32.042368788151585,True,True,True
177,synonymous,CATAGCCTAAGACTTCGACT,0.03139922362386677,-1.0000075759054934,-32.3632754987479,True,True,True
177,synonymous,CATATTAGAACTATAATTCC,0.024527305482620974,0.12829732203193006,-0.9595184451681503,False,False,False
177,synonymous,GGGACCGGTTGTAATGCGGC,0.037971202183715844,-1.0127374281680486,-31.158391153251973,True,True,True
177,synonymous,GTTTAGTTCCGCATGCCATA,0.03758147181917443,-1.0209493550087736,-31.794231045717424,True,True,True
177,synonymous,TATTAAAAGTAATGCTAAAC,0.003888506807008814,0.09392162769025772,-1.3164169006276076,False,False,False
177,synonymous,TCTTAATGATATTACTCTTA,-0.012563409183627076,0.0205177886450785,-3.2828798154333687,False,False,False
177,synonymous,TGAATGATGTACATAAGTGC,-1.1401964435473504,0.07446005356607704,-2.1365622727480003,False,False,False
178,missense,CGACCGAAAGATAAATACGA,-0.046029218042091785,-0.05815653745550739,-4.217659615673451,False,False,True
178,missense,CGTGGTGTGACAAAAACTTC,0.628605734813747,-0.9418378200425959,-30.647502178339877,True,False,True
178,synonymous,AAACATAATTAATATTCAAA,-0.006228177817387395,0.09268192892354513,-1.2069131566944995,False,False,False
178,synonymous,ATTCGGACAAAAATGAATGT,0.017181797690327766,-0.9498622562589603,-30.084889460610277,True,False,True
178,synonymous,TAAGAAACTTACACAATGAC,-0.0019933166544991885,-0.919364304476272,-30.67895188753542,True,False,True
178,synonymous,TATCACGCTAAAAAGAATTA,-0.04464774573673043,0.03291911081371779,-4.55472345921666,False,False,False
178,synonymous,TCTTTGATGAGTGTATACAT,0.04827034562056652,-0.9957627760495187,-31.58090272230499,True,True,True
178,synonymous,TGAATATATACAATCAGTAT,-0.005498458517741887,0.05043893654938561,-2.9642288996079884,False,False,False
179,missense,AAATAACTAAAAACTACTAA,-0.1936039000068293,-0.9691578526384057,-31.05518510198458,True,False,True
179,missense,ATAAGACAAAAATATTTAAA,0.009225945658579947,0.04211940518171599,-3.0222427408711425,False,False,False
179,missense,CGACTTCAGCAATAATTCCA,0.6352734502594467,0.11668140323277437,-3.689718597425314,False,False,False
179,missense,CTACAAAATCTAATGCAGTC,0.008294915414664962,0.08738221074488911,-1.723504191105443,False,False,False
179,missense,GCACAAAATTATAATACGAG,0.01642391179945283,-0.9481723036054757,-31.481037113494175,True,False,True
179,synonymous,CGATACATTTAAACCAAAGC,0.0364206748789354,0.04602210619656705,-2.9270612285196647,False,False,False
179,synonymous,GCCATCAATCCTGCATAACT,-0.009527284484346877,-0.9924218312615933,-31.64522785922546,True,True,True
179,synonymous,TTTTCACTACAGTGTGACGG,-1.762813353961659,-0.9962851403072819,-30.763571609970818,True,False,False
180,missense,AATAATAAATCTGCCAGAAA,0.010127360848571687,0.12113372026868267,-1.1125839580872479,False,False,False
180,missense,AGGATTTTGTACAATGTGAA,-0.03747880684972531,0.07374885393404311,-2.24510069045551,False,False,False
180,missense,AGGCGCTTATTTCACACTCA,-0.04002214800275032,-0.11128149312026003,-7.3183881436249205,False,False,True
180,missense,ATTGAATAGAAAAACTCATT,0.002665693121435597,0.016573216893868148,-4.239114597485679,False,False,False
180,missense,CAGGCAAAACCTTTGACAGA,-0.01245186440897894,0.25130299450619503,0.2471039479794458,False,False,False
180,missense,CGTCTATATCAAAACTAAAA,0.008684963802258281,0.13757471844096905,-0.9478355223808942,False,False,False
180,missense,CTAAACTAGAACCGTGGACG,-0.013865564500320351,0.023660401235973905,-3.669122674167369,False,False,False
180,missense,GAAACAAAGTGGGTTAGTAA,-1.7105545594611333,-1.553535226900455,-29.98211962004919,True,False,False
180,missense,TCGATACCACTAATGGTTTA,-0.20797628834122844,-1.0055750890440969,-30.071007847817864,True,True,True
180,missense,TTATAGACGAATAAGTATAT,-0.003614439888714867,0.043419840156166165,-2.843162940601422,False,False,False
180,synonymous,ACATAATATGGCAATAGAGA,0.060381234081998025,-0.9407993634192031,-30.919436045808556,True,False,True
180,synonymous,ATATTAGACCTAAAAAAGTG,-0.02606403487112252,-1.020306224488915,-32.36006943936821,True,True,True
180,synonymous,CGAAAGGTATAGACCCAAAT,-0.07095732088568073,0.07409432288178885,-2.046514829550106,False,False,False
180,synonymous,CGAAATAGATCTAAGAAAGA,0.0032419851654041775,0.04019727043914863,-3.122421939891139,False,False,False
180,synonymous,CTAGCACTTATAGAAAAAAA,0.03999302713417048,0.09625705163792425,-0.6903621012118089,False,False,False
180,synonymous,GCTGTACATATGGTCTCTCC,0.013346774526960335,0.05603785100008407,-2.5207248954805244,False,False,False
180,synonymous,GTACGAAAACAATGAACCAC,0.06048998468937347,-0.9708477917917229,-31.266246702277318,True,False,True
180,synonymous,TACCTAAACGGATGGTAACC,-0.011477802731336768,0.022210729686404612,-4.753647562899467,False,False,False
180,synonymous,TCTGACGAAAGATTTAAAAG,-0.037309353246337926,0.13455214384032976,-0.28858971995700805,False,False,False
180,synonymous,TGCGGGCTCCAGACGCGGGT,-0.1002834620787149,-0.8891503016569264,-30.28308073591016,True,False,True
180,synonymous,TGTATATTCCAGTATTTTTT,0.01636609165583454,0.08443297567416014,-1.5677607934732798,False,False,False
181,missense,AAATTACCCTGAGGGGAACT,-0.040278326548772975,-1.511723978066376,-30.986099171639655,True,True,True
181,missense,AATGGACGCAGAATAGAACC,0.07633839735506884,-1.5048019025646702,-30.792281057591882,True,True,True
181,missense,ACTAGAAACTTATAGATGAG,-0.015906593689177254,-0.95273462979929,-31.127492791415712,True,False,True
181,missense,CAACAAAGATATAGAAACGT,0.03078792505992424,-0.07212270499146287,-6.741101256266756,False,False,True
181,missense,CCCACTAAAGACTGGACTTA,-0.09584918977912311,0.24935135786317636,-0.13887503931627188,False,False,False
181,missense,GTTACATGCTCTAAAGTCCC,0.016224422851645704,0.0766193877896297,-1.9769151806607252,False,False,False
181,missense,TAGAGATCGCAATACATCAC,-0.06872983105717832,0.027690416877049512,-3.921307102450729,False,False,False
181,synonymous,ACTTCAGGAAAAAGTGCAGT,-0.09081245848388445,0.09331058189520716,-2.329132228468909,False,False,False
181,synonymous,CCTATTCATGAACGATAACA,0.0036909705269103877,0.02613291590382044,-3.28915745612415,False,False,False
181,synonymous,CGGAGTGAATCATTATGAGG,0.028263764690781523,0.06637577066632634,-1.9478539991526584,False,False,False
182,missense,AAAGATCGGACATATACATC,0.018532591601078032,-0.9422330845189879,-30.45412344650032,True,False,True
182,missense,AAGACGCAAATATAGGATAC,0.04960782751923956,-0.9815949804468604,-32.11712710267807,True,True,True
182,missense,CACTCGGAGACTAGCATTAT,-0.031786202180022274,0.03550069986045434,-2.657148880181123,False,False,False
182,missense,CCATGGTGTTAGGGCGAACG,-1.2901475632685337,-0.9405806361544156,-30.529309401284156,True,False,False
182,missense,CTATCAGCTATTAAGACTTA,-1.126546611845171,0.010462249966376652,-1.2422361218065872,False,False,False
182,missense,GTGCGAATTAAGAAATTCAA,-0.010219982746584226,0.024542397063163524,-1.0945196306410625,False,False,False
182,missense,GTGCGCAAGACAAATCATAA,0.029435307329504237,0.07218283169029235,-1.9425838432850575,False,False,False
182,missense,GTTAGATATGCGCCAAACAA,0.005557494972253973,-1.6213662895656697,-32.371670940385314,True,True,True
182,missense,TAAACACGAACTACCACGTT,-0.0018256347352696971,0.04846535918772649,-2.9442294047860997,False,False,False
182,missense,TCACAAGTGATAAGATCGTT,0.030421067576723606,0.02619927348085449,-3.0939710756152548,False,False,False
182,missense,TGAAAACAACCCATAGATTT,-1.1108918890316712,-0.8538417255783306,-30.17371119291226,True,False,False
182,missense,TTATTCCGAAGATCTTCCAG,-0.12230713820147526,-0.9327108580516528,-30.563093232803126,True,False,True
182,synonymous,AAAACCTCTAGCACCTCTCA,-0.009604524692424184,-0.07681156734972716,-7.315847701489045,False,False,True
182,synonymous,AAGTTTAAAATGCGTAAGTT,-0.0003898294180733784,0.09068060549246329,-2.440465974266776,False,False,False
182,synonymous,AATAAAAGTAAAAGTCAGAC,-0.03859938663514166,0.039956548619283175,-2.662682831095996,False,False,False
182,synonymous,AATAGGACTTCACCATGCCC,-0.018585834373802287,0.1040424394094065,-1.654695483569278,False,False,False
182,synonymous,AGCCGAAATTAAGATCTAAC,-0.05694877931518784,-1.576626071643634,-30.628663272858194,True,True,True
182,synonymous,AGGCTCATGGTCCCAGGCTA,0.0665361305000762,0.026029527734176064,-4.091325344908798,False,False,False
182,synonymous,ATACATACTGCACATGAACA,-0.035699616690409136,0.08875348167411523,-1.6164673991239968,False,False,False
182,synonymous,CCCTAAGGGGGTAAATTTGA,-0.0035558846370803074,-1.622523038110291,-31.744338495504163,True,True,True
182,synonymous,GATAGAGGAATACCAAAGTA,-0.2880784352261901,-0.5676953044769375,-1.4296593534081952,False,False,True
183,missense,AATGACGATGATGGTAAATA,0.0009993132415899392,0.08983430322138394,-1.8909664457638888,False,False,False
183,missense,ACCCGGAACGAGACAGAAAT,0.015831060212773876,0.11674646701609115,-1.6712984777059037,False,False,False
183,missense,ACGTAAGATACTTATCTAAA,-0.05696425941911114,-0.940609575201869,-31.041865652599302,True,False,True
183,missense,AGCGACAAATAAAAACCATA,-1.0572845849264638,0.11191672117650414,-0.44261042283227187,False,False,False
183,missense,ATAACTACAAACATCAAGGC,0.0028377024280589647,-0.03573035354726395,-4.862567994098082,False,False,True
183,missense,CTCACAATACGAATGACCAA,0.03810798719997756,-0.15158257218518245,-7.528215435900263,False,False,True
183,missense,GAAAGTTATGGAAGAAAAAA,-0.0044089964035692805,-0.12344334773750171,-7.7627147087015,False,False,True
183,missense,TAAACTGCCTATCAATAATG,0.011737032817662066,0.027685874191390944,-3.278129917369542,False,False,False
183,missense,TACTTCTATAGATAAAGCTA,-0.02275985224671974,0.052589682637912305,-3.1890490897184174,False,False,False
183,missense,TGACAGTTATAATTATAAGG,0.06587292872190946,-0.9826059441774795,-31.94554338426517,True,True,True
183,missense,TGTTGCTTTCCCAAATTAAT,-0.011115656834335035,0.10039490042746052,-1.3846290432980963,False,False,False
183,synonymous,ACACGTGATTATTAGTGGAT,-0.00451987412499499,-0.9716418246771055,-30.994722008293284,True,False,True
183,synonymous,ACAGAAGTACCGGAACATAG,0.037271538421799005,0.024427771211237737,-3.28136306952003,False,False,False
183,synonymous,AGAACATCGATGAAATACTA,-0.018484971900772376,0.003289158766434125,-4.363064365139654,False,False,False
183,synonymous,AGTAACTAAACAAAGAAAAA,-0.029362007500494548,0.021805524417997657,-3.2852463700963135,False,False,False
183,synonymous,ATGACCACTTAAAGCGAAAA,-0.010590499456810924,0.05050670383994689,-2.9927749295181765,False,False,False
183,synonymous,CAATATGATGACTGACTCTG,0.009903413864499434,-0.0059709751457880655,-4.365205971121439,False,False,True
183,synonymous,GCCAATAAACTCAAAGATCC,0.0025928522492918694,-0.13363037589437993,-8.650022875429487,False,False,True
183,synonymous,TAATTGTGAAGACCCGATTT,0.012652566802825846,0.06467368626052367,-2.454311816934772,False,False,False
183,synonymous,TATCTAGTTACTTAAGGAGA,-0.05129886756253767,-0.04552730301578989,-4.406877418106289,False,False,False
183,synonymous,TCATCATTAGCTATATATGC,-0.04409399664171261,-0.11317260808467783,-7.264737719107316,False,False,True
183,synonymous,TCGGTCCTATGTAGCCTACC,0.026443138380860876,0.04174043210260414,-3.020124123980093,False,False,False
183,synonymous,TGGCATATGGGAAGGGAAGA,-0.004332183624170468,0.07493675124124298,-0.6420294100195594,False,False,False
183,synonymous,TGTAGTGGAATCATCCAATG,0.016526821085227468,0.03448476563666604,-3.4665218141269314,False,False,False
183,synonymous,TGTTAAGAAAATCTCGACTA,0.013468602535679344,0.05414802322987937,-2.784516971085681,False,False,False
183,synonymous,TGTTAATCAAAATACGCTGT,0.001048835017662762,0.13992899239933754,-2.908409038872477,False,False,False
184,missense,AAAGGTAAAAAAGCAACCCT,-0.038782474492373126,-0.01693042754768212,-3.7437907859400537,False,False,False
184,missense,AGTGATATGAATCTAGGAAT,0.019736089170747692,-1.0358795497826725,-32.550352641779796,True,True,True
184,missense,CATACATAAATCTTACGTAA,-0.02547013174324628,0.052658615819380875,-2.539220580600417,False,False,False
184,missense,CCGGGAGATAACGAATAATT,0.01121154671273378,0.05991715998223851,-2.628224188326559,False,False,False
184,missense,CTGGCTCTAAAGAAAGGGTA,-0.03421452789756925,-1.0006700997835882,-31.870473764843027,True,True,True
184,missense,GAGACATTGAGAAGATCAGG,0.018908528001402136,-0.9356251542973497,-30.404999187124037,True,False,True
184,missense,GAGTTTCCGATATAGAAAAA,-0.6844971126044342,-0.9094213616283562,-30.380216096051775,True,False,True
184,missense,GATAGAATTGGAAAAATGTA,-0.024949835907909192,0.08666560950967195,-1.9164664694245552,False,False,False
184,missense,GCATTAAAGAATCGGTTATT,-1.0327483808791047,-0.9207920200111868,-30.400636802841035,True,False,False
184,missense,GTAAAATATGCTAAGAGGGA,-1.61002974510488,-1.0146043742554158,-29.931394300080164,True,False,False
184,missense,TAATTAATTCGGACTAATTA,0.009870719870779948,0.045843017870313585,-2.7870818408536047,False,False,False
184,missense,TACTGAACTTCATATTAGAC,-0.00742435541773011,-0.9188586634532581,-31.06245679239916,True,False,True
184,missense,TCAGCCAATAAAGGTCCGTT,0.02161991863569684,0.05887792568345121,-1.9883793200969444,False,False,False
184,missense,TTCGATCCTAATTAAACTCT,-0.011002441979822704,-0.09242192375499159,-7.227911296843926,False,False,True
184,missense,TTTCAACAATCATAATGAAA,0.04282896200904965,-0.01119590884474822,-4.763598476451564,False,False,True
184,synonymous,AAAAGATCAAGAAGTATACA,-0.08136946533692135,-1.6435563079213094,-31.121505246017044,True,True,True
184,synonymous,AAACACTTAATCAAGTTAGC,-0.07135912545502511,0.1168546328431248,-0.8965547534784957,False,False,False
184,synonymous,AATTGTCATAAGGTCATCAC,-0.01622020133683862,0.04616605858952108,-2.5710727224319525,False,False,False
184,synonymous,ACTTAGCTGGTTCGGATCAG,-0.04353755190667083,-0.9508429924776096,-30.497641941220632,True,False,True
184,synonymous,ATAGATAATACGCCGTCAAA,0.04589437878637627,-1.6196820694510852,-30.387071104973426,True,True,True
184,synonymous,CCATTAAAAAAAGTAAAAGT,-0.05876935192492459,0.06872917322296523,-1.0050600017536047,False,False,False
184,synonymous,CCTACGATTGTTAGCAGGTA,0.05582743037789992,-0.12745507323244187,-7.107792014394456,False,False,True
184,synonymous,CTAACGTTGCCCGGTGTAAT,0.011951777930265223,-0.06081898959745832,-5.526735511426564,False,False,True
184,synonymous,CTAATAAAAAGAACATTATA,0.017884164948421797,-1.0463303080175015,-32.12374579084439,True,True,True
184,synonymous,GGAGTCCTAGTAAGCTGCAG,-0.0004784730447303454,0.02142217898980389,-4.129542657624,False,False,False
184,synonymous,GTTACAAAACATACAATAGT,0.036510901340726806,0.08386575965125863,-1.7622136269275734,False,False,False
184,synonymous,TCATGTTATATCCTCAGAGG,0.0045577010934357755,0.028875743355874853,-3.169896049709625,False,False,False
185,missense,AAGGGAACTTATGATCCGAT,-0.019418145851388086,0.10889305936619689,-1.3421235515404142,False,False,False
185,missense,AATTGACTACCGGTGTATCG,0.024309386399996753,0.009564984684857641,-3.6271105256472613,False,False,False
185,missense,ATAATTGCGCCCAATGCCAT,0.017716370812282972,0.05704094346244486,-2.437361317624235,False,False,False
185,missense,ATCAGCACCAAAACATATTA,0.036776994758374856,0.08204309971019026,-1.4355757433770462,False,False,False
185,missense,ATTGAGACTAAATAAAACTC,-0.02121301643204146,0.13252908466325322,-0.5413241113998298,False,False,False
185,missense,CAATCGAGTATACGACCTTT,-0.057556930715651156,0.10433437262663037,-1.719253312465627,False,False,False
185,missense,CATCCACAAAAAAAAAACAA,-0.02817135603457122,0.0011128766412052682,-3.621590702558161,False,False,False
185,missense,CGGGCAGAGAACACTAAAAT,0.049672107721274866,0.035112344613079216,-3.2774383388260047,False,False,False
185,missense,CTTATATTATGACCGGATTA,-0.06690683802811404,-1.0086300376702553,-32.51843196076223,True,True,True
185,missense,TAAGTGATAAAGATGATGAG,0.03838362837624355,0.11095761797727596,-1.7608766866739862,False,False,False
185,missense,TCAAATCTGTAACCTGCGCT,0.6423479104974856,-1.771261266102352,-30.12050266766136,True,True,True
185,missense,TGGGGTCTGAACCACGTGAC,-0.10859351378482272,-0.07374946217315617,-5.33223884930698,False,False,False
185,missense,TGTATCCCTACTCGATTATT,-0.022260847980584732,-0.9415606418714353,-31.08956720737063,True,False,True
185,missense,TTAATCTCCGTTTGGGGATA,0.03381109043509353,-1.2108906598790152,-31.205835611925707,True,True,True
185,synonymous,AAACATATGCTGAGAACGCA,-0.0017280245515381822,-0.9989140323542849,-32.932508597665105,True,True,True
185,synonymous,AAAGATACAAAATATTTCTG,-0.03598113083976645,0.004226284187547419,-3.3825163973192023,False,False,False
185,synonymous,AATAGAACTTAAAACGTTAC,-0.09459315636629802,-0.9398716965353529,-30.521221005019438,True,False,True
185,synonymous,AGCCAGGCAAGGCTACCCGG,0.005005034213288488,0.08732070472419616,-1.7665256911635172,False,False,False
185,synonymous,ATAAAAAATTATTAAATCGG,0.016898323166182727,-0.1178400054706304,-4.49207672036108,False,False,True
185,synonymous,ATAAAACAAACAAGTAAAGA,-0.09034475948189787,0.07434480936487484,-3.554205430810437,False,False,False
185,synonymous,CACTAAACCAACTGAAGAAG,-0.0642657963858128,-0.1228704364976837,-7.095534586919112,False,False,True
185,synonymous,CCGAAGGATTAACAAAGTAA,0.03534359827306653,-0.055752928450858774,-5.243814723893845,False,False,True
185,synonymous,GCAAAAACGGCAGTATTTGA,-0.024512249234342157,0.08215694292769075,-2.2112971288139813,False,False,False
185,synonymous,GTGAACAACTAGTTGATCAG,0.5934904483121713,-0.9643619239244647,-30.5823147921455,True,False,True
185,synonymous,TACGATCCTGAGGGCAGTAT,0.0011265638820228431,-0.9485500476259945,-30.647585764187465,True,False,True
185,synonymous,TGTTATAACTTGTAATACTC,-0.07506830012869518,-1.0747278275336956,-31.157260090449657,True,True,True
186,missense,AACATGAAATCAGGATTACA,0.00646151708673341,0.0821241602969138,-2.118472671019133,False,False,False
186,missense,AACCAGTCCTCTCCCGCAAC,0.05734313177961421,-1.0676328409468028,-30.362744122337787,True,True,True
186,missense,AACGTATGTATAAAACAGTG,-0.014729012324802837,0.06578274638771972,-2.5836178439292095,False,False,False
186,missense,AATTAATGCCTAGATTAGGA,-0.07326064794169787,-1.1427223394227204,-30.37528486483977,True,True,True
186,missense,ACGTAAAGCAGTAAAAGTTG,0.05132471519831169,-0.0530291066358482,-6.733452861542799,False,False,True
186,missense,ACTATAACTAAGACAGCGGA,-2.7033196430202924e-05,-0.03222061025170728,-5.485302697066262,False,False,True
186,missense,AGCCAGCAGCCCAGATGTAA,0.015497849767907301,-0.9252942644622717,-31.417734600190165,True,False,True
186,missense,ATCCCATCCATCATAGAGCT,-0.0006987375771659596,0.051105543500702885,-2.8305388886175757,False,False,False
186,missense,ATCTCGAACGCCAATCTTCT,0.036649520828037324,-0.9659448338889334,-30.739642673221894,True,False,True
186,missense,CATGAAGCGCAACATGAAAG,0.08935284666318351,-0.050153122850019244,-5.731346437573721,False,False,True
186,missense,CATTAATCACACAAAGTCTC,0.038832743937853326,0.0517480174689941,-2.9896657488106877,False,False,False
186,missense,GACAATCCCAATTGATTGCT,-0.008527838908311132,-0.9883376379418078,-30.934139294435965,True,True,True
186,missense,GATATGTTAAACAGCACAAG,-0.14294734446512647,0.11279216543975024,-2.251772749443935,False,False,False
186,missense,GCGATGCCTTGTACGGAATA,0.020860112231762748,0.04455208491082613,-2.7545727466258705,False,False,False
186,missense,GTAACTATAGAGTTATGTCT,0.0037112583692024536,0.059330388741425544,-3.106830622603687,False,False,False
186,missense,GTGATGGAATAACCTCATTA,-0.008931812079113068,-0.9181485834899532,-30.207316956560234,True,False,True
186,missense,TACAGTAATAAGCTAGTAAT,-0.020543120556946008,0.05251513519764134,-2.772548189357464,False,False,False
186,synonymous,AATTTGCCAAGATCTTATAT,0.015396742438605225,0.07209973856932753,-2.383804617546644,False,False,False
186,synonymous,CCCCAAGGAGTAATCATCAA,0.005511091469471966,-1.03488678870725,-31.421159360719773,True,True,True
186,synonymous,CCGATTAGTTAAAACTCGAA,0.044349134385720884,0.08995500683633303,-2.524205764363967,False,False,False
186,synonymous,GAGCAGAATGAACATATCAA,-0.008043136884429182,-0.08473199012743454,-5.862928904232295,False,False,True
186,synonymous,GCAAAACAGTGGCATTTAAT,-0.01830326380060505,-0.60254410352094,-2.0238510820100513,False,False,True
186,synonymous,TATCCAAGCCGATACACTAT,-0.02973292309555001,-0.9369321114422344,-30.2573208277136,True,False,True
186,synonymous,TCCACTATTTCTTATAATAA,-0.020540839286366085,0.08598992155231437,-1.8803629780971614,False,False,False
186,synonymous,TTAACACTACGAAAGCTCTC,0.06916587089583279,-0.9720778297740538,-31.15191923540439,True,False,True
186,synonymous,TTACCCAATAGGCTTTTGCG,0.022966080092473834,-0.9098168098410941,-30.53248323567218,True,False,True
186,synonymous,TTCCTCAACCCAATATATGG,0.008042220032278192,0.07119300488851472,-1.7917256052367567,False,False,False
187,missense,AAGGAAAAGCGAAATCCGTT,-0.009836798341005086,0.09328507759900095,-2.8335442954732173,False,False,False
187,missense,AGTAATCGGAGAGACTTCAC,-0.0642472614023387,0.1172447205811776,-1.3716144629699967,False,False,False
187,missense,ATAACATACGCATCGGGTTC,0.03132657183177756,-0.9643497049660454,-31.175510055031026,True,False,True
187,missense,CCTCAGGATGTATGGTAAGC,-0.0062389003884693196,-0.00468922981488043,-4.477615571742211,False,False,False
187,missense,GGTTTAGAAAAATAACCCTG,-0.020043310148057374,-0.9007179165905277,-30.154540609728087,True,False,True
187,missense,GTCTTTAACCATATTAGGCA,-0.018747272115332458,-0.9480411338430172,-30.402278583973988,True,False,True
187,missense,TACATGCATATACACCTCCG,-0.02893962296830756,0.06634185338639012,-2.038139940665638,False,False,False
187,missense,TCAAAAAGCAAGAGATCCTC,0.01521000769758609,-0.9749412723428024,-31.452109202100196,True,False,True
187,synonymous,AAAAGCAAGGAAAATAGAGG,0.009702155368394928,-0.9720737845725331,-31.945245914538617,True,False,True
187,synonymous,AAATTCTGACTAACACGAAC,-1.0446829922277716,0.7673013647778877,-0.21263081787564417,False,False,False
187,synonymous,ATAACACAAATAAAATTCTA,-0.014788734888352813,0.08833362341253176,-2.086001768495979,False,False,False
187,synonymous,CCCAAGCTCCACCCTAAGTG,-0.009250892616841637,-0.030484560320561432,-5.868148701073833,False,False,True
187,synonymous,CCCACTCTTATCCTAACCTT,0.015368467221571699,0.08401672859488375,-2.6066843584117887,False,False,False
187,synonymous,GGACAAGGCAGACAGAAATA,0.026702629485777032,0.050696474793105184,-3.190708526475012,False,False,False
187,synonymous,GGTATTATAGGAATGTACGA,-0.01695839876539531,-0.9167334598646932,-30.531623888259098,True,False,True
187,synonymous,TAAACCAAAAAATATTTAGG,0.007493739166526029,0.051571151277712515,-2.612086252572848,False,False,False
187,synonymous,TAATACCTTTGGGAGGGATC,0.01873116905614991,0.05572337276882765,-2.520162641750474,False,False,False
187,synonymous,TCAGATGGAAGACCCAAATA,0.0060153942248817914,0.017590818092323046,-3.398463161766921,False,False,False
188,missense,AAACTATTAAAGACCCTTAA,-0.2143928537113379,-0.0579643788561946,-5.303334340437435,False,False,False
188,missense,AATGTGCTTATTAAAGAGGC,0.016211842271362024,0.057754205796891944,-3.3987566571429393,False,False,False
188,missense,AGGCTAGGAGGGGGAGATGG,0.03394560906840342,0.1306060442904645,-3.0100429210753865,False,False,False
188,missense,ATAAACTAAAGACGGATGTG,0.018245823506025178,-0.25121855398977294,-30.205198084991384,True,False,True
188,missense,ATCGTCGACATATCGTCGCA,0.0018363263158576043,0.03716858207930901,-3.1440799685956153,False,False,False
188,missense,CAGAGCTAGAATAAAATACG,0.02346690249313973,0.04647187545163786,-2.932923364360039,False,False,False
188,missense,GAAAACAGGTCATAATTAAA,-0.3187106613304959,-1.0724655624333508,-30.696100231779454,True,True,True
188,missense,GAATGGTTTATCAAGTTCAG,0.7772285006259126,-0.904429082256605,-29.975144475550877,True,False,True
188,missense,GCCGATGGTTAAAGTTACAA,0.03380980779617075,-0.006146802744874474,-3.684005468016954,False,False,True
188,missense,TAAAGTGAGAGATCACACGT,0.008659294289260629,-0.9860556941858818,-31.519537227070558,True,True,True
188,missense,TAACATACAATGGGCAACGA,-0.048767237841597866,-0.05349907048086808,-5.719067625331989,False,False,True
188,missense,TCCAATGCTATACAAATTTT,-0.03249274280054952,-0.056867044579792775,-4.58151491942367,False,False,True
188,missense,TTTTCCTAAGGCTGAAAGAG,-0.048107011575320976,-0.9734876718060668,-31.749245222509373,True,False,True
188,synonymous,CTGCAAATCGGAACGAAAAC,0.01032101443950319,-0.001520298532903891,-3.7306578709283613,False,False,True
188,synonymous,TAGACCAATGTGTGCTTGAA,-0.07520749954624102,-0.982269459082542,-31.5360790659455,True,True,True
189,missense,AAATCTGATATAACAGAATC,0.08708905206280634,-0.9324061182346584,-30.604272427478385,True,False,True
189,missense,AACCAAACTCAAAGAAGGAG,-0.004210094549241565,-0.04624827375804452,-5.2916150998825096,False,False,True
189,missense,ACACAGTTATTAGTATTCGG,-0.017167039866350778,-1.0142920772832646,-31.88232430845577,True,True,True
189,missense,ACTCTAGGCTTTATTACAAC,0.011135837985494354,-1.0213726480841685,-32.65403101020411,True,True,True
189,missense,CATATTAGTAAGGACACTCG,-0.03094489325312628,0.06742770175482853,-2.5892779706113767,False,False,False
189,missense,GCAGAGATTAAACGAACCTA,-0.20818847861534098,-0.9845876075772977,-31.460080310138277,True,True,True
190,missense,AATGCGAAGCAACATAAATC,-0.01961647467090311,0.1301265591464984,-0.6394414507773221,False,False,False
190,missense,AGACAACCGAAGTATGCCTC,-0.0733080866049078,-0.922859000880905,-30.033998580540427,True,False,True
190,missense,AGAGAGGACGACGAACGCAG,0.0184959038378257,-0.1082145074941071,-7.930796020644869,False,False,True
190,missense,AGCGCTGATTGGAGAAACCT,0.03952201597909573,-0.8790666051082563,-31.024072807653372,True,False,True
190,missense,AGGATCAAACCTACCCATAA,-0.0622782559800404,-0.9528871758627306,-30.874841807636457,True,False,True
190,missense,ATAAGCCACACTAAAAGCTA,0.06028352222877503,-0.9400895927004975,-30.354381163894715,True,False,True
190,missense,CAAAATAAAATGTAAGCCTC,-0.23608040603824246,-1.0023846305143749,-31.39698670555639,True,True,True
190,missense,CAAACCAGCGTTACGAAAAA,0.009942409694084197,0.05075985276326714,-2.661205373588942,False,False,False
190,missense,CAAGGTGCGTATGTTTTGGT,0.024043090316887544,0.0061175243359481435,-4.014279123940109,False,False,False
190,missense,TACGAATCGGTAATTAACAA,0.030087534502111067,0.03600827126690537,-3.2007470583650774,False,False,False
190,missense,TAGTTCAATGACATAGAACC,0.04808335059676341,-0.2818303332291808,-30.658418353820654,True,False,True
190,missense,TGAAGTGTCTTTAGGCATAT,-1.0773898593819522,-1.0501865210061478,-30.180363293393256,True,False,False
190,synonymous,ACAAAAAGCGGAATCACAAA,0.00744741425843245,-0.9678205212361284,-31.99664249756412,True,False,True
190,synonymous,CAATAAGAACCAATAAAATT,-0.0033861653487554213,0.046683416118485685,-2.9266663406220226,False,False,False
190,synonymous,GACAAATAATCGAAAAAATC,0.020626857139171784,0.08873701728347179,-1.975436050904555,False,False,False
190,synonymous,GATACTCGGCCTTATGGACG,0.03505491022123247,0.07437533151879358,-1.2673598909402841,False,False,False
190,synonymous,TAGTAAATTACTCCGTAGAA,0.10084460206308289,-0.9357499837084464,-30.66824851324647,True,False,True
191,missense,AAGCTGTTTTGACTCATTTT,0.007629585651772245,0.07837380452263681,-2.542135012803974,False,False,False
191,missense,ATAAGATAACATAAGAGCTA,0.08162213020242973,0.09381548206495019,-2.188992432443054,False,False,False
191,missense,CGAGTGATGTCTTTTTAAAT,-0.01004193272322154,0.40603350467861066,7.010003700339069,False,False,False
191,missense,CGCCTACAGATAATTTAACA,0.03425654935000809,0.012015118820833504,-4.406362662796523,False,False,False
191,missense,CTAAGTGTGAGAAGTATTAT,-0.017356270113884034,-0.05888163473762656,-5.3053611481823175,False,False,True
191,missense,CTATGAGACAGTAAAGCATA,-0.0015363919511706785,-1.015027397867503,-32.03548593665061,True,True,True
191,missense,GAGAAGATATGTATCAGAAC,0.04010119107116311,-1.6226724580318332,-31.07394486648512,True,True,True
191,missense,GGGACAAACTTAGGAAAGCG,-0.030596039103204176,0.0606859262045021,-2.6068044957047016,False,False,False
191,missense,TAGCTAGATCAATCGCACAT,-0.013514072803277197,0.0067917407838053445,-4.457510537881959,False,False,False
191,missense,TATATCTGCTGAACTATTTT,0.08628842711251898,-0.7816550129325819,-29.969857257012656,True,False,True
191,missense,TCCGAAAATAGATTTTTAAC,-0.014985334183892026,-0.27959687178868475,-29.985290206284525,True,False,True
191,synonymous,AAAGAATTGAACGTAGGAAA,-0.03479175900080468,0.09212933295548023,-2.250068237364,False,False,False
191,synonymous,AATTAACAAGGGACGTGCAT,-0.03978386355351335,-0.05625960584182069,-6.310719426248501,False,False,True
191,synonymous,ACATTACAAGCGCCTTAGAC,0.03943042012656299,0.14689560255933662,-1.1550906924074456,False,False,False
191,synonymous,ATAACAAAGCTAACATTAAA,0.004744042426195208,0.07304951508466742,-2.5560456251515236,False,False,False
191,synonymous,ATTATAAACTATACTACCGT,0.4467080999871025,-0.964526310292978,-31.45811145001251,True,False,True
191,synonymous,ATTCACTTCGTAAAATGAAA,0.10357973819366098,-0.9241370724242666,-30.375212525997156,True,False,True
191,synonymous,ATTCATGATACGCAATTGGA,-0.0017798330699764983,0.10232124772552414,-1.9156761872308223,False,False,False
191,synonymous,CAAAAGTTCGCTACTTGCTA,0.04632757819011764,0.013212680746215594,-3.9766036438288124,False,False,False
191,synonymous,CAGAGACTCGTAAACTTACT,0.009351137300058725,-0.04404432790172655,-5.66410155187236,False,False,True
191,synonymous,CGTAAGGGCATCAATAGAGC,0.012198491380272482,0.08777064174931334,-2.085803990181252,False,False,False
191,synonymous,GAAAATAATCAATCAATTCT,-0.0008202684702697961,0.022976510621214086,-3.290206954585818,False,False,False
191,synonymous,GGATATCAAGATAATAAAAC,-0.7113790779188173,0.13903486869305892,-2.968698439244019,False,False,False
191,synonymous,TGGATAGTATGCACTGAAGA,-0.6409124335065931,-0.8990494227530583,-30.23805791610874,True,False,True
191,synonymous,TTAAAAAAAATAAGACAAAA,0.0007218287252079903,0.02622237194160265,-2.4706933764179166,False,False,False
191,synonymous,TTAAATGCAACACACGTCAT,0.008083063022664858,-0.06733657297519216,-6.654479196522811,False,False,True
192,missense,ACCTGCTTAAAAAAATGAGC,0.10823657907970195,-1.005865705504792,-30.22906289082802,True,True,True
192,missense,AGACAGCGAGAGAAACAATA,-0.14394721069111963,-0.08564423179339853,-30.15619488794248,True,False,False
192,missense,AGTGATAAACAACACTTACA,0.014612300874432773,0.06335163900841123,-2.5512731770324186,False,False,False
192,missense,CAGAAACAACACGATAACGC,-0.04578944973674422,0.023622389704753582,-2.299260519654038,False,False,False
192,missense,CGGATCACAAGGTATGATTG,0.055890152911456395,-1.5881902791620668,-30.787057662570042,True,True,True
192,missense,GGCACCCAAACTTATAAATT,0.031783695926909175,0.08156662636834854,-2.072443750611945,False,False,False
192,missense,TCATTCAATAATGCATCTAA,0.008020605031406735,0.094919526977701,-2.193301350023382,False,False,False
192,synonymous,AATCACAGTCTTTCCTCCAA,0.000594609342272753,0.01541445778275602,-3.177344232485968,False,False,False
192,synonymous,AGTAATAATTACAACCTATA,-0.033122410584204356,-0.020295039287284794,-4.432330090938351,False,False,False
192,synonymous,ATAGAGAATACATCAATAAA,-0.026968607890694586,0.021755748007756398,-3.28543997523725,False,False,False
192,synonymous,CGCGGCAAACGTCTAAGCAC,0.05307671289100628,-0.907122976533691,-30.997085146203457,True,False,True
192,synonymous,CGTGAAAATCGACAAATAAT,0.00015014201128152327,0.007523793934770512,-3.672985712444737,False,False,False
192,synonymous,GGCGCACAAAATGTACCGTT,0.12794051235152223,0.002286370324246445,-3.8840541921767078,False,False,False
192,synonymous,TAACCTTGAAGTCCAATGAG,-0.008194226185175629,-0.06270393160432458,-6.311800329203638,False,False,True
192,synonymous,TACCCCTCACAGGCCTTAAA,0.013475531379322041,-0.031607439184768826,-5.991164818173721,False,False,True
192,synonymous,TCACAACTGGTTCGAGCTCA,0.03861138407141916,-0.9880860769996653,-31.17068242432926,True,True,True
192,synonymous,TGCGCACCGTAGATCTAACT,0.03674242836700471,0.0271337572638482,-3.093545287957692,False,False,False
192,synonymous,TGGATGGGGCACCTAAAAGG,-0.017380944621721857,-0.07843831749527666,-6.077966187613929,False,False,True
193,missense,AACAAATTAAAGCCAGGAGT,-0.007015014324314579,-0.9958434744516349,-31.759690064101424,True,True,True
193,missense,ACACGAGGTGTTAAAAATAA,0.022538172640267154,-1.0535886641068561,-30.644856798284795,True,True,True
193,missense,ACATAATGACTCACCAACAT,-0.01395513054508804,0.1049468545063458,-1.156749431691707,False,False,False
193,missense,ATGATAACAAGTTCGACGCA,0.0035844402913219288,-0.9928179095917564,-32.18946532736468,True,True,True
193,missense,CTTATCAGAACGAAGATCTC,0.1172952390333505,-0.9331959955238771,-29.92132771234748,True,False,True
193,missense,GCGTTCGAGATTCTGCGTAG,0.6510025631471158,0.10535084027837412,-1.6578968406398324,False,False,False
193,missense,TAACGAATGTAATCAATAAT,-0.05134048565679278,0.09149366665190806,-1.1308315809588934,False,False,False
193,missense,TACTCGTGCATCAGGCATAA,0.08063716986697228,0.07109945783738414,-2.512573997583886,False,False,False
193,missense,TATTTGTCACGAAAAAAACT,0.004378298125271782,0.07229277715253286,-2.2507317562404934,False,False,False
193,missense,TCAGCAACCCAAAATTACTC,-0.01584670132212031,-1.0014373862211097,-32.94811015925192,True,True,True
193,synonymous,ACGTTTAGCTCACAAGAGGG,0.021326092814669073,-0.1649819880889481,-8.886637136654311,False,False,True
193,synonymous,AGGTGACCAGCAAGACAATA,0.05099176051813603,0.05038219346969654,-2.5430729658883067,False,False,False
193,synonymous,AGTAGAATAATCGCAAAAAA,-1.2141600104279417,0.14951649304552406,-0.34556078704842846,False,False,False
193,synonymous,AGTCAAATCGTGTAGCTCCT,-0.10345894805710054,-0.9570308657585087,-30.650727368433284,True,False,True
193,synonymous,CGTTAGGAAATTATACCACT,-0.20375282375567666,-0.9477722070596888,-31.185461481862646,True,False,True
193,synonymous,GAGTAGCACATGCAAGAAAC,0.02508801284196974,-0.09221509284526044,-6.82521896880638,False,False,True
193,synonymous,TAAATACCACTTTAAAAAAG,-0.03228140811021338,-1.014091316910063,-30.54353416097874,True,True,True
193,synonymous,TTGTTATTGGAATAGGATAA,-0.05198954539071557,0.018325681398164845,-3.004545716017723,False,False,False
194,missense,AAGAATGGAATACAAATTTG,0.007883282620253038,-1.0551794613425676,-33.62455975545409,True,True,True
194,missense,ACATAAGTATAATGTTGTCT,-0.019105846028110853,-0.5997937820890589,-2.2874587103301196,False,False,True
194,missense,GCCCATATTTGACGTAACCG,0.06503294881487613,-1.1211446037926143,-30.02401854851263,True,True,True
194,missense,GGCCTTTATATAAATCTTAG,0.017241954686080023,-0.9660181908858239,-31.382558280715507,True,False,True
194,missense,TCATTCCGAAGGGACCGATC,0.011704072688037831,-0.9607346249057467,-30.851725218396258,True,False,True
194,synonymous,AACAAATTTAAATTTTGGAA,-0.003022043836297889,0.09126674007293244,-2.2724580868138213,False,False,False
194,synonymous,ACACACGCAAAATAACATCG,0.04925055630254986,0.0163611786890219,-3.7044821937116614,False,False,False
194,synonymous,ATATACTTAAAGCACCAGAA,-0.02016457260020791,-0.956580079751697,-30.948906982409436,True,False,True
194,synonymous,CAGCCTGAATAATCTACTTA,-0.021631127937853722,0.018568838902225576,-3.3719458708609795,False,False,False
194,synonymous,CCAACCATGGCCAATAACGA,0.030192955848936675,0.2632193026187367,0.2531519536584636,False,False,False
194,synonymous,GTGAGATTGACGAAACTTGA,-0.6374282018920924,-1.4761563869883183,-30.250118670284543,True,False,True
194,synonymous,TCACAATTCAGCTATACAGA,0.039941995210901846,-1.2168104194080498,-30.445847649292205,True,True,True
195,missense,AAGATAGTAGTATGAAAGGA,-0.04336770695891348,0.1564112428025276,0.07985606520111335,False,False,False
195,missense,ATACCCATACGTTCCAACCA,0.0596624510488481,-0.9962614068977249,-31.240859510322807,True,True,True
195,missense,CGCTAATAAGAGAAGAATGT,0.0028720225400375022,0.03939433251178033,-2.9428641996738256,False,False,False
195,missense,GAAAAGCCTAAGAAATAAAC,-0.0032227618240066036,0.0509734236225374,-2.524341986320628,False,False,False
195,missense,GATTTAACTACTTTTGCGAA,-0.02077945751929181,0.0368432513884991,-2.607262721467422,False,False,False
195,missense,TAGGAATGCATACACAATTG,0.017988186353890427,0.08666433069408028,-2.000391653947268,False,False,False
195,missense,TCGAAATCCAACGGGGTACA,0.013563109164313143,0.017461309490772486,-3.4416011425688944,False,False,False
195,missense,TTGCTGGTATATATGTTACA,0.027664586297934158,-0.1313297569635472,-6.924281853760059,False,False,True
195,synonymous,AAGGTTGTTTTAAGATCATA,-0.017429735783821985,-0.0013738819995774698,-3.9109997282084867,False,False,False
195,synonymous,AATAACTACGGTATGCGCAC,-0.05954231911192155,-0.9569239279007942,-30.931589102311143,True,False,True
195,synonymous,CAATGCTTAAACTAAGCACA,0.04341798586504263,-1.022727749374745,-32.629148780116424,True,True,True
195,synonymous,TGACGTGTTAAGCATATCGA,-0.01489182572253872,-0.07156094922771719,-6.240162762496502,False,False,True
196,missense,ACGAACCGATACCGTACGGT,-0.0006620203889896713,0.13210340495956954,-1.7256876364940636,False,False,False
196,missense,ACTACATCACATACAGGTCA,0.014060938688616043,0.02368754658758629,-3.4964333202361724,False,False,False
196,missense,TAGAATCCAAATTAACTCGA,0.013539451371538327,-0.0024315253702038298,-4.0520273024725615,False,False,True
196,missense,TGTATGTGTATCCTTCGTAA,0.022428117403177805,0.06364761080302041,-2.299526336960314,False,False,False
196,synonymous,ACTTTACTACGTGTATTACC,-0.09154876889225348,-0.1338238344140551,-7.842160236729845,False,False,True
196,synonymous,AGATCAACAGTCTCTAAAAG,0.036946847263963606,0.09413580965330066,-1.6262581139999002,False,False,False
196,synonymous,AGATCAAGTCTCGCATAATG,0.023169335151828903,0.07822383857886375,-2.0768855105595128,False,False,False
196,synonymous,ATTGTGAAATAAACAAATAA,-0.020586619418466352,0.11096096573762187,-0.9023672303396734,False,False,False
197,missense,GTCTGTCTTAAATTAGTAAA,-0.0018290778146098806,0.01909408507769514,-3.706702733531489,False,False,False
197,missense,TAAAACATAACCTTATATTG,0.020105657740176745,-0.07143991370575603,-5.580477818265989,False,False,True
197,missense,TAATTACGGAGCGATAACTA,0.005272415364034522,-0.0925498999738415,-6.857502472497393,False,False,True
197,missense,TAGCGCTATTGAGTCACACG,0.02899049874102702,0.137081456270148,-0.8428449059093301,False,False,False
197,missense,TGGGCTGACACATGAAGATG,0.007278165400403474,0.06649267340681503,-2.609421233954647,False,False,False
197,synonymous,AAAGTTACCAAAATAATGGA,-0.007955613415908492,0.05280706166393659,-2.319393393699473,False,False,False
197,synonymous,ATGAGAAGACAGAGTTAAAA,0.03906672756126027,0.06298861914321718,-2.7116619518469687,False,False,False
197,synonymous,GCACGAAGACATAAAAAAAA,-0.015994533011185662,0.06456663189371346,-2.0099078047071095,False,False,False
197,synonymous,GGCTTTAAGCACAATACAGG,0.04024218708891168,-0.9616318447095136,-30.44301833637651,True,False,True
197,synonymous,TCAAGAAACAATAGAAGGCA,0.0621676068487514,-0.9919697557743494,-32.25296888983416,True,True,True
198,missense,AAACTCAATTTTATTTAATA,-0.019293537142270736,0.03171779074826504,-6.94520067677598,False,False,False
198,missense,AACAGTAGATATCCACTACA,-0.01806785096949451,0.050347639780717796,-2.944510063510998,False,False,False
198,missense,AAGTAGGTATATTCCTACAA,0.015373367716305313,0.0514119593317619,-2.4981718536683135,False,False,False
198,missense,AATAAAACATGTTGAAAAGC,-0.693856020094256,-0.9154110161379889,-30.792715573588165,True,False,True
198,missense,AGAACCGCATAAAATTGGAG,-0.03377324028860826,0.0957550305202635,-1.7524804685600008,False,False,False
198,missense,AGGGGAGATGGAGTAGTAAC,0.007701216350925914,-0.035820907649748684,-5.331595123331595,False,False,True
198,missense,AGTTTATGCTTGAAACCCCA,0.0003900511163609315,0.11484246452589711,-1.733640611324609,False,False,False
198,missense,ATGAGCAAGACGGCCCCTTT,-0.011861846050607104,-1.0267406466699682,-32.083392329648944,True,True,True
198,missense,ATGTGAAACCCCATATAATT,-0.05076365180881863,0.07003496535535514,-1.742051549321722,False,False,False
198,missense,ATTGAACTTGGATAATAGAA,-0.04606271037438285,0.07581829469019662,-2.6720892634037465,False,False,False
198,missense,CACTTACAAACGTTAATATT,0.10127973259505861,-0.9503553126988946,-30.18962614267991,True,False,True
198,missense,CCAAACAAATCCAACTAAGG,0.03834067907258666,-0.042847042485332054,-5.2481224187322635,False,False,True
198,missense,CCCCAGAAAAGTATAAGCCA,-0.051486663192932006,0.9270825248348105,-1.177409768762327,False,False,False
198,missense,GTAGAGTTCATGTTGCGAGT,-0.026697338585538275,0.1082481825534101,-1.2821857492034345,False,False,False
198,missense,GTATAAAATAGATAGGCATT,0.0033418344067215012,0.0546985407237319,-2.701563989846988,False,False,False
198,missense,TAATACTGACTAGTCATAAT,0.049106020087115995,0.03105954527613894,-3.665283916070141,False,False,False
198,synonymous,AAGGTTACAATAGAGAAGAT,-0.036667406746550765,-1.0430251222224938,-31.659093858720432,True,True,True
198,synonymous,AAGTGGGACAAAAAAAAGTA,-0.009487284326541503,0.11036991593072755,-1.54895111395546,False,False,False
198,synonymous,ACGCTATTTAGATACCATTG,-0.03119260212769173,-0.9904754227331729,-31.459238416905905,True,True,True
198,synonymous,CAGACGTATTCAATAAAAAC,-0.2541040799801317,-0.7986000228964245,-30.29748872353718,True,False,True
198,synonymous,CATAAGAACAGCAAGATACG,-0.6733588921176733,0.006971153243120393,-3.0195285100679436,False,False,False
198,synonymous,CCTATCATGCACACCATATC,-0.040085222595689085,0.035951526942234704,-3.571412712198756,False,False,False
198,synonymous,TGACGAAACAAACATGTAAG,0.037826776983588814,-1.095761780298584,-31.314588082413202,True,True,True
199,missense,AAAGTGACTTTAGGAGTCAA,0.058508788158747965,0.15160113883688733,0.028772353120695805,False,False,False
199,missense,AAATCGCCCTTTTAAAAGAT,0.020600609701177434,-0.9063592507143685,-30.40261001415314,True,False,True
199,missense,AGTAAGAACACGGACATAAA,-1.1234727578903592,-0.9427838065998502,-30.649934353177507,True,False,False
199,missense,CACCTCTGGTAATGGCGAAA,0.0047911201256885146,-0.027344046770882285,-4.918950554530299,False,False,True
199,missense,CAGACAGTAACTCCTGATTT,-0.01681954336443484,-1.5982403625533068,-30.30532216841771,True,True,True
199,missense,CGAACACTACATATCCAGTA,0.035474873881185615,-0.04763586968469838,-5.371230934720548,False,False,True
199,missense,TATCCATGTTTTAACGTTTT,-0.05425670933128486,0.05156662652838974,-2.8007544661689296,False,False,False
199,synonymous,AGGGGTAGGGGGTTAACTCA,-0.0019072395121323268,0.07374233339147657,-2.5768766563305454,False,False,False
199,synonymous,CATAATGGGACGCGTGTCCA,0.08352935523908349,-0.9127896472783741,-30.139832427839515,True,False,True
199,synonymous,CTGTACAGCCGACTTCGAAC,-0.04037061625199918,0.07522661671798235,-2.0077354224595796,False,False,False
199,synonymous,GAATAAACCGGAGGACAATT,-0.025933217921669367,0.06819990839859531,-2.707350721660125,False,False,False
199,synonymous,GATGTCCACTTAAGATGGGT,-0.02600996885953958,0.12227418158332244,-1.0216612119403952,False,False,False
199,synonymous,GATTTACATGCTCGCAACCA,-0.004421921546155463,0.038341268571534734,-2.8989666637879563,False,False,False
200,PTC,AATTTCGGAGCCGAAACAGG,-0.058481616121039706,-1.4669580271125575,-30.362522791836305,True,True,True
200,PTC,ATAGTGTAAAAAAAAATTCT,-0.23004723091687476,-2.096890140928479,-29.96210419656936,True,True,True
200,PTC,CAAAATATGACAAATAATTG,-0.2006821612736272,-2.8416415299953353,-29.930209999910215,True,True,True
200,PTC,GAGATATAAGATACGAGAAA,-0.02436120426471771,-2.207916014893232,-31.442449182766072,True,True,True
200,PTC,TAGTTAGATAGGCGATGTTT,-0.009075201344920493,-2.1236464884671213,-30.863184901523876,True,True,True
200,PTC,TGAATAGAACCAAACAAGAG,0.0017244325391606937,-2.167128193328636,-30.898611561904783,True,True,True
200,missense,ATAACAAAGAGTACGGTTAC,0.03545617287118384,0.006570727595091946,-4.092308270354928,False,False,False
200,missense,CAATAATAAGTAAGCTCTTC,-0.013446700507095576,-0.802963619778897,-30.058508521036174,True,False,True
200,missense,TAGGTAGTACTAGGTGTATG,-0.04573927596214385,-0.13940594678495055,-8.062425407798154,False,False,True
200,missense,TATCTAACAATAGACCACAG,-0.004898493493264858,-0.13452614815436587,-8.260693013903534,False,False,True
200,missense,TTAAAATTGTACTTTCTTTA,-0.0065247940165038265,-0.9605930370206177,-32.18801237877247,True,False,True
200,missense,TTTTACAGTACATTATTACT,-0.08587545247077498,-0.9487634295320819,-30.183324910539177,True,False,True
200,synonymous,AGAGAAACACTAATGATTGA,-3.63148845483152e-05,-0.07158124251887954,-5.679180258179571,False,False,True
200,synonymous,ATACGTCCCATGTAAAACGA,-0.022997732183095396,-0.8685271964524788,-29.96568063232101,True,False,True
200,synonymous,CGATTTATTTATAGGCCATA,0.060570988193523884,-0.9398721014954856,-29.910924640388526,True,False,True
200,synonymous,GAAGAAAGCAGATCAAAATC,-0.005803119344465585,0.06304723933348969,-2.082160744889317,False,False,False
200,synonymous,GTTTATATAAGCTTGTCAGA,-0.02327882771609379,0.056022646065082754,-2.2161567285147727,False,False,False
200,synonymous,TATTTAACCTGCCCCCAATA,0.04214479718945684,-0.10965863133831277,-7.042318344831579,False,False,True
201,missense,AAAAAAAATAGCCTTTTCGT,-0.010642181621025228,0.06256926295015129,-1.9809814260175702,False,False,False
201,missense,AAACGCCTGGCAGAAAAGAA,0.002548194922588944,-1.013336271666105,-32.19429710394435,True,True,True
201,missense,AATAGGATGGAAGTCATAAG,0.011323703349305814,0.043427807782646544,-2.7935274050200865,False,False,False
201,missense,ACTAGCCATGATAAAAAAGT,0.014317530732198826,-0.03656805540716512,-4.92709570167297,False,False,True
201,missense,AGATATACCCAAAATCTGCT,0.001437512312817961,0.06542759699475527,-2.3439868240015507,False,False,False
201,missense,GAGACGCCAGGTACACGGGC,0.013788961204481254,-1.0396605531541034,-33.07294379731499,True,True,True
201,missense,GCTGCATCTAGATGGTAAAT,0.02405270548237868,0.04364953702780551,-3.0865523775055945,False,False,False
201,missense,TTCGTAAGTGAAATATAGGG,0.032047783484554726,0.0769280822309173,-1.9674406298801486,False,False,False
201,synonymous,AAAACGCCTAGCATCAACAC,-0.010431225947920716,0.011064649403562776,-3.972129683987544,False,False,False
201,synonymous,AAAGGCTGGGAAAACAAAAT,-0.011457703961824042,0.0374295475680783,-2.99216415011954,False,False,False
201,synonymous,AATGCCAAAACCTAATTAAT,0.07532227213372508,-0.3045771061974727,-30.861270739180416,True,False,True
201,synonymous,ACACGAGCGGGGACGACGAG,-0.2912365002614653,-0.9275207994881047,-30.381205872604845,True,False,True
201,synonymous,ACGGGATTACCAATAATCCT,0.0058356223478636966,0.020202091630915048,-3.0446564933686777,False,False,False
201,synonymous,AGCAAATAGTATGCACACCA,-0.010841349477167184,0.0024587250968821917,-4.080615137675009,False,False,False
201,synonymous,ATCACGCGACAAGATTGCAT,-0.01702876463127794,-0.008154531018475297,-4.04561326570841,False,False,False
201,synonymous,ATTAGGGAATTATAAAAAAG,-0.007910645206951297,0.05525209390577045,-2.619906436085989,False,False,False
201,synonymous,CAAGCAGATCAATATAGACT,-0.014424598456226186,-1.0216409393382428,-31.016574134084554,True,True,True
201,synonymous,CAAGTCGCACGTAGGCATAA,0.002997575109001913,0.06132081442597648,-2.4758086231544656,False,False,False
201,synonymous,CAGTTACCGCCCCGGAAACA,-0.04955021236670806,-0.1418615725797846,-6.88691628074783,False,False,True
201,synonymous,CATTGTTCACACTACGTCTA,0.016984063298394438,0.050299928300625296,-2.888733402157696,False,False,False
201,synonymous,CGTAGATAACCGAAAAATTC,0.027425880649901205,0.16626558860343513,-0.021320206043697946,False,False,False
201,synonymous,CTACGTAGGTTACAATGACT,0.029995589509196167,0.07203529406165964,-2.622612543626634,False,False,False
201,synonymous,GAGCGGCCAAAATCCCCCTT,-0.006780758674197251,0.0463139514216923,-3.2133392380526664,False,False,False
201,synonymous,TAAGGGGCGAGGCGAGATGG,0.10689592087797245,0.1705005853810372,-0.46604021317742556,False,False,False
201,synonymous,TCCGGACTTATTGTTCTCTT,-0.7060053459924055,0.0994298264495966,-0.8004920124944439,False,False,False
201,synonymous,TCGTGGTAAAGCACAGGGGT,0.005755985172067836,-0.9999942351609203,-31.83480541827779,True,True,True
201,synonymous,TTTGTGAGCATTCCGGATAT,0.04506717191651781,-0.054385413572488744,-4.443004648161584,False,False,True
202,missense,AAATGGAACATAATTTAAAA,0.027327948218288822,-0.9854979569435096,-30.233782864470598,True,True,True
202,missense,AAGCTTTATAATCTGTTGCT,-0.004094272929395262,0.09444532628844148,-1.9048836877702193,False,False,False
202,missense,AGATCGAGACTAATAAAAAA,-0.12269450110391622,-1.0199874248102536,-31.060808632516334,True,True,True
202,missense,ATATACTACCTATATGCTTA,-0.033599076015620746,-0.9523409779954466,-30.649542956864035,True,False,True
202,missense,CCGGGAATAATATGTATAAA,0.05043828672811543,-0.9887353254886606,-31.15895052479643,True,True,True
202,missense,CGATTTCAATAATAAAAAAA,0.003445404763505851,0.059977487514301625,-2.784600778094107,False,False,False
202,missense,GCTAGATGAAGCTTAGTAAG,-0.016816045453745737,0.03712759040289207,-2.3545772924621073,False,False,False
202,missense,TACTTGTCCTAGTGTTTCGA,0.04774579853100472,-0.9921597080398663,-31.874322402639912,True,True,True
202,missense,TTAGCGCCATAAACTCCTTA,0.03378457670723002,-0.9396725289350443,-30.48446518056455,True,False,True
202,synonymous,CGAACCCTCCAAAAAGGGGA,-0.03307078473936585,-0.9834557560391262,-31.538925659753613,True,True,True
202,synonymous,CGCAAAATGAAACCTAACAT,0.46143036078089433,-0.07481916257673016,-30.32029702494938,True,False,True
202,synonymous,CTGGTTATATGACTGCGAAC,-0.07964257375794859,0.041307079602627264,-1.639871943314324,False,False,False
202,synonymous,CTTGATGCCAAAAGGACTGC,0.014042127364268622,0.0020267452014650633,-3.669880304982417,False,False,False
202,synonymous,GCTCCATACTAAATCATAAA,0.009006078122442626,-0.9175816614415293,-30.7442690495693,True,False,True
202,synonymous,GTAGCAAGGGTCAGTTCAGA,-0.06820959788465408,0.17754786317567114,0.33727743268625476,False,False,False
202,synonymous,TCTCTTCCTTGTCTGTTACA,0.0096044370968792,0.07819271086067626,-2.415478135651899,False,False,False
202,synonymous,TTTTAATTTATTAACTGAAA,-0.08786393927810598,-0.979651704605268,-31.997107193777875,True,False,True
203,missense,CAATTAGCGAACGGACAACT,-0.05108821830580103,0.08717111014129852,-1.701740257938889,False,False,False
203,missense,CCTAGCACGTAAACTAGAGG,0.04472072939205736,-1.1571744233606136,-30.888906831808765,True,True,True
203,missense,GCCAGCCTGTTGTTTCCGAG,0.06064889417702632,0.03790294150391514,-3.1224952522222744,False,False,False
203,missense,GCGGTGTTAATATATGCACA,-0.0006272405448190517,-0.14205512607016219,-7.75218827614371,False,False,True
203,missense,GTAAAATGATGAGACGAGTA,0.006920172472782015,-1.0616908611378941,-31.33754437422392,True,True,True
203,missense,GTATATTCACGGATAACCAG,-0.09919862343686407,-0.9311737565845131,-31.111277627427114,True,False,True
203,missense,GTCTTCGTAATCCCACAGAA,-0.00188607109689302,0.021295024900910814,-3.7917713050486253,False,False,False
203,missense,TAAGTAAGTTACATCGGACA,0.011830142662315872,-0.9984794245032087,-30.991788053582024,True,True,True
203,missense,TCAATCCGAAATTACAAAAT,0.009524422685935736,0.14184028350427724,-1.5638881634709234,False,False,False
203,missense,TTAGTACAAATTTACACGAA,-0.00790290686718617,0.052016475783976474,-3.260773550285493,False,False,False
203,synonymous,AAGGGGTCAACTTGTTAAAG,0.019343667443345237,-0.9786130343195758,-31.271771414155367,True,False,True
203,synonymous,CAACAAACCAGACGCAAAAA,-0.02205343622289743,0.11303266286304717,-1.7039333939893888,False,False,False
203,synonymous,CACACCCTCCATGCTTCTAA,0.026442978764013577,0.08595502073008422,-1.346892226013198,False,False,False
203,synonymous,CCAACACACTAGTCTAGGGA,-0.003720009229229473,-0.024809902720537735,-5.354581544414676,False,False,True
203,synonymous,CCACCATAAAAAAAATGAAG,-0.022611332211916635,-0.067267939498143,-7.165125949862066,False,False,True
203,synonymous,CTATTTTACTGTTACTCAAG,-0.6729611968679933,-0.2936084871598473,-30.485288374389228,True,False,False
203,synonymous,GCTGGTAGCAATACACGCGT,0.0003962535536763093,0.04320843367868536,-3.2160220255070846,False,False,False
203,synonymous,GTCAATGCACACTACACTAT,-0.0001505132307833292,0.12773832450334763,-0.6157208530156069,False,False,False
203,synonymous,TAAGACTTTTACTAAATAAA,-0.057909797976873054,0.11010006048421513,-2.006318815539347,False,False,False
203,synonymous,TACTAATGCAGTTACCAAGA,-0.015311801355924151,-1.0457481131380735,-32.6175120427923,True,True,True
203,synonymous,TACTATCATCTCGAATAGAT,0.011423417517717444,0.009058532562751576,-3.6392057309142283,False,False,False
203,synonymous,TGGAAAGTCAAAGCCGCACT,0.005764948726258842,0.08222175356871082,-2.469693548134565,False,False,False
204,missense,ACAGGAGTGTCCCCCATTGG,0.01008743016785836,0.05750540478264904,-2.8913799769804323,False,False,False
204,missense,CAAAAGATACTCCTACTCAT,0.002734291884296876,0.03368810853245183,-3.367751884127282,False,False,False
204,missense,CTCAACAAAGCAACTAGTTA,0.07520440211953158,0.06739201938683188,-3.5066398539823282,False,False,False
204,missense,TAATGGTGTAATTACCGAGG,-0.0371338442897232,-0.6914090783929503,-30.342366685767697,True,False,True
204,missense,TACAATACGAATACCACCTG,0.04742568314276703,-0.01517850897582268,-4.597714815528941,False,False,True
204,missense,TATGGCTAAAAGAGAAGGTT,-0.025552559081025873,-0.9920907142610924,-31.717278295270326,True,True,True
204,missense,TTAAGATGACCTTCAAAACC,0.03804847550056896,0.06476961598963944,-0.7053695065190838,False,False,False
204,synonymous,CCTTAAATAGAACCGCGACA,0.002257029409781607,0.10364472907242196,-2.1496928632070658,False,False,False
205,missense,AAAAAAGCACAATAGTGCGT,0.022313047979337232,-0.037619803346078534,-5.378661911582153,False,False,True
205,missense,ACCAAGAAGTCTGCAGCCGA,0.04160290877435392,-1.0180716940526542,-30.36986372548463,True,True,True
205,missense,ACGAAAGTAATATTAAAACT,-0.05192381347225479,0.044394239735682184,-2.3784978358496027,False,False,False
205,missense,ATTAAAAATGAAATAAACAT,-0.005273234504765951,-0.09861435153797307,-6.834256584601996,False,False,True
205,missense,ATTATTAGTTTTAACTCCCT,-0.09071258785639544,-0.9503094312592373,-30.65391769877493,True,False,True
205,missense,CAATGGGTGTTAACCCCGAT,0.014951479640197786,-0.08970130468030235,-6.8490200871907945,False,False,True
205,missense,CGGATAATACTTAACACCGC,0.01388830148766482,-0.04760967302699104,-6.54258652983998,False,False,True
205,missense,GAGCATATACGTGGCGCGCT,-0.268268498811417,-0.07612533351606049,-0.8257070001547396,False,False,False
205,missense,TCCTAATAATACGTACAAGA,0.05981868456030097,-0.974351686108069,-30.32462655318673,True,False,True
205,missense,TGGATATACCCAAAACGAAC,0.04599917696750973,0.11532274443277071,-1.3206063252270726,False,False,False
205,synonymous,AAATAGTTTTCATAACAGCT,-0.028042966748787375,-0.9819573452262238,-31.849760809758205,True,True,True
205,synonymous,ACAGCCGGACAGTTAGAATT,-0.013679025208244145,0.08482146087496117,-2.1814242544160396,False,False,False
206,missense,AAAATCTTTTTCGTACCGCG,-0.0007721791812540456,0.7837163686329272,-0.9345727929045565,False,False,False
206,missense,ATATAACAAACTATCGTAGT,-0.7466948017766958,-0.917858733453415,-30.77373081318269,True,False,True
206,missense,CAATAAAAGGGGTTACCATG,-0.020404687819985227,0.039793490438214424,-3.124377647683973,False,False,False
206,missense,CAGAAAATAATCTAATCATT,-0.02747874989109782,-0.931565424970977,-30.530319406024315,True,False,True
206,missense,CCCAGGGCCTAAATGGGGAT,-0.0031530128431087835,0.052425599819257734,-2.6422946832500256,False,False,False
206,missense,CCCTGAACTATTAATAAAAA,-0.07991507709638883,-0.8504026479264213,-30.194755623950126,True,False,True
206,missense,GAAAATAACGCACAGCTGTC,0.013121199756596084,0.05381755703932328,-2.57755704569957,False,False,False
206,missense,GATATCCAGATTTTAGAGCT,0.054434888762206396,-0.09722689437308663,-7.151922822001903,False,False,True
206,missense,GGATGAGTATGTACAGTAGC,-0.01227369638855354,-0.06219538812297809,-4.9956496389051885,False,False,True
206,missense,TAACATGAGGGGCCTCTGCA,0.028605018888074055,0.06980222648315526,-2.932310363392096,False,False,False
206,missense,TTGGACCTTAATCTTTCGGG,0.01316631836862206,-0.055216650849848004,-5.464038885432514,False,False,True
206,synonymous,ACCAATCAGTCCCACCCTAC,-0.07267201981928702,-0.9461164065532841,-30.95540295582166,True,False,True
206,synonymous,CTATACTACATTAGTAAAAC,-0.0749168471146458,0.11058878893697227,-1.4749415430247508,False,False,False
206,synonymous,CTGCAATAGTTGTTAAGAAT,0.1040591657936564,-1.5618662819487328,-30.5908860614888,True,True,True
206,synonymous,CTGGAATCAGGCCCCACCAG,-0.023070137248274284,0.05529645685889159,-2.654591829807756,False,False,False
207,missense,CCACATCGCCGTAAAACCTG,0.012663010502637064,0.04057062120150684,-3.306802683506072,False,False,False
207,missense,GTCCCTCCCCGGATGCCAAC,0.006961430827333217,0.03298769601980772,-3.1449046842810455,False,False,False
207,missense,GTCTGATTATACTAATGCCA,-0.011929845997103025,-0.09507594428689822,-7.758320976861577,False,False,True
207,synonymous,AAAGATTATCGATGAGGAAA,-0.07653021350860398,-1.0293779027724248,-31.247920067103742,True,True,True
207,synonymous,AATAACAAGTTTAACAAAAC,0.10960248050658558,0.126013986757752,-0.7733335855329114,False,False,False
207,synonymous,AATTAACTTTATAGGATTTT,-0.06331015020114047,0.10715923873338458,-1.4886751037176076,False,False,False
207,synonymous,ACCCCAAACACTACAAAAGA,0.010366973874310313,0.056006160704819924,-2.4218892365409754,False,False,False
207,synonymous,ATTCCTCGATCTAGTCAGGT,0.01200460709941221,0.07967310755753228,-1.5100908382921743,False,False,False
207,synonymous,ATTGAAAAACAGATGAAGAT,0.5678331930751469,0.10022513394936906,-1.7244796957354829,False,False,False
207,synonymous,CAATACATGAATAGTTCTCT,-0.06261605508649903,0.04558206876058926,-3.217650964232816,False,False,False
207,synonymous,CGAGGTTGATGTACTTCAAG,0.0948669549069715,-0.9244597992343468,-31.093712598432028,True,False,True
207,synonymous,GCGGACGGTGGACAGCACCA,0.06200592899650599,0.05144279915170437,-2.789661839976073,False,False,False
207,synonymous,TAATTGCTGCCGGCAATGTG,0.04609474175121338,-0.9721933193160184,-31.171260815482558,True,False,True
207,synonymous,TACCGGGGACCCTTAAAGCA,9.085365711013291e-05,0.038775624518178384,-3.270779281943804,False,False,False
207,synonymous,TATAAAGGACAATAACACCG,0.011980309783153653,-0.9823561573626665,-30.133760568412033,True,True,True
207,synonymous,TCAGGCGGCCGGACACGTGC,-0.010312530040595772,-0.5447516379081407,-1.08226321384939,False,False,True
207,synonymous,TTGAAGGACTAGTTCCAAAC,0.041091532541871006,-0.9854596919650593,-30.50459260006723,True,True,True
208,missense,AAGATCAACTGTATGCAAAT,-0.011217678204523828,-0.968695819798191,-31.258753617863942,True,False,True
208,missense,AGAAACACAAGTAAAACGGG,0.008150464863756438,0.05379993817405408,-2.3180326278785572,False,False,False
208,missense,CACAGCATATATATATGGTT,0.009413559382459979,-0.9769697935581285,-31.560059017784493,True,False,True
208,missense,CCAGGAGATGTCATATGAAG,-0.023935849733795467,-0.11675184637957181,-7.052211526767029,False,False,True
208,missense,CCGTTCAGAGGGCCTAGAGC,-0.026096383879389114,0.03578861709908651,-3.4197676442520772,False,False,False
208,missense,CCTGGCAATCCCATACATGG,0.027146535274927046,-0.9672911228888008,-31.414017508883507,True,False,True
208,missense,CGAGAACAGCAAGAGGAGTA,-0.042736205775404115,-1.0281298082211052,-32.2531029835604,True,True,True
208,missense,GAGAGATAATGAGTAACACA,-0.3855279062959388,-0.949708580711782,-30.910086041155896,True,False,True
208,missense,GCAATCGGAATTAACACATA,0.003409483147800356,-0.9711808612351831,-31.089001192972017,True,False,True
208,missense,GCGAGATGTACGTCAAAGGG,-0.13788008336634247,0.12488352974434812,-0.2577065130832175,False,False,False
208,missense,GGGCGTATGTAGGACGCTAC,-0.02090779509466451,0.09036190567672886,-2.4818756013253633,False,False,False
208,missense,GTACAAAAAGTATTTCAAAG,-0.049309731645232946,-0.9512777180708252,-31.418778368857797,True,False,True
208,missense,TGCCTAAAGTAATACTATTC,-0.017103529267553534,0.12124199542249443,-0.41305145753525657,False,False,False
208,missense,TTGACAAACCATAGGAGATA,-0.02476422589967102,-0.9169060207938491,-31.259607367120115,True,False,True
208,missense,TTTGTTGCGAAAAAAAAGGG,0.07478968213765508,-0.9195441514301905,-30.56585053722833,True,False,True
208,synonymous,ACGAAGCTTATTATCAAAAT,0.01802338834778926,-0.1166504053409646,-7.155322713938906,False,False,True
208,synonymous,AGCCCAGAATCCAATTAACA,0.0064039838898860245,0.060811779971190735,-2.3306377424441913,False,False,False
208,synonymous,ATCCAAATTGCAAAAACGTC,0.022349870932130145,0.01961872765106573,-3.9061519994091043,False,False,False
208,synonymous,CACGGACGAACAGCTATAAC,-0.2636123137913544,-1.5533022623511554,-29.90317439900191,True,True,True
208,synonymous,CAGAACGCTTCTTACGACGC,0.00625729804819504,-0.9729660687992012,-31.374211389520156,True,False,True
208,synonymous,GGGTGGGACCGAAGTGTATC,-0.01665642778286175,0.11709223818346531,-0.21434686177455461,False,False,False
209,missense,AAGCACACTGCCTTAGATAA,0.07042339721575222,0.09571969324700916,-1.4856648796423415,False,False,False
209,missense,TACTAGTACTACCGATAATA,0.014515349194749371,-0.9279166338966025,-30.189160615903116,True,False,True
209,missense,TAGGTTGATGGATCAATATA,-0.04947823988631331,-1.3913260232894291,-30.571913181449606,True,True,True
209,synonymous,AAAGCGGACTAACACATGAG,-0.721722205585809,-0.28204638922477676,-30.87507855333402,True,False,False
209,synonymous,ATTGGTTCTATTAATTAATA,-0.01171441444939494,-0.968048043158297,-31.869862310616192,True,False,True
209,synonymous,CAATGAAAACCATATTCGAC,0.032960075367949704,0.03626231297653329,-2.8124313989801792,False,False,False
209,synonymous,TATCGTCAGATCAAATCACT,-0.015616485106177656,-0.9319278698595814,-30.981245393479327,True,False,True
210,missense,AAATCAAGGAACATCAATCA,-0.015271423216013272,0.07215888820559188,-2.3400579760560247,False,False,False
210,missense,ACTAACTTATCCACAATACG,-0.02387725971206588,-1.020191906233253,-31.84404412861017,True,True,True
210,missense,AGGCTTAGTAGGACGTTACA,-1.074208333422267,-0.9849487106937886,-30.52545088640509,True,False,False
210,missense,AGTCGGTCGATGCAACGGGC,-0.41706396235405,-0.10951106037430774,-1.2576020373896903,False,False,False
210,missense,CCTAGAAAGCAAACAAGATC,-0.005154914289146339,0.009007794599599106,-3.852919415094528,False,False,False
210,missense,TAAACAGTGGTAGTTGGATA,0.058763073995071774,-0.9861564051639717,-30.528905628397972,True,True,True
210,missense,TTGATCGAAACCCAAAGAAA,0.00855661725541475,-1.0554122441554283,-32.78206939156641,True,True,True
210,synonymous,AATGCAGGGCACGATCGATA,0.007529054058563281,0.042348828235044045,-3.257407828536542,False,False,False
210,synonymous,AGCACGAACGATACGAATAT,-0.038515611953139905,0.5274303730724177,-1.757828191957678,False,False,False
210,synonymous,ATTTAAGGATATGCAGAGTT,-1.1034233415942274,-0.809431173114147,-29.99085225275601,True,False,False
210,synonymous,CACATAATACAGGCAGAAGC,-0.019702012113048815,-0.0186686265285399,-4.697647534979969,False,False,False
211,missense,AAAGACGTTAATTGCTCAAC,-0.031532294832120375,0.12755714547064123,-1.1513732861395043,False,False,False
211,missense,AAAGTAGTTACTAAGATTGG,0.032623905931072145,-0.11270111238241204,-7.687122045936719,False,False,True
211,missense,ACCTACAATTTTAAAACATG,0.002268938916856808,0.04076694350695702,-2.027301096096019,False,False,False
211,missense,ATCGGAAAAAGTCTTAACCA,-0.07628947157997014,-1.5732224613921235,-30.216176661496252,True,True,True
211,missense,CCAGTATACGAACGAAAAGC,0.05100214284942216,0.0931766564737877,-1.6671361649703988,False,False,False
211,missense,CTACGCGGTCTCATGGGCGC,-0.20418575534547115,0.09490282825569238,-1.348329188569298,False,False,False
211,missense,TACCACATCGTAAAGATATA,0.04050206353642065,-0.9846969275706023,-30.72598755704779,True,True,True
211,missense,TACCTATTGATAGTCTTATA,-0.0006591651182371277,0.03392263330624293,-2.4405942934546263,False,False,False
211,synonymous,AACGATGATCTATCTTTGCT,0.047395372088958346,-0.9725581319936396,-32.1312754821088,True,False,True
211,synonymous,AATTATCAAGCATCGGATAT,0.003100344884126635,0.11281329250530511,-1.3354535428609828,False,False,False
211,synonymous,TACACTTACAGTAATACATA,0.022164462353014336,-1.252802361198709,-30.813448457515115,True,True,True
211,synonymous,TGTTTAAATTGAAGAATAAA,-0.01360633272272433,-0.07196174370397332,-6.657618803483968,False,False,True
212,missense,AAAGGTTGAGCTTTGATATC,-0.07191794863792117,-1.0006721895833857,-30.934845516083822,True,True,True
212,missense,AATGATATAAAAATACTTAA,-0.026516720361949016,0.1240361222739643,-1.359817190450585,False,False,False
212,missense,CCAAGTTTGCAAGAAATTGC,-0.0011671034614910147,-1.0316934298776315,-32.84809376358755,True,True,True
212,missense,GGAATTAAAACTTAAGGCGT,0.01432000937169578,0.08781551002482701,-1.8954266765557,False,False,False
212,missense,GTAACGACGCTTTGAACGAA,-0.01308731862649809,0.03683591795666205,-2.8967364481716515,False,False,False
212,missense,TAGCCGCTTTGCAAGTTTCC,0.00018825156119014683,-0.03139484448011309,-4.789659345862619,False,False,True
212,missense,TATATAGCATCATAAACTTG,-0.08642784504179979,-0.09630438893917348,-5.326737495843077,False,False,True
212,missense,TGGAAGGTACGCTGTAATCA,0.014380969023650698,0.059880161837375684,-2.503601732990949,False,False,False
212,synonymous,AAAATTGAAACAACAAATAG,0.010778225075382286,0.08321150725125358,-2.1665999016263755,False,False,False
212,synonymous,AAATACGTGCTCTTAACGGT,0.020684423391803326,0.13416355388837464,-1.1237355658662167,False,False,False
213,missense,AAGACTCATATTTACGAAAA,0.12088907211946692,-0.965113134816745,-31.19679479493507,True,False,True
213,missense,TAACGAAGAGATAAAAATCG,0.0013084175626217002,-0.9591007150592923,-31.018655136736726,True,False,True
213,missense,TCCGCTTGTACTCAGACATG,0.025720033028880807,0.03935818773939137,-3.0945397114753033,False,False,False
214,missense,CCGTATCTAAGAAGATATCA,0.07168979715582532,-0.9190358527794642,-30.543060908396846,True,False,True
214,missense,CCGTTAGGATAAAAACTTAT,-0.025585385915728308,0.0659838319401423,-2.6795132854368386,False,False,False
214,synonymous,CTAAAAGCAGAGGAACCATA,-0.002401966219395176,0.053856358243019764,-2.68270655731428,False,False,False
214,synonymous,TAACTCCCCCCTTATCTGAT,-0.03259572209664417,-0.9939193484039719,-31.900810318351734,True,True,True
215,missense,AAAAAAGGGCTATGTATCAT,-0.009301057052565544,-0.001965792925084253,-4.163955079407691,False,False,False
215,missense,GAGGTATGCATTTGGACGTC,-0.029157368267670822,0.024831827137399454,-3.5802335647605332,False,False,False
215,missense,GCTAATCGACCGGAACAGTT,-0.024902966421842507,0.11902464970645892,-1.1166761846742093,False,False,False
215,synonymous,AAATTACCATATTGTTTTGC,0.02949994653184032,-1.0235421756988932,-32.52514969673008,True,True,True
215,synonymous,ACGGCCATCTTGCGCAACGG,0.048194858624884165,-0.9637071397916581,-30.77360118074148,True,False,True
215,synonymous,AGCTGATTAGGGTCAAGAGA,0.006310287876748246,-0.9817020409012818,-30.856442273441207,True,True,True
215,synonymous,GAGAACCAGTTTGCCATAAA,0.02500214363474049,0.017285909724898407,-3.303913647473253,False,False,False
215,synonymous,GGTTAGACAGTAGATAATTC,0.006557691548531624,-0.09494974766622341,-7.004463829747945,False,False,True
215,synonymous,TGAAATAACACAATATACAG,-0.028773213340746662,-0.0313509425544998,-5.759173720487334,False,False,True
216,missense,AAAAAATATGCCCTCTTAAC,-0.01976036312029558,-1.6022234936313533,-30.158798663689243,True,True,True
216,missense,AACATTATATCTAGACCATC,0.06468157729701729,-1.0075628615146237,-31.209355854856177,True,True,True
216,missense,ACACACATTTTCCCCCAACT,0.02515778831186722,0.1300472755504568,-1.121011184634038,False,False,False
216,missense,AGTTCACGAAGCGTAACATA,0.018729892462562573,-1.0294851991869989,-32.932151720250424,True,True,True
216,missense,ATAAATAAATACGAATTGAC,0.09959370016073078,0.14113564573110404,-0.07525867190016039,False,False,False
216,missense,CCTAAGCGACAGTCGTGATA,0.649408883212818,-0.9498740094350098,-30.116367461282945,True,False,True
216,missense,CGCTGTTAAATATAGACTCA,0.0006439072166480385,0.03626663098009955,-3.5577514281681,False,False,False
216,missense,CTCATATCTGAATTCTATCA,-1.6927445471252518,0.1273214920374803,-0.49060515969357865,False,False,False
216,missense,GAATTAGAATGAGCAGGAAG,-0.057602257560693926,-0.11339096838113433,-7.36022371008168,False,False,True
216,missense,GCAGAATGTACCAACTAAAT,-0.19646500579075213,-1.603491717603123,-31.03432494410573,True,True,True
216,missense,GCATAAGGCACGTGCATTTA,0.0024583646582951838,-0.2680217411378763,-30.11468879263804,True,False,True
216,synonymous,ATTTACTACGTACAGATACT,-0.041587471853465674,-0.9937340707120201,-31.933454148953306,True,True,True
216,synonymous,GACACATAATAAATTTTATT,0.007040227823771024,0.06549714044311294,-2.2503852456353424,False,False,False
217,missense,AAAAATAACAATAACAACGA,-1.1004639398464593,-0.8921399069044109,-30.553445057064025,True,False,False
217,missense,ACAAAAATCGAGGGAACATA,0.5970979117100761,-0.9493717957887402,-30.62407405997516,True,False,True
217,missense,ACCAAAATTTGTCATATAGA,0.6392363072251154,-0.9675806585872824,-30.56212276950629,True,False,True
217,missense,ACCGTCAACACTCAGAGTAA,-0.03890841176583319,0.15060762726364899,-0.13329353194157664,False,False,False
217,missense,ACGAAAACTGACATGAAATT,-0.034009028798086136,0.22565436600137,0.4967737825769809,False,False,False
217,missense,ATTATCTATTCGGACTTAGG,0.0017738019514774773,-0.995350365174307,-31.702302421732902,True,True,True
217,missense,CATACAAAATCGTTATCTGT,0.015009554526785764,0.0033580171428610472,-3.910510942562689,False,False,False
217,missense,GCACTTCATCTTCGTCCGAA,0.014224054096141324,-0.04383247416747135,-5.734500445167416,False,False,True
217,synonymous,AAAGACCCTGATTCAGATCT,-0.004116894718643885,-1.0087977536408854,-31.89070801508207,True,True,True
217,synonymous,AGAATGTGAATAAACCGAAT,-0.0034587695845573665,-0.06694193195937179,-5.079053570209273,False,False,True
217,synonymous,AGCACAGGTTTTACCTAAGG,-0.012863913452670711,0.07220815242172895,-2.446913482887437,False,False,False
217,synonymous,GATTGGCAAACTCGTGGATT,0.0023513656940446384,0.08231727973890154,-2.0077130647877204,False,False,False
218,missense,TAATGGTAAAAACAACAGTA,0.05411660375279097,-0.9521684016548637,-31.513662280377677,True,False,True
218,missense,TTTCACCGTTCAAATGATAC,0.0016268122481975992,-0.15767081168876462,-7.707171483955846,False,False,True
218,synonymous,CTTGTACAACAGACACTCGA,-0.1456063727349219,-1.128352595752529,-30.303024328032077,True,True,True
219,missense,AAAAAAAATATAACAAATGC,-0.002726066440244648,0.0771716576813428,-1.8652397934232419,False,False,False
219,synonymous,ACTTATCAGAGTATAAAAAA,-0.03176007271579609,-0.6963887832432296,-30.05005789704606,True,False,True
219,synonymous,CGAAACCAAATACTCGCGTT,-0.011432532987938969,0.054830062572199786,-2.931179769933858,False,False,False
220,missense,ATCCTTCAAGTACAATCAAA,0.004877870187536024,0.08579406770141654,-1.7868298908922222,False,False,False
220,missense,TAAAACACAGAAAGATTAAA,0.38912517922579654,-0.9076562528562919,-30.22030135476124,True,False,True
220,missense,TAAATACAAGTGTTCTCTAA,-0.0005421962098877474,-0.12705174014660853,-7.075059558023358,False,False,True
220,missense,TTAAAAGACGAGACAACACA,-0.09223143746847087,0.0500496811353635,-3.869540506576187,False,False,False
220,synonymous,AAGACCAGAATGATAAGTAA,0.11122917128416115,-0.9019671900321322,-30.467749885677836,True,False,True
220,synonymous,ACCGTGAACAGTACAAACGC,0.027347907754216392,0.07428457969949813,-2.325243775153105,False,False,False
220,synonymous,CAATTCTAGAACGAATACTC,-0.07981313000410982,-0.9055805679607554,-30.694949849434245,True,False,True
221,missense,ATAGAAAGTATTAAGCAAAA,0.04169273217623777,-0.929590637018125,-30.936237426576007,True,False,True
221,synonymous,AATTAAGCTGCGGCCACCTA,-0.02080315442666567,-0.9559749829193742,-31.34757905509703,True,False,True
221,synonymous,ACACGCACGAATATTGCCAT,-0.18435851634510755,0.07764229831633204,-1.8409626885175232,False,False,False
221,synonymous,ATTGACAAGCTTATCTTCGT,0.012920834388638728,-0.13925325672603384,-0.39855743388360937,False,False,True
221,synonymous,CTCAAAAACGAACAGAAACC,0.013501899335278691,0.06557229034413573,-2.435728379566863,False,False,False
221,synonymous,TGGAAATTGAAGGCATTACT,0.02300617638089054,-0.07998801942531036,-6.93366724935148,False,False,True
222,missense,ATAGGTCACAGTCAATTAAT,-0.04767657252124785,-0.059703572362151264,-5.765635411980967,False,False,True
222,missense,TTAGATTGATAGTGGAGGAC,-0.021911064107803947,-0.9662090500952352,-31.90662532299355,True,False,True
222,synonymous,GCAACTAAACCTTTCATGCA,0.020569526261464164,0.059551855109906085,-1.5712578429863242,False,False,False
222,synonymous,TAACATAAAAAGGTTACGGT,-0.021436087335025514,0.04969604168098861,-3.0900114826431393,False,False,False
222,synonymous,TACACCAAAAAGGTTACATA,-0.021013938289851125,-0.9652550074190847,-31.318709128823443,True,False,True
222,synonymous,TTTGTAAAAGAGAAGATACT,-0.006906265867959043,0.06019815526609451,-2.8685902945166655,False,False,False
223,synonymous,CTCACGTTCAATGAACAAGA,-0.006686308478476871,0.05019462877933274,-2.9497684517179605,False,False,False
223,synonymous,TATTTGGAAGACGAGTCACT,-0.6092504552316028,-0.11126283750010524,-5.848685107429092,False,False,False
224,missense,AAGATAATCGAAGAATAACA,0.022472634207807346,0.059362311952664865,-2.6582350764848375,False,False,False
224,synonymous,AAATGCTCGGAGGGAATAGT,0.0160527048556929,0.09064259788615663,-1.3517543348948688,False,False,False
224,synonymous,GAAGTGAAGTGGAATAAAAG,-0.01723012555310667,0.05210058848566847,-3.0498445399401137,False,False,False
224,synonymous,TCCACTGTGAGAACCGTAAG,0.0008559827201687974,0.036945099679658824,-2.8351793200499635,False,False,False
225,missense,TTACTAAAAAAAGAGAGGAT,0.01906630746362042,-1.0463152934028623,-30.514857766962987,True,True,True
226,missense,AAGCAATTGTTAATATATAG,0.017422822957235656,0.03932594199343806,-3.070856581591638,False,False,False
226,missense,ATACCACTAACGAAGCGGCA,-0.017554645125744592,0.1085740171091838,-1.3151355891017897,False,False,False
226,missense,GCGTAGACTTCGCTAACAGA,-0.007766782120180265,-1.676059666192066,-32.018630695245946,True,True,True
226,synonymous,ATCTAAGACCGAGCGAAACC,-0.22686669392192174,-0.8926680680331909,-31.342563216596623,True,False,True
226,synonymous,CATGAGAAAACAAATCTCCA,-0.061771787937810574,-1.0345861141858952,-31.513949907961358,True,True,True
226,synonymous,TAACCAGGGATAATAATACA,0.004599738420458707,-0.0620272791196215,-6.209742125894367,False,False,True
226,synonymous,TAAGCAACAAGCTCAAATAC,-0.012131883937636818,-0.9501484449269779,-31.222442000872473,True,False,True
226,synonymous,TACCTTGTACCACGATGACG,-0.0027561481673521685,-0.06706420654413953,-4.885368850059985,False,False,True
226,synonymous,TACTCTTCGTGTAAAAAGCT,0.018602253549742757,0.0181599224150657,-3.534715910513879,False,False,False
226,synonymous,TAGGATCTTAACGGAAAAAT,0.02778545596744634,-0.9086185791245007,-29.96414641974587,True,False,True
226,synonymous,TCAACATTCATATTTACGTA,0.19841732591379135,-0.9514824366432919,-30.241638504016443,True,False,True
227,missense,AATCAAATCTAAATGCAGTA,0.006487684907922956,0.024637643971532314,-3.9382130031167644,False,False,False
227,missense,ACCTATGATCACACACAGTG,-0.2512790028805428,-0.8961225741086927,-30.249242754841042,True,False,True
227,missense,CAATATTGGTACTCAGCTGA,-0.015913268764738486,-0.9672570735838724,-31.53842702808568,True,False,True
227,missense,GGACGACATTAAGCACAATC,0.010775292947236247,0.07044191646309955,-2.445669913903222,False,False,False
227,missense,TAACATTAGGATGTTAACAC,-0.12950077544374006,-0.9969184212423527,-31.132857968211262,True,True,True
228,missense,CAGGGGGTTTATTGGATCCA,0.0457994486120398,-0.019933979328579654,-5.042151504942263,False,False,True
228,missense,CCGCTGGCGCAAACAAAAGT,-0.020918616334460675,0.017575567063654263,-3.3465870926184347,False,False,False
228,missense,CTAAAACATCCCGAGAATGC,-0.019458959290675083,0.006789257510004143,-3.683568380615678,False,False,False
228,missense,GATGCGCTCAGATGGGTTCT,-0.15542386050117865,0.11009669094494846,-1.2852311921705573,False,False,False
228,synonymous,AACCGATATTAAAAAGTAGA,-0.0391152133506551,-0.9351608805611373,-30.473606626156908,True,False,True
228,synonymous,ACAAAGGCGCATATGGTGCG,-0.11011193864803329,-0.9109020339460363,-31.135189839315263,True,False,True
228,synonymous,AGAAAACTACGGTCACTAAT,0.0072822725943004684,0.017306592070418653,-3.6457724847186137,False,False,False
228,synonymous,CACCGTACTATCCGCACCCT,-0.020299169229615534,0.02821245315631618,-2.9578827683541515,False,False,False
228,synonymous,CGAGGGTTCATAACATCCTC,0.029779137446895403,0.13846470633900887,-0.6990056767040194,False,False,False
228,synonymous,TAAACGAGCAGGATATGACT,0.013027501383342114,-0.980690087464531,-31.011031072368677,True,True,True
228,synonymous,TGGTCAAACCGCATCAAAGT,-0.01837916572290077,0.09038260293250831,-2.4436164691284747,False,False,False
229,missense,CAATCAGGATCAGTTATTCA,-0.028768537260560074,0.04092008461119141,-2.0558258446086803,False,False,False
230,missense,ACAAAGAGTATGATTACAAA,0.08944384567911602,-0.0476311935825868,-5.861274232160987,False,False,True
231,missense,GAAATTGGGCTGAAATACAA,-0.0012057988534322694,-0.9718076516123102,-31.660545095071658,True,False,True
231,missense,GGATCAGGCTTCTCATTTCG,0.00895315166414238,0.028516548545222967,-3.1420097855216422,False,False,False
231,missense,TTTAAAACGCACTCCATACC,-0.008527631898523902,0.0988727771829388,-1.79058166935767,False,False,False
231,synonymous,AAATAAGTAGACGGCCCACA,0.022641235386649014,-0.9608713785762626,-31.148406924813845,True,False,True
231,synonymous,ATAAATAACTCCCACGAAGT,-0.008704101476213129,0.024914433765612587,-3.707923551129112,False,False,False
231,synonymous,CTAACAAAACTAAGCGTAGA,0.08318682712507106,-0.0772910718417556,-5.876547849346953,False,False,True
231,synonymous,GATATGCGTATCAACAACAC,-0.012632188612076288,-0.00948223351546984,-6.429500042368108,False,False,False
231,synonymous,TAGAGCACAATGAAGCAAAA,-0.09754657701146491,-0.04831623736156082,-7.284207170725018,False,False,False
231,synonymous,TCACCTTAATCAAAATACTC,-0.02067128799844147,0.040968794796516744,-3.4477218314140954,False,False,False
231,synonymous,TGATAACGAAAGCCCGGAGT,0.06246857105104581,-1.056208804711286,-32.49930339856276,True,True,True
232,missense,CATAATGAGCTATAGTGAAG,0.015118668223795819,0.09516097285641975,-1.6649026500142934,False,False,False
232,missense,TAAGAAGAGGGCATATGACC,0.13176082769729044,-0.9862673646958953,-30.11459958353677,True,True,True
232,synonymous,ATGAAAGCGACGATCGGGAA,0.001510780525034042,0.005260294150671169,-4.053300944744577,False,False,False
232,synonymous,CAGTAAGAGAAGTTAGAACG,0.07207127957553652,-0.2910906894298569,-31.016163443600234,True,False,True
232,synonymous,CGAAAAGGGGCGAAGCGAGA,-0.03115588013158219,0.09779225961164562,-1.0410096373686781,False,False,False
232,synonymous,CGTATCACAATTGGCATACG,0.0060788261484862206,-0.9158291625602706,-30.343199067019512,True,False,True
233,missense,CCTAAAACAGACGTGATATT,-0.021951849827414174,0.0005948250936889943,-4.311965589427087,False,False,False
233,synonymous,AACTACACTTTATGACCCAC,0.01831777799225804,0.08472890312908854,-1.3994409850975362,False,False,False
233,synonymous,CAACTGTAAAAATTTGACCG,0.09363818700138198,-0.9703730531779802,-30.7991139372984,True,False,True
233,synonymous,CCCTCAGTGAAAAATCCATG,-1.0951579961138262,-1.0068757877680026,-30.116888134444167,True,False,False
233,synonymous,CGACAAATAAGAAAGAAAAA,0.043135425156427515,0.08957847855322676,-2.105277848843041,False,False,False
234,missense,GGCCAGTTGGCCAAAGACGC,-0.00967459421858898,0.09023639823991772,-2.3229899338737456,False,False,False
234,missense,GTGATGATCAAGCTATCGAG,0.024333547113919836,0.0754199097253761,-2.1111065279756485,False,False,False
234,synonymous,ATCATCAAATCAATATAAAC,-0.013921435547278267,-0.9700115159309031,-30.70711548673375,True,False,True
234,synonymous,CCAAGTCATCCACTGAACCG,-0.44615433598242804,0.251017992579077,-5.491380348839637,False,False,False
234,synonymous,GATATTATTAAAGTCTAAAT,0.002622566474174868,-1.0030369331507374,-32.521640603547034,True,True,True
234,synonymous,TAGCAAATTTTATATACAGT,-0.12765258577643468,-0.9395503786687831,-30.558693388195863,True,False,True
235,missense,AAAGTAAACACATATAATAC,-1.091221222403344,0.1836405838505556,-0.4887612718431863,False,False,False
235,missense,AATTAAAGGTAGCTTTGCCA,-0.0511124110647353,0.024597899125203743,-3.1649214770107585,False,False,False
235,missense,ACGTAACTTCGTCATAGTAA,-0.015840158429173676,0.1214275631088341,-1.9011148531306883,False,False,False
235,missense,ATTCGATAATATTGATGGGC,-0.0129950962331704,0.02344004070324962,-3.453859162306929,False,False,False
235,missense,TGCTGAAAGAGAAGAAATGA,0.008144380349986496,0.042136712053872635,-3.1111302242864225,False,False,False
235,synonymous,AACAAAAAAACTCGTAGTTA,-0.010094310903781512,0.04424948903777354,-2.4999503813732153,False,False,False
235,synonymous,ACTGTTTCTGAGACGCCTTT,-0.006833078325059095,0.007151034396869593,-4.469687098668385,False,False,False
235,synonymous,AGGTAATCGCCGGGATCAAT,-1.6289008222826544,-0.9575649785639013,-30.438844985324526,True,False,False
235,synonymous,ATTTAGCTTCTAGGTTCTCC,-0.02339029675076561,0.05745879210762632,-2.995211585728911,False,False,False
235,synonymous,CGAGAAGACTATTAACAAGG,-1.1072391344320884,-0.9748076776930057,-31.202304836039552,True,False,False
235,synonymous,GCCTATCACATCGATCAGAA,-0.007768648976741307,-1.0598744480516227,-32.563209753029454,True,True,True
235,synonymous,GCCTTCCAGTTATACAAGCA,0.014423128002548087,-1.5988814316867481,-30.82368997741447,True,True,True
235,synonymous,GCTAGACACTTTTATAAATG,-0.005826069673395011,0.04391433511762345,-2.78153904241947,False,False,False
235,synonymous,GTAAGAACCGACAAGTGTGG,0.03857111168981697,-0.07081292383797344,-5.989432713118002,False,False,True
235,synonymous,GTCAGAAGGACAATATGACC,-0.0029221164541658982,0.009030536378953374,-3.6489613098607983,False,False,False
235,synonymous,TATGCCAATCGCCTAAAATA,-0.44003973927314755,0.12003722453146301,0.09068644759454621,False,False,False
235,synonymous,TTAATTGCGAGCACTAACAC,-0.06462566823988533,-0.9527557657650516,-31.129989707463917,True,False,True
236,missense,AATTGATAAATATCCGTCTC,-1.0114584864556266,0.11462564199110864,-0.8145512661355194,False,False,False
236,missense,AGGCATTTGGGGCGCGATAA,0.04717159666764005,0.024106611337901485,-2.630308169462567,False,False,False
236,missense,CGTTGTCATGCGATACAGGA,0.015416743577019137,-1.0428995953143956,-32.61561413780584,True,True,True
236,missense,GGAAGGCTAACAACTTTAAA,-0.023805297147221308,0.05026024166063779,-3.268525688346156,False,False,False
236,missense,GGAGCATCGAAACTCAAGGA,0.009585532408932835,0.08944589023560469,-2.0581949492124347,False,False,False
236,missense,TCGTAACAGATGCTTGCTGA,-0.14730293249830673,0.11737189622560873,-0.394335367295935,False,False,False
236,synonymous,AACTTTAGAAATAAGAAAAT,0.04047499629726527,-1.0270866231842544,-32.740435119593066,True,True,True
236,synonymous,AAGACACCTAATAAGAAGAA,0.028870659186839523,-0.9456973516176552,-30.71293073701117,True,False,True
236,synonymous,AAGCACCCGAAACAGATAGA,-0.018993425616643484,0.11248547124235474,-1.5863631507037401,False,False,False
236,synonymous,ATCAGACATTAGAATTATAA,-0.03316333307474309,0.007147633881968124,-4.231474023331522,False,False,False
236,synonymous,ATCTTTGACCAACGTAAACG,0.08247559858831026,-0.020832383917099906,-3.0933825689627485,False,False,True
236,synonymous,CCCTATGCCCCCGATGGTAC,-0.001953130641649198,0.07747744350839769,-2.183760306427084,False,False,False
236,synonymous,CCGACTCGTTTGGGCACCTA,0.012071446745747736,0.061653411125143276,-2.5472564504809005,False,False,False
236,synonymous,CGCAATACTGCACCTTACAT,-0.041280214622279224,-0.13305660896880367,-7.914021109284484,False,False,True
236,synonymous,TTTCGAACTGTAGGACTTAT,-0.0109579385176398,0.020387046119625496,-2.746766857539053,False,False,False
237,missense,CCCTCAGCATGTGAAGAGAT,-1.7182186304603333,-1.4650119227804146,-30.209662671263438,True,False,False
237,missense,CGAGTGCAATCCATTGAAAG,-0.021978075277471594,-1.0019553647079757,-32.073210767045154,True,True,True
237,missense,CTAGGCCTTCATTGACAATC,-0.05902966183370917,-0.029841133062418562,-5.080619556318419,False,False,False
237,missense,GGCCAAAATGCAGACGCCAC,0.016387264571834162,0.02251399005261906,-2.919342722739747,False,False,False
237,synonymous,GGTAGGTTGGAACCGTAATC,0.03817626082958045,0.0582277014124339,-2.567394924280447,False,False,False
237,synonymous,TATATGGATGGATCTTTCTT,0.6283565163117626,0.1677908484723522,-0.41999201162127237,False,False,False
237,synonymous,TCTACATAACTCATCAAGAA,-0.022072195394593996,0.06556143087100486,-2.549817885625389,False,False,False
238,missense,TAAACATTAAAGCGAGTTTC,0.010388010763140228,-0.9229871462783386,-30.26529054727378,True,False,True
238,synonymous,ACTCAACCAGGAGATCCGAA,-0.0023239119286523934,0.07400859159368638,-1.237699533694435,False,False,False
238,synonymous,TGGAACGCACATAGCGCCAG,0.002415460782677975,0.04120842892079686,-3.0462267932531453,False,False,False
239,missense,AACGACAGCATGCGTAAACT,-0.06714171085994002,-0.9542825288153329,-30.941442612714358,True,False,True
239,missense,CAAGATAAAATTAAAATATA,0.02026221030588152,0.0704338809267899,-2.3573571754020484,False,False,False
239,missense,TGTCTTAGCTACAACTTGTT,0.05325045819139139,-1.0047675082456846,-31.29888194120352,True,True,True
239,synonymous,TTATTTGCAAAAGCTTATGT,-0.006637276271511899,0.04320288774177054,-2.876333449007928,False,False,False
240,missense,AATGCCTAGCGCAACCCCAA,0.03454845459409764,0.06465527708121883,-2.574643088498148,False,False,False
240,missense,GTTTTTTATAAGGAATATAC,-0.03570772753035799,0.08335010249105089,-1.9505855402791266,False,False,False
240,missense,TTATCAGAATACGAGAGAAC,0.05727272883581701,-0.15118443558513472,-7.8077965414106085,False,False,True
240,synonymous,AAGTAAACGGTCAAGGAATC,-0.41277199372880374,-0.9096538576971063,-30.88751321966178,True,False,True
240,synonymous,AAGTCCGTCCGTCAAAGAAT,0.006575326156704938,0.07009783649526174,-3.366982701291866,False,False,False
240,synonymous,AATAATTAAAACATAAAACA,-1.5555353924422302,-0.9479966113684806,-30.80770442369972,True,False,False
240,synonymous,ACCATTGCGAACTTAAATTC,-0.006053727847285393,0.0416997960575948,-2.1045094639229998,False,False,False
240,synonymous,AGAAATTATACATACCGGTA,-0.007611306614694136,-0.9289342094742259,-30.91782351303689,True,False,True
240,synonymous,ATCTATATAATAATCTTCAG,-0.015704108698651544,0.04089481220987459,-3.1688210984052505,False,False,False
240,synonymous,ATGTGTGGATCCCATAACAA,-1.7160052288695464,-0.8429381498728983,-30.040934248159267,True,False,False
240,synonymous,CAGTGGTATACAGCATATAA,0.002934067043068362,0.09052242363507791,-2.2409245839571974,False,False,False
240,synonymous,CTAAAGAAGTGCTGATAACA,0.009403173901246537,0.09636418608009292,-1.8915419930829183,False,False,False
240,synonymous,GCCAGGGAAACTTTCGTGTA,-1.031660720886468,-0.03722486793701035,-5.918625776254509,False,False,False
241,missense,ACGGTCCACGGGACTTAATA,0.026602067628690735,0.08292672156901854,-1.4954798758839258,False,False,False
241,missense,ACTTATATTAGAGCTATGGA,0.034922487955656625,0.0889377693273184,-2.587392204181439,False,False,False
241,missense,TATGGTCTCTAAGTCGTTTC,0.002265087735967054,0.017014400062631246,-3.2009193154186413,False,False,False
241,synonymous,AAAGCCGATAGAAAATATTT,-0.04722529947737211,-0.9621191778294844,-32.07601152595671,True,False,True
241,synonymous,AAGATAACATACAAAAAGCG,-0.006382285718771563,0.06700379249874701,-2.7418995987259707,False,False,False
241,synonymous,ACGGACTTTCCCCACAAAAA,-0.025813974271358262,0.06387502299250664,-2.229704036272573,False,False,False
241,synonymous,TCCAACTAAGTGAATAACAT,-0.007105165658859007,-0.9098121197187201,-30.769640441016243,True,False,True
241,synonymous,TGTAATCTCTGAAACACAAA,-0.0023850012695237057,0.06383759121331134,-2.472287696986568,False,False,False
242,missense,AAATACAACAAAAGCCCACT,-0.8025700268681415,-0.7980485652854699,-30.11731880225739,True,False,False
242,missense,AAATACGTGTACACAAATGT,-0.11839728132914971,-0.884747788688534,-29.9334546526711,True,False,True
242,missense,AGCATATAATATGTATGTAC,0.003727092076737879,0.07685937428936275,-2.0752887090079026,False,False,False
242,missense,CCAATGGTAAGCGAACATTA,-1.0802652015103407,-0.9272067466677547,-30.029110591013115,True,False,False
242,synonymous,AGAAAATCACACTGAGTTTA,-1.0819525843370958,-0.977413833386894,-30.443051087282686,True,False,False
242,synonymous,AGTATTAGAATTAAGAGTAA,0.5273223670733541,0.2896314489061068,0.25484876733552503,False,False,False
242,synonymous,GAATCATAGAAGTTAGATTA,-0.03027460253941235,0.004545722002994856,-4.263590755085609,False,False,False
242,synonymous,GATAAGACTACTAGACAAGA,-0.016024340739512092,-1.5917521918448947,-30.109751422880237,True,True,True
242,synonymous,GCATCATGATCAAACATAAG,-0.01109106187951854,-0.972938895399224,-31.89925972110172,True,False,True
242,synonymous,TAAAGACACTTATCATCTTG,0.02580551966891967,-0.9657735356926094,-30.890548511855176,True,False,True
243,missense,AACGGCGACGGTTCTCGCTT,-0.010319826195630138,0.07840799729568036,-2.1011264211651106,False,False,False
243,missense,AAGTAGCGACGGTGATCGTG,0.04022439994705647,0.07035547899004663,-2.2854429009743984,False,False,False
243,missense,AGGTTACGTTAAGGCATCTC,0.03469261853225737,-0.9904018376289678,-32.54905021583241,True,True,True
243,missense,AGTTGTAGACTGATATGGTG,0.007246315799235946,-0.9532276896612761,-30.928577346090382,True,False,True
243,missense,CCGCAAATTCAGGATGTACT,-0.016993752369441138,0.03999142546494737,-2.8436365431306028,False,False,False
243,missense,CTACATAATAATTGAACACG,0.04201591143264957,-0.014154639732923718,-4.029261379851648,False,False,True
244,missense,AAGGATAATACGGAAGGAGC,0.04470459079359909,-0.9660034894975695,-31.781199836569662,True,False,True
244,missense,ACGTTTATAATAACCATAGA,-0.000200424142627506,0.0345060320146761,-3.226908680024862,False,False,False
244,missense,CTCGAAAGAAATAGACGTAG,-0.0630071402969085,-0.9611133100050795,-31.41828555881374,True,False,True
244,missense,GAAACTCGACTTGGCTAACC,-0.11177972263538774,0.08349018115203091,-1.6606330657643307,False,False,False
244,missense,GAAAGTATGCCGAACGAATC,0.04424322245917943,0.5036882542753975,8.08525660175039,False,False,False
244,synonymous,GGCACGGTATCCAGTACGAA,-0.0721192624327739,-1.5437184043357979,-30.74932836220583,True,True,True
245,synonymous,ACAACGACTTAGTACATTAT,-1.0897832494332937,-1.7896276198468346,-30.330538406982996,True,False,True
245,synonymous,TGATTGGTAGGACATGGAAT,0.012532649020607859,0.05301446946339426,-3.0542692045900743,False,False,False
247,missense,AAAATATGTGCCGAACACAC,0.0023197315908328278,0.031905182773671645,-3.182475424475426,False,False,False
247,missense,ACAGAACTTGAAGATTCACC,-0.0319521561977265,-0.03157008326202476,-5.222750453045473,False,False,False
247,missense,GATAGAATTTTTTTGAGCTA,-0.020597331089330245,0.10500621667093155,-1.2248276641158016,False,False,False
247,missense,GGAGTAGTTGGAATAAGAAA,-0.01761473400166232,0.15337340402430405,-0.2413308856249281,False,False,False
247,missense,TGAAGCAATTAATGGATCAT,0.14677898876356574,-0.9525148894389563,-30.060487874133244,True,False,True
247,synonymous,AGATGACCGATCTATTTCCA,0.004223484938723922,0.11059973687562953,-1.6024744932057522,False,False,False
248,missense,CAAGATGGATGTCACTCCTG,0.031369890431097905,-0.983109006456842,-32.49283902708901,True,True,True
251,missense,CAAAAAGACGATCGAAGAAT,0.017744629073382756,0.01297854977184476,-3.533722528599571,False,False,False
251,missense,CGTAGACAAAAGTCATTAAG,-0.008995815970546894,0.03224456690867271,-3.2677777822571064,False,False,False
251,missense,CTATACTATCCAAACAATAC,-1.0983282605724214,-0.08571369029805112,-6.291817465261377,False,False,False
251,missense,TTTGAAGTCTAAGAGTCAAC,-0.03919236203199013,0.10544551053533854,-0.9625756198981035,False,False,False
251,synonymous,AATCGTAAGCACAGGGCAAG,-0.2188696233665285,-0.014168805904987314,-4.283979558928427,False,False,False
251,synonymous,TCCGGGAACGGGTAGGGAAG,-0.0517553469206688,0.7675615811659258,-0.8919627827040097,False,False,False
251,synonymous,TGCCCGATCCTTTCACAATA,-0.07391641815248952,-1.0088011866190867,-31.886510077118558,True,True,True
251,synonymous,TTTTCTGATACACTTGAAAT,-0.011908872173010216,-1.5606223858011494,-30.171913509013258,True,True,True
252,missense,AATACTGCTCAAGAAAGGCA,-1.3960502154196766,-0.9747668853880338,-30.40506456540974,True,False,False
253,missense,ACGAAAGGACTGAAGCTTTA,0.01896437674812929,-1.5760731012219873,-30.553027546549508,True,True,True
253,missense,TAGATCTTCAGCAAATAACA,0.08271673753771967,0.01323269311075892,-4.004302003853692,False,False,False
253,synonymous,ATAAGGGTGCGGCACTAAAT,0.06829927984882586,0.07058448115266407,-1.169996645607105,False,False,False
253,synonymous,CGGACAGTAAGGTGGCCACA,0.006615241294706434,0.044298385981544744,-2.7065001841253333,False,False,False
254,missense,ACTACCATGATAATATGGCT,0.006413018317615137,-1.0183883112784857,-31.47672205801796,True,True,True
254,synonymous,CCTTGAACCAAAAATAGTCA,-0.055408139378561844,0.035948352954977295,-2.8648415305938477,False,False,False
254,synonymous,CGAAGCTATACAGGAGTACC,0.07129240957315222,-0.9190423912063406,-30.24351038160709,True,False,True
254,synonymous,GAAACGTACTTGGAAGCAAT,-0.011056054009948801,0.05764152475002103,-2.6227775332063676,False,False,False
254,synonymous,GTAAAGAATTAAACAGGCAT,0.08970940102885663,-1.0906328715291318,-30.0138084553162,True,True,True
254,synonymous,GTGTTGGGCCACAGGATCTT,0.035823482730744816,0.015745300652530686,-2.728090038080536,False,False,False
255,missense,AAGGATCAGATTATGTCGAA,0.029767221643781094,-1.1655751186028807,-30.819978987982672,True,True,True
255,missense,AGTAATAATAGAACAAATGC,0.02448285596718495,-0.04506462094300373,-4.4349026656862645,False,False,True
255,missense,ATGAATACTATTTCTTCTTT,0.022043740713635823,0.060709021565564875,-2.497460041464637,False,False,False
255,missense,CATACACCGGAAAAGGATAC,0.02849606009020976,-0.7933648981906283,-30.520946094120294,True,False,True
255,missense,TAAGCAGATAGAAGTTGAGC,0.043642473442606716,0.17442815690044025,-0.355010500337451,False,False,False
255,synonymous,ATTTAAGGAACCGTCACTAG,0.031246834924773363,-0.9956695911241704,-31.962587160392278,True,True,True
255,synonymous,GATTCAATAACATGCAAGGT,-0.000984676479217285,0.01992767911846166,-3.176813928365436,False,False,False
255,synonymous,GGACAGACGCAGCAATAACG,-0.023011615124873895,0.044216961425448995,-0.958574091416262,False,False,False
255,synonymous,TCATGTAATAGACAAAGTTT,0.04023240367212748,0.16878180063456008,-0.5449203606219998,False,False,False
255,synonymous,TCGTCATAAGCTGAAGTTCG,-1.0159429470587844,-0.9539656073265896,-30.060066938785027,True,False,False
256,missense,AAAGAGGAAACGCATACCGA,0.050039294661275685,0.11253096105943967,-1.3717960872575898,False,False,False
256,missense,ATAAGCGCTATCTATAATAT,0.012917285478701742,0.05496868985973301,-2.2344677705532336,False,False,False
256,missense,ATGACTAAATAGTACACCAC,0.031164970512668595,0.07273404393978632,-2.736747299140728,False,False,False
256,synonymous,AACTATCCAGGGGCAACGTG,0.0015191552762135298,0.020949522699649503,-3.0420854810234017,False,False,False
256,synonymous,CAAGCGCTACAAAACCTCAC,0.030172434842999585,-0.9885219592326653,-30.68006536380415,True,True,True
256,synonymous,CGAAACTATAGAGAATCCAT,-0.0013026510687159445,0.0005411810983966814,-4.193661339299264,False,False,False
256,synonymous,GTAATACATAAGTCAGTTTA,-0.007111653839190666,0.3017313012197293,4.259612582857588,False,False,False
257,missense,ACTTACTGATTTGATAACGA,-0.022893625610953306,-0.02065497202478339,-4.4152269440063305,False,False,False
257,missense,AGAACATGTCAAATGATAGG,0.008625779216845148,-0.9619717849935192,-31.76570691373422,True,False,True
257,missense,AGTATAACAAGAAAAATTCA,-0.06602627516142096,0.014538363009825694,-3.603107720420015,False,False,False
257,synonymous,CCAATCCGCGTTCACAATCT,-0.0036568517694037656,0.03271763791893888,-3.2938198791973012,False,False,False
257,synonymous,CGTATAGAAATTTTAAGCCA,0.023078426349521047,-0.9558610290100376,-30.68698496412096,True,False,True
257,synonymous,TCTAGGACATAAAGGAACAA,-0.06132999561003595,-0.8980732467342745,-30.028492922619343,True,False,True
258,missense,AGAAGAGCTAGATATGCGCG,-0.03965751581547722,-0.01585003481485356,-4.862711872140763,False,False,False
258,missense,AGAGAAAGCCGTTCTATAAC,-0.038356758439982416,-0.8450618770287428,-30.203611573320963,True,False,True
258,missense,CCGCTGTTTACACAAGCTAT,-0.011256545268410908,0.05297255950314497,-2.605607212918236,False,False,False
258,missense,GCTGCAGATGACGTAAATTA,0.011975773068128,-0.6863243277988245,-30.386756679747503,True,False,True
258,missense,TAGCTTACTTAATTGCTTAA,-0.03414655916518007,0.09366677473234392,-2.539846496979648,False,False,False
258,synonymous,ACAAACTCGAACACCCTACG,-0.010001588157451386,-0.078968792934526,-6.565737271006463,False,False,True
258,synonymous,CACGTAGCTCTGGGAACAGT,0.03938308047378991,0.02054276955227094,-3.728297754233277,False,False,False
258,synonymous,GAGTATTGAGATCAACTGCT,-0.0059175972057458285,-0.010550348465510756,-4.11999932208957,False,False,True
258,synonymous,GTGTTAGAGGATATTCAATC,-0.020873913252135372,-0.1022013794240505,-6.81473511002692,False,False,True
259,missense,CCAGTGGGGCGATCAAGTTG,-0.0032243365725216624,0.06029492459732215,-2.2899243751194773,False,False,False
259,missense,GATACTAATACACAAAGTCA,0.038879375945577235,-0.0037813428798871285,-4.905920864181492,False,False,True
259,missense,TATAGATATTAGAATATTGA,0.012404363065231704,0.022591085741299533,-3.2354344430794937,False,False,False
259,synonymous,ACTCTTAGGAATCTCCCCGT,-0.00196389688383227,0.03107964455487776,-4.112989801605026,False,False,False
259,synonymous,CCAAACAAAGCATGAGTTAC,-0.007552141601710506,0.061715392319227166,-2.4496309236287086,False,False,False
259,synonymous,GTACTGAGACTTAACGCCGA,0.010920701894934938,0.07671394437428038,-2.162792319018967,False,False,False
260,missense,ACTTGAGGCTCATCAACGTA,0.05603891648355501,-0.966061889707708,-31.61070704803803,True,False,True
260,missense,ATGGACATTTACATACAGAG,0.009094821533103786,-0.9855865928670879,-31.21297906147945,True,True,True
260,missense,GATTACAAGGCCTGTTTTCG,0.05892481806315118,-0.0005326373878306034,-4.490947345002602,False,False,True
260,missense,TAGCGGCCCGCTAAGTCTAG,0.013914405637033963,-0.9824847122205416,-30.522545996060483,True,True,True
260,synonymous,AACTAAGATGATTTCAATGC,-1.1076866428542191,-0.07152253763233027,-5.95327353339554,False,False,False
260,synonymous,CATATAGTCAGAGGGAAGAA,-0.036017919334923765,-0.10834260284870861,-7.189839742612315,False,False,True
260,synonymous,CCGATTATGAGTGGTAATGT,-0.05488079084299048,-0.9262529142439244,-31.79625866947066,True,False,True
260,synonymous,TAGCACGAAAGAAATAAACT,-0.005607706880274264,0.04259946591558143,-3.0794488063831396,False,False,False
260,synonymous,TTAACAGAACAGTATTAAGT,-0.2752720171899473,-1.0100455165436302,-31.14069957003602,True,True,True
260,synonymous,TTACTATTGACCCATATAAC,0.038439876320989344,0.036777301012270155,-3.3332301090121783,False,False,False
261,missense,AGAAAAAGCTATATACTAGC,0.00863879625818989,-0.9140220694161258,-31.066173658149605,True,False,True
261,missense,GGATTTCTCATCCTGGAGTG,0.009643753904173212,-1.0158400362355902,-32.59732549332067,True,True,True
261,missense,GGTTACTAAAATCCCGTTTT,0.02192849011549477,0.05311295581626248,-2.648700315067901,False,False,False
261,synonymous,AAGAAACCAAATCCACAAAA,0.0416942110612107,0.01438436156181716,-2.932365272936064,False,False,False
261,synonymous,AGGTGAAACTTGCAATTTGT,-0.0056414878067476484,0.06574710087991253,-2.9609265954110486,False,False,False
261,synonymous,CAAAAAGATAAAGTCCGATC,-0.07826033680386256,-0.9490055402765136,-30.48657817032981,True,False,True
261,synonymous,GGCAAAACTGTCCACAACTG,0.01074183021126467,-0.22085929696199935,-1.021168448357469,False,False,True
262,missense,GTCCCCCTGATACCGTGAGA,0.043295290391853064,-0.8598042957780891,-30.37890936609986,True,False,True
262,missense,TTAGAAACTCTATTAATTAA,0.02096143847271886,-0.9998886385413246,-31.47303492753553,True,True,True
262,missense,TTTCACCAATAACATATGTC,-0.057095992356270886,-0.8841476122048086,-30.021590195238748,True,False,True
262,synonymous,AGAATAACTTCGTATGAGAG,-0.020584016160065284,0.08329274660551537,-1.6683412762245498,False,False,False
262,synonymous,ATTATGATACGATCAACGTA,0.021858185550239943,0.04548470521642614,-2.9365526191254436,False,False,False
262,synonymous,GGCGAGATCAAAAGAAAATA,0.06098069371474424,0.16899796818410492,-0.9476912674843299,False,False,False
263,missense,GGCAAGTGTCAAAATATTCC,0.01995385652528604,-0.8904927650713395,-30.07110926202543,True,False,True
263,missense,TAAAATGTTCTCGGGAAATA,0.02204593957793463,0.07258761407718921,-2.2910601451788466,False,False,False
263,synonymous,ACCTATACTCCTAAAAAGCC,-0.033612356047696246,-0.76006094548454,-30.292549235784207,True,False,True
263,synonymous,AGATTTAAGACTTTTGCTGA,-0.02109984007430868,-0.9889313976774796,-31.44699540298014,True,True,True
263,synonymous,CAGCGTGATAGAAAATAATT,-0.039108660141199944,-0.9828116283707053,-32.3536907506886,True,True,True
263,synonymous,TATCTCAGCTAATGTTAACC,-0.031543264261693404,-0.15590312891983843,-7.727092264751736,False,False,True
264,missense,ATCGCAAATATAGAAGGGTG,-0.09237797539257596,-1.0034265996289262,-31.475689259937273,True,True,True
264,missense,GAATTGGGACTAACTCAAGC,0.0014264528289160254,0.05960402530949188,-2.2836277421723894,False,False,False
264,missense,TACGAATTTGTTAGAGAGTT,0.05860937081005434,-0.9343765638547448,-30.516476481540902,True,False,True
264,synonymous,AAACATATGTTAATATCAGA,0.0013372345221710899,0.05456231857342102,-2.7638129414045167,False,False,False
264,synonymous,ACCAACCAATGAGGCTCGAC,0.020405846050241944,0.041507945373366606,-3.6262908880772304,False,False,False
264,synonymous,TAGACGGAGCAACAGCACAA,0.00891274628116192,-0.9867226530587208,-31.961649532708744,True,True,True
265,missense,AATTTTAGATTAAGCGGGAA,-0.008654647880896435,-1.005575533798029,-30.143760072180697,True,True,True
265,missense,AGACGTCAAAGAAGACAGTG,0.03972647583119,0.00554832596521479,-2.836220680628656,False,False,False
265,missense,TACACAATTATGCTATAGCA,0.0038075842215752826,0.07189378242733238,-2.3467897849198858,False,False,False
265,missense,TATCGCTCTGCAACTCCACT,0.0026806300599875113,-0.015458059183782846,-5.059405441949282,False,False,True
265,missense,TCATTGACGTAACGTGTCAA,0.008607453475801895,-0.9548838949983631,-31.54494510239411,True,False,True
265,synonymous,AACGTTCTTAACCATGATCC,-0.06356203139018525,0.09978745366285365,-1.4832049210447846,False,False,False
265,synonymous,AATCGCGACTGATTGCTCTA,0.04027046411269174,-1.0145627337000864,-31.79881142273012,True,True,True
265,synonymous,GTATAAGCAAATCGACACGC,0.006470491301575489,-1.0144923921856475,-33.14338800936012,True,True,True
266,missense,AATACATTAAACCCTTAACC,0.011629804663992278,0.0729228457773369,-2.0846410729562033,False,False,False
266,missense,AATGATAAAACTATTTATTA,0.03239566442764029,-0.9130369635842295,-30.176088736187975,True,False,True
266,missense,CATCTGACACATCCGCCGGT,0.028190287675414243,-0.014499711692014722,-4.409966370170563,False,False,True
266,missense,GGCCATAGCAACTGCCCTTA,-0.0999954068102051,0.06260503866700348,-1.0013144097266156,False,False,False
266,missense,TAATAGGAAGAACCAGAGTT,0.03841193247551436,-0.8759847407526586,-30.528970942551457,True,False,True
266,missense,TACAGACTTAGGCTGATTCT,0.059699947803716596,-0.9399838535233422,-30.131780164220856,True,False,True
266,synonymous,AAGAAAAAAAGGAAGGTTAA,-0.021790784604487655,0.03168423372165778,-3.3316871489129083,False,False,False
266,synonymous,AAGTTCTTAATCAGGTGATA,-0.021189512209803408,-0.9724935438661646,-31.751208394739617,True,False,True
266,synonymous,AATCAGCACACCAACCCTCT,-1.039470779735573,0.1413298854690845,-0.5431417884545569,False,False,False
266,synonymous,ACCCTGCTAGGCGTTGAATC,0.0007177591954593268,0.04610419105284273,-2.91546267551685,False,False,False
266,synonymous,ACGGGATACTCGCCGTAATA,0.022088064524627596,-1.0384444074262165,-32.97336928634788,True,True,True
266,synonymous,AGGCGTCTGTAAGCGGCGAC,-0.0007401893203849569,-0.9619277613666493,-30.66824973889055,True,False,True
266,synonymous,CAATATCACAATCAAAGTAT,0.007872347267777767,0.10002911263273749,-1.4148851219368068,False,False,False
266,synonymous,CATGGGCGGACACATACCAC,-0.0032548315043539437,-1.017608551818339,-33.34848686003511,True,True,True
266,synonymous,TGGTGGAACAAAAGTCACAA,-0.03510943451424052,-0.018204162016865755,-4.1531347387981965,False,False,False
267,missense,AAGAGAGCCATATTCGTATC,0.03828920518244479,0.06063009105637543,-2.576794475586777,False,False,False
267,missense,ACAAGTGATACATCTGGTAA,0.0038023346911310843,-0.13104535414413476,-8.224174845843002,False,False,True
267,missense,CAGGCGCGTTAACTTAAAAA,0.045735361901037844,0.0357549760565961,-3.188461741930976,False,False,False
267,missense,CCAAAATTCAAAAGAGTATT,-0.014037354324853039,-0.03492074696630981,-4.90443680105144,False,False,True
267,missense,CCATAGGACACACGATTCAG,0.0037253197992539555,0.04314401230525167,-2.4628510663092897,False,False,False
267,missense,TAAAATGGTTAGAAATATAC,-0.036971029415739265,0.07571627750206267,-2.4890478997885777,False,False,False
267,missense,TGACAAAGGGTAGGACACAA,-0.025093824617346442,-0.9663437339847749,-32.161393297317005,True,False,True
267,synonymous,ACCATTATTCCGAACGCCTT,0.017741498433740524,-0.9144443949754832,-31.28560022138227,True,False,True
267,synonymous,AGAAGAAAATAGTCAAATAG,0.004250091460965158,0.029402287652965306,-3.3385692054383695,False,False,False
267,synonymous,CGAGAAGGCTGGCTCGTGCT,-0.06210958619603783,-0.9631317278582097,-32.080392349439016,True,False,True
267,synonymous,CTACTAGGAATGTTACGCCA,0.01372589436396224,-1.031623365610502,-30.955907785071922,True,True,True
267,synonymous,TAAGAACTGATAAAAGTCAA,0.052404920402796526,0.038895478816593027,-3.022980978152751,False,False,False
267,synonymous,TCCTTCGAACACAGGATACG,-0.039786337649615935,-0.04576893884552746,-6.106431408114225,False,False,True
267,synonymous,TCGATGCCCGACACTTGTCG,-0.03928091383478724,-0.922393364099273,-30.019648119476635,True,False,True
268,missense,ACACTTCACAATGCCCACAA,-0.009375548624371725,0.07114076593696152,-2.427375564824321,False,False,False
268,missense,AGGAGGAGAAACTACACGCT,-0.0018233709064759537,0.04939380842124495,-2.8410336560403278,False,False,False
268,missense,ATGCCGTCCTAATCCTTTAT,-0.09602685601069366,-0.9762181381228547,-32.230908446776674,True,False,True
268,missense,CTTTGGAAAAGGTAACTATA,0.020792148693169706,0.07910106707906542,-1.9975623684115205,False,False,False
268,missense,GTATGTGAGGCGCTGGAAAA,-0.010105337501755,0.07438806558438824,-1.800249350964091,False,False,False
268,missense,TCATGCAACGCCAACAAAAA,0.03838589846596807,-0.8545035887201942,-30.38448218536509,True,False,True
268,synonymous,AACAAAAGACGACCGTGAAA,0.011601773891305551,0.04313885638175827,-2.135441399126105,False,False,False
268,synonymous,AAGATGTGAACCAAATAGAC,0.0392135415596849,0.0740004845734867,-1.9447912727536973,False,False,False
268,synonymous,ACCGACCCGGGACTGGAGTA,-0.011769115044721161,0.04599978888969476,-2.866947590590355,False,False,False
268,synonymous,CCCCTCACCGGGGCACCGGG,0.013552359080195198,-0.21787617047315777,-10.252422577518955,False,False,True
268,synonymous,GATAACGACTACCGCATATT,-1.041515246501301,-0.9601985982146546,-30.567720648315145,True,False,False
268,synonymous,TATGAACAACAATTGTCCAT,0.020709532066795915,-1.015884739557297,-32.51864629303937,True,True,True
268,synonymous,TGAACCTGAATCCTAGCTAT,0.06128671515079104,-0.9088518514551787,-30.285027241387812,True,False,True
269,missense,AAATAACTGGCGTTTAGTCA,-0.012503951485750116,-0.028029861754724772,-5.421439521857046,False,False,True
269,missense,AATACCATTGACTTTACAAG,-0.007521869270069889,-0.1604721598944875,-8.948226931935924,False,False,True
269,missense,AATGTAATGACTTTGCCCGA,0.011231661474200183,0.060251505503032654,-2.716222946666009,False,False,False
269,missense,ACCTCTAAGCCTGTGAACTT,0.030471672646372648,-0.9686815804136255,-31.655000463018677,True,False,True
269,missense,CACGTAAGCATAATGAAAGA,0.014108807861850573,0.047824783126506315,-2.5882299807684843,False,False,False
269,missense,CTGGCCATACCCAGCCATCA,0.07921937807371324,-1.5464925577173727,-30.3768609093462,True,True,True
269,missense,GCAAGGTACCTAAAATTATA,-0.03395561280664709,0.020852541667084196,-2.8072404493039698,False,False,False
269,missense,GGAAAAATGTTATACCAGGT,0.06881563681220895,-0.9900773335791735,-31.892147120070064,True,True,True
269,missense,GGGGCGCTTGATACGAATGA,-0.03718002837974109,0.04395621392445838,-3.2157738018066695,False,False,False
269,missense,GTAATCAAATGATAAAGCGC,-0.0029005060407254757,-0.7508104939003422,-30.35120473641959,True,False,True
269,missense,TTAGCCTAATATCAACCATT,0.12382555725198352,-0.890552806922531,-30.018654344015385,True,False,True
269,synonymous,AGGGTAACGCAAACAATACG,0.015619072149493474,0.08630192014275619,-1.6347776602662014,False,False,False
269,synonymous,GCTCATCACAATTAAACAAA,0.009708695038708325,0.016135114817854124,-3.690761617445731,False,False,False
269,synonymous,TAAACTCTGAAAACTGATTT,-0.010237322500139676,-1.0504441318929587,-32.394607462463185,True,True,True
269,synonymous,TAAGAAAGAGACCAAGAGCT,-0.0024122951223435087,0.040723724583714566,-2.972064583661025,False,False,False
269,synonymous,TTCTTACGACTGAAACGATA,0.043816166415052746,0.09312595127412886,-1.6801797815757695,False,False,False
270,missense,CATATACGAGGCGATTTGAT,0.013588129494257702,0.04552837721095532,-3.5451163638180443,False,False,False
270,missense,GCATCATCAGCTTTCGCAAA,0.021469262392544517,0.07098538198386094,-2.3953364172951095,False,False,False
270,synonymous,AAAATGGCCAGAGACATGTG,0.004850144741384757,0.030525410058555677,-3.3985239930439834,False,False,False
270,synonymous,AATTAACAACGATCGAAGGT,0.025455965474567712,0.080031266808428,-2.1830091835884566,False,False,False
270,synonymous,GACTCCGACCCACGATTGCC,-0.26084404663011673,-1.6855155720320907,-31.60988786838102,True,True,True
270,synonymous,GACTGCTAACTGGTCCACGG,-0.171136268158165,-0.9490740750833875,-30.609007374992448,True,False,True
270,synonymous,TAATAAGATCTGGCTAAATA,-0.0890258247245879,0.19947480221779576,-0.00822206441619362,False,False,False
271,missense,AACATAGTCAGCCGAGCGTC,0.1423269864982662,0.10096934526775017,-1.0466612073849546,False,False,False
271,missense,GGTACGGGAATAATTCTCTA,0.005585138967099755,0.05419628974789503,-2.084803597166824,False,False,False
271,missense,GTAAAGCACTATCAGCGTAA,0.01385394356830022,-1.5293162726556218,-30.30722362557786,True,True,True
271,missense,GTAGGTACGCTATATCTGTA,0.03733787880360821,-0.03694586086844978,-5.742421868114295,False,False,True
271,missense,TAAAGAAAATTCAGACGCGA,0.0288549364009779,0.10536898213124751,-1.494087626368245,False,False,False
271,missense,TATTAGATAAATACTCGCAT,0.010091075100998126,0.01587046575991166,-2.642057865404477,False,False,False
272,missense,AAATTGATACCTTTAGTATA,-0.05036570344650734,-0.8211996845829759,-30.324238496941177,True,False,True
272,missense,AGTGAACATGGTGCAGGTAA,0.010620213678563431,0.04462339098017655,-2.783655773723982,False,False,False
272,missense,ATAAGACCCAAACTTTCTTG,0.0047430769929962344,0.0444771147709781,-2.7505876470120016,False,False,False
272,missense,CACACATTCCGTAAACTACA,0.010075864381618446,0.09093898968423826,-1.5688993710723411,False,False,False
272,missense,TGGAGAAAAAACAACTCACT,0.003492070043398893,-0.9617706258756116,-31.439524665827363,True,False,True
272,synonymous,ACATCGAACGAGAAAAAGGA,0.021478267005612957,0.07849438503274497,-1.883649091894681,False,False,False
272,synonymous,CTTCCCCCATACACGAGACG,0.032192791666849796,0.04758201094122852,-2.7709745949438354,False,False,False
272,synonymous,GCGTTAGCGTTAAGTAGAAC,0.031091058272281244,0.07488143162409325,-1.9708476239478325,False,False,False
272,synonymous,TCAGCTTCAATAATTAAGTA,0.0007710275291680545,-0.9841246094805938,-31.21193543415817,True,True,True
273,missense,GCTAGGGTAGTTCTTGACTA,0.011980346937360685,0.04674343073715967,-3.2863670425756246,False,False,False
273,synonymous,AAAAGTTTGAAGTCAAGTTC,0.004900078669784818,-0.1298822086404945,-8.071273015421985,False,False,True
273,synonymous,AATAACAAAAATTCTAAATG,0.01084887341927623,0.024341262105375877,-3.3822965933440123,False,False,False
273,synonymous,ACTCTGAATTGATGCTGAAG,-0.030346405200374692,-1.0077891123150873,-32.53144835675778,True,True,True
273,synonymous,AGAATGTGTCTGAAAGCCAA,0.0179478897128149,0.06320864544282473,-2.3428569429506876,False,False,False
273,synonymous,ATACAATATAGATAAGTATT,-0.029777379257227943,0.16402128531738527,-0.9649610133158908,False,False,False
273,synonymous,GTCCCCCAGGGCAAGTGATT,-0.026604036368880403,-0.02791341877000139,-5.324904798270209,False,False,True
273,synonymous,GTTATAACAAGTTAGGTGAT,-0.023236913433692656,0.06493802690237002,-2.76565708888712,False,False,False
274,missense,ATCTAGAAATAACTAGCAAA,-0.07452769353448353,0.06835853456623131,-2.2095744965957627,False,False,False
274,missense,CGAAAAGACACACCGGTTTT,-0.03600654499933585,0.03351292206135824,-3.4207429885124445,False,False,False
274,missense,GCTCATAATTAAAGATGTGC,-1.2402452223201668,0.15935143847944097,-1.353377288931391,False,False,False
274,missense,GTAAGGACCATTTAGACAAC,-0.01128311548965688,0.08810385350373948,-2.1139355202908,False,False,False
274,missense,TTCATTATGAAAGATCGCAA,-0.0026237746992280537,0.0931488572382903,-3.036951431265836,False,False,False
274,synonymous,GGTTTCTGAAGCACCAAGGG,-0.004254326838465513,0.04842101198929412,-3.128331190240379,False,False,False
274,synonymous,TTAAGATCCTAAGTTTCTAG,-0.02432314677552958,0.07021888308101457,-2.278804791162223,False,False,False
275,missense,AAGTTTATGAATACGCAGTA,0.06071797060118728,-0.8787146423573355,-30.198524059950064,True,False,True
275,synonymous,AAGTGGTGCGTCAGAAATAT,0.04828182753680969,0.12370514865822156,-1.4113572486965562,False,False,False
275,synonymous,ACCTAATAGATCTAGCTATA,-0.08631378285393597,-1.0110832286805413,-30.197014828645433,True,True,True
275,synonymous,ACTTGACAGATTATGCAAAA,-0.006199821861796325,0.06430348695536536,-2.6816420485506596,False,False,False
275,synonymous,AGATATGCCTACGTATATCT,-0.027180516004887568,0.048865299774800586,-3.0905386356777296,False,False,False
275,synonymous,CGCTCGTTAACTAAATCCAT,-0.07885071685121152,0.040109989290447984,-2.8541069509268713,False,False,False
275,synonymous,TGACCGCAACCCCAAGCCAA,0.12765861655395733,-0.35359995582493836,-30.5824918630604,True,False,True
275,synonymous,TTGAGGACATGGCTTGCTGG,0.03279004251114705,-0.9826457258763031,-30.97210652772699,True,True,True
276,missense,AAAATAAATAAACCAACAAA,0.004095553242147059,0.06318028791821606,-2.1040376846189,False,False,False
276,missense,CATGTGGCAACCGGCTCTAT,0.020481603145307007,0.08131500982021161,-1.5919907245960148,False,False,False
276,missense,GAGTGAATGAGAAAGCGTAG,0.01427464659642664,0.07377125072640622,-2.1940369065922365,False,False,False
277,missense,GAGACGAGGAAGAAATACCT,0.012968001813646773,0.029981400030292468,-3.381548246137116,False,False,False
277,synonymous,GAGTAGTCATTCCACAAGTA,-1.1167335225371258,-0.9039217552470631,-31.012392506109187,True,False,False
277,synonymous,TTAAGACCAGGTATAACTAA,-0.0023228544067916586,-0.7830330938066581,-30.457503767865102,True,False,True
278,missense,AATGATGGGCTGACACATTG,-0.019878828939322808,0.2140472181882428,0.9114164147887427,False,False,False
278,synonymous,AATGCTGGTTTGCTAATATA,0.01858451166733431,-0.9744888882908893,-32.24757588330976,True,False,True
278,synonymous,ATCGAGTATAGATACTATAC,0.07111036972322597,0.05107545622817179,-2.519183431596271,False,False,False
279,missense,ACAAGGCCGGCCCCCTATAC,0.025156468647104933,0.09367044578372415,-1.9168213277084234,False,False,False
279,missense,TGCAAGTTCAACTCCGGTGC,-0.043239020194271824,-0.07174562380486899,-6.723742507193913,False,False,True
279,missense,TTACACTAACACGATACAAA,-0.05620149631688738,0.060345835513477636,-1.9158421786668798,False,False,False
279,missense,TTGCACAAGATTTATTCTTA,0.02322972850208816,-0.07098997678025482,-6.017930192672219,False,False,True
279,synonymous,AAAGAAAATTTTGAACACTC,-0.10280184253273078,0.09071530263954689,-2.4801736258460374,False,False,False
279,synonymous,CGATTCATGTTAATACCTTG,-0.23315259265230895,-0.908562870370103,-30.569262335543723,True,False,True
279,synonymous,CGCCATCACTGTATAGTGAT,0.006924080820306885,0.05660680953827865,-2.722840908345316,False,False,False
280,missense,AAATCAACGAAGGCCAGTAC,0.09296866530548817,0.07476130564891084,-0.2899832622881318,False,False,False
280,missense,ATACAGACGCGCCTCCGAAC,0.07787603680472821,-1.617689286331914,-30.510948446574993,True,True,True
280,missense,ATAGCGGGTCGTGCAAAGCT,-0.01772258050289217,0.017738220300350493,-4.401986125051216,False,False,False
280,missense,ATATACAGAAGTCATTCCGA,-0.08367304692472938,0.1441245229966209,-1.3882125920058015,False,False,False
280,missense,CAGTTGAGAACAGCGAGCTC,-0.004127809270012886,-0.046234861789184706,-5.7862652910926995,False,False,True
280,missense,CGAGGCAAGAACAGTGGCTT,-0.20982157654068254,-0.9202865287034474,-30.0912373963906,True,False,True
280,missense,GAATAAAGATTCTCCATGAA,-0.634434279790399,0.06592427248636606,-0.38243461120331007,False,False,False
280,synonymous,AAATCCTAACAAAAAATTTT,-0.0018393532793515525,-1.0210585480014742,-32.0985026683413,True,True,True
280,synonymous,AATCTTTACCTGAGTACAAA,-0.09079730776809318,-0.9704742352884441,-31.04588955707805,True,False,True
280,synonymous,CTATAACCGAGTGAGAATAA,-0.025342596480344634,-0.9714386635772161,-32.44150121787676,True,False,True
280,synonymous,GAGAGTTGACTTCAACCACA,0.0023536027381605828,0.0940485017140481,-1.7933436485633767,False,False,False
281,missense,ACATCAGATTTAGATTTAAA,0.03326943794950965,-0.9577276048036139,-31.02371684526456,True,False,True
281,missense,AGATCGATCAAAATTAAGAT,-0.03257242290889674,0.08155579983489498,-1.9089165256273786,False,False,False
281,missense,ATTAAATAGTGTTGGAGAAA,-0.00744388466783312,-0.9734593492272163,-31.011233705712698,True,False,True
281,missense,CCAGATTTATAACGATTCGA,0.6179710657916637,-1.233126719443124,-30.065904870001404,True,True,True
281,missense,GAACGAAGAATATTTGGGCG,0.029965118760068944,-0.9889553055043576,-31.194591300094714,True,True,True
281,missense,TATGTAAATGCACGAACATA,0.07496496696068043,-0.7062600706599684,-30.19963800869021,True,False,True
281,synonymous,ACGGATAAGCAAATGATTAC,0.002884005363536798,-0.05386183634202052,-5.562107458268807,False,False,True
281,synonymous,CTTTAACAACCTCAAGTCAA,-0.029917460706938213,0.014174509754817682,-3.017204076301801,False,False,False
282,missense,ATAAGACCCAAAAAATAAGA,0.0014850772687586375,-1.0335896205851767,-33.16745837870639,True,True,True
282,missense,CATGTCAACCAGAAAAGAGG,0.026034324013237874,-0.9276842137094721,-30.01250770570829,True,False,True
282,synonymous,AACACATGTGTTCATCATTA,0.0664638402202329,-0.05173959624016852,-5.163200228607626,False,False,True
282,synonymous,AGAAACGGACGAATAACTCG,0.008235213135671705,0.08652099393621404,-1.8842393000788793,False,False,False
282,synonymous,TGCTGAAAAAGAAAGCACAA,-0.17211458639642516,-1.4880746215901215,-29.97429538885678,True,True,True
283,missense,AATAGGACCCAACAATAATA,-0.013161594604185475,-1.0252959017202286,-32.5910505208047,True,True,True
283,missense,AGTGAAATTAATAGAGAAGG,0.06888123020326051,0.17419925501905822,-0.5247374041318751,False,False,False
283,missense,ATGAAAGAGATGTTAAAATA,0.015423152117549478,-0.08036594548955839,-6.357466811170869,False,False,True
283,missense,ATGTCTAGATGTCAATCCTA,-0.1323948771531629,0.07724408943236155,-0.8770181925173566,False,False,False
283,missense,CGAAAGCTGGTATAAAATTA,0.023090304329543718,0.11153540285534083,-2.4498347667692593,False,False,False
283,missense,CTGGGAGGAAAACATGTACC,0.6890173115164648,-0.9170462520128491,-30.477813264064615,True,False,True
283,synonymous,AGAAAAATATGATAATCAAT,-0.044059787481383755,-0.9574551650444736,-30.930166530016432,True,False,True
283,synonymous,ATAGGACAGCAAAATTAAAT,-0.035677519634291235,-1.0225551120259344,-32.251248994088236,True,True,True
283,synonymous,CAAATCATGAAAAGCAGAGC,0.005895499721039173,0.05447050426667811,-2.7563141227555494,False,False,False
283,synonymous,CAGACCACTTGGATGGGCTT,0.003543609076784223,0.06861287125152013,-2.571983520969588,False,False,False
283,synonymous,GTAATCAGAATTTTGACTTT,0.03063569016721479,-0.9765420649781387,-30.696531181730723,True,False,True
284,missense,AATTCTGGAACTAGCTGCGC,-0.035744805097668,0.04401039046106445,-3.05700210776433,False,False,False
284,missense,ATAAAACATATGTAAAAGAC,-0.0013285964227557978,0.05958735658642193,-2.593372760520924,False,False,False
284,synonymous,CACAGAGCTCGATAATTTAT,-0.4302476759365132,-1.0155616677131218,-30.27044156718202,True,False,True
284,synonymous,GAAATCGACTATATCAAAAA,0.0042352422590568395,-0.937078736606793,-29.961628132877525,True,False,True
284,synonymous,GAATACGCTATCAAACCGAA,-0.009912062966386378,0.09665207953415672,-1.2517630364781083,False,False,False
284,synonymous,GCAAACCGTGCCAATGTTTA,-0.03951466406342641,-1.0105813592903417,-32.279900997307266,True,True,True
284,synonymous,GTAGGAACCAGGACACAGCG,-0.007012969271744602,-0.9650648716000287,-31.681417095816983,True,False,True
284,synonymous,TAAGAGTAACACTTGTTTAA,-0.009147198000821092,0.05306996203000525,-2.7354722537182345,False,False,False
284,synonymous,TGGAGCGCGTTCGTACCGTA,0.0419899573033157,-0.8952467847622516,-30.302838579066844,True,False,True
284,synonymous,TTATACACAAAAAGCAATGG,0.01991530296530107,0.07879102404941529,-2.1350961436674694,False,False,False
285,missense,AGTATCATAAAGAAAATTAA,-2.2570119845091714,-1.1897946286202172,-30.131465970331245,True,False,False
285,synonymous,AAAAAACAAAGTGCCCATTC,-1.1062419941111377,-1.471768190280936,-29.940232994665934,True,False,True
285,synonymous,AAACAGGATACTACGAAAAG,-0.00863381091517364,0.061012841594294015,-2.387159171427509,False,False,False
285,synonymous,AAACATTGCAATAAGTATTA,-0.20914722938811628,0.10221453820768957,-2.1218391762408806,False,False,False
285,synonymous,AGCTTTGAATACCCGCCCAC,0.05586402211177929,-0.9943956757043979,-30.90281466951845,True,True,True
285,synonymous,CAAAGGGTATGTCGTAACAA,0.004842962527981434,-0.9510431182565944,-31.35816120255795,True,False,True
285,synonymous,GTCATTAGGGCATATTACGT,0.05883666120705851,0.06547982325178711,-2.2004601464117126,False,False,False
285,synonymous,TAATCGAGAACGGCTACAGT,-0.42992325269408527,-0.9442117729076795,-30.89742121803967,True,False,True
285,synonymous,TGTGAAATCATTGGAAGCGC,0.0048995627451405566,0.05765217702414656,-2.473638575900754,False,False,False
286,synonymous,AATTATTAAGAATCCTTTAT,-0.07254095660918519,-0.9215023605218353,-30.487187307873707,True,False,True
286,synonymous,CGAAACATGTAACGCTTAAC,0.04939207181403567,-0.17615896795482167,-7.5774795014498,False,False,True
286,synonymous,TAGATAAGCATTGTGAGCCT,0.032854161635928775,-0.11200807308198446,-7.191370856719348,False,False,True
286,synonymous,TAGATCAACAATTAGTTAAT,0.06461113956716742,-0.04406560075940799,-5.580766387984276,False,False,True
287,missense,AGCTGGTAAGAAGACAGAGT,-0.06372812340467884,-0.03596450426970671,-5.513607073335178,False,False,False
288,missense,AATCAATTCGAATAAAGAGG,0.015424978087796722,0.05610115505502382,-3.027773845761031,False,False,False
288,missense,CCGAAATTATAGTACAATAC,-0.013711769315190223,0.047610424678809354,-2.7575005591174437,False,False,False
288,missense,GGGAAGTAGGTTAAATCGTG,0.006952307822318759,-0.10321929494281679,-5.528107929173049,False,False,True
288,synonymous,AACACCAAAGCAGGTGAAGC,0.0415611280966931,0.028917602477031887,-2.5337720717643966,False,False,False
288,synonymous,AACCTTAAGTGTCCCCAGGG,0.019305669809096978,-1.0043119569955263,-31.893047266449205,True,True,True
288,synonymous,AGGTTTCTAATAATAGTGGT,0.006134580269090159,0.03547801028311834,-3.2093096757512356,False,False,False
288,synonymous,GAATACACAGAAATCAAAGC,0.0436890188738555,-0.9815384925621451,-32.09364594752748,True,True,True
288,synonymous,GATCATAGATCAGTCAGAAG,0.03680560515560889,0.10060501339382141,-2.509556136323269,False,False,False
288,synonymous,GATGCATAAATTAAAAAGCA,0.00866832376689637,-1.0030992899308642,-32.049835055923886,True,True,True
288,synonymous,GGAGCCTCGGAAGTAACCAA,-0.0030246807007789653,-0.8967501362070525,-30.725822206991527,True,False,True
288,synonymous,TGCCAAATTAGACTAAATAG,0.022402833496240906,-0.006482228999309281,-5.538551515971359,False,False,True
288,synonymous,TTGCCCAGTTGTGAAAGAAA,-0.03366195642971988,-0.9878469290898093,-32.31124466207516,True,True,True
289,missense,ACACTGCGTGTTGGTTGCAA,-0.013550670665786548,0.022575754722950953,-3.456621081803878,False,False,False
289,missense,ACGTCGATCCCTCAATATAA,-0.520855468230255,-0.9877566699887854,-30.987597662205868,True,False,True
290,missense,GACCAGGGACAACAGTAGTT,-0.0025340625560387074,-1.0011653269745378,-31.958780866686865,True,True,True
290,missense,GGCCCAACAGCTTGGGAAAT,-0.6097254724209238,-1.1500060623430854,-30.000064986056234,True,False,True
290,missense,GTGTATCACTACATAAATAA,-0.02843483330365554,0.002616870079164224,-4.116582357368713,False,False,False
290,missense,TAAATACACCAGGACAACAG,0.03839436000275176,0.07673311532849487,-2.1374263179632993,False,False,False
290,missense,TGACTGTGCATCAAGCCACC,0.0015413700808562284,0.06208701600199626,-2.717545797890788,False,False,False
290,synonymous,AAAGACATAGTGCCTTACCC,0.009769278713669952,-0.03742453833590206,-5.1109755655959885,False,False,True
290,synonymous,AGATCGCGGATAGAACTCTG,0.053045829689783844,-0.9971579583917509,-31.897062985742064,True,True,True
290,synonymous,TTAGTACAGGTTATAACCTT,0.16071718504090593,0.11807689261688128,-0.9820282071580674,False,False,False
291,missense,AAGACATACCCAGTAGCAAT,-0.05480691977176623,-0.06391640458877712,-5.439878674639043,False,False,True
291,missense,AATCCATAGAATGTGTTCTG,0.025990130292065716,0.05558999461727478,-2.417225668880903,False,False,False
291,missense,CCATAATGAAGACGGGGAAC,-0.08844484653995928,-0.9585974713431584,-31.25840714062535,True,False,True
291,missense,GCTACCGATTCTCATATATG,-0.6748405252683026,0.06707806941726334,-1.8218253795419046,False,False,False
291,missense,TAATAATGACAACAATATTG,0.002708326245575563,0.070699922500978,-2.6349467422951824,False,False,False
291,missense,TACGTGAGCGACAAAGGATT,-0.006486608037458945,0.029931540179261487,-3.2925571923089274,False,False,False
291,missense,TATGCCAAAGTTTTCACGTT,0.018933163201713267,0.0683803692164299,-2.7858157052369017,False,False,False
291,synonymous,AACAGCTAAAAAAGGTAAAA,0.023412068364685627,0.08120354446820219,-2.0796718523817965,False,False,False
291,synonymous,ATGAAGGACGGCAAATTGGA,-0.021195123505340738,-0.022202769483916335,-6.595818729367258,False,False,True
291,synonymous,GCCTAACTTAATTCTGGCCC,-0.010566345751111423,-0.05854747577914668,-6.899374615177971,False,False,True
291,synonymous,TTTTGCAGAAGTGGGATCAC,-0.05670312858818263,0.15015372592635082,-0.6354283494687416,False,False,False
292,synonymous,AATATTTTAACCCACACCAA,0.03744269527490687,0.10286246692027291,-1.6492480781027914,False,False,False
292,synonymous,CTTCGAACTCACCGCGCGGT,0.01016749166855564,0.5839163790487858,-5.876306150568104,False,False,False
293,missense,ACTTTATGGCGAGACAATGT,-0.010641628426493879,-1.642959557961287,-31.66040403101075,True,True,True
293,missense,AGACTACAACCTCTGAAGCC,0.05041469878207448,-0.12460408768224213,-8.162119577847424,False,False,True
293,missense,ATAAGACAATGTCTACAAAA,0.03704983846239132,0.08062068643275723,-2.1305765751737877,False,False,False
293,missense,ATATTTACTAATTAAGACAG,-0.013249650791083388,-0.05851892090432176,-5.440254779469503,False,False,True
293,missense,CAATAGGTAGAGAAACACAG,0.004827154586235628,-0.9898212587941166,-31.624033080182887,True,True,True
293,missense,CACAAACACGTAATTCTAAG,-0.0011188078129794297,0.0014031848474068687,-3.6838015915301003,False,False,False
293,missense,CTCAGTGGAAAGAATGGGAA,-0.02839810624891468,0.26624376943175754,-2.9325321308773935,False,False,False
293,missense,TAGATATACAAACGCTATAT,-0.18311976034560903,-0.9432891189108985,-30.797793344735595,True,False,True
293,missense,TTATATTAATCCGTTATAAC,-0.0032943540460887693,0.33832900808483424,5.133145111245496,False,False,False
293,synonymous,AGAAAATGGGTCAATTGAAA,-0.05118156964842806,0.076167754737324,-2.032350591439853,False,False,False
293,synonymous,AGAATATCGAAAAATCACCA,-0.00828574002020182,0.09376645322751742,-2.4840839461500877,False,False,False
293,synonymous,ATACAGGCACGCTGTAGACA,-0.014668020590565736,0.035449069619579304,-2.7541266766784793,False,False,False
293,synonymous,ATGAGCAGAGAAGCTAGTGT,-0.00024194364976308372,0.0443031401423397,-2.879873179966295,False,False,False
293,synonymous,CTTAAGGTTCACTTAAATAA,-0.008028793618971516,0.017588008073093853,-3.9317686951674093,False,False,False
293,synonymous,GGGAATATTGACATACAGTG,-0.016111927915915987,-0.18163221805467727,-2.7369134390664223,False,False,True
293,synonymous,TCAATAGCCCAACATAATAT,0.052635290774434865,-0.8844067538881566,-29.921050559707588,True,False,True
293,synonymous,TGAAGTGTCTAATCAGTATA,0.037000657999976774,-0.011707976214197585,-4.771226375685522,False,False,True
293,synonymous,TTATGAACAAAAAGTGAAAA,0.08171276435150929,-0.926469387976927,-30.62879261073198,True,False,True
294,missense,AAAAAGCGAATAAATAATGC,0.005747932782774486,0.010117674862098941,-3.826623550900762,False,False,False
294,missense,AAATGGAGCTTTACATAATA,0.006761782155833171,0.030328190442866568,-3.07931424060384,False,False,False
294,missense,AGTGAGCGACATAACTAAAA,0.01847690672228842,-0.9984817906027965,-32.42415895966655,True,True,True
294,missense,ATAGACTGAGAATATATAGT,-0.019235815477320166,-0.14850137885223824,-8.357786782433099,False,False,True
294,missense,ATCATATTCCAACTTCAAAA,-0.047760527686190796,-0.9310719828319298,-30.371741601617515,True,False,True
294,missense,CTCCGGTCCGTGGCTAGGGA,-0.004290154800703489,-0.8771840251258842,-30.089252558854678,True,False,True
294,missense,GAGATGTAGAAAAGTGGGCC,-0.028878616650918048,-0.10703659684229899,-7.414592869328313,False,False,True
294,missense,GCGGACATCTTAAACGAGGT,0.004803446782359222,-1.0022101397298107,-32.079094154434245,True,True,True
294,missense,TAAAAAAAAATACCAAAAGC,-0.04714918976872233,-0.9576532208519395,-30.67672820907591,True,False,True
294,missense,TCATTTCCGGAGTTATCAAT,-0.02956190694754218,0.04794033498923134,-5.233356506420958,False,False,False
294,missense,TTCGCCTATAGGACACACAA,0.00030668656769720177,-0.9737002348900623,-31.55130506360448,True,False,True
294,missense,TTGTCCTATCCTACGCCAGC,0.04466769266149037,0.10164179025221079,-1.568720780382624,False,False,False
294,synonymous,AAATTCCATACATGATATAA,-0.06039930586979603,0.16598259779001692,-0.26045083420956844,False,False,False
294,synonymous,AAGCTAAGTTATCAATGACC,-0.016975452474431933,0.06333293540166567,-3.0041341781173547,False,False,False
294,synonymous,AAGCTCGCGTAAGAAGACCA,-0.04747092500058084,-0.13076038526082895,-7.802299740302119,False,False,True
294,synonymous,AATTAAAAGAGGTTAATAAT,0.04713755519009889,0.08807983143184925,-2.3425396709804422,False,False,False
294,synonymous,AGGGTGAATCCAAACGCCAA,-0.028930188256636024,0.043790991156443526,-2.8625532048831515,False,False,False
294,synonymous,ATCGAACAAGAAAAACGTAT,0.02312529952535656,0.06764940153562031,-2.2223626880996665,False,False,False
294,synonymous,ATCTCTAGTATGACAAGTAC,-0.002700441259380305,-0.8024596933576642,-30.497557912098536,True,False,True
294,synonymous,ATGAAGCGCAAACTATCGAT,0.03973858115977229,-0.9749408214939099,-31.147367167264704,True,False,True
294,synonymous,CCGAAGTAACAATAATATTA,0.01903517153092241,-0.9460649216479928,-29.941881814074872,True,False,True
294,synonymous,CGAAAATGTAATTACATCGC,-0.01996131993593808,-0.04138542583167057,-1.2503227053803494,False,False,True
294,synonymous,CGTCTAAGATTATGTAACAA,-0.03357041629551506,-0.024708040031004824,-3.841091930446603,False,False,False
294,synonymous,GAACGATTGGGCGATGAACG,0.0066073897751176,-0.9181387290214709,-30.467185603180962,True,False,True
294,synonymous,GAGACGAATAAAATGAAACG,-0.036088070172685296,-0.9303486629256181,-30.265934668978257,True,False,True
294,synonymous,GCACCCATCACCACTCCTAT,0.022530695347839396,0.0452810323617651,-1.9336190810125229,False,False,False
294,synonymous,GCTTGTGTACAACGGAAATA,0.018641517996466246,-0.3469217316810858,-30.471384304942156,True,False,True
294,synonymous,GTACAAAGTTTTATAAGTGG,0.004078526326662917,0.030551809335326488,-3.088315704403563,False,False,False
294,synonymous,GTGAGACCCTGAGACATACA,0.0246856837722155,0.10793577382298192,-0.2528972021619845,False,False,False
294,synonymous,GTTTCCGAATACATAAAATC,0.0465364490055588,0.051863279571206775,-4.379361392212605,False,False,False
294,synonymous,TAAAAGGTGTCACGGCCTAC,0.051738642815590014,-1.056666238269102,-31.26853115439066,True,True,True
294,synonymous,TAATTATTAAAGCAACAAGT,-0.024369428462911784,-1.0239555616356613,-31.747700142001126,True,True,True
294,synonymous,TAGAACGAAGATAGACTATA,-0.04955123360633358,-0.7875037030932885,-30.52792293234908,True,False,True
294,synonymous,TATATTACCTGGGATAGATA,0.0003343855143958913,-0.9550338506000509,-31.15890025502189,True,False,True
294,synonymous,TATTAGCAAGCTGGTAGAAA,-0.023509285343411006,0.059991974060151596,-2.4064021922703525,False,False,False
294,synonymous,TCAAATTACATAAAATTATG,-0.033277194258709716,0.0484357375891879,-2.113822873470222,False,False,False
294,synonymous,TCAGATAGATATGATACCAA,-0.012076287786492803,0.05494227804981752,-2.4068281620763567,False,False,False
294,synonymous,TCGGCCAGGAGAGTTCGAAG,-0.031124813716210165,-0.7817209476606701,-30.114782005053645,True,False,True
294,synonymous,TGCAAAGAAAGTAAAAAAAA,0.01331844759772401,-0.8572279677777364,-30.51870114132814,True,False,True
294,synonymous,TTGACTCTAAAAACTGAGCT,-0.001149945354055033,-0.9503697473940642,-30.281734223739576,True,False,True
295,missense,CATAGGATACGACTGACATT,-0.014487180247843037,-1.5909789221364907,-30.483102991571297,True,True,True
295,missense,CTAGTAAACCAAAAACGTGC,-0.10242790848901094,-0.008568930053663604,-4.958778679329804,False,False,False
295,missense,TAGATAGCATTGGATGAGAA,-0.036751965243352086,-0.052306091314843234,-5.338673233168748,False,False,True
295,missense,TATAACAACTCATAAGGCAC,-0.007902854152007411,-0.9592157531524836,-30.429775960880757,True,False,True
296,missense,AAATAACAAAGTTTTACTTC,0.5668049269452835,-0.9368635435825325,-30.461077357704,True,False,True
296,missense,GAAAGGGCAAATATGCAAAA,-0.001618941737082354,-1.005274517967594,-31.306387432691107,True,True,True
296,missense,TGAGGGCATTTTTTCTGAAT,-0.05668495249981337,-0.006649079276187714,-1.0527531125961511,False,False,False
296,synonymous,GGGTTTACAAGACACCTTGA,0.0036704543973179148,0.06670566668580176,-2.4107834166309994,False,False,False
296,synonymous,GTAAACCTGGTACTAATTTA,0.019467606866039187,-0.002849803671988449,-4.2033913670539285,False,False,True
296,synonymous,TATATAGTATAGAAATGCTT,0.01622279755571565,0.030715599500222984,-3.156228620402066,False,False,False
296,synonymous,TGACTAGCGGGGATCCCACG,-0.010165663383698396,0.05323766345576593,-2.6217558431031005,False,False,False
297,missense,AAACCGATTACCTTGTTAAG,-0.026476651812551186,0.03856071424125547,-2.4450696701545227,False,False,False
297,missense,AACATATTAGCCAGCGCAAC,-1.0879881826478865,-0.18101495304437537,-3.503069480997722,False,False,False
297,missense,ATAGAACGATAGTTCTAGAT,0.01368059216440802,-0.12977674503038683,-8.00780243287958,False,False,True
297,missense,GAACGAATAACAGGGAAATA,7.660690760409984e-05,-1.031794340416466,-31.888161119736598,True,True,True
297,missense,TTAAACGACAAAAAAAAAAA,0.0006040024572756719,-0.9117843233699563,-30.58302392032938,True,False,True
297,synonymous,CAAAAACAGACGAGAAAAAC,-0.06739747274605716,-0.9877690313553842,-31.72142589177139,True,True,True
297,synonymous,GGGCTACAAGCCGCTTTACA,0.0345323204547225,0.02044571351838359,-3.4290827408093154,False,False,False
298,missense,ACAGTTAATAGCTATCCAAC,0.022337950522862443,-1.0122950725668538,-31.945643528439355,True,True,True
298,missense,ACTAGGGTAGTAGTACCTTC,0.06109032778899004,-0.9072254293977009,-30.626238905806993,True,False,True
298,missense,AGTTCACTCTTTAGATATTA,-0.0017214616820298186,0.0218322959082419,-3.3969585899072463,False,False,False
298,missense,GGATAAAATGAATTGAACAT,-0.02976839173840914,0.0815456047459664,-2.8073126810995217,False,False,False
298,missense,TCCACCTCAAAACACTAAAC,-0.007494974602348397,0.0907791407496304,-2.142139805068636,False,False,False
298,missense,TTAAAAAGCCTCATTAAGTA,-0.030824431045466377,-0.9686956790723167,-30.893493069434495,True,False,True
298,synonymous,AATTGTTGCAATAAACGGTC,0.05887679436268456,-0.4955091809441656,-30.118839825914264,True,False,True
298,synonymous,ATTAACACGCATCATACCAT,-0.48356012713866464,0.14237777885866099,-1.0562118640811344,False,False,False
298,synonymous,CCCTTAGTAGGGCTAAAAAA,0.0272496357062606,-0.04450635017395993,-5.10965692587939,False,False,True
298,synonymous,CTTACCACAACTATCTAAAA,-0.0757577154695618,-0.9310364703559231,-30.952169458303572,True,False,True
298,synonymous,TCCATACGTAATGAGCTACA,0.018734045469305058,-0.04479045897967951,-5.567412851404359,False,False,True
299,missense,ACTAGTAACAAAAGCTAAAA,0.07382553128875657,-0.9888521510172228,-30.181690421998507,True,True,True
299,missense,ATATTACAGACGAACTACAA,-0.0014536661377837603,-0.8645014507695632,-30.9291691058812,True,False,True
299,missense,CGATCAATCCCGGACAAAAG,0.1327809214421384,-0.31164077150331626,-5.940759135103466,False,False,True
299,missense,GAGTTTACATTAGCTTCTTA,0.04124434374827786,0.06008478109091872,-2.6504972763713366,False,False,False
299,missense,TGACGTACGCTATGTAAAGG,-0.009647481294644041,0.01898751405861035,-3.934424467760082,False,False,False
299,missense,TTTTAATAGGTGTGCTCAAA,0.09946045414418535,-0.9268783529452052,-30.534678423220356,True,False,True
299,synonymous,AAACTCCAGTTGATAAAAAC,-0.00025123496425589207,0.1305827187779158,-1.5947222126301877,False,False,False
299,synonymous,AGGAACTTACGACCTGTTAA,0.0022440687432224815,-1.014883817320851,-31.597084144468607,True,True,True
299,synonymous,ATAGGTATTAGGTGAACATA,0.01202843218324878,0.09208938293493622,-2.1761171820686895,False,False,False
299,synonymous,GAAACGATGGAAAATCACTC,-0.05506834743267018,-0.9501244644465932,-30.73865422327995,True,False,True
299,synonymous,GTAAGTCCCTATATCTGGAT,-0.07388696903885704,-0.8339314474811006,-30.698899700301336,True,False,True
300,PTC,TAGGACTCCAAAGGATTCGC,0.061749991309852745,-1.8199774516277576,-30.72825284362463,True,True,True
300,missense,AAGTACAAGTATAGACCAGA,-0.047844939016078294,-0.888542264392487,-31.224266194978878,True,False,True
300,missense,AATACTAATAGAAACAACGT,-0.01393333375572324,-0.9624887566522071,-30.675532108790165,True,False,True
300,missense,ATAATCTCCCATGCCGAATC,0.020515273714536347,0.0436949018910482,-3.050116515127396,False,False,False
300,synonymous,ATATATCACCTCAGGGACTA,-0.05320940797817607,0.05798346295653675,-2.558803032952919,False,False,False
300,synonymous,CTTAAAAAAAAGAGGACTGC,-0.02251532687550045,0.048592437710641215,-2.6041427864665776,False,False,False
300,synonymous,TATGATGACATAAAGACCTT,-0.029447366389706017,-0.029735959524132355,-5.27278022331432,False,False,True
301,missense,ATTTACGCTTTCGTATATTT,0.006017017417071509,0.022632411497683524,-3.5729085139384305,False,False,False
301,missense,CAACTCGGAACTGTAATAAA,0.0058541313852329465,0.0634277912841558,-2.363929372969359,False,False,False
301,missense,TCGATACCGTGCTCTCCAAT,-0.05375920181726343,0.04720975101978141,-3.387131693510479,False,False,False
301,synonymous,AGGAAGATTGACTAAAAAAG,-0.02392582258242077,-0.0824499011182874,-5.486671914832143,False,False,True
301,synonymous,ATGATTTAAGTCACATACGT,0.04887338078672103,0.09144552225137681,-2.1110664136147563,False,False,False
301,synonymous,CCTCATATAGAACCTGTAAT,0.004800752990413202,0.09335624180406657,-2.083381706387304,False,False,False
301,synonymous,TAATTCGTACACATAATAAG,-0.04665444681006792,-0.9600469741416593,-30.784442978188167,True,False,True
301,synonymous,TTGAAAGTTCGCAAGAGCTG,0.03237133052703683,0.0038599845222951346,-3.616498172405269,False,False,False
302,missense,ACTAAAACAATTAAATGTGG,-1.6768796738849359,-1.1484734263459457,-30.31130598219427,True,False,False
302,missense,GAAACTCCTATTCTAAAAAT,0.030514887287361115,-0.38616939272667,-3.6751985130489713,False,False,True
302,missense,TAGAGATTGTTGCGCAGATA,-0.034655057128005054,-0.9423356996492853,-31.201808292226012,True,False,True
302,missense,TATAAAAAGGGAATTAAAAC,-0.02001969812178828,0.05361830214246735,-3.028223157499374,False,False,False
302,synonymous,ATATCGGCGGTTGCAAGGTT,-0.2501291790286595,0.28005149246113786,0.5617634380076905,False,False,False
303,missense,AGAATAAACGAGTAAGAATC,-0.009307726696280296,0.03193172614963592,-2.62182892084017,False,False,False
303,missense,AGTTAGGTAGGGTCCACTAC,0.005687547462408347,0.02664018747516468,-3.4715136063562744,False,False,False
303,missense,GAATGCAATATGGTAACTAT,0.014464695741387186,0.06769878317044531,-2.138621866922101,False,False,False
303,missense,TCAAGGATAACAACTATACA,0.008240666173807327,0.07554921248149134,-2.2233465645865285,False,False,False
303,synonymous,AACATCCTGATTAAACTCAT,-0.01315022058434763,-0.9953387838591814,-32.44863167290157,True,True,True
303,synonymous,CCTTGCGCATAAACAAGCCT,0.01966443860251982,0.025816537497571374,-2.9646192152143533,False,False,False
303,synonymous,GCAAATCCGCAATTATACTA,0.006278125599556277,0.057741749707420756,-2.7683435747171807,False,False,False
303,synonymous,TCTCACCAATCATGCCTGCC,0.03260480744131809,-0.9820064996795059,-31.99184525361085,True,True,True
303,synonymous,TTAGAGGTGCAGTTATGAGA,-0.04677129369246073,-0.9887519823933799,-32.165970440878944,True,True,True
304,missense,AACGGTATGTATAGCTGATC,-0.06396268238370596,0.008878458546587503,-3.626435612771872,False,False,False
304,missense,AACGTCATTTTAACTCTTAC,0.02653011183391999,0.07770950378055622,-1.8509106125293489,False,False,False
304,missense,AGGCCAGAACTACCCTAAGG,0.033946957827071376,-0.0401899235155444,-5.4713011696508795,False,False,True
304,missense,CAAGAAACGTGCGAGTGAAA,-0.05674496823498243,0.13395329946600312,-0.25942044223399313,False,False,False
304,missense,CCGCGTAGAAAACGACGCAC,-0.012598496050029722,0.0643679008348368,-3.2752180724151403,False,False,False
304,missense,CTAAACTATCTTGTATTATT,-0.007792698668571222,-0.00027768749804685244,-4.031995416872366,False,False,False
304,missense,GGCAAGGATTCTCAAGTAGA,0.0017375812042224215,-0.9365345816893753,-9.32003902755428,False,False,True
304,missense,GGCCCATATGAAATACAATG,-0.2268279956466009,-0.03512614306912587,-4.444897277610045,False,False,False
304,missense,GGTACGAACCCTAATGTATG,0.002547860475676864,0.0031099740459180625,-5.488915525948492,False,False,False
304,missense,TAAAGCATGGGATATGTGTA,-0.0044288522929700185,0.0624186789395972,-2.409447648258617,False,False,False
304,missense,TAATATAGAATGTTCCGAGG,-0.008567251196576852,0.08003019088464358,-1.8459566009710162,False,False,False
304,synonymous,AGTAAAGTTCTTGTCTGGCG,-0.02040040994735047,0.09022586359187917,-1.8179569918776717,False,False,False
304,synonymous,ATGTACATAATTAATCAGCA,-0.065690131646658,0.13362304645386058,0.40997838623318206,False,False,False
304,synonymous,CACATTAACAACCTAGAACT,0.011690491398238079,0.07207639021656445,-2.165191572335293,False,False,False
304,synonymous,CCAAGGCATTCAATAGTGAA,-0.04736714657581993,-0.94740439656594,-31.141749234885914,True,False,True
304,synonymous,GGCTTATCTGGTACCACCGA,-0.01749271199909657,-0.03124569833471158,-5.059060031305295,False,False,True
304,synonymous,TCCTTTAACATGAAGAATAG,0.0044885952630869565,0.05002081931969729,-2.8440458493929075,False,False,False
304,synonymous,TCGTTCAAAAATCAATAGTC,0.00698372341914615,0.025752743854731114,-3.5316874984308826,False,False,False
304,synonymous,TGGTACACTCCGACTACACA,0.06048905987350582,0.10169215515716151,-0.8753730404208323,False,False,False
304,synonymous,TTTGGATTTGATAGTTGTTA,0.009519551641150772,0.09728807644748233,-2.030883023551997,False,False,False
305,missense,AACAATTAAACACACCTAAA,0.000727476616578209,0.004979546534160467,-3.7445609984790886,False,False,False
305,missense,CAACATATAGCAAGCACCTA,0.027733398715942475,-0.07017994418621537,-5.2322969661357055,False,False,True
305,missense,CAGCGATTAACATGCCACGC,0.0073843839032639155,0.09658387422217687,-1.1557083018276282,False,False,False
305,missense,CGAACAAAATGAAGATTCAA,0.04177191016460981,-0.1119854161315264,-7.017975461365971,False,False,True
305,missense,CTAAGTTTGTGGGAGCTGAA,-0.23432114037430044,-0.5795210202207794,-1.2318592408910358,False,False,True
305,missense,GACTAGCAAAGAAATTACAC,0.0012097414207215382,0.06709955398854564,-2.3050417885715833,False,False,False
305,missense,TAGAACAAAAAGATACTCGA,0.0357498897632179,0.0607008986614761,-1.9946130592444868,False,False,False
305,missense,TATGAAATTTATGTCATATT,-0.00415592707184835,-0.012514071851717518,-4.142814425111076,False,False,True
305,missense,TTAAACTTCTAAAGATACTA,0.215173678059184,-0.9206281650202406,-30.223485089260965,True,False,True
305,missense,TTGAAATTAAAGGGCTTCAC,0.04592958532657401,-0.96420681281758,-31.49976040459777,True,False,True
305,synonymous,AAGCAGCGCTCCCCAATAAA,-0.04314589526825391,-0.1601513076142586,-6.945618325891529,False,False,True
305,synonymous,AATGTAGGTATTTAGATAAC,0.02843535227204704,0.07205778561936522,-2.364417630152847,False,False,False
305,synonymous,ATAATTAGTAGGTCCGCAGC,0.0008604759723778842,-0.01460126708830592,-4.385892539584949,False,False,True
305,synonymous,ATCACGGGAATTAAATAGGA,0.04735504519935556,0.21260787439270698,-1.6634658505560196,False,False,False
305,synonymous,ATGGGAGATAAACACCCGAA,-0.01775502081183374,0.07817020592543661,-2.1760071328715513,False,False,False
305,synonymous,CCTTAAAAAGACGCCCTTAG,-0.013976702900961608,0.07134314869884599,-2.472399754091109,False,False,False
305,synonymous,CGGGTGCATCAATCCGTTAT,0.018064209784584256,0.08005518514614476,-2.215348972540405,False,False,False
305,synonymous,CTTAAAAATCACAAAAAGTT,-0.09317128096640835,-0.9469014473129875,-30.755992062630177,True,False,True
305,synonymous,GAACTGTAACTAATACTCTT,-0.1656749276411382,-1.0212824234343518,-30.154318347456222,True,True,True
305,synonymous,GTACAAGAAAAGACGTTCAT,-0.014659696495981082,0.09903520087281359,-2.3808511243941126,False,False,False
305,synonymous,TAAAAAATGCAAAGTCAAGA,-0.15219759096514324,-0.9338111575304471,-30.542511072059604,True,False,True
305,synonymous,TAAGACAAGATCATACTAAC,-0.003170839841702162,0.036904645137835784,-3.451835219787377,False,False,False
305,synonymous,TAATTCTAGCAATCTTTGTC,0.03812611228129163,0.05016800471936678,-2.7036683311798324,False,False,False
305,synonymous,TATAAATGGGGCCAGGGTCT,-0.00373571733659061,-0.036796511140955,-4.910557126609042,False,False,True
306,missense,AAAAGACACCTAAAGACGAT,-0.01602338466441407,0.06819009325443776,-1.9633271195770938,False,False,False
306,missense,AAGTTACTTGTACATGACGC,0.013722032107739627,0.08203553422404535,-1.45761684743563,False,False,False
306,missense,AATGCTGCAGATATAGGGTA,-0.007518267481415432,0.059981824508119036,-2.7599185850570462,False,False,False
306,missense,ATTCCAACCAAATCTCGATT,-0.010586044508851148,0.14041565387791008,-1.3376213552842482,False,False,False
306,missense,CAATATGATGAGTTATGCCA,-0.033970284536878295,-0.05747266710775101,-6.290272932937099,False,False,True
306,missense,CAGAAGTGAGAGGCTCCAAT,0.019372723157297933,-0.09779809274425794,-6.381123880240805,False,False,True
306,missense,GAATGTGAATGACAACGTTC,-0.027326146951561343,0.07389478593878193,-1.223853784665576,False,False,False
306,missense,GGCAACCAATGGCATTTCAA,-0.0484164449249134,-0.8599947126244711,-30.347492353452722,True,False,True
306,missense,GGGAAAGAAATGTAATCAAT,-0.004571698814183615,0.03972661091515964,-2.902048761274597,False,False,False
306,missense,GTGGGAGTTACAATTTCTCT,0.0033924089192807916,0.07703558453824517,-2.104198688067114,False,False,False
306,missense,GTTGAGTCCATTCTAATAAC,-0.0018938474459826186,-1.0196041916084695,-32.234229556505426,True,True,True
306,missense,TAAATGATAAAACGGGTCAC,0.059186912332985925,-1.081259246502027,-31.004993286771242,True,True,True
306,missense,TCTTACAACCACCGATTAAT,0.0019100083111780173,-0.996643008234823,-31.46828474034058,True,True,True
306,synonymous,AAATTATATAAACTTAAATC,0.03267825839688708,-0.06765239511369098,-6.354965040612719,False,False,True
306,synonymous,AATTCTCAATTATAAGACGC,0.03216462067178075,-0.8913546233155532,-30.651621377100817,True,False,True
306,synonymous,AATTTTAAATGTTTTACCAA,0.020688815012266586,0.3523635172659133,-0.7270475270268677,False,False,False
306,synonymous,CCAGTATGTTTAAAAAACTG,-0.039110637966445344,-1.0047951413815601,-32.067811821065916,True,True,True
306,synonymous,CGAATTCTAAAAGTTAGAGA,0.013017996284546333,-0.033081141037198,-5.414443295501429,False,False,True
306,synonymous,CTCCAAGTAAAGTAAATGCA,-0.07890755066079722,0.02364629535848231,-0.888837321341144,False,False,False
306,synonymous,CTTCCAGCTGGGCATAAAGA,0.004561626592627394,-0.9904991906614264,-30.74307047503171,True,True,True
306,synonymous,GGCTAAGAGACGCAGGTGAA,0.6288962135731333,0.003940128271894827,-3.324995767418988,False,False,False
306,synonymous,TAGTCCGATAATCAACTTCT,-0.04148671953948996,-0.9639777029150631,-30.835491686706177,True,False,True
306,synonymous,TGATCATGCAATAAAGCCCT,-0.14806914264386783,-0.9109667766893679,-30.85909756210517,True,False,True
307,missense,AACTGACTTGAAAAATTTGG,0.04401696233800459,0.20442311004530725,1.257234574178857,False,False,False
307,missense,ATAAGGTAATGCGAGGGTAA,-0.04267364608529578,0.023738457496361276,-3.6901805312125178,False,False,False
307,missense,ATTACTAGTTAATTTTCTAT,0.14757216165551434,0.15314255636089355,0.1365197772846484,False,False,False
307,missense,CAACGGGAGTTTGGGTTTCA,-0.013955620607823026,0.07997040485380545,-1.6105450108471453,False,False,False
307,missense,CGGGCACCGGCATAAAAACT,0.0033575559214003635,0.041479076453393174,-2.8246918495544246,False,False,False
307,missense,GAGCGCAGACATAGCGTTTA,0.043635911776342046,0.04149320624273996,-3.6445164186215773,False,False,False
307,missense,GTGCGAATTAATACCAGGTT,0.004884831492819482,-0.967286082882209,-31.495919588012168,True,False,True
307,synonymous,AGGAAACAAGATCGTCGAAG,-0.04998073871468256,0.018179395154802436,-2.498951458507546,False,False,False
307,synonymous,ATACAAAAACATGCTTGGTC,0.0317087174564884,0.07294966381627109,-2.6854707137098077,False,False,False
307,synonymous,ATATGATGTGACCTTTAGAA,0.02853886665318362,0.13498154692149256,-0.772018556088219,False,False,False
307,synonymous,CACGCGAAACGTTAACTGGA,-0.01154896561041853,-1.0490045691268044,-32.469567806754576,True,True,True
307,synonymous,CAGACAGACCGATCACATTT,0.018521369016443245,-0.08021995164588319,-7.051928052531398,False,False,True
307,synonymous,CATACATAGCTAAGAATTGA,0.05449486251875643,0.005999034315178259,-3.8375003518806565,False,False,False
307,synonymous,CGAACAATATGGATTCCATC,-0.0011988426626337832,0.044258702863700775,-2.7973456441787583,False,False,False
307,synonymous,GCTGTCAATTTTCACGTTTC,-0.03213423328711529,0.11545901011911024,-1.1815013860059593,False,False,False
307,synonymous,TAAAATGCATTATTTAAAAG,-1.1293615460475706,-0.9547913626741733,-31.14580820783157,True,False,False
307,synonymous,TCTCAACAATCATGTTATAC,0.04119864935962139,0.08302948121622615,-1.7822789369903258,False,False,False
307,synonymous,TGAATTGACCACATGTTATC,0.008824278745554633,0.04980092768401463,-2.9677953937326365,False,False,False
308,missense,ATTATGCAAGCTTGATAGTC,-0.20026692700021595,-0.880873100695547,-30.197158515949024,True,False,True
308,missense,CAGAGGTCGAGAAACAACTA,0.009242255405679169,-0.9715245650552025,-30.870472119726383,True,False,True
308,missense,GACTCAATTGCAGAAATGCG,-0.13943824704421742,-0.934817518088878,-30.869477989434955,True,False,True
308,missense,GCAAGCTAACCCGAAAAGAG,0.062413384174117806,-0.9924620679012597,-31.08691763705395,True,True,True
308,missense,GGTGAAGGGCCCGAGAGAAA,0.01218106151597141,0.08666590253403747,-1.75368124282582,False,False,False
308,missense,TAATCTATCGAGGGGGACTT,0.006519839116390362,0.05699810906037561,-2.6579718762469984,False,False,False
308,missense,TCCCAAATATAAGACTCGCG,0.05042265449275629,0.1263202418994363,-0.6324963154359148,False,False,False
308,missense,TCTACGTTGCAACCTATCCT,-0.013466200587006278,0.11058259043318026,-0.29330823552497365,False,False,False
308,synonymous,AAATGTATGCAACAAAATGT,-0.017465370073482,0.06533868248677172,-2.478191296156049,False,False,False
308,synonymous,AGACAAATTAGTAATCAATT,0.06340332168287746,-0.9597166481298869,-30.882373076543253,True,False,True
308,synonymous,ATATAGATTTACTAGTTAGA,-1.0531033693954877,-0.06057670916302185,-3.2687973762716633,False,False,False
308,synonymous,CAACTCAGAACAGATATAAT,0.021354458897716495,-1.0154905050252283,-31.392940443334094,True,True,True
308,synonymous,GAAATTTGTAAATGCAAATT,-1.0839144109810779,-0.8857186658305201,-30.407914282828614,True,False,False
308,synonymous,TGCTACATAGACCAAAAAAC,-0.03945569854380995,0.1032698707365361,-1.139576935442868,False,False,False
308,synonymous,TGGGAGAGGTACTGGGCACA,-0.03219255256625156,0.1342996971418279,-1.8125637434475386,False,False,False
309,missense,ACAAAAATAGAAAAATACAC,-0.01014023345788245,-0.10881145103448059,-7.225641207511274,False,False,True
309,missense,AGCAAAACATGTGTAAAGAT,0.003681021575899246,0.06723638243640226,-2.5146563803919735,False,False,False
309,missense,CAAATTGAAGACTTCTTATC,-0.005563916015429991,-0.01321191278866432,-3.316482023767401,False,False,True
309,missense,CATTCCTATAATCGTCTTAA,0.023344796348954238,0.02925006411007565,-2.881162348110495,False,False,False
309,missense,CGAGATATAAGAATATAGCA,0.07728664267193801,-0.9887964462390668,-30.484520372648213,True,True,True
309,missense,CTAGACGGTGAAACCTGAAC,-0.12105907155920798,-1.0250333410960717,-31.39535316644184,True,True,True
309,missense,CTGACAATCAACCAATTGAA,0.02333425148491833,0.05020749100248177,-2.6696317418427027,False,False,False
309,missense,CTGACAGAGTGGAAATAGAA,0.024974301696944014,0.19238174655770668,0.6060023428745988,False,False,False
309,missense,GTTAATGCGTGTCAAGACGG,-1.1050039687263078,0.17828263541945186,-0.7812136289351315,False,False,False
309,missense,TCCGATGTCTCAAAAAGATA,-0.1670002406210192,0.021193196386451757,-3.1047815004928343,False,False,False
309,synonymous,CAACTTCTACCGCAACTATC,0.06532789026262127,0.09909382654034984,-0.7817709619867147,False,False,False
309,synonymous,CACTGTACTAAGAATGAAGA,-0.0040187396075974866,0.09475458083256591,-1.3828568937017462,False,False,False
309,synonymous,TATGCCATGAAAGGTGATAC,-0.04953961247692751,0.02516756953234306,-3.121261357202834,False,False,False
309,synonymous,TTACCAAATTAAGTAACGGC,0.0017275048617779775,-0.004024286620127715,-3.7825311310791765,False,False,True
309,synonymous,TTGGCTCAATGTACGGACAC,-0.03679248865198301,0.07454387783354889,-2.2071817365191078,False,False,False
310,missense,AGGCGTTGGTGAAAGCCACA,-0.6575850647470536,-0.9184245201169827,-30.30348769483773,True,False,True
310,missense,ATACGACAAACTATATAACT,0.07999115138449946,-0.966776383271206,-30.443467183612622,True,False,True
310,missense,CTCGCAAACAAGACGCCAAT,-0.010608565384420739,0.043921390864843826,-1.9382622436279784,False,False,False
310,missense,GAAGAACAAGAACATACTCC,0.13050955593894684,0.07772610850279456,-1.9218472915145397,False,False,False
310,missense,GCAGACTAAGCTATCATGTA,-0.09570953442006457,-0.9597164080235381,-30.905084955816275,True,False,True
310,synonymous,ACTAGGTTAGGCAGCCACCA,-0.006285489814743826,-1.0154807519489155,-32.29635079749515,True,True,True
310,synonymous,CACGTCGCCAAAGATAGCAT,0.026271123296107233,-0.026735996635965903,-4.342063821761194,False,False,True
310,synonymous,GCTATTCGATTCTATCAGAA,0.01740079507140304,-0.9914481474567869,-31.22467202357678,True,True,True
310,synonymous,TCAGATAACTTATAGTAAAA,0.00328633485532863,-1.0287340903457907,-31.71997065361138,True,True,True
310,synonymous,TGGATACTATTAAGAGAAGC,-0.015373629045616927,-0.050029641850693696,-6.225689916345911,False,False,True
311,missense,AAAAGGGATGTACCTACTTT,-0.013484014560713263,-0.9902773419306508,-30.71413402511342,True,True,True
311,missense,ATAGTAAGATTATCCATTTT,-0.19479254336699395,-1.093078230558686,-31.50596732431019,True,True,True
311,missense,ATCGATTGACAATAGGGATC,0.024709996604105892,0.11949414766984456,-1.5203428196834579,False,False,False
311,missense,CACCGTAAGAGCAATATTTT,-0.012639804996808284,0.04443856041844167,-3.268584190076015,False,False,False
311,missense,CCGTCATCCACAACTGACAG,0.25981709256415036,-1.050933150881346,-29.9465830619663,True,True,True
311,missense,GACCATATAGGAGAAGAAAA,0.35016895951542854,-1.5806133297464442,-30.261477659068074,True,True,True
311,missense,GTATAATACATAGCAATAAC,0.027139340614349625,0.09786717214876844,-1.8183423773087184,False,False,False
311,missense,TGCCATTACGATTATATCCG,0.0003829810659757866,0.09985313616849571,-2.6771217353419043,False,False,False
311,missense,TGTATCCAATCTTGGTTATT,-0.015085958841546614,-0.1149656291483277,-7.451136960471167,False,False,True
311,missense,TTGAAATAGAAATACCAAAT,-0.06210594924077696,-0.0068760436997375995,-4.660635889469255,False,False,False
311,synonymous,AACTTTAGAGTCATCCGGGT,-0.004139365128710001,0.10925656333160967,-1.22726619524447,False,False,False
311,synonymous,AATTATAAGAGAAACAATAT,-0.044253305176223,0.09009954473950395,-1.611046830677311,False,False,False
311,synonymous,CCCCTCTGTAAATGAACAGG,0.007117622504456802,0.1533123216910755,-1.44567401063731,False,False,False
311,synonymous,CTACGGCTAGATCCATAACG,0.016205851030306483,-0.9385634423010698,-31.356966959102383,True,False,True
311,synonymous,GAGGCTTAAAGCCTACGACA,0.02800696496527859,0.05319805243872315,-2.748540358135915,False,False,False
311,synonymous,GCTCTTACTAAAAAAAAGAA,-1.672937668487343,-0.8519495817468781,-30.28103741697842,True,False,False
311,synonymous,GCTTAGAAATCAACCTTTTA,-1.0538508086525589,-0.9034017980301892,-30.69729873652487,True,False,False
311,synonymous,TATTCCACTACATCGTTTCT,-0.012664068838563533,0.08617122548636165,-1.1913036477390695,False,False,False
311,synonymous,TTAATCTGGAAGACCAAAAC,-0.13337794303553732,0.08088185778104591,-1.6753701812756179,False,False,False
311,synonymous,TTACGTCGTCTCAGCCCTAC,-0.12167432298361518,-0.962819964735596,-30.402551308423625,True,False,True
312,missense,CCTCGGCATTAGCGACTACA,0.08071984886594853,0.11809698216738217,-1.4234707364296366,False,False,False
312,missense,TTGTAACCCTACGTATTACG,0.004258644497919591,0.056040747608178995,-2.4228078495339065,False,False,False
312,synonymous,ATCAAGAGAGACCGGCAAAA,-0.031113558303854556,-0.12412149723088406,-3.8229638702979,False,False,True
312,synonymous,CAACCAGAGACAAGTCAATG,-0.011115302300749863,0.06619792746811748,-2.2742475220302665,False,False,False
312,synonymous,TCAGGGAATAATAGAAAAGA,0.003000931932720331,0.061118167699894796,-2.486605425761328,False,False,False
312,synonymous,TGAATAATTATATGATATCA,-0.056105317365923585,-1.006177966901569,-31.707027193410724,True,True,True
312,synonymous,TTACAGCAACTCAGTGTAGA,-0.05005717573334617,-0.9232505315351185,-30.45303365358172,True,False,True
313,missense,ATAAATGTATAAGATAGGTC,0.01015834053117319,-0.20701920519026096,-6.714355932480897,False,False,True
313,missense,CCATAGAAACTATGATTATC,0.02236986033461847,0.016268250205659196,-3.4479630350891104,False,False,False
313,missense,CGAAAGGGATCACATAGCCA,0.04470398438343162,0.07781556698432135,-1.563358469642901,False,False,False
313,missense,GGCGCAAAGAATAAAAGCCT,0.00865823765913022,0.0652996507503864,-2.296060128941699,False,False,False
313,missense,TATATGTAACCGTAAAACAG,0.006365143757804922,0.06518864471520035,-2.5881599515944225,False,False,False
313,synonymous,AAAGCAACTACTCCAGTACT,-0.07429729720298263,0.1050329513549714,-1.6202267206807042,False,False,False
313,synonymous,AACCATGCTTTGTAAATTAG,-0.04358391881805426,-0.9777308385845376,-32.01588230621533,True,False,True
313,synonymous,AAGTCGAAAGTATATAGAAT,-0.648189166682602,-0.9201141681530456,-30.801506063828914,True,False,True
313,synonymous,AATAGATAGACACTGATCAA,-0.0019161937604492904,0.06310540186046963,-1.772379478513471,False,False,False
313,synonymous,GACCAAACAAGTCAATCGCA,0.0018654043362026636,0.11501374903561726,-0.8150920968293379,False,False,False
313,synonymous,GGCCAACCGATAACACAATA,-0.02740897717051897,0.016047533583839674,-4.15382167712425,False,False,False
313,synonymous,GGCGGTGGGCATGATTACAC,0.0016034734737398284,0.08240156478253699,-1.6346552422169665,False,False,False
313,synonymous,TAAAAAACCTAGCTATCCAA,-0.0004751635621931681,-1.019661409504276,-31.30147035153499,True,True,True
313,synonymous,TGGTTATTTAGCGAACTTAC,0.034112660869494646,-0.07765942843077403,-6.091886117418312,False,False,True
313,synonymous,TTTACCGGCCCTCTATAAGA,0.05720933500820305,-0.8542175836597425,-30.18390240276642,True,False,True
314,missense,AAGTCAATTCGAGACGACTA,-1.5333489572393706,-1.6001612929190265,-30.384774177346877,True,False,True
314,missense,ATAAAGTAGAGATAGATTAT,-0.07456300520345371,-0.15160293864374608,-7.414391984801911,False,False,True
314,missense,ATAGGCTTAAGTCAGATATC,-0.0008116748641510971,0.08465976578505666,-1.5651163503332026,False,False,False
314,missense,TACACCTTGAACAAATACGT,0.14105226717753072,-1.0474619764174558,-31.901121992888356,True,True,True
314,synonymous,AAGATTCGCAAAAGTACGGA,-0.17520771997820128,0.8019669725367014,-0.020189097859679758,False,False,False
314,synonymous,ACATGAGGACCGGAGTTTGT,-0.023211303186879372,-0.9497310683390903,-31.157960166712765,True,False,True
314,synonymous,ATTACAGTGTAAGGAATGTA,-0.0244696967233728,0.07352510504786769,-1.2519234903863943,False,False,False
314,synonymous,GTATAAATACTAGAGATTTA,-0.05288578714741614,-1.0302573589893882,-31.14230536142947,True,True,True
314,synonymous,TGAAGGCAAAGTGATTAGGC,0.063148298920176,-0.9334770589970778,-30.970912990377983,True,False,True
315,missense,AAGACAACGACCAGCGGTAA,-0.026062936399105723,0.09257286858948464,-1.5027365263655161,False,False,False
315,missense,ACAGACTAGATTAATGATAT,-0.0054199851759509626,0.038756866400382034,-2.6265395972044683,False,False,False
315,missense,CACGGAATTTGAGCAATTGT,-0.013812254066430552,0.01687240502478249,-3.7373649965939135,False,False,False
315,missense,GATCGGTACTGTAAGTCCAA,-0.0007964612528383267,0.04161060179341296,-3.1261349576825754,False,False,False
315,missense,GCCCCCTTTCCCAGAATGGC,-0.04500398718915316,-0.009091642809877176,-3.9875909173615716,False,False,False
315,missense,TAATTGAAAAAAGGCAATCA,0.013681588933079199,0.05826160312161517,-3.03913713068135,False,False,False
315,missense,TCACACGGACAGAGATACGA,-0.025071897621724612,-0.9235721788614206,-30.503514689505327,True,False,True
315,missense,TGACTGTTACAGATGGTCCT,-0.004222986078284341,0.07289654671354699,-1.8298657894910402,False,False,False
315,missense,TTGCCAAGCACCATGTTTAT,-0.013177410498061558,0.04501831581281342,-3.023307300251531,False,False,False
315,synonymous,AAAGATGTAATTAATCCCTT,0.0379035530421878,0.01401607740102842,-3.2681843606947862,False,False,False
315,synonymous,AAGAGATACCTGTAGTAGAG,0.0035927351308194452,-0.9327927854052631,-31.15752393114998,True,False,True
315,synonymous,AGGCCAATTTAAACATCCGC,-0.036985496680373195,0.1107675165260186,-1.4889146286429498,False,False,False
315,synonymous,ATCACTCAGAAATGCCAGAG,-0.0706635711457248,0.08050529251511991,-1.4567674971863909,False,False,False
315,synonymous,CCAAGGCCGTGAATTAAGGC,-0.7012838996913769,-0.9761646347166608,-30.328485732724562,True,False,True
315,synonymous,CGAAGCAAAGCTCTATAGCA,-0.03408230651939764,-0.9208508977320762,-30.1131455469775,True,False,True
315,synonymous,CGTTTTGCATCCAAGACAGA,0.008623530996471958,0.03405051074692826,-3.3609611498591176,False,False,False
315,synonymous,GAGTCAAATTATCGGCTAAA,-1.2121657192873707,-0.8556396259316223,-30.913797220477658,True,False,False
315,synonymous,GAGTCACAAGTAAAAAAAAA,0.0014648737182851093,0.1422056714210011,-1.0603639349611143,False,False,False
315,synonymous,GTTAAATCGTTATCAAAAAC,-0.022223082709093383,-0.01958295675287719,-4.527541537314247,False,False,False
315,synonymous,GTTATACTAATCATTGCGCG,0.03695834236791716,-0.029253736868536856,-3.414160225380521,False,False,True
315,synonymous,TATACCGAATCACAATAACA,-0.05913268012972876,0.10005593772107862,-1.5989561856245387,False,False,False
315,synonymous,TTCAACTACAACGTAATTTC,0.031001909016979586,-0.14390102441011432,-6.82310290822792,False,False,True
316,missense,AAGAATCGATGAGATAAAAT,0.017242376693162725,0.034218015152244374,-3.0905447712042835,False,False,False
316,missense,CAGATACATAGAGCTCTTCG,0.10507134152451665,0.006760780075331485,-2.0744725373802395,False,False,False
316,missense,TAAAAAGATGACGACTGCTA,0.024796214047977678,0.112704515463251,-2.096812634568251,False,False,False
316,missense,TAACTGGTAAGAAGAATGCA,-0.2661227048793174,-0.8626874856085793,-29.92951796406649,True,False,True
316,synonymous,AAAGGACAGTTCCGATATAC,0.0011845893162947432,0.046621005361758436,-2.802857780598379,False,False,False
316,synonymous,AAATCAATAAGAAACTACTA,-0.021309680207428756,-1.0251487900682237,-33.391487619724344,True,True,True
316,synonymous,AGAATAACCAATTTAGAGGT,0.0028175361879616448,0.04488094943968801,-3.2955730343829237,False,False,False
316,synonymous,CATAACAGAAACTAAGGTCC,0.05975466571091871,-0.9540117352967994,-30.420578398760508,True,False,True
316,synonymous,CTCCCACACCATGAGAGACA,-0.16110437352287113,-0.006851817249707931,-4.767349601330158,False,False,False
316,synonymous,GTATGGTAATTACTCAAAGC,-0.005732987831762891,0.06811902623301222,-2.525197799088752,False,False,False
316,synonymous,TACAACTAAAAGAGGATAAT,-0.024778313955065506,-0.07909938010394235,-6.407741442481822,False,False,True
316,synonymous,TGTGGAAATGCAGAACGTTC,-1.0746292527769898,0.3259395975041673,-0.7470010762127401,False,False,False
317,missense,ACTAATCCTTAAGATCCAAT,-0.03296536201754913,0.09275867783566472,-1.1108997476156806,False,False,False
317,synonymous,CAATGAGAAGCGGAAATAAC,0.042553271227604134,0.09679745770734104,-1.41804221489046,False,False,False
317,synonymous,CAGCTGGCCACAAAGTAGTC,-0.015425568216163334,0.052016747340660724,-2.7536489122742416,False,False,False
317,synonymous,CGAACGCCCGAGGCTGTTTT,0.010537860075817598,-1.139680997310386,-31.462757339326703,True,True,True
317,synonymous,GAAAAAGTATAGAACAGGTC,0.04113660385518475,-0.9602519928872639,-31.720791423572365,True,False,True
317,synonymous,GAGACTAATTGAAGGAGACC,0.010520614972712524,0.02390743885201632,-3.37874259862258,False,False,False
317,synonymous,GATGAAAAAAGTAAACGCTA,-0.0013873290779401826,0.028975716107976182,-3.293548252783629,False,False,False
317,synonymous,TAAATCTGAGGACATAGCAT,0.032533281166499214,0.38535598190178083,7.002263402398801,False,False,False
317,synonymous,TAGAACGTCAAGATTGTGCC,0.016711064647099365,0.12913246203838424,-3.3770620134605633,False,False,False
318,missense,AGAACAACAAGTTGTATCTA,-0.05433501309602483,0.060924984620451095,-3.147815884675474,False,False,False
318,missense,CATGTATCAATTAGGACGCT,0.0048725236281414305,0.042655775655040626,-3.2473096151969525,False,False,False
318,missense,TGTGCTATCTAATCTTAAAG,0.005416771638895853,-1.2281159745123786,-31.81548603876351,True,True,True
318,synonymous,GCACGAGCGGGGCTTATGTA,-0.002197742222799553,-1.0648144045802967,-31.920071991873495,True,True,True
319,synonymous,AACTCCATCCATAGTACGGT,-0.0023672798679174956,0.021557940281794807,-3.49935386728138,False,False,False
319,synonymous,ACATATAACGTTATACCGCT,0.008900174224288397,0.06014148274184909,-2.6460592690736777,False,False,False
319,synonymous,ACCACAAGGCGGGTTCAAGA,0.1722223042086405,-0.8156534418250605,-30.18651715956333,True,False,True
319,synonymous,ATACACAAACGAATGACTAT,0.01556682551326901,0.06332902379364343,-2.079892989126041,False,False,False
319,synonymous,ATGAATACACCTAAAGAGAG,0.034655447747175744,0.03350119094247499,-3.145919287430601,False,False,False
319,synonymous,GGTTGTATATTGATAAAGGT,-0.008616701471801519,0.026295995295042743,-2.645576613870037,False,False,False
319,synonymous,TCCATACAAAGATAGATCAT,-0.008075462196517022,0.046415666009042816,-2.7987534164401024,False,False,False
319,synonymous,TGTAAACGATTAGGATACAT,0.038136201035883416,-0.9556131963040715,-32.36118817666446,True,False,True
319,synonymous,TTCTTAGGAGCGAATCACAG,0.04127106188488576,-0.9703711467792713,-31.6369360783747,True,False,True
320,missense,AAATAATGCTAAATAAGTGA,-0.00692173313314186,0.12740848464122134,0.2742791253908424,False,False,False
320,missense,ATCATACTAATCTGGAAAAA,0.0003107838439591012,-1.002758906807139,-32.59901215073833,True,True,True
320,missense,CATTGAAGAAAACCATAAAA,-0.010460633341094603,0.07159531811941239,-2.6176115525343504,False,False,False
320,missense,GCCATCTTACAGGTGCGCTA,0.014506234265858045,0.11327604680507017,-1.0648715569755716,False,False,False
320,missense,TAAGCAAAGATGGGACTAAG,-0.019955193657645413,-0.9721966474207744,-31.587513585901732,True,False,True
320,missense,TGCTTAGGTTATTTATTGCC,-0.008097188228015348,-0.9787309383697893,-31.269326905421124,True,False,True
320,missense,TTAAATCTTGTCCTAAAGGT,0.046041809922179225,0.05000320363669605,-2.7373807961882948,False,False,False
320,synonymous,AAAGTACAGTATCTTTTAAC,-0.027894905771702425,-0.10755102817966433,-6.852192040829763,False,False,True
320,synonymous,AAGACAAAGCGAAGTAAAAA,-0.005819865541004193,0.056022414564135314,-2.614580723957349,False,False,False
320,synonymous,ACATCCGTTGCACACTATAG,0.00310371952026028,-0.2613951521371469,-30.000541680235475,True,False,True
320,synonymous,AGAATAGCCATACATATTCT,-0.025665807212828552,0.04420284489559906,-2.622875661674629,False,False,False
320,synonymous,AGATTAATAAACGAAACATT,0.007704185310118962,0.05391433518336601,-3.4264926092160404,False,False,False
320,synonymous,AGTAGTCCATGTACAACTCT,-0.09574628833763549,-0.9564282023092281,-31.298421412650534,True,False,True
320,synonymous,AGTGGCCTCCAATTAAACAT,0.040555452198655695,-0.9243505520195803,-30.587775256617654,True,False,True
320,synonymous,ATATACTCGGTTACCATTAC,0.06280180897699326,0.12662673283032086,-0.9252758747164961,False,False,False
320,synonymous,CATAAGGAAGAAGGGAGCGC,-0.08732509377707105,-0.8728860597212276,-30.57304941506967,True,False,True
320,synonymous,CCACGACATGAGTAACGGTT,-0.03822053254791585,-0.06448644797044145,-6.036665816066689,False,False,True
320,synonymous,CGGAGACCAGTACCTCTCAT,-0.022667062863663445,-0.9127280997816609,-29.942348175986233,True,False,True
320,synonymous,CTAACAAACTCTCCTCTTCA,0.6295787677180423,0.11729324522006518,-0.5540034520416999,False,False,False
320,synonymous,CTCATGAAGGGTTCACGTGC,0.039316178716812214,-0.9430235902280217,-30.246622034295115,True,False,True
320,synonymous,CTCTTGCGACAAGACATCAA,-0.038069622559294386,0.03736140464418411,-2.7946145204978907,False,False,False
320,synonymous,CTTCTTAAAAAGTACAATAC,0.015239209423666257,0.011008012513883919,-4.114989495716316,False,False,False
320,synonymous,GAGACGATTACGGTTACCAA,0.07611393559374559,-0.988520619057931,-31.54911979166277,True,True,True
320,synonymous,GAGTAGTTAATTGAAAGAAC,-0.00738117788105379,-0.010766207158776603,-4.547889226416982,False,False,True
320,synonymous,GCCATTCGGAAAATGACACG,-0.008827547615086431,-1.0345006964104504,-32.49375018236072,True,True,True
320,synonymous,GCTACTGCTATATTGAATTA,-0.06009307315213057,-0.08446994158543614,-4.580687794842979,False,False,True
320,synonymous,GCTGATTCTAGTGGGCAATA,-0.0820216515704852,-0.8724864492676521,-30.011228644393285,True,False,True
320,synonymous,TACCCTATATTATAATAATA,0.06886635428800819,-0.9953918432409514,-31.61270372094671,True,True,True
320,synonymous,TCAATATAGATAATGTTTGA,-0.02439650165078004,0.13955668983293415,-2.0826230139073445,False,False,False
320,synonymous,TCCAAAGGTTAAATAATCCA,0.02155212769280154,0.011848612599388963,-3.2107942237659852,False,False,False
320,synonymous,TGGAAATCATTCTAAAATAT,-0.006725866198133243,0.07939395817683034,-2.28136503832497,False,False,False
320,synonymous,TGGAATTATATCAACGTTCC,-0.013715948263883188,-0.9535064755274465,-30.562760361465358,True,False,True
320,synonymous,TTCATGTAAAGGGTGGAGAA,-0.0016757196233169857,-0.9555868697788681,-31.383434868176735,True,False,True
320,synonymous,TTTCCTAAAATACATAATCT,-0.022299801838575734,0.08595073411044821,-2.2657665312694153,False,False,False
321,missense,AGAACGATATTGCATTGCAT,-0.06673404237986302,-0.9307880575740028,-30.052588242499546,True,False,True
321,missense,CCAATGCGAAGTGAAGTTTC,0.009194572508416116,0.060444406162648345,-2.485243253281328,False,False,False
321,missense,CTTCTAGATAACGGTTACGC,0.03303700038066724,0.08054662011019315,-1.6540659146819918,False,False,False
321,missense,TCACTCCGTAAAAAAAGTAA,0.09346499544455318,-0.020251576736492666,-3.2572097107720692,False,False,True
321,synonymous,AAATACAATCAAATGAATCG,-0.0014401995226061412,-1.0161967305912714,-32.82510730071167,True,True,True
321,synonymous,AGAAGATAACATTAATTTAG,-0.031006283600581736,0.10976503988091915,-1.5284863394693207,False,False,False
321,synonymous,AGATGATGTAAAACATAGTG,0.01173491659923157,0.04600401357059419,-2.869518616454358,False,False,False
321,synonymous,GAACTATCTATGTCTGCTCG,-0.01955101191152667,0.0238845401871903,-3.704806163024783,False,False,False
321,synonymous,TATGCTATAGACAGGAGGTT,-0.07685366765195512,-0.9486547852157223,-30.835450431407146,True,False,True
322,missense,AACAAACTTGCTGTGCATTC,-0.07962750547773889,-0.7154057921984014,-29.94389028622546,True,False,True
322,missense,AACCGTACCAGCGTTGCTGG,-0.013052282941991185,0.04290206098595513,-2.7924322198936715,False,False,False
322,missense,CATATAAGACCAATATTTTG,0.01964752848996045,-0.9597224996106613,-31.337055553002568,True,False,True
322,missense,CGATGAAAAACGATGTTACA,0.12749377324952388,-0.9449960339502783,-30.42812217207607,True,False,True
322,missense,CTAGCAGAGAAAAACTAAAC,0.023704800928176683,-0.9771594616079013,-31.049821187723712,True,False,True
322,missense,GAATATTCATTTTAGTACAA,-0.009136378959630638,-1.0385919834886321,-32.4413769839355,True,True,True
322,missense,GGAATACCACTGCAAATCGC,0.04085297555892348,0.024275268319848053,-3.3733108696526806,False,False,False
322,missense,GGTATACACTGACATACATA,0.08634008516821506,0.14985857172559408,-0.8067803807017717,False,False,False
322,missense,GTTCACACGCAAGTAATATA,0.03566383987914823,0.12280660692416975,-1.2637747774671522,False,False,False
322,missense,TAATAAAATCTCGGGGCCAT,0.024356464248475995,0.35688287505240296,5.745088792131268,False,False,False
322,missense,TATACGAGATGGTGACAATA,-0.0005845403348999838,0.007466502706973216,-4.986281923449351,False,False,False
322,missense,TCAACTAAAATACGAAGATA,0.07362852329835266,0.12688892574831606,-0.6774490156246225,False,False,False
322,missense,TCACCGACACTAGGTTAATT,0.003136058228213525,-0.9784673509870319,-31.20983605493038,True,False,True
322,missense,TCATAGTGATTGAATGCCGA,0.028346803744551004,-0.93931968297603,-30.555430685182877,True,False,True
322,missense,TCTCTTAGGTATATTCTAGA,-0.06229689250753806,-0.8798974817289797,-29.978589116760485,True,False,True
322,synonymous,GAAGTGATCCGCGTAGACAT,0.028186765695868934,0.07528508227606152,-2.3194883898376024,False,False,False
322,synonymous,TCACTAGGGTCCCAAATCGA,-0.027631255865191554,0.06541097476385424,-2.196471339036308,False,False,False
323,missense,CAGTCACCGGGACGAAATTC,-0.061110029780706246,-0.952184256291408,-30.05131812061823,True,False,True
323,missense,CCAGAAAGTACAAGTTACTC,-0.0016636041550235426,0.00794303494846102,-4.206270631667247,False,False,False
323,missense,TAGTGAAACGAAATACGCCA,0.021276945698968777,0.035745464364930354,-2.0312755866520393,False,False,False
323,synonymous,AAAAAAAGAGGCCAACACTG,-0.05949048307421079,-0.9615288754849189,-30.826428981140346,True,False,True
323,synonymous,AAACTGGACCGTCGAAACTT,0.001385641844832596,0.03173795685153209,-3.247845067564614,False,False,False
323,synonymous,AACGCAATTTCTATAGACTA,0.04136555690033647,-0.026081724148592195,-4.798016857619881,False,False,True
323,synonymous,ACTACTGGATCCAATTCATC,-0.01450000690799165,0.07765206959978693,-2.3495591288710425,False,False,False
323,synonymous,CACAGTTTTACTTTGACGCG,0.004465139419759278,0.12437874297995073,-1.0070124894111434,False,False,False
323,synonymous,CATAAAAAACAGGCACATGA,-0.04943268893536075,0.05514039621435968,-3.4451090805865063,False,False,False
323,synonymous,CATTAAGTTACAAAAGTTAA,0.02469551497623739,-0.9794623253385439,-31.01280490320828,True,False,True
323,synonymous,GAAAACAATATTGAGAACTC,0.017649006784192706,-1.0222271225174846,-32.8423520160211,True,True,True
323,synonymous,TACTCTACAGTAAAACGTAA,0.0015359744358955302,0.07099454990123179,-2.5649436597511452,False,False,False
323,synonymous,TTCAGTGTAAAACTGAATGA,-0.004500689907271992,0.09873861790802066,-2.3325198236865408,False,False,False
324,missense,AAATTGGATACGTACATACA,0.004145370558040697,0.0890933529615833,-1.756192943682983,False,False,False
324,missense,AAGAGCAGGAAGCAAATACT,-0.00026681737751492376,0.05507378743381042,-2.5345501174686023,False,False,False
324,missense,AAGGAACGACCAACCCACTG,-0.025819430256102813,0.03437456263713601,-4.090648014395523,False,False,False
324,missense,AGAGAACCTCAAATCAAAAC,0.21696751361681577,-0.9086492682995961,-30.56267070619987,True,False,True
324,missense,AGAGTATTCTAAACGCGTGA,0.003933403138148271,0.14285746761904994,-0.3991808051256556,False,False,False
324,missense,ATAAAGAACTAATTTTTTAA,0.06797863359900219,-0.978544853695035,-31.853016344473154,True,False,True
324,missense,ATGCGAACAACACGCAGTTA,-0.05993815285507832,0.010878605646867823,-2.7711704742073264,False,False,False
324,missense,CCAAGTTTTATCAAATGGTT,-0.013448912674963572,-1.01259181510057,-32.35330859587417,True,True,True
324,missense,TACTCAAAGTCAAAAGAATA,-0.026003978432482533,0.01564487397855313,-3.588352154077724,False,False,False
324,missense,TGTCTAACAAGTCTACATAA,0.02609696933882363,0.07186474193434093,-1.1716382409496529,False,False,False
325,missense,AACAGATAATAAAATAACCG,0.017692282936589976,-0.9971689455195594,-31.596544887456723,True,True,True
325,missense,AATCAATAACTTAATATTTA,0.03355214133658736,-0.957416453569429,-31.664369117081357,True,False,True
325,missense,ACTCCCGGGATGAAAGGTGT,0.034669951295974666,0.10490773597686436,-1.1455642864126816,False,False,False
325,missense,ATACTGAATGATTTGGCATA,0.014625592271066414,0.07149689745693893,-2.6824487610999928,False,False,False
325,missense,CCAAGTATCCAATACCTAAT,0.000667104330341541,0.04362339130463909,-3.122728259690854,False,False,False
325,missense,CCTAGCGAGCAAGGCTTAAC,-0.0007110994621582997,0.07341811739160305,-0.9262071963489124,False,False,False
325,missense,CTAGGAGCGATGAAATGAAC,0.061962368484995395,0.7419185278836606,-2.3052751041382074,False,False,False
325,missense,GATAATAATTGCAACTCCGC,-0.006402774335116964,0.046071862143148026,-2.742006917559148,False,False,False
325,missense,GATGCTGTATGCTGATAAGC,0.036575181625696285,-0.9442518044918558,-31.375683377326865,True,False,True
325,missense,GCAAAGCAGTACATGTTGAT,-1.0734914901354047,0.08917147453941282,0.701803040586555,False,False,False
325,synonymous,CCAGAAATCGTTTCGGCCTG,-0.001592959932060877,0.061711427699558674,-1.9970531299393017,False,False,False
325,synonymous,CGAAGTGAGACACTTGACGA,-0.052274933914110214,-1.0313265863406074,-31.969234599016346,True,True,True
325,synonymous,GTTTATAAGAAAAACAAAAA,-0.03317812952423914,0.24610728769442552,-0.24236464617105483,False,False,False
325,synonymous,TAACCTAAAAAGCTAACACT,0.02438951940422113,0.06868283405629962,-2.4352446573714905,False,False,False
326,missense,AAAACGGATTAGTACTCGCA,-0.012948808582270824,0.029428655780366533,-3.0638804569355416,False,False,False
326,missense,CGATAGACAGGCTTAGAATC,0.15745275594259134,-1.0987995204970307,-30.08599070957923,True,True,True
326,missense,GAAAGAAAAGCTAAGACGCC,-0.025203915864254276,-0.018123351869305637,-5.066389858009268,False,False,False
326,synonymous,ATATGTGAATCACACATAAC,0.026438454452303226,0.034511393915226035,-3.1429590468147808,False,False,False
326,synonymous,GTCTATAAAACAAGGTTGCA,-0.12417023445128883,-0.03261696307354048,-0.992083791520815,False,False,False
326,synonymous,TAATTAGGAGATCTCAAAAA,-1.1378307537050705,0.15383482612062785,-3.5445602706454657,False,False,False
327,missense,AAAATCGACTCTAAATATAA,0.8803122410904933,-0.671745038783019,-5.473214171143335,False,False,True
327,missense,GCACTATATTAGCTAACAGA,0.024578135612735634,-0.11230055548337498,-7.558371654174835,False,False,True
327,synonymous,CCATGGACTGTTCTATTAGG,-0.012374336854094862,0.026882324345623376,-2.817978594952371,False,False,False
328,missense,AAAGATGTCAAACCTAGAGC,0.01081582253636017,0.0787667760467078,-2.336186110048172,False,False,False
328,synonymous,AGCTTCTCCAATGAGTACGA,0.05729693659820871,-0.9513655446383646,-31.043238040725193,True,False,True
328,synonymous,CAGTCCCTTTTTTATAACAT,-0.008863164907455296,-0.2592857886206464,-30.15671344476707,True,False,True
329,missense,AAGAATATTATACCCTTGGT,0.026325459409997688,-0.08212007769639137,-6.236005519323194,False,False,True
329,missense,CGTAATATGGAAAGATAATT,0.06597907796563061,0.08881445722687999,-1.9458449629867633,False,False,False
329,synonymous,AAATTTATCACCCGAAGTCG,0.006656118273089937,-0.9811814648684551,-30.978135912467017,True,True,True
329,synonymous,AGTGATTAAAACGGAAACAT,-0.006451366397467521,0.01666111808739959,-3.3562650923329764,False,False,False
329,synonymous,ATACAGCTAAAATATTCACA,-0.02408469202451535,0.04864193272389056,-2.6380468389989495,False,False,False
329,synonymous,ATTCATCGCATCCACTAAAT,-0.04468144359293384,0.08928637250384924,-1.239954172889176,False,False,False
329,synonymous,CTACTGAAGTAAACTTAAAG,-0.013179278880342527,-0.027573768940541643,-5.222863998074582,False,False,True
329,synonymous,GCATATATTTATAATAAGCA,-0.02541199062713821,-0.0652074258851022,-6.188888617868107,False,False,True
329,synonymous,TACTTAAATAATCAATCTAA,0.6346647335190102,-0.924654154975181,-30.376961661344076,True,False,True
330,missense,CTTAACGTAAAAAGAATTTG,-0.09003522110719878,-0.9905950429093746,-31.487580487331325,True,True,True
330,missense,TGCGACTTCCCGGTAGCGAT,-0.04564631034550318,-0.9974894599966491,-31.59638605357279,True,True,True
330,synonymous,AATAGTAAGCAGCTCAACGA,-0.02415966016424784,-1.0033152060374344,-32.56559971687188,True,True,True
330,synonymous,ACCGCTAATTCCTCATCTCG,0.6236052775334764,-0.9115557846029192,-30.61072385047113,True,False,True
331,missense,ATAGCCATGTTTTAGCCGTA,0.010299040174326906,0.05733474617671819,-2.740291953530324,False,False,False
331,missense,CAACCGTACCGATATGCTTA,-0.004980316845849703,-1.619813913403409,-30.759765440968675,True,True,True
331,missense,CAGACAAGAGAACATTAATA,-0.06625503521737403,-1.8083433539859446,-30.74747718713911,True,True,True
331,missense,GCAATTATGTACTCGGGAGT,0.02467202496555668,0.08978023851897009,-2.139263958374943,False,False,False
331,missense,TTGATACAGCCAGGATAACG,0.05140951453980998,-0.9994781205609651,-32.01923184943424,True,True,True
331,missense,TTTTGGGAGTCAGTTGACAT,-0.0038641004537975218,0.01735656783820419,-3.882779792397789,False,False,False
331,synonymous,AAAAACATAAATAATAATAT,-0.009133813502044745,-0.07151960582333194,-6.776088888056277,False,False,True
331,synonymous,AACAACTTAATGAAAAAATG,0.041032478871300765,0.08105210679688597,-1.0112360786315844,False,False,False
331,synonymous,ACGATCAAAGGATTAGAGAG,-0.20209080972033203,-0.9806818010049643,-30.8377945939141,True,True,True
331,synonymous,GTAAGTAATTGCGACTATAC,0.009797415555006139,0.09985684598270446,-2.0786505936967465,False,False,False
331,synonymous,TACTATACAAAGCTACAATA,-0.08046577891747923,-0.9337894757357932,-30.32519578237937,True,False,True
332,missense,ACAGAAGGGCAACGGCGACC,0.015299998565579963,-0.9273766697622197,-31.12897805102478,True,False,True
332,missense,GCGATAAACATTAACCCTAT,-0.049109803739588065,0.07001128419646806,-2.1375436737254985,False,False,False
332,missense,GGGAAGAACCTCCCAGAATC,0.044910077789894726,0.08909076993605664,-1.2985248150945494,False,False,False
332,missense,TATACTTATATCGATCTCAG,-0.0032903282501909378,0.1037607674395779,-1.229740991883064,False,False,False
332,synonymous,AACATTAGGCGACCATGAGA,0.025868997367850574,-1.037298581380683,-32.0781781594241,True,True,True
332,synonymous,CCCCCGCTACCACTATTACT,-0.00814516173590951,0.005506162776538398,-3.847296395982047,False,False,False
332,synonymous,TTTGTAGCTATAAGGGCGAA,0.004062187830925046,-0.13875661290871283,-8.072922184868506,False,False,True
333,missense,AATAATTGCCTACTATATTT,-0.005607974756458493,-0.9811475519273489,-31.481445644199194,True,True,True
333,missense,ACATATTCATGATTCTTGAT,0.03205417008333157,-0.961899888172453,-31.690196987456407,True,False,True
333,missense,ATGTCGATATTACACCGTAT,-0.00034180745924536,0.00024152573554842016,-3.940262865704169,False,False,False
333,missense,CATACATGAAGTATTACAGC,-0.03307297865009097,0.013513060507564706,-3.938011718278961,False,False,False
333,missense,CGATCGTATTCCTCAGCACA,0.0107140500658425,-0.919418242214459,-30.782082082376593,True,False,True
333,missense,GGAACAAGATGATTTATGGT,-0.04488584335417117,-1.0166069678249559,-30.87666233033854,True,True,True
333,missense,GTTGCCGACAACGGGGACAT,0.009841046073166196,0.06214334012163565,-2.5446936579311483,False,False,False
333,missense,TGAAATCGAACTTCTTATTA,0.00025788461022592394,0.021538681714067393,-3.4795929747126597,False,False,False
333,missense,TGATTGCCATAAACCGCTCA,0.016611981805949267,0.024337558192805725,-3.6613610068859765,False,False,False
334,missense,ATAGTAAATACAGACCAAGT,0.0012453360145136864,-0.010139871758995195,-4.411859449321639,False,False,True
334,missense,GAGATTATAACCAGTAAAGT,-0.0115163415147804,-0.014178458736355426,-2.8702514291595533,False,False,True
334,missense,TTCTGATAGTCCAAAGAACA,0.0077949842115239715,0.06659066626192826,-2.769211892579674,False,False,False
334,synonymous,ACACAGAGGCGATGCCCCTA,0.08323994087989915,-0.9442747983615674,-30.948040375029,True,False,True
334,synonymous,TGCAATTAGGGGATTCGAAA,0.05005100115192457,-0.09975625956549233,-6.864689151500933,False,False,True
335,missense,AAGTTTTCGTATATTCATCC,-0.06359932274374007,-0.7120669219132587,-30.08774618723356,True,False,True
335,missense,ATCTTCTAAGGCAAAATTGG,-0.014587191840772167,-0.056599136154808216,-6.2601323077807915,False,False,True
335,missense,GTAGTCTAAAGTATGTATAA,-0.009979461049553839,0.6056446615250798,10.192861828453724,False,False,False
335,missense,TCTTAGAATAGATAAATAAG,0.004530581250287468,0.043612554656589184,-3.5795595294286597,False,False,False
335,synonymous,ATGAGTATATGTAACTAATA,0.05975643779354772,-0.9574503281565645,-31.602972075575167,True,False,True
335,synonymous,CGAAAGGACATTAACAATAT,0.05375563486334867,-0.010413841944858365,-4.209386513114454,False,False,True
335,synonymous,TAATCACCGATAGTGGCCAC,0.006167595216998036,0.048204742834358244,-2.77246003746249,False,False,False
336,missense,AAACAATGTGTCTATGTATA,0.046386415205776355,0.11412928159699556,-1.2689377129604202,False,False,False
336,missense,AAAGGAATCGAAGAGAGTAC,-0.027687871039159873,-0.9895790536255016,-31.524892447982108,True,True,True
336,missense,AGGTTATCTCATCTGAATTA,-0.00023248167067737744,0.03232687686969285,-3.228242626023745,False,False,False
336,missense,CGCGAACTGCATTTAAGTAA,0.0602762581687057,-0.9614084496173363,-30.744978132063924,True,False,True
336,missense,TAATCAAGAACTTATTTTAA,-0.04793112393430786,0.1660100058293817,-0.19203253430333828,False,False,False
336,missense,TGCACAAGATAAAACGGTAG,0.021903602309873548,-0.1963024004540342,-9.373147625413178,False,False,True
336,synonymous,CTTCAAATGACTAACAAGAG,0.035628244896135655,0.1321779419858484,-1.4592750958484897,False,False,False
336,synonymous,GTCCTGATGAAAAACCTAAA,-0.6474924840256688,-1.6227437939370126,-30.78887287522746,True,False,True
336,synonymous,TAATAGTATACAGAACACAA,-0.8452036473250315,-0.97761814568715,-30.530050831189655,True,False,True
336,synonymous,TGATAGCTCTAAAAAGTAAC,-0.15975917770888726,0.14955762579101456,-0.5514846889571261,False,False,False
337,missense,AAATAAAAAAAAGAGGGAAA,0.03669462146948638,0.007761957623984239,-3.257823332578478,False,False,False
337,missense,ATAGGTACCAAACGCAAAGG,-0.04884736563499399,-1.6055538875442676,-30.927236523150526,True,True,True
337,missense,CAACATTGAGTTCCTCGTCT,0.0169686124241213,0.14116563295411289,-0.8512209391873021,False,False,False
337,missense,CACAACACGCCTTGAGCGCA,0.0752063021646925,0.03397127990400191,-3.92627719017795,False,False,False
337,missense,CGAGAGAATCCGTTTAAAAA,0.030379531406517373,-0.010101249909253818,-3.993642937861973,False,False,True
337,missense,CTACGTATGATCGTGCATTT,-0.036741992452206884,-1.0441630638935966,-31.772673988077234,True,True,True
337,missense,CTCAATATTAGATGGCGGTC,0.014879711514853332,0.07158199393201803,-2.2858343505223955,False,False,False
337,synonymous,ACGACACGCTCATTGATTCA,-0.01574586358434065,-0.02176891767244568,-4.70471310165922,False,False,True
337,synonymous,CGACCGCCCGGAACTTCCAC,-0.03583627093774806,-1.0233218249126246,-32.13014161150443,True,True,True
338,missense,AAACGAATACTATGATATTG,-0.0007559988084152578,0.026810204553190067,-3.379649108723226,False,False,False
338,synonymous,CAATAATGTAAATTTTGAAT,0.007673811440693882,0.04062235840361299,-2.869490119470639,False,False,False
338,synonymous,TAAACCCAAACGCGTTACAA,0.028767800053011622,0.03560447035109349,-3.1060055637160904,False,False,False
338,synonymous,TAATGACCATTGAGAGTGGA,0.024165142831736146,0.11522258064347582,-1.0150647871587848,False,False,False
338,synonymous,TCGCCTAATAATACCAGTCC,0.010962201567661428,0.04332866247641441,-2.4456793515201154,False,False,False
339,missense,AAACGAGACGCTTAATAAAT,-0.002915399714270385,-1.8656148316466923,-31.94647582261781,True,True,True
339,missense,GGATAAAACATGTGACAAGG,-0.00487438283179673,-1.5963435336964544,-30.720056275614592,True,True,True
339,missense,GTGTCCGAGAAGAAAATTAC,0.01283425478656032,-2.009894698925864,-34.18863772921827,True,True,True
339,missense,TTCAGAGGAGCTCGAGAGTG,-0.008555143522151573,-0.5110580376972418,-9.760680595993279,False,False,True
339,synonymous,ATCATCTGAACTAGAAGCAA,0.023977246975556508,-0.9971977301730546,-32.04168624973405,True,True,True
339,synonymous,ATTGAATGTCTTAGGTTGCA,-1.3297802687878708,-0.03572782558348825,-1.282938509122027,False,False,False
339,synonymous,CAAATAGCTATATGAAATAA,-0.2749150964470218,-0.9222314447598501,-30.01696022018706,True,False,True
339,synonymous,CGCCATAAATTACAAAATAA,0.03678459491774959,-1.0025419508228817,-32.30649654443581,True,True,True
339,synonymous,CTGAGCAGGTTAACTGTTAC,0.026867676211432184,-0.9115148339738786,-30.642692201656175,True,False,True
339,synonymous,GTGTGGCAAGGAGTCAATAG,0.006711126682564482,0.059082521789565856,-2.8165623273558444,False,False,False
339,synonymous,TAACACCGAGTTCCAATAAT,-0.07556415401647554,0.09802659049019105,-0.8321310149870589,False,False,False
340,missense,AAATGACATTAAAACAACCA,-0.057125805372930785,-1.7272328121363534,-32.767477740497846,True,True,True
340,missense,AGCTAGTGTGACTTTAAATA,-0.01412834722242597,-1.2152163210647062,-35.04333280557636,True,True,True
340,missense,ATTATTGAGACCACAAAGAA,0.01364769891493193,-1.8011966575990124,-34.121943649886425,True,True,True
340,missense,GAGGTAAATACCATAGGACG,0.000379153421025642,-1.8962048519393355,-35.42713570107251,True,True,True
340,missense,GTAATTCCGCGGTCAAAGTT,-0.010474738805070148,-1.1346046198604023,-31.743668631645185,True,True,True
340,missense,TAACTAACCAATTGGAGGAA,0.6138050059440705,-1.7190932366522138,-30.526057782961626,True,True,True
340,missense,TACGATTAATTTTAGATACA,0.001687192791681228,-1.6246081043179437,-31.222173235933862,True,True,True
340,missense,TGATGAGGATATGAGATTCA,-0.01587011401936957,-1.8611524893230635,-34.94149162044943,True,True,True
340,synonymous,ACAAACGGTTCTTGCAAGGA,0.0723250927988625,0.07053892942679403,-2.1761652650212,False,False,False
340,synonymous,ACAAGACAAACGGGAAAATG,-0.06745534054787035,0.10067159861873048,-0.6889716340195298,False,False,False
340,synonymous,AGGAAGATAGAGGCAAATGG,-0.031617530052782866,0.024382193798414803,-3.524859565595507,False,False,False
340,synonymous,TACATATAAGATAACAAAGT,-0.005971443408862392,0.04944455809041813,-2.2103671689446776,False,False,False
340,synonymous,TACGAACGATTAAACTAAAC,0.03966590025222538,-1.3556154991940033,-30.106165676671953,True,True,True
341,missense,AAAGGAAAATACAGAAAATG,-0.056678179211246044,0.08897702227899706,-1.6374419829828941,False,False,False
341,missense,AAGTAAAGCCGTATACCGCA,0.09318855410223287,0.14727693515845097,-0.6850512481734669,False,False,False
341,missense,AATAATCTTACCCTAGTAAA,0.007173076400575635,-0.050299219136094364,-5.010910089196241,False,False,True
341,missense,ACAAAATGTAAGTGAAAAAT,-0.015539282225481628,0.030854871766449493,-3.24135649448967,False,False,False
341,missense,AGACCCTATGAAATAGAGAG,0.02193596691777087,-0.9663306872092019,-31.17548091334386,True,False,True
341,missense,AGATAAAAAATCTAATTTCT,-0.02312708661850241,-1.994732908913262,-33.32705301571029,True,True,True
341,missense,ATCACACCAAAAATAACGGA,0.016349382905711536,0.10508763407831914,-1.4321903383552237,False,False,False
341,missense,ATCTTTCCTCCTACTGGTCT,0.0428076686320258,-0.8808304969425382,-30.153241593444054,True,False,True
341,missense,CTTAAAATTTTCGTCACCTC,0.01226987918255884,0.11080077759881478,-1.0894355877109738,False,False,False
341,missense,TAAGACAGTAGACCAGAAAA,-0.005553946875426395,0.09942862267653602,-2.0960308662821006,False,False,False
341,missense,TACAGAACCATTGAACACTT,-0.02590478632992447,0.02945388891639386,-3.4183469376233866,False,False,False
341,missense,TGGATTTTATAAGTAACAGC,0.04020811303452533,0.01742029745729637,-3.4389643163416608,False,False,False
341,synonymous,AACCTTTACACGCATAACGT,0.010098999179624236,-0.09162748512190186,-6.11701054519942,False,False,True
341,synonymous,AAGCCATACACATATGATAA,-0.009082068213662304,-0.9349765055120369,-30.927373844631422,True,False,True
341,synonymous,AATAGGTAAATTCACGGGTA,-0.5265150989702982,0.09804191045342053,-0.3268101442554481,False,False,False
341,synonymous,AATTTATTTGCGCTCGAATA,0.06552194330762162,-0.9938289981610204,-30.01026266284449,True,True,True
341,synonymous,ACTAAGACATAAATTATTAT,-0.6899218158779381,-0.972717089621105,-30.703660474807833,True,False,True
341,synonymous,ACTTGGAAGTCGGATTAATG,-0.012257020744518428,0.018679292277818782,-2.9118280979143485,False,False,False
341,synonymous,ATAATCTTAGCAAAAGGAAT,-0.2920608136195841,-0.8861044774435929,-30.481647713379076,True,False,True
341,synonymous,ATTTCTTTCGATAAGGCAAA,0.015189282863761446,0.11485647429898996,-0.3862707813737453,False,False,False
341,synonymous,CATAAAACGACGGTGCCATT,0.01037707010424392,0.012331209785986591,-3.985475989089615,False,False,False
341,synonymous,CCCTAACAGGAATGTTTCCA,0.06222590422080633,0.08945182654149907,-1.3184186923155434,False,False,False
341,synonymous,CCGAGTTGGCCTCGATTCCA,0.06843740303814269,-0.973848284744931,-30.57351080843511,True,False,True
341,synonymous,CGAGGCAGATGAAGATATCA,0.02523103235338508,0.024378905415409075,-2.9981017798723424,False,False,False
341,synonymous,CGGACGGTATTAAGATGCAC,0.025593395385040036,0.056411911520513586,-2.745218687181318,False,False,False
341,synonymous,CGTCTCAAAACCTTAAACGC,0.01725796866427951,0.1149019040819802,-1.6369555488774632,False,False,False
341,synonymous,GGCAAAATGAAGGAGGGATA,0.021999052236361272,0.00928789754040904,-2.9752226102655506,False,False,False
341,synonymous,GTAAGAGGAATTGATTATAA,-0.008132611690663222,0.04470573237331557,-2.9281771546267006,False,False,False
341,synonymous,TAACAACTATAATACCGTTC,0.00838860495153467,-0.05478327931000965,-5.829104921992825,False,False,True
341,synonymous,TAACTGATCCCGTAACTCAA,-0.03087490424298545,0.06655110164040208,-6.893003848246509,False,False,False
341,synonymous,TACAATAAACTTGTTACGGC,-0.006010458341547722,0.0056787418348805685,-3.6395386355014625,False,False,False
341,synonymous,TCTCGGCATACTGGATCTGA,0.03454576057572481,-0.9590569530973665,-30.60691613709773,True,False,True
341,synonymous,TGGACCATTGAATCGTAAGT,-0.03870677621476325,-0.08089269432281887,-7.265433884818038,False,False,True
342,missense,AAGGAACGGCGTTAAATAAA,0.03604890487623015,-0.8561362357907627,-7.86135207717294,False,False,True
342,missense,AAGGCAAGCTAATAGAATGC,-0.06857078128190904,-1.1115590834821911,-33.068636177685455,True,True,True
342,missense,ACTATCCTAGCCTTAACGTT,0.02441024502727245,-1.015018701576174,-31.802694300091126,True,True,True
342,missense,GCACGATTAAGAGGCGTCCC,-0.030792559417910047,-0.6708546048295103,-3.0084094963059207,False,False,True
342,missense,GCTCGCTCGAACCATAGAAA,-0.046138996046201225,-1.6245075388936194,-30.663376363221527,True,True,True
342,missense,GTATATCCGAAAGGATATTA,0.009226547312463997,-1.6995035075754121,-31.807759750845857,True,True,True
342,missense,TAAAAGCCCATATGATCATC,-0.0054339907466928496,-1.024766479536756,-31.332084508148238,True,True,True
343,missense,AAATGGAGTTGCAAGATTAG,-1.0980063873319699,-0.28453551433575713,-29.989700237297615,True,False,False
343,missense,AAGCACACAAAAGCTCCAAC,-1.1036900793135436,0.13083039989797196,-0.25330133658946546,False,False,False
343,missense,ATACAAAAGAAAACGTAAGG,0.06313253168769319,-0.9427164804460686,-30.364669850268843,True,False,True
343,missense,ATCTTTAATAGGACTCCGTA,-0.09121920353160329,0.06551793130021193,-1.4887747512160088,False,False,False
343,missense,CAAGTGAGATGCTTTCAAGA,0.012942453284419444,0.04286659339879047,-3.0723855036398033,False,False,False
343,missense,CGGATCAATATTCTTAAAAT,0.011334014632820355,-0.9775285773689393,-31.632388063966552,True,False,True
343,missense,CTAGCGAAGATATTGCAAAA,0.03435288535414403,0.0802306447140568,-1.8404125386735382,False,False,False
343,missense,GAAAGTCTGACGCTTTGAGT,0.009396233210857741,0.013140017761314876,-3.5866722815216865,False,False,False
343,missense,TCGTGAATGATTGCGCGTTA,0.040276150298714786,-0.9139108706052581,-30.539078386106766,True,False,True
343,missense,TGAAAAAGGATGGAAGAGAG,0.06562745629153706,0.09117625356529263,-0.7063091604130649,False,False,False
343,synonymous,ACAATAGCAAATGCTAGGTA,0.009452123362572187,0.020731933468780522,-3.950398236216279,False,False,False
343,synonymous,ACGCTAAGTATAACCAATAA,0.0164190151784096,0.02919747252990748,-3.2041273081027226,False,False,False
343,synonymous,ACTTCACTGCAGCTTCACCA,0.004324239157098389,-0.9528933166116362,-30.7529676151289,True,False,True
343,synonymous,CTAGTTACTATTAATCCTAG,-0.02233472206959111,0.05718591547096258,-2.478056825298687,False,False,False
343,synonymous,GCCGCCAAGCCCCCCACATA,-0.0028182939262425067,-0.9337761201343027,-30.831292675317872,True,False,True
343,synonymous,GTATTGATCGCAAACTTTAC,-0.0305254746843265,-0.015356124223121048,-3.9285771751622334,False,False,False
343,synonymous,TATACCATATGACTCCTCGC,-0.016464733252671344,0.07231265065340785,-1.3739710062038208,False,False,False
343,synonymous,TATGAATTCTGCCTTTAGGC,0.028706623999383802,-0.9893583484391948,-30.924365135259475,True,True,True
343,synonymous,TCATGGGCACATGATCTGTG,0.0626749800570797,-0.8608640965045615,-30.96248932778257,True,False,True
344,missense,AGCAACCGATTTAGCAGAAA,-0.007897564149194453,-0.9530463544423045,-31.528511865679736,True,False,True
344,missense,CAATACCTAAGACCATCTTT,-0.026924564161719563,-0.9368242472256549,-30.48864751125237,True,False,True
344,missense,CCTTATGGTGGCCTGTGAAT,-0.05779102044156792,-0.9741268953373212,-30.51724138600367,True,False,True
344,missense,GATCAATACTCTTTATCTCT,0.05298564941765227,-1.459711250255786,-30.47996751683445,True,True,True
344,missense,TAAAAAATAGGGCTAAATTC,0.031624204189519195,-0.9890024620816413,-31.37951291187727,True,True,True
344,missense,TACGCTAACATACACAGATG,-0.010014719618553302,-0.2477829053539336,-9.648098109270855,False,False,True
344,missense,TGTTTCGAATGCGACAATCC,-0.0021533690360511686,-0.03562567770217662,-3.639003653197296,False,False,True
344,synonymous,AAACTAATGTATAGGAACAA,-0.025393251180617738,-1.0186456042507828,-32.25181904504882,True,True,True
344,synonymous,AAGGTAGGTACATTATGCTC,-0.0011553325852434347,-0.16195319154500798,-8.301359318463277,False,False,True
344,synonymous,ACCCATAAGATGGCACTAAT,0.019665642941378056,0.11137318288586191,-1.6276645667245038,False,False,False
345,missense,AATGCGACTTGGAAATGGTA,-0.09635058618519163,0.06489912826034454,-1.248463102230499,False,False,False
345,missense,ACTGGTAAATAGAATAAAAT,0.03421715699955705,-0.9265838436091385,-30.734612179392062,True,False,True
345,missense,CAAGCTAACGTAAGACGCAA,-0.052949857460642374,0.10500273045905775,-0.6401062045737471,False,False,False
345,missense,CATTCGTTTCAGGCAGAGAG,-0.005716030255711669,-1.0178799018045168,-31.88920980787323,True,True,True
345,missense,GATTAAGAAAATAATACCAG,0.011468316817617404,-1.0343838640329386,-30.59823746058844,True,True,True
345,missense,TCGGAATTTACAAACCATTT,0.005408883273263357,-0.03378147957448674,-5.233980731339494,False,False,True
345,synonymous,AAAGGAGGCAGATGACATTC,-0.6962685565103055,-0.9431039659100222,-30.740328451596575,True,False,True
345,synonymous,AAATGGTGTCAGGTTCCAAT,-0.04176135885610528,0.0785390949476007,-1.5161359689321539,False,False,False
345,synonymous,AATAAAGTTTAGTGTGAATG,0.013969273553213396,0.17359210770926942,0.8001889267823449,False,False,False
345,synonymous,AATCGACTAGCAAGAATCGA,0.030681000685736856,-0.9977383847386814,-31.76033822555101,True,True,True
345,synonymous,ACGGAAACTCGTCAAATTCT,-0.0008151688818595036,-0.04793845888426512,-5.553380120150152,False,False,True
345,synonymous,ACTGAACTAGTAAGTCTCAA,0.006462627821442379,0.04293095346844086,-3.148712958484927,False,False,False
345,synonymous,AGCAGGACAGAGATCAAAGA,0.005843245225162887,0.0005404933488882546,-4.196560714708988,False,False,False
345,synonymous,ATATGCAGCTGACACACCAC,0.011215894930710494,-0.3075758516521177,-30.680758991070473,True,False,True
345,synonymous,ATGACGAAGTTATAGACAGA,0.03399932824035079,-0.9193864194590162,-30.15374718026963,True,False,True
345,synonymous,CACAGCCGAGAGACGAAATG,-0.050939710845428046,-1.5544154068268723,-32.95293552877776,True,True,True
345,synonymous,CAGAGATTGACCGCCTAGAC,0.002048128279402152,0.03943305490412881,-2.518953893909093,False,False,False
345,synonymous,CATAAAGGAATGATTTATGA,0.008457243327696927,0.1036972093964788,-1.1368497169782334,False,False,False
345,synonymous,CTAGCTTTGCAGATGAACGA,0.014894241246788113,0.16189249727480687,-0.8559008594560952,False,False,False
345,synonymous,CTCCCAATAACCCAACGAAG,-0.06594937933954406,0.04919104387460481,-2.181420445973363,False,False,False
345,synonymous,CTGCATCTTATATAGTGTGC,0.02365229301565594,-0.002581821948456381,-3.6169104306645887,False,False,True
345,synonymous,GCAATCTAATAAAAGATTTT,0.024523069505339314,0.06404181643554406,-1.885262304733928,False,False,False
345,synonymous,GCCGGAAGACCGTAAATAAG,-0.3204852429595507,-0.9253877830104356,-30.060877260459968,True,False,True
345,synonymous,GTAAAACAGTTTACCGATAA,-0.011043745367402928,0.12245666135271523,-0.23658449084136854,False,False,False
345,synonymous,GTCATGCTTACAATGATTTC,-0.013521315787079099,-0.05939902590458243,-6.575424955694604,False,False,True
345,synonymous,TACCGTAGTCTGCTAGTAAA,-1.0714032036020742,0.1313091899943321,-5.213896326792057,False,False,False
345,synonymous,TCATCCATGAAGACTACCGT,0.016791059258290816,-1.5533986569703289,-30.088032178690348,True,True,True
345,synonymous,TGAAAATTTTTAACTTTGTG,-1.0452113327112926,0.0011197896187775946,-4.7848750667841635,False,False,False
345,synonymous,TGGCCGAAATCTTACAAATC,-0.06371802232734904,-0.9508515916610434,-31.049852265311614,True,False,True
345,synonymous,TTCACACTGAGAGTGTAGAT,-0.04146038665896837,-0.036413599159174304,-5.756653763607952,False,False,False
345,synonymous,TTTTTGGCAGATCGATAGCC,-0.009861918984077178,-0.08112470799479765,-7.366840838734538,False,False,True
346,missense,AGATCATAGAATCAATACGT,0.007584704753426672,0.005391311821171113,-3.6590042086729557,False,False,False
346,missense,CGAGCTTACGTCAATACAAT,0.02113921181420811,0.05858412638135049,-2.4345139030744147,False,False,False
346,missense,GTGTGCCCATTAAGAGTAAA,0.05388473224128651,0.12814691542654355,-1.276091885586172,False,False,False
346,missense,TAGAGTCAATACGAAGACAG,-1.0365181355679447,-0.912714638781704,-30.157154351727367,True,False,False
346,missense,TGAGCAAGAGTTACCTCGGT,-0.0017406326288198206,-1.0739583760782772,-33.78047299384587,True,True,True
346,synonymous,AAATCCTTTAACATCAGTAC,0.006741736236304995,-0.9612519368734873,-30.51733773955191,True,False,True
346,synonymous,AAATGCATTAGAAATAGTCT,0.07119838827490375,-0.9306477804543811,-29.94192582874528,True,False,True
346,synonymous,ACAATAAGAGAATTTGTGCC,-0.3902249326355496,-0.9769572423356048,-30.412757514687197,True,False,True
346,synonymous,AGAGGAAACGGGAATCTAAC,0.0071087292038572985,-0.9977158533968389,-32.025328999341575,True,True,True
346,synonymous,GGGAAACTTTATTTGTGTTT,0.01939350942624755,-0.9655089521698064,-30.875866683421002,True,False,True
347,missense,AAAGAAGTTACTAATTGAGT,-0.0172632647315177,-0.9431033803804416,-30.657619052672217,True,False,True
347,missense,ACAAAACATACTATGTGATG,-0.08863317598651083,0.02615336456992745,-3.884349471905054,False,False,False
347,missense,ATACATACTCCTATAAGCTG,-0.02854679329857546,0.0887840457888757,-1.1350477484206187,False,False,False
347,missense,ATATATTCAACCCGCAAAAA,-0.18137261269788707,-1.0168435643606628,-31.261389517168546,True,True,True
347,missense,CAAAGATAACGTGAGAAACA,-0.05060056014905283,0.07942524612713253,-2.401291980379039,False,False,False
347,missense,CACGGAGGATTCCCATACGT,-0.0002465405516115281,0.08520376919654564,-1.0626536598514194,False,False,False
347,missense,CGAATACCTAATAATAAATA,0.007282919279116322,-0.9387084900419251,-30.330698129103276,True,False,True
347,missense,GAATAACGTGCAAAAAGTCA,0.009990601030331515,0.0884028302763312,-1.6431112394198695,False,False,False
347,missense,GACATTAAAGGAGAATAATT,-0.15647745412076303,0.08905091023032552,-1.7070543481071585,False,False,False
347,missense,GCAGAAATTGTGCCTATAAC,-0.19948712777241168,0.21375656549161243,-0.7347652501937589,False,False,False
347,missense,GCTCATGGCGTGAAACAAAA,-0.00019883307053691034,0.05360888474093743,-2.609827657056093,False,False,False
347,missense,GGATACCCACTAAATGAAAA,-0.0003183973829886978,-0.8941625375557449,-30.06964390880178,True,False,True
347,missense,TGCAATTATATACTTAAGCA,0.03040834256764605,0.11847169877400734,-1.4391022225447134,False,False,False
347,missense,TGGAAAGTGCAAATTTACTA,-0.014361749990407617,0.10114352173919239,-1.7193123468424423,False,False,False
347,missense,TGGACTGAATCTCGGAAACA,0.027233229812215036,-0.2526990931372301,-29.9366164990795,True,False,True
347,missense,TTAACGTGAACACGCGTCTC,-0.00976897128468165,0.10324437200167913,-1.4918134907743315,False,False,False
347,synonymous,AAATCGCACGCACCTATGCC,-0.014199345606905375,0.018177896139478067,-3.8278259965227845,False,False,False
347,synonymous,AAGCACACTTAACTCGCCGG,-0.11221342547760582,-0.9243551629095168,-30.026175877868923,True,False,True
347,synonymous,AATAAAAAATCAAGTAGTGC,0.06592033497482286,0.04117177118432627,-3.0318430471811237,False,False,False
347,synonymous,ACGTCGCCTCCAAACGAACG,0.012261528589918204,0.03869987865195346,-3.156551138195666,False,False,False
347,synonymous,ACTTGATAAGGAGTCTATGA,-0.06411328515564804,0.11785063645055976,-1.8903445803523258,False,False,False
347,synonymous,CAAACTTTATAATACATTAT,0.025466503498414356,-0.9687442221691835,-31.418629165849275,True,False,True
347,synonymous,CGTTGAAGGAACCTACACTA,-0.003469060501996216,0.09437175017488028,-1.9459419579214958,False,False,False
347,synonymous,GTTATGCACAATAGTGTAAC,-0.11519092883313627,-0.012026851121195337,-5.7506591177384445,False,False,False
347,synonymous,TAGACAACTATCACTGTATT,0.0064146944647217145,0.06055005577771712,-2.6029930466427644,False,False,False
347,synonymous,TCAATAAAAATCTTCTAGCT,0.01874594230376318,0.07875102376059134,-1.960759704883686,False,False,False
347,synonymous,TTGGAGACTTAAGAAATCAT,-0.008689252996118595,0.03652046201054725,-2.692240137635844,False,False,False
347,synonymous,TTTAGCGTCATAAATAAATA,-0.09454127358247488,-0.0473880887550826,-6.100349491601996,False,False,False
348,missense,AATTATGCAAGAAAACGTAT,-0.00722321099133106,0.11450940960390324,-1.6925392877925767,False,False,False
348,missense,ACCCAGTTTAAGAACAATGA,0.0022352880820311763,0.03380788914361915,-2.9927993296123816,False,False,False
348,missense,AGAAACTAGTCCCATGGTAA,0.010885016481294644,0.20761434244842597,-0.443404799183868,False,False,False
348,missense,ATCAGAACCCAAATAGTCTT,0.016849618774919445,0.07633975316298286,-1.7018460456636202,False,False,False
348,missense,ATTCACTTTGTTCTGTATAT,-0.020960516185815087,-0.9290466354539002,-30.992071631076282,True,False,True
348,missense,CACGCACAATTTAACACACA,0.012854142585478364,0.046483263229188346,-2.5825398879757504,False,False,False
348,missense,CCCATCATATTAGTTCAAAC,-0.005142198208074503,0.0744515303561318,-2.5002216748853705,False,False,False
348,missense,CTTCGGAATCGGCAACCTGA,-0.008721506305128683,0.13114552662184834,-1.5812118619775246,False,False,False
348,missense,GAAGTGCCTAGAAACAACCA,-0.018513019316074315,0.13615053422206655,-1.5423356334474794,False,False,False
348,missense,GGCTTGGAACCTCAACAGTA,-0.0338486741247421,-0.16330500351912025,-8.009227320266566,False,False,True
348,missense,GTAAAAAATGATAGCAATAA,0.002881915258665624,-0.9140257640544769,-30.39092634568482,True,False,True
348,missense,GTTTTTGAAAAAACCTCACT,0.014802735021469022,0.08344179513654898,-1.7310076028120702,False,False,False
348,missense,TAATTCCCAGCATAAAGCTG,0.011149726222066357,0.007313566466979338,-3.9656814423959763,False,False,False
348,missense,TACTGTCAAAGAAAAAATGA,0.03631996828598849,0.07303906776590274,-2.704788218997052,False,False,False
348,missense,TCAGATAGCCAGCGGTAAGA,-0.08247726571234328,-0.02918881918841093,-3.9932323615696648,False,False,False
348,synonymous,AATACAATTTCTTGTATCAA,0.006190365155933234,0.032469316531030135,-2.252879919332965,False,False,False
348,synonymous,ACTCGGGGCCTACCGATCAT,-0.03896017644867934,-0.08148961757582002,-7.054930363711098,False,False,True
348,synonymous,AGTTATACTGATGTCGGACC,0.009912543579754922,0.06986517203488342,-2.4229054682061753,False,False,False
348,synonymous,ATTATGAATTGCAGATATAA,0.013731941747977447,-0.952791994119103,-30.91256549412457,True,False,True
348,synonymous,CCAACCAACCAGCCGAGACA,0.03775020586804784,0.05261733231836739,-1.963161915453777,False,False,False
348,synonymous,CGACTCCTAATAGGATCGTT,-0.013383799331929062,0.11017470656803288,-1.2708557713768207,False,False,False
348,synonymous,GGTACAGAGACTCAGGTCAA,0.008734472105828166,0.033300526502158145,-3.371485728518956,False,False,False
348,synonymous,GTTGTAACTAGTAATCTAAA,-0.033608402813660454,-0.015453700059106623,-6.273461901632729,False,False,False
348,synonymous,TAGATCCAATGTTAACCAAT,0.008058376516660217,0.012671750113822239,-3.9465952894237737,False,False,False
348,synonymous,TTTACCACCAATCAAAAAAT,-0.025723559880739832,-0.997679761048319,-30.69914300794406,True,True,True
349,missense,AAAATCGGATAAAATACGTA,-0.15220293271406105,0.13306224385094756,-1.1647309151379226,False,False,False
349,missense,AACGGTACATCACTCCCTGC,0.03582002027053573,0.12788853902764205,-1.44174975226824,False,False,False
349,missense,ACATATACAGGTAAATGTAA,-1.0575393578994667,-0.9011108204590528,-30.70037641835392,True,False,False
349,missense,AGACAGACCTCAATCTTATG,0.0037289081860254368,-0.7433489838590048,-6.648700996653428,False,False,True
349,missense,AGGAACTAACGCTAGGGTTA,0.06065025864956368,-0.17964869491773133,-5.657205592210789,False,False,True
349,missense,ATAGATAATTTTTAATCAGA,0.029619529523950645,-0.9763194727654831,-31.52756138309978,True,False,True
349,missense,ATTTAGGGCATAAACATTCT,-0.07885847189848809,-0.9585914365444426,-32.07993284901628,True,False,True
349,missense,CATAACAAAGCACCCCAATG,0.02885973832112363,0.08829419586149534,-2.360427197119462,False,False,False
349,missense,CATTTGCGCAAATCAAACCG,0.005754601442418596,-0.037539449524874785,-5.336122323909871,False,False,True
349,missense,CTATTCAAGAATGTAAATTT,0.031211732823791607,0.021002647782461137,-3.7287777734581007,False,False,False
349,synonymous,AAATACTTATATATCTAACT,0.6646660785781586,-0.9839936117649186,-31.23829930103186,True,True,True
349,synonymous,AACAAAGGGCCATAGATGGC,0.004274691259357425,-1.0808340707269786,-32.09486402519867,True,True,True
349,synonymous,AATGGATTATTTACTTACGG,0.0035171516120261663,0.03733277772236078,-2.4370094507196063,False,False,False
349,synonymous,AATGTAGGGCTAGCATAGAG,-0.011296018578038238,-0.07187678524688026,-6.06387572038927,False,False,True
349,synonymous,ACACAAAATGCCCCGAAATC,-0.8602461117878151,-0.7973003125538864,-29.92380143186661,True,False,False
349,synonymous,ACGAATTGAATGTGTTATGG,0.030204919636471827,0.01955304337385247,-3.45662675951068,False,False,False
349,synonymous,ATATTTCCCTTAAGACAAGA,-0.07327392546755451,-0.959701056429606,-30.646933867960687,True,False,True
349,synonymous,ATCAAGCGGACCCTGGTCTT,-0.04470291010651431,0.0634858577848463,-3.044273502365503,False,False,False
349,synonymous,CAAGGAAAGACGCCTCACTT,-0.06584766342602731,0.015390862041662318,-2.325295027218232,False,False,False
349,synonymous,CGTTGTACGAAGATTACGAA,0.03450459444734136,0.0370765266026548,-2.8628662120377513,False,False,False
349,synonymous,CTCCGACAGCTGCATGCGCG,-0.08274506917290962,-0.9668521497948506,-31.94827097602099,True,False,True
349,synonymous,CTGCAACTCAAAAAAGTCAA,0.07574849053108865,-0.9717263916024046,-31.263396452018743,True,False,True
349,synonymous,GATCTCGCAGATCGAAAGAG,0.01748120014718589,-1.0508766460014312,-32.761290568400085,True,True,True
349,synonymous,GCAATACATGAAAATAATTC,-0.007154782756317013,0.010625654413265379,-4.312650353828925,False,False,False
349,synonymous,GTAACCAACAAAGGCTACCC,0.01606883141453358,-0.14338924845844303,-6.11556683431959,False,False,True
349,synonymous,TCATAATGTAACTGGAAAAT,-0.13005759413763104,-1.1327463277458962,-30.20144130169812,True,True,True
349,synonymous,TGAAACGGGTCTTAGAACAA,-0.6510002527738351,0.20040448500230462,-0.5997714655639068,False,False,False
349,synonymous,TTAAATTGAAAATATGGATC,0.008494749449785257,0.08313837093814103,-1.8538720354627325,False,False,False
350,missense,ACCAACAGCTAAAGGCAGGT,-0.11359760038259294,-0.9363470383462482,-30.113920694629417,True,False,True
350,missense,AGTACAAGTATTCAATCTGA,0.005722435739363027,0.06553972375011642,-2.104274331204938,False,False,False
350,missense,ATAATTATGAGTTCAACACA,-0.10521406776894346,-1.5964843755344928,-30.816286585787633,True,True,True
350,missense,ATACCAAGTCCAAGGCGGTC,-0.013171695248318328,0.04651348432688729,-2.8617516939353913,False,False,False
350,missense,ATCCATTCCGGTATTGACTA,0.019577544148694597,0.27839442150213256,-2.8971451940442208,False,False,False
350,missense,ATTATAAAATTATAGTAGTA,0.0005467336444350589,-0.9313202795622857,-31.45835178902322,True,False,True
350,missense,CCCTAGTAAGTGAAATATAA,-0.047546702273539646,-0.057380205108505056,-6.910110323223193,False,False,True
350,missense,CGAAGAATAGAGAATTCCAT,-0.416852296928658,-0.2677354460558631,-30.003446497586836,True,False,False
350,missense,GAAAAAAGCAAATGATAAAG,0.005619947983246739,0.02035946202600042,-3.42275933072838,False,False,False
350,missense,GAAACTTACTACTATACCGA,0.013942928112464616,0.012317093352885555,-3.0716394552923427,False,False,False
350,missense,GAAGAAAAAAATTTTAAAGC,-0.02535356886163036,0.014709064360070995,-4.0016992768139525,False,False,False
350,missense,GTAGAATTTCTAAAGTCACT,0.022257133459085837,0.012131519952340158,-3.3985807034152344,False,False,False
350,missense,GTGGACAATATGATGCAAAC,-0.16163886642973951,-0.9069439354373872,-30.182582197816117,True,False,True
350,missense,TAAAAAATTAAGGCACAGAG,-0.01936123377702073,0.038679427332362154,-1.8675602407584646,False,False,False
350,missense,TGATTACGACATTTATAATA,0.04765763399896143,0.00976767116105351,-4.450145987195387,False,False,False
350,synonymous,AAAATAGTGAGGAGCTGGAC,0.020826582729069936,-0.9563655786399707,-31.211814588665867,True,False,True
350,synonymous,AATTACTATTAGTTGCTTTA,-0.006198169235572636,0.0865298031219517,-1.2227123173152117,False,False,False
350,synonymous,ATTGAGGCCTTGACGGCTAG,0.004124940790884694,0.06361380496218003,-2.5662885645018916,False,False,False
350,synonymous,CAGAACTAGCCATTGATATT,-0.011488543025014718,0.003606987414378371,-4.041656671857605,False,False,False
350,synonymous,CCTTAAAAAGTCCGTCCCGC,0.0635263291417058,0.052317460991336065,-1.7975903954628805,False,False,False
350,synonymous,CGCTACAGTTGCAGGAAAGG,0.1528086792487748,0.09692130421951023,-1.1864893485598282,False,False,False
350,synonymous,GACTCTAGACACTCCATCGA,-0.0062830086149760645,-1.7751108990550033,-30.404480633594744,True,True,True
350,synonymous,GCAACACATAAACAATAACA,0.143793079875592,-1.0043312752308757,-31.57200681264776,True,True,True
350,synonymous,GCCATGTGCTCTGTAGTACT,0.020710920203559732,-0.09727194498034702,-7.454283219677076,False,False,True
350,synonymous,TAATAATAAAAGATCAACTC,-0.0072323484087303495,-0.9956827712869427,-31.137025673554298,True,True,True
350,synonymous,TCTATAAATAAAACCACAAG,-0.637885502493557,0.032401538848951625,-2.926337703457757,False,False,False
350,synonymous,TTATTCCGACAGTCCTTCAA,-0.004564463906384665,0.10186334927366433,-1.0280242659229821,False,False,False
351,missense,AAAAATCTCTAATACCTAGC,0.035281656897627744,-0.9706520071452172,-30.296122606210737,True,False,True
351,missense,AACGACGTTTACATGCACCA,0.01872684627892369,-0.5403544012980435,-30.40035664244912,True,False,True
351,missense,AATAAAGATAACTAGCATTC,0.0007631460612047762,0.0693977700103391,-2.1926468343137024,False,False,False
351,missense,ACCAGTAAGAAGCGAAAAAT,0.023869465366497884,0.07878758971880906,-2.017333148879544,False,False,False
351,missense,ACTTCAGTTCTACAACAGTA,0.049676533063960374,0.10856647902440866,-2.8927142065666454,False,False,False
351,missense,AGTCAAAGCGATGCTCATGC,0.03848732576334711,-1.1183903572502285,-30.230715373795974,True,True,True
351,missense,ATAAACTTTCAATAAACAAA,0.005309380402707358,0.06964084598713713,-1.8158860807287,False,False,False
351,missense,ATAAATTTCCCTACACATAC,0.0488912360788597,0.0866043206474572,-1.6738571944626548,False,False,False
351,missense,ATCGGGTGAGAATAAAATAT,0.03544751609075149,-0.7282392282169419,-6.540510040958225,False,False,True
351,missense,ATTTCTAAGAGAAATATCAC,-0.0012156377391233921,0.0599545601991056,-1.7914279752687539,False,False,False
351,missense,CAATCGCGCGATTATATGAT,0.22333267050236452,-0.9807294253653958,-30.18072689169481,True,True,True
351,missense,CAGGCAAGATCATAGAATCA,0.04550547226781687,0.09308817912091048,-1.5641988219584413,False,False,False
351,missense,GTTCATCGCAAGCAAGACGC,-0.006381606604216163,0.0635891168908865,-1.9043253917970708,False,False,False
351,missense,TTACGTAAGATAGCTCGTCG,0.04523383729626802,0.08324379446332163,-2.625876685302268,False,False,False
351,synonymous,AACATAAGACAGAGTTTTCT,-0.03755139786623453,-0.05838294812837985,-5.8568814559864,False,False,True
351,synonymous,ACCCAAATAAGGTATACCTA,0.003601132482718669,0.10141008955997804,-1.2497476024183107,False,False,False
351,synonymous,ACCTTGATTATCCAAAGGGT,-0.006066979375664363,0.0826242306552112,-2.1366293714094162,False,False,False
351,synonymous,TAACAGATGTTAGCAACAAT,0.005385106190248768,0.1024835163889866,-1.603706930818677,False,False,False
351,synonymous,TATCCCAGACGAACGGCCTA,0.023532555673803048,-0.9371066406165949,-31.03208593372683,True,False,True
352,missense,AGTATCAACAGATGTCCGAA,-0.017755799987605382,0.1300707860936049,-0.47199491032652036,False,False,False
352,missense,ATTGACTGCAATAAAAGTAC,-0.021862724082125144,-0.02400906967634789,-4.727248792186491,False,False,True
352,missense,CTAATCCGAAATGGTTTGAA,-0.0024043931145285346,0.06264922496131872,-2.467920876668843,False,False,False
352,missense,TGAAATAAACTTAAGAATCC,-0.011434556865196602,0.0849728177139139,-2.372907544814896,False,False,False
352,missense,TGGACTTCGATTCTATCAAA,-0.22787055656794408,0.10287295337198513,-1.5457697112506565,False,False,False
352,missense,TTGTATACTTCCAGGATCGA,0.03330388778441561,-1.028504333520488,-32.507178316113695,True,True,True
352,synonymous,AAAACAACGCAACACTTCGA,0.007025954091140196,0.07461488465241119,-2.372639774980095,False,False,False
352,synonymous,AGCGAAATCCTCATCAGATA,0.06225020385102269,-1.001749290727819,-32.114663047333416,True,True,True
352,synonymous,ATATCGGTGTCCGCGATAAT,-0.008136564928636443,0.07386991240998256,-2.629286156798156,False,False,False
352,synonymous,ATCATGTCAGCTGAATGGAA,0.02762326452000756,-0.9598104536456735,-31.556385726120258,True,False,True
352,synonymous,CAAACTCAAATGATAAAAAT,0.0038691383469304803,-0.022170968459749057,-4.588492139371984,False,False,True
352,synonymous,CAAATGTCTGGTGGATATCC,0.015866746986292493,0.0785521857207679,-1.7264675768337245,False,False,False
352,synonymous,CAACAACTCAATGTATATCA,0.005702579281954249,-1.0111592464847048,-32.13748709432079,True,True,True
352,synonymous,CATGAAAGTACGGCTGATGT,-0.0037968588901654754,0.04754269079022827,-3.07210507058052,False,False,False
352,synonymous,GTCCATTGATTAAGTGGTCG,0.018441694740071356,0.05622088618552519,-2.5400834785527078,False,False,False
352,synonymous,TTCAAAAAAAATGTACACAG,0.025040414050441093,-0.9611638136787191,-31.369292732229404,True,False,True
353,missense,AACGTATTATAGAACCTCAC,-0.7540356940168622,-0.9757394324512665,-30.937267801948728,True,False,True
353,missense,ATAGACAATTAACAGGAGCA,-0.03476574302717725,-0.9765512487629071,-30.78933549057121,True,False,True
353,missense,CTACTGGATCGTCTTCGAGC,-1.0185637838138164,-0.9821403731241121,-29.98512865055131,True,False,False
353,missense,GAGTAGTGATATCTGATGCA,-0.01493894477936385,-0.018193492462887983,-4.881818647871448,False,False,True
353,missense,TTGAGATGATACCATAGAAA,-0.009530822961164505,0.09286225309564669,-1.7720234896286113,False,False,False
353,synonymous,ACTTCCGACAGCTCTATATC,0.03826478435538702,-0.9170486349947595,-30.92801135789716,True,False,True
353,synonymous,ATCTTTATACCGCACATTTC,0.20147915406988307,0.2855766780921737,-2.575751535742141,False,False,False
353,synonymous,CTAAACTCGTATAGTTTTCC,-0.004272074265600662,-0.017046424262442766,-5.125786485431505,False,False,True
354,missense,AATTTAGGTGGAAATGTTAG,-0.012401691312350693,0.10760754930395212,-1.5681011966628289,False,False,False
354,missense,AGCTAACCGAGATCACACGA,0.09221349937283252,0.24490638315915458,-1.3222464069707256,False,False,False
354,synonymous,AGAGGAAGGAGACCTTTGTA,0.015197377418614712,0.016446691773433053,-4.088156807002,False,False,False
354,synonymous,ATACTATTTAGAGCGGAGAA,-0.024938175112091728,0.07674383140972992,-2.112401354234848,False,False,False
354,synonymous,ATTTATTATAAGGTGCGAAG,0.040747777235350086,-0.9606217563438182,-32.11379238432133,True,False,True
354,synonymous,GAATACGGTGGCATAATGGA,0.02959068136606663,-0.05299963498994059,-6.168180619016245,False,False,True
354,synonymous,TCAAGCAAAAATCCAATGAT,0.020476517854080726,-0.07069303975767158,-5.379715423479527,False,False,True
354,synonymous,TGAGAAAAGAATACCCTATT,-0.09931325212352429,0.07523045808932351,-1.8201191528943017,False,False,False
355,missense,ATTCCTAAAGCTCCATCAGA,-0.03325092676767709,0.015131566411392794,-3.3287590936703206,False,False,False
355,missense,GTTCTCTAATAATCTCGCGG,0.03038267972347641,0.04243863416278425,-2.8312088849336483,False,False,False
355,missense,TCTAGGAGCACAAATTGAGA,-0.01660510814064998,-0.056049036037005256,-5.967674919525535,False,False,True
355,synonymous,AAGATCCATAGGCATATTCA,0.05016979554121419,0.1298671228782357,-1.6486587464263005,False,False,False
355,synonymous,GGATAAATAACCTAAGGTAT,0.02052035564748188,-0.9198559001880708,-30.90003944547681,True,False,True
355,synonymous,TAATGTTTAGAGATACCAAG,0.020986274625836583,0.03139772875834235,-3.398987604711407,False,False,False
356,missense,AACATTTGATAATTACTAAC,0.060998283231985306,-0.11919361717080479,-7.821949954725039,False,False,True
356,missense,AATCAAATCAAAGTTCAAAA,-0.06442672210208575,-0.051810841841677446,-4.6531093851913035,False,False,False
356,missense,AGGGAAAACAACTTACTATG,0.21683228970966642,-0.8850418036797014,-30.07251835927754,True,False,True
356,missense,ATACTAGTGTAGATGATTGG,0.026674256507103162,0.03523060268214827,-3.3160991294456865,False,False,False
356,missense,CTATCCGGAGTCTACAGCGA,0.020143511533320745,0.1650055051251072,-2.977738005094183,False,False,False
356,missense,CTCTTAGAACGTTTATATTT,-0.030764988583584358,0.1623828516368287,-0.26192577494698743,False,False,False
356,synonymous,GAAGAAATACAAAGCGAAGA,0.03289328590557357,0.06616184959436941,-3.3744106805350107,False,False,False
357,missense,ATAAAGACTGATATACAAAA,-0.0473557265226239,0.13080214021932668,-0.6714455896142946,False,False,False
357,missense,GAATCACTAGTATCACACTG,-0.005742245757776572,0.11526712775991788,-1.7686041177468081,False,False,False
358,missense,AAAAATCATAACTTCTAAAT,-0.008163396945629843,-0.007133280028093547,-2.8584213522699895,False,False,False
358,missense,AGAATGTGTAAACTAATAAA,0.03170471768971064,0.15335129984170337,-0.7749484681872163,False,False,False
358,missense,ATAACTATTTAATCATGTCA,0.047432420134443876,-0.918472213947283,-30.3425022376936,True,False,True
358,missense,ATGATTAAAGACCATGCGAC,0.030019386284035148,-0.016620121447656733,-3.2018948784831953,False,False,True
358,missense,ATGTTGGGCTTGTGTAACGG,-0.05399050088534468,-1.1854925731305281,-30.032305634455067,True,True,True
358,missense,ATTTCAAGGGCTGGCCCGAA,-0.15433476024648612,-1.5713504786802044,-30.126399759401618,True,True,True
358,missense,CCAACTGAATTTTATTCAAC,-0.04285263018469507,-0.02066985986903458,-4.919056978585315,False,False,False
358,missense,CCCTAACTCTGTTTGAGGTA,-0.06756112125051505,-1.4787462290404498,-31.442127922460436,True,True,True
358,missense,CGAGATAGAGTCATTCCTTC,0.00319275452328092,0.08200066025288405,-2.6599516851729925,False,False,False
358,missense,CGAGCTCGCAAGAACCATTA,0.00207286318981757,0.06476179304669392,-2.5814410537576506,False,False,False
358,missense,GAACAATGCTCTGCACAAAT,-0.01393181996850442,-0.4053490826745803,-30.36962727621114,True,False,True
358,missense,GATCTTATATTTAACAGAGT,0.01322946301561267,0.006784825641294762,-3.537344071342708,False,False,False
358,missense,GGCAATCGCACTCGTACTTA,0.05235000253289146,0.0830976954216429,-2.519698866180447,False,False,False
358,missense,GTCAAACTTATTGCGTGAAT,-0.013107775183060062,0.04813898338599612,-2.6077670170544547,False,False,False
358,missense,GTCCGGGGTAGGGGCCGTGG,0.0003246849546649985,0.07517181580448996,-2.4471051885517983,False,False,False
358,missense,GTTCAATAGGAGCCAAAAAC,-0.006484347908616283,-0.05650679773403047,-6.173108480465023,False,False,True
358,missense,TGATATGGGGAAAAATATAG,-0.007806272704366542,-1.0099095654145276,-32.539560445599385,True,True,True
358,synonymous,AGGGGTACAGCGTACCTTCA,0.7094374958949969,-0.9443590519698983,-30.021215599138593,True,False,True
358,synonymous,ATGCAGACGTGTTCCTGCGA,-0.015986842612360594,0.03981909685361475,-3.15929624714149,False,False,False
358,synonymous,CTTAGTCGGTTTTACGTAAC,-0.023887902477094138,0.05009234996679106,-2.9926013732420143,False,False,False
358,synonymous,TATAATGAGGTTAATAAACG,-0.040831172657753254,0.12358690817322172,-1.5209494190497175,False,False,False
358,synonymous,TATCTATAAGGACAAAAGTA,-0.042652321087608705,-0.9395536237320712,-30.89266846806806,True,False,True
358,synonymous,TGCGTCGTAACCCCGTTCTC,0.029742564771018744,0.01866475046016794,-2.89614042473701,False,False,False
359,missense,AACAATATACAGACATTAAT,0.005350532735252743,0.029587357543639933,-3.2553090947650887,False,False,False
359,missense,AGTAATATTAAAGCGTGTGG,-0.0025081571427169897,-1.0800556064860676,-33.6150107155609,True,True,True
359,missense,ATCTTGGACATCCATATACG,0.002295770245462858,-0.9361134593660791,-30.41867172904846,True,False,True
359,missense,ATGGGATGTATGTTCATGTT,-0.020882322228690485,-1.1381861997869844,-30.035529408734753,True,True,True
359,missense,CTCAAAGCTACATAAAAGGT,0.04296227844306265,-1.1119576392389472,-32.15578633459321,True,True,True
359,missense,CTGAAGAATACTTTTTCAAA,-0.01786259041126433,-1.0174855390870075,-32.51402896053509,True,True,True
359,missense,GAGACTTTATAAAGTCTATC,0.0048857327889371685,-0.001915249276326414,-3.236752913095601,False,False,True
359,missense,GAGATTTATCCTCAAACTCA,0.010033942952089897,0.083775405894773,-1.606511788829469,False,False,False
359,missense,GAGTGCTCAGAATAAAAAAA,0.667567747998706,-1.5452239944768718,-29.906046564665044,True,True,True
359,missense,GCAGCACACGAATCTTCGAG,-0.07828110711557104,-1.036240208982363,-31.37138739053744,True,True,True
359,missense,GTTGGTTTATAAGTAAGAAT,0.017108486760180792,-0.16034739080889748,-8.196043465099168,False,False,True
359,missense,TTAAATTTCAGCATTAACAG,0.03250915514141685,0.0008112056793359579,-3.1346940485932966,False,False,False
359,synonymous,AAAGACAATATACGTAAACT,-0.003726340503862775,0.025885844222775928,-2.90790255188434,False,False,False
359,synonymous,AATCGTAAAAGTAAACACAT,0.1151838763853981,-0.053600527283182986,-5.600029524691231,False,False,True
359,synonymous,ACAGTACGACGAGACAATAA,0.017366740439989054,0.0975104027531796,-0.8208319199053982,False,False,False
359,synonymous,CGGAACGTGAATATATGTTT,-0.009117113295528487,0.04631218565853967,-3.6137548224928793,False,False,False
359,synonymous,CTGGGAATAATATAAAAATT,-0.032286327673344356,-1.0457347592087707,-32.600789777872066,True,True,True
359,synonymous,GAACCCTAAGAACGTATTAT,0.20735687609167958,-0.9729391328682793,-30.710924579987857,True,False,True
359,synonymous,GATCAACTTGTAAATGAATC,0.0031665046222900525,0.06529942786222541,-2.541809942217142,False,False,False
359,synonymous,GTAAAACTAGTTCTGCAGCC,0.014611050990467075,-0.9693272236476371,-31.744808578871574,True,False,True
359,synonymous,TAATTAGAGCGAGACAGAAC,0.004592267458550116,0.04561253995105882,-2.5154185318571702,False,False,False
359,synonymous,TAATTATTACAGTGGCCTCC,-0.9269388793390161,-0.033486035618038895,-3.5457245762684657,False,False,False
359,synonymous,TACCATCAATCTTCTCCATA,-0.05409127456539159,0.009615823809333485,-3.480577680010227,False,False,False
359,synonymous,TGCCGTTATATGCAATACGA,0.0029639601096831713,-0.9752223681925205,-31.510221824451587,True,False,True
359,synonymous,TTCCGAATGAATCTATCTGT,-0.011387301350724674,-1.0036858974855645,-31.52670253104622,True,True,True
359,synonymous,TTGACGCGTGAAGAACGCTC,0.02419320652567471,0.01599580131627501,-3.4427957087424326,False,False,False
359,synonymous,TTGATCAAGCGGTACTTACA,-0.00045951924616011164,-0.9842221722151245,-31.42358519512396,True,True,True
359,synonymous,TTTGTACAGATAAATTATTA,-0.7042065175334737,-0.9827258889331658,-29.96935218889997,True,False,True
360,missense,AAGAAAGATAATGTTTAGCA,-0.09801225910805003,0.013375182782332212,-4.258040266379718,False,False,False
360,missense,AATCAAGCGCATAGAAATAC,-0.006953826615715355,0.021804202105630638,-3.7345048749652023,False,False,False
360,missense,ACTATTTAGAGCACATGAGA,0.04972193265181024,0.13316988590460646,0.4161306078423,False,False,False
360,missense,CCGAGACAAGCAAATCAGGA,0.030889959660978072,-0.9131279895981295,-30.72473478249615,True,False,True
360,missense,CCTATACATAAAACTATTTC,0.020283566622136488,0.0314823280969595,-3.4521897405396023,False,False,False
360,missense,CGAGCCTTTACAGGCACTAC,-1.0799882654874822,-1.562208840723689,-29.944231535949523,True,False,True
360,missense,CGGTTAACAAACGATATTCA,-0.04771160655964615,-0.991536568333655,-31.561604314827115,True,True,True
360,missense,CTATGAACGCAACTTGACAA,-0.006946208296351952,-0.10871084073649323,-6.602383521193732,False,False,True
360,missense,GATATCAGATATACTTACGG,-0.858152385232881,-0.8893772323134181,-29.969506542900564,True,False,True
360,missense,GGAATGAGTTGTAACCATTC,-0.003607933026036181,0.05229775857388974,-2.7436145758618755,False,False,False
360,missense,GGATCGATTGACGTCCCGTG,-0.007571316076679756,0.13777524107464573,-0.015205099066271864,False,False,False
360,missense,TAAAATGGACTACGACGACC,0.03825152323170471,-0.9939001831753833,-31.146574376258783,True,True,True
360,missense,TCAAAGCGACAAATCAAAGT,-0.033947493652131996,-0.9489191547136251,-31.358744431064498,True,False,True
360,missense,TCCAATATGTGTAAATATAG,-0.006474942925987699,0.021530827977721628,-3.596590535134173,False,False,False
360,missense,TTAAATACTCTTAGAGGTAA,-0.3240781935721796,-0.910705970904272,-30.175720980047082,True,False,True
360,missense,TTCTATATGAGATCTAAGAA,-0.04570162050266552,0.06385841442710644,-1.9137657462168105,False,False,False
360,synonymous,AAATCGTTCCTATTCCTGTG,0.010217005191259298,0.03700076640567347,-3.47223888567085,False,False,False
360,synonymous,AATCCCAACCGGTATGCAAG,0.015971696639159996,0.03673920782661651,-3.102696182159911,False,False,False
360,synonymous,AATTATATATTTACCCAGAC,-0.011736264373876867,-1.0269094990526082,-30.692797573759005,True,True,True
360,synonymous,ACACAATTAGGGACTTTAAA,-0.01539003898863259,0.11802580711455654,-0.8050539595937523,False,False,False
360,synonymous,ACAGGGAAAGTAACATGAAA,0.5243156979437102,-0.09438765233358717,-4.7733573728277605,False,False,True
360,synonymous,ACGCGCGTCACTACGCGAAG,0.020455443562015063,-0.13219672571076024,-7.715548038549677,False,False,True
360,synonymous,AGGAACGGTGCAATGGTCCC,-0.006312582259841151,-0.08316060663608227,-6.600682508321242,False,False,True
360,synonymous,ATTGTAAATATTTCTTTACA,0.0059593890360678005,-0.14999667204292688,-8.560224008817178,False,False,True
360,synonymous,CCACGTATTTAAAATAAATA,0.007490832147675904,0.055777760742538485,-3.0598981926716817,False,False,False
360,synonymous,CTAGACATTTAACAATTAGT,0.05294557694114772,-0.952903810404677,-30.806875734881253,True,False,True
360,synonymous,CTAGGATAACACGGCGATAA,0.011328898875766536,0.09141722187031695,-1.3794527169406627,False,False,False
360,synonymous,CTTCACTGCTCAATGTCCTA,0.008669113151199923,0.0735456727621804,-1.4512429951369432,False,False,False
360,synonymous,GTCATGGCATTGCGCGATCG,-0.002370491561175709,0.09027070179273318,-2.478365688204131,False,False,False
360,synonymous,TAGAGCTAGTGGACCTTAAC,0.04156674389424923,-0.9027441585547396,-31.042693551251862,True,False,True
360,synonymous,TGGCATCTAAGGGATCAATC,0.2163795369585661,0.04528640637270065,-4.4825563194326925,False,False,False
360,synonymous,TGTACATACGGGCCATAACC,0.0288857835474313,0.009185868077269704,-3.67166860814498,False,False,False
360,synonymous,TTGTATCAGTCAAAGACAGT,-0.00842177725666414,0.1098185463456623,-1.4820469408010597,False,False,False
360,synonymous,TTTCGAATGATATTAAGAAT,-0.031470113138709885,-0.12724929079030106,-7.2793654172684015,False,False,True
361,missense,AAAATAACAGTACTGAAAAC,0.013281047238659725,0.051449626991652314,-2.051348225603927,False,False,False
361,missense,AACAATTACCTGATTTCACC,-0.654338068689124,-0.9404997238778263,-30.066456206832857,True,False,True
361,missense,AATAGCGCGGCTCGAAATAT,0.028795228179874833,0.04846666220817124,-0.9839763708359682,False,False,False
361,missense,AGCTCGGAATGTCCGGGTAA,0.005018581061465979,-0.1063552716433826,-5.970730907724163,False,False,True
361,missense,CCCCTGAGAATCACTCAGAA,-0.007860637575240859,0.003396753824172538,-4.6166546808826725,False,False,False
361,missense,GAGTTCTAAGTACAATAGCA,0.000288385625966823,0.07610023615302415,-3.2347062597824943,False,False,False
361,missense,GCAGAACAGAGTTAAACATT,0.08733854963382452,-0.9856340337010794,-31.840079807690596,True,True,True
361,missense,GGCTATTCCCACGCGATTAC,-0.01736367805255566,0.08583539066035817,-1.6031685370179987,False,False,False
361,missense,GTTTCTCAAAAGATGTTCAA,-0.07361617091845489,-0.9520180503101152,-31.45578033059038,True,False,True
361,missense,TAGAACTGTAAATCTTATCC,-0.04893943305332421,-0.9708382090244136,-30.515832071526557,True,False,True
361,missense,TCAAGAAGTTTTCCATAAAT,0.03900867131540717,-0.02416629993787059,-4.827905574741755,False,False,True
361,missense,TCATAATTTCAAGCAGTTAC,0.052140449557682766,-0.9436035463808778,-30.982260414710268,True,False,True
361,synonymous,AACAGCGTTCGTGAACTACA,0.03236665446686742,0.021231483959214675,-2.8849143532649912,False,False,False
361,synonymous,AGCTACCGAACATAGCTTTG,-0.010062299471615773,0.09444193302424203,-2.6504025039165553,False,False,False
361,synonymous,CAACTAATGGGGTCATAGAT,0.005134040953663857,-0.9122598105392723,-30.015374683118264,True,False,True
361,synonymous,CCTACAAAACAATTTGGCGA,-0.0012844945624844537,0.06876294621689062,-2.102243261624125,False,False,False
361,synonymous,GAAGTGGGTATACGAGGGGA,-0.024273066710862427,0.05010098091670087,-2.090604802425559,False,False,False
361,synonymous,GAGACCGACTTTTCATAAAG,0.04585041361629978,-0.003239157492720579,-4.326793244358429,False,False,True
361,synonymous,GCATTATAGGCTCAATGTCG,0.03779310205011775,0.12011909083963837,-0.5612719421426156,False,False,False
361,synonymous,GTTAACGGCACGAAGAAACG,-0.013593017270049457,0.09499302249465072,-0.9584250396882471,False,False,False
361,synonymous,TAAAGAATTTAGATATGCGA,0.008872142585995987,-0.9419091682615832,-31.888838999295366,True,False,True
361,synonymous,TAAGGAACAAAATACAGCTG,0.02513633849697879,-0.9601391096623948,-31.29165480028139,True,False,True
361,synonymous,TACAACAAGGGAAGCAAGTG,-0.022918631529853503,-0.9826526307322523,-31.182371850030076,True,True,True
362,missense,AAGAGCGAGATGTTGTTAGG,-0.04708272393992784,-0.8797813955064973,-30.089865498704036,True,False,True
362,missense,AAGCGAATAATACGGAGATT,0.013172818660894958,-0.09318013723110788,-7.318410536381421,False,False,True
362,missense,ACACAGATACTACGAGTCGA,0.09342482446629453,-0.0133860748060049,-4.964108563081504,False,False,True
362,missense,AGATGCCTATGCAAAAATTA,-0.012549788723533491,0.08565762287575175,-2.3292129787733122,False,False,False
362,missense,AGTCCGTCGCCATGAATTGG,0.046731767780857095,-0.9698288594953373,-30.32366134332879,True,False,True
362,missense,ATATTCCAACCAATACACAA,0.024129676570582594,-0.12033539777898156,-6.414042848946012,False,False,True
362,missense,CATAAACGCCTAAGTAATTA,-0.013351495587128302,-0.0030067377822800834,-4.271960918217491,False,False,False
362,missense,CATTATGGCCTTGCAACATA,0.0829842224184736,-0.9422983759816468,-30.718497475041172,True,False,True
362,missense,CCAGGGACTTCACGGATACC,0.01488996766008626,0.008006225206435125,-3.9379188645129934,False,False,False
362,missense,CGTGTAATATCAAACAGGGC,0.0051071861953183835,0.027974478644365725,-3.35248662891065,False,False,False
362,missense,TCAGACCACTACTCTAACCA,0.004527597345644627,0.06617927823222478,-1.6352728934098566,False,False,False
362,missense,TGTAGCAATGACAAAGCACC,0.02725231941590703,0.12031110020371205,-1.0025238561814078,False,False,False
362,missense,TTGTTCCTTAGCCGAATTTT,0.07924517401657057,-0.9100022140122381,-30.10078767940474,True,False,True
362,synonymous,AAAACTCATTCGAAATCCAG,-0.026686624151683574,-0.9645606814476158,-31.28687676497885,True,False,True
362,synonymous,AAAGAGTCTAAAAATATAAT,-0.002348219739757287,-0.016848186269817017,-5.224619979374267,False,False,True
362,synonymous,AGAGAAACGGCGATAATGGG,0.028715909737898494,-0.10417361324145774,-6.492708669764445,False,False,True
362,synonymous,AGTCCTAATGTACAATTGCC,0.02705818332241379,-0.9835359872571561,-31.29258892788371,True,True,True
362,synonymous,AGTCCTTAAAAACTCTAACG,0.041119544133991395,0.052785716484074166,-3.0165683640089695,False,False,False
362,synonymous,ATTTAAATATGAAAGCATCG,0.023849216959702838,0.06284280995753434,-2.6461979801219453,False,False,False
362,synonymous,ATTTTTGGTTAGCGAATATA,0.05471496659939107,-0.9657341133282067,-32.29463278106301,True,False,True
362,synonymous,CAATTAATTTTAAATGACAA,0.5494406992209289,-0.9333233629160458,-30.18695054213367,True,False,True
362,synonymous,CCCGAGACGAATGCTAGTCC,-0.03984150212146055,0.0327080895239204,-3.6459244984359427,False,False,False
362,synonymous,CGCGGAGTAGAAGACGAACA,0.02581614184187998,0.10331187805536218,-1.5210478686181204,False,False,False
362,synonymous,GACCGAAATAGCTGGATTAT,-0.0022657267218535023,-0.979717655364341,-30.60861037012143,True,False,True
362,synonymous,GGGATGCACCGTAAGAAATG,0.009663577938222817,0.09849736373982985,-1.1811504733312812,False,False,False
362,synonymous,GTTTGAGTTAGTATACTAAA,-0.10136176625697133,-0.9372593925044403,-30.260067409302906,True,False,True
362,synonymous,TAAGACTTTGTAGACCGAAG,-0.08657034548887745,-0.8454409456974341,-30.535835300519047,True,False,True
362,synonymous,TAGTGGCACCGCACTCTGGG,0.04078279390816217,-0.9705407827850108,-31.32411920547728,True,False,True
362,synonymous,TATCCTGAAAATCTGCGTAA,0.04809955250862559,0.026359884030990474,-3.3135222140067686,False,False,False
362,synonymous,TCAACCCAAAGAAGCACTGA,-0.071125176663364,-0.9292643840276666,-30.684897048810104,True,False,True
362,synonymous,TCCGTTATTGATAAGCATTC,-0.014043723238148353,-1.5134326967592862,-30.08296579460844,True,True,True
362,synonymous,TGCAGCTAAATAGAAATTAG,0.045192874762760224,0.11549237554868397,-0.7202739313540469,False,False,False
363,missense,AGTACGCGAAACAGTGAAAT,-0.07284325449376458,-0.9207531440940404,-30.73821639137247,True,False,True
363,missense,ATTGCAGTACTAATTAAAAT,-0.048950391236968746,-0.9564461369923176,-30.151980234996394,True,False,True
363,missense,CCACGTCACAAGTTCCACGC,0.01930735011788434,0.07051291542939984,-2.648098878836613,False,False,False
363,missense,CGCGGGAAAACAAAGAGAGG,-0.020996744883816407,-0.7279312048147357,-5.86320942046937,False,False,True
363,missense,GTCAGAAACAGTCGCGCGAA,0.5418164677558537,-0.921773292676344,-30.839898539598103,True,False,True
363,missense,GTTTAGCTATAGCGTAGTAA,0.048117782989960056,-0.854818499626915,-30.917937908253023,True,False,True
363,missense,TAAGACTAATGTAGGAAATC,0.0403684238997139,0.07289832251043116,-1.4399196594233048,False,False,False
363,missense,TAGATAGGATGTAACATTCC,-0.020912281610145744,0.029246527397761624,-3.2815900202169725,False,False,False
363,missense,TTCCAATAAGTAGTAACGAG,0.020431802659340106,0.059150536302103,-2.677800160404922,False,False,False
364,missense,ACTCAATCCAGCCAGTACAT,0.02384594278233987,0.06294745290515082,-1.6473099535288336,False,False,False
364,missense,AGTGATCCGCAAGGAAACAT,-0.011145317535392012,0.03422417439361873,-3.3054988048706333,False,False,False
364,missense,CTCAAAAGGCGGGCGTAAAA,0.06772639298847756,0.12754962508148524,-1.3674402679283386,False,False,False
364,missense,CTTGCTTACACAGGTGCGGT,0.009940613272345786,0.10198529246718943,-0.05452295540438259,False,False,False
364,missense,GAGATCTACCAGGAATTGAG,-0.028552532868736578,0.0887461150039314,-2.246273969531345,False,False,False
364,missense,GAGGGATAAGTTATTTAACA,0.015950146888855148,0.058389438229653964,-2.00376777126036,False,False,False
364,missense,TACGTATTAAGGCATTTCGA,0.00280359495478937,0.060680310514060684,-2.702260314265551,False,False,False
364,missense,TAGCTGGTAGTGATTATACA,-0.0068081656263484745,0.1217449806468444,-1.234354932615836,False,False,False
364,missense,TCCAAGCCAAAAAATATCAC,-0.15063845039836243,-0.49781331470152895,-30.327969844313856,True,False,True
364,synonymous,TAGAGTTCGTTGGCAGGTAT,-0.007658786506270179,0.03163280725840824,-3.3000520880042794,False,False,False
365,missense,AATCACCTTTCATTGCCCGA,0.01251695319777386,-0.9176365011517367,-31.25865773821476,True,False,True
365,missense,ACAAGCTTATATGTAATCAT,0.005020538339275771,-0.90546541017791,-30.266504385829382,True,False,True
365,missense,CAAAAACTAAATATAAGGAC,-0.01046596017045693,0.04672975378804371,-3.375893385252668,False,False,False
365,missense,CAAAACAGTGTCAATCGGGA,0.04874640602406148,0.06791357533642765,-2.2710810268776607,False,False,False
365,missense,CATGAAAAACGAAAAATAAC,-0.016870680893822394,0.042601929831009896,-3.231501463478479,False,False,False
365,missense,CGGCAACGGAATAAATATTT,-0.6671658199831821,-0.8871683923079903,-30.213279013130226,True,False,True
365,missense,GCTCCACCATCCGTGCTACA,0.07588751557103332,0.02963255369651377,-4.118475354750046,False,False,False
365,missense,GTTCAATAATAGAGTTTTGA,-0.009977662494795422,0.024305322351999586,-3.631989360591852,False,False,False
365,missense,TAACTAATCGATGACCTAGA,-0.0032288923757301767,-0.9586661112612045,-30.582662646313658,True,False,True
365,missense,TCACAAACTTAGTTAGTGCG,0.02829104106990344,-1.5834169399816707,-30.09142110926717,True,True,True
365,missense,TGATGCCAGTTTTCATGTAA,0.009231406200313607,0.025626344646357033,-1.6945602625062959,False,False,False
365,synonymous,AATTACAAAGTAATGCTGGT,0.006105376768007748,0.035501937672310455,-4.09535884668202,False,False,False
365,synonymous,ATTATCGAGATTTTACTAGA,-0.012683960326706165,0.08070772025381215,-1.9985777894211303,False,False,False
365,synonymous,CAGTGGTCATATTGGTGTCA,0.015342037065956247,0.06187435408672748,-2.6212893855415746,False,False,False
365,synonymous,GCAGATCAACCTCATCTCGA,0.023992541239910365,-0.9631921517044897,-30.34457901167556,True,False,True
365,synonymous,GTGGTAACTCACGTTTAACA,0.005364589093459073,0.1252812387391311,-1.8119958266092573,False,False,False
365,synonymous,TGTCATAAATGAATATATAG,-0.009323213792613458,0.06903550206970663,-2.491242589557925,False,False,False
365,synonymous,TTCTGGTACAGAGTGCCGTA,0.006474813821423439,0.09536813588453869,-1.8938153171751537,False,False,False
366,missense,AACCGTTGAAGTGAGTAGGC,-0.038190077939882966,0.10077550160419252,-1.8150190265017525,False,False,False
366,missense,AACGTAGGAGTCTCTTATAT,-0.0071117430748263485,0.015551917051367076,-3.5909066263060505,False,False,False
366,missense,AAGATATAGATACGAGCGCC,0.027146245862485957,0.04708108775451872,-2.9546580600976116,False,False,False
366,missense,ACTCGGAAGCACCGAAAAAC,0.023857341473845287,0.08781220184813898,-1.7242201118877305,False,False,False
366,missense,AGTGCGACTCAAAATATTCG,-0.01065691341729263,-0.9202620353317157,-30.233995740665797,True,False,True
366,missense,AGTTGCATCATGCATACCAA,0.004262008542015807,-0.9430896378064697,-31.645973837536758,True,False,True
366,missense,ATAAGGAAGCCATTTAAATC,-0.008747743109711206,-1.0283245312160563,-32.99679257096803,True,True,True
366,missense,ATTGATAACAAGGGTCTAGC,0.011761030617081236,0.07379000575769996,-2.2980159359790147,False,False,False
366,missense,ATTTATAGAAAGAATACCAA,0.7101869266099207,-0.20270271777041554,-6.330294986418556,False,False,True
366,missense,CAACATCTCATATAATGACA,0.011196125244331048,0.06536837556691354,-2.588627073472282,False,False,False
366,missense,GAAAGTGAATAATTTATGAC,-0.034821008779138365,0.09127021943764035,-2.1202524926219026,False,False,False
366,missense,GAACAAATATATGTACCTCA,-0.04040575604475598,-0.9967319514474153,-31.526651094991344,True,True,True
366,missense,GATCGATTAACACAATGGGT,-0.023580176594562498,0.0611282461049288,-1.7575417433584097,False,False,False
366,missense,GCGGACCCTTAACAGTAATG,0.007268411734438514,-0.9710968907657929,-31.47070294689123,True,False,True
366,missense,GGCCAAAAACCCGACTGTTA,0.014493453510442261,-1.6389703069333494,-30.632777458249972,True,True,True
366,missense,GGTAACTAGCATTGTGTCGT,0.051497680048044794,-0.010817367771656483,-4.76924379379633,False,False,True
366,missense,GTATGATACTTCGAAAGAAT,0.050800042090490716,0.19172456332534132,-0.019999609671655334,False,False,False
366,missense,GTATGGGCACCTTTTGTTTC,0.07643135416138234,-1.6105331921241377,-31.61643336116143,True,True,True
366,missense,TACACACACATTATACGTAC,0.04485077863764174,0.16296764159784138,0.3989958217290787,False,False,False
366,missense,TGTACGGGTTTACGACACCA,-0.006597826926811108,0.090309605031372,-2.152368891255291,False,False,False
366,synonymous,AAAACAACACAACAATAGAT,0.6255345127386749,-1.0710698662860048,-30.671125859723396,True,True,True
366,synonymous,AATAGAAAAACAAAGTCTAA,-0.17211880362882626,-0.9258861493211581,-30.627277552783088,True,False,True
366,synonymous,AATTGAGTAGGGTGACATCA,-0.0031270493490643658,0.07049681308122284,-3.2150703742168063,False,False,False
366,synonymous,ACGTGGAAAAGGCGCACATT,-0.003939060833446905,-0.023026082186506563,-5.3014058346867685,False,False,True
366,synonymous,AGCTCCGAAGTTGTAGTTTA,-0.15394822997175658,0.09820258633236345,-1.5540660830784765,False,False,False
366,synonymous,ATACAAAAATAATCCCTTTG,-0.011009456416497872,-0.9578251119873062,-31.0258236228713,True,False,True
366,synonymous,CGGCATAATAATTATCGCAA,-0.00015202438913443535,0.06924636623170788,-3.0570524757221094,False,False,False
366,synonymous,GAAGGCGTTGTAGAAAAAAG,0.022355686413459645,-0.0858032793262791,-5.351569423147947,False,False,True
366,synonymous,GCAAAAAAAGAGGTGTCTTG,0.6167584169236309,0.021721074104694565,-0.8144305410707056,False,False,False
366,synonymous,GTATATTTATAGCCATTATG,-0.0032603486715460667,0.06553485446858098,-2.2146758533895934,False,False,False
366,synonymous,GTGATCGAAGGCGTGACATT,0.03696980755257391,0.07366607985474798,-2.362269927341038,False,False,False
366,synonymous,TGAACCCAAGTACGTAGTTA,-0.02144583377882507,0.05124099017715926,-3.2770183913166697,False,False,False
366,synonymous,TTGACAACGGTGTTTGCGCC,0.04915174765673268,-0.9799037934815804,-31.363887179724113,True,True,True
366,synonymous,TTTCTTGATTATTGAAAGAT,-1.2933050515752067,-1.0226733919418751,-30.074407960694913,True,False,False
367,missense,AACTTGGAACATACTAGTTA,-0.0796597060380228,-0.9919803383200443,-31.961146488693007,True,True,True
367,missense,ATATAGCCCAAGTCCATTCA,0.029654088512290466,-1.0204176062064214,-32.47526544127904,True,True,True
367,missense,ATGAATGGAGTAGATAGCAT,-0.10806938432005622,-0.9630398641122486,-30.816615856421357,True,False,True
367,missense,ATGGAGGACGAAAGCTCGCA,-0.018200774599823288,-0.8916089232972817,-31.755364739156143,True,False,True
367,missense,CAATATTAATGTCGTTAATG,-0.03340963083748218,-0.04529471654865205,-5.552165199546906,False,False,True
367,missense,CGAGAAGAACTTTAACATAA,0.006583713203843291,0.015594969819224314,-3.864666655397405,False,False,False
367,missense,CTGATGTTTATATATAGGCA,-0.011213696173111288,-0.15265707531162714,-8.218631188010464,False,False,True
367,missense,GAAAATATTATTGATACTTC,-0.037382291429625514,-0.9417671941173726,-30.41801491896619,True,False,True
367,missense,GGAAAAACTAGAAGTATCAG,0.02079499749167181,-1.604013381340619,-30.970666859135175,True,True,True
367,missense,GGATTTAAAAGAAAAAGTAA,0.6099022058045991,-0.9195925637850595,-30.301371288545553,True,False,True
367,missense,GGCACTTTGAAGAAATCTAA,0.024178757342551295,0.08983129142948096,-2.1051169261648974,False,False,False
367,missense,GTAGATCGATTTATAACTTA,0.017402435053157264,0.0459390245229641,-3.139838981955713,False,False,False
367,missense,GTATAATCGAGCTTACTGTT,0.02542026979762646,0.18606251993627343,-0.4911120815296907,False,False,False
367,missense,TCTACCAGACCTTGCACTTA,0.016112256029753164,-0.005939264506155062,-1.485834705767579,False,False,True
367,synonymous,AGTATAGCATACTTGGAACT,0.04667164268150925,-0.7301995984372731,-31.146033055800846,True,False,True
367,synonymous,CAGGGATATTAGTCAATAAG,0.023190464208895735,-0.01477801780427987,-5.0581781987511,False,False,True
367,synonymous,CCATTACCTAAAAGGGAAAA,-0.007260408463731893,-1.0167402096152216,-30.369232512857444,True,True,True
367,synonymous,CGAGGTAGTAGCAAAAGTGG,-0.15670626029067158,0.22944943470876095,-1.9433828922923735,False,False,False
367,synonymous,GCAAGATAAACTAAAAATAC,-0.005052003162238819,0.09641715901935825,-1.838203300094468,False,False,False
367,synonymous,GTAGATACAAACATAACATA,-0.01610730975916811,0.037644654107886644,-3.6224867331214057,False,False,False
367,synonymous,TATACTATTTCTCCGAAAAA,-0.027983606225674026,0.026536041833307183,-3.5856007164722357,False,False,False
367,synonymous,TTTAGATACCTATTATATGC,-0.1280200167895676,-0.9778073662492013,-31.23493195286006,True,False,True
368,missense,AAATTATTGAGCAGTTCGAT,-0.45158436149269765,0.08357955886133465,-1.2808012368898964,False,False,False
368,missense,AAGCACTTGATGCAGAATTA,-0.05815646326320101,-1.1203200974139218,-30.311950685408203,True,True,True
368,missense,ACCATCTCATCGGACATGAG,0.010849352372303727,0.028106674000984017,-1.9690530149671577,False,False,False
368,missense,TGACGCCCACTATATTGGGA,0.014918602021324875,-0.9590312881305807,-30.48685610606039,True,False,True
368,missense,TGAGTAACGATTGCACGAGC,0.0058905812793703495,-0.996549341353131,-31.56314881470718,True,True,True
368,synonymous,AATCCTTCATACTAATAACA,0.014248550838024563,-1.0211090082967544,-31.011953140780324,True,True,True
368,synonymous,AGGTCGGAAATAACAACTGA,0.03485978186451247,-0.038322869817459415,-5.295427006964615,False,False,True
368,synonymous,AGTCTAAAACACGAATTTCA,-0.04980148577673943,-0.9778059280951181,-31.61749412156628,True,False,True
368,synonymous,ATACGATTCTGACAGTCACG,0.012448013025943274,0.0745980325403972,-2.0472921491047353,False,False,False
368,synonymous,ATCAACCGTCGGTTTATAAC,0.014236254359804272,0.07625115848236505,-2.151135122945926,False,False,False
368,synonymous,ATCGCCCCAGTATTGATTCA,-0.07062752466284622,0.023147864716831112,-3.7921923979611956,False,False,False
368,synonymous,CACTCATTAAAATGAGAATT,-0.04012018086330077,-0.15927911707962422,-8.735446442298514,False,False,True
368,synonymous,CAGAAAAACATCAATCAAGA,-0.0073590780773623785,-0.9630631388776467,-31.130498067904014,True,False,True
368,synonymous,CTTTTGCCCGAGAACAGTGA,0.6732835199725019,0.18399433993738196,0.9960692637840454,False,False,False
368,synonymous,GCCCGACCGCACCGAGTGTA,-0.023195760647445603,0.03673238621784346,-3.037556058168124,False,False,False
368,synonymous,TACGGCCCCGCATAAACACA,-0.03179440539646157,-0.08601420579856606,-6.41983644198181,False,False,True
368,synonymous,TCAAACTGGGATGTATCCGG,-0.0018502210285562806,-0.9208974025386825,-30.650754412328656,True,False,True
368,synonymous,TCAGTGCTGATACGGAAGAT,0.01978961944916045,-0.9492934568363736,-30.260927766552957,True,False,True
368,synonymous,TGCGCCACTTTCTAAACAAT,0.08248902414164347,0.08845651899910312,-1.5083179157780897,False,False,False
368,synonymous,TTGTTCCAGACGGCCACTAT,0.007533682974133463,-0.07585068349592891,-7.343569638046439,False,False,True
369,missense,AAAAAAGTTGAAATGATTGA,0.02307078226325013,-0.9961751212030492,-32.80554428347514,True,True,True
369,missense,AAGAGGATAAATAACTCCCA,-1.7565130453423032,-1.5568715030636289,-30.66717912898527,True,False,False
369,missense,AAGATATGAAAATAGAAATA,0.22972897976490225,-0.9049892173979333,-30.00577468925606,True,False,True
369,missense,CCAGAGGAATAGAAACAGAA,-0.038103283760148376,-0.9564708664279227,-31.06746358696645,True,False,True
369,missense,GATGGTCATCCTTAAGGGAA,0.021405839338228025,0.0974307764208174,-0.4136128839469797,False,False,False
369,missense,TGCACCGTATCTCTGATTAT,0.014415459098809296,0.06473563392156921,-2.198950726039727,False,False,False
369,synonymous,AAATAGCAAAAGAGAGGAAT,-0.057707552084537636,0.2869509860899365,-0.4081788819581005,False,False,False
369,synonymous,AACCGTACCTATAGGAAATT,0.02034876614595081,-0.060395622425321344,-5.719173452847456,False,False,True
369,synonymous,AACTATAACTTCAAATTAAA,0.11308604377174349,-0.978909670023709,-30.41227822260297,True,False,True
369,synonymous,CACTAAGTTGGCTTATATAA,-1.313938562961579,-0.9723318761592386,-30.324334970560443,True,False,False
369,synonymous,GAAGGTAATAATTGATAACG,-0.04405132887614026,0.10322488865161752,-1.3201880364325316,False,False,False
369,synonymous,GTACAGTCTGATATTAAAGA,-0.03921606568719686,0.09759801549224187,-1.4714764979373014,False,False,False
369,synonymous,GTTGAACTTCAAGAATTATT,-0.14687809573726499,0.08205605791165187,-1.8998786489252906,False,False,False
369,synonymous,TGAGCAAACATTCGTAGTTT,0.05092864440840289,-0.9936079080641569,-32.35015736504803,True,True,True
369,synonymous,TTAATGAATGATAGTGTAGT,0.05027678610759723,-0.9277299569820592,-30.960354644920532,True,False,True
370,missense,AAAGCAAGGGTTAAAGCTAG,-1.7487541781617815,-0.9313459499628698,-30.504842801845992,True,False,False
370,missense,AATGTCAGAAATTAAAGATA,-0.05076126037135539,-0.09413136347310153,-30.07331875898061,True,False,True
370,missense,AGCCCGGGAATTATAACCTT,0.031049497918136774,0.06314339626493448,-1.6457904004069492,False,False,False
370,missense,CGGGGCGGAACAAGCATAGA,-0.07349611509198596,-0.969368575688839,-30.768323475555764,True,False,True
370,missense,TGACTTAAGAGGAACATTTA,-0.00875367460157127,-0.006235770843019239,-4.150614102290761,False,False,False
370,synonymous,AACAATAAAGGTCATGTGTC,-0.04064158806373583,-1.0216040060650575,-32.07248264188482,True,True,True
370,synonymous,AGGACAACAACAAACATGGC,0.015184933932579147,-0.09601454718274957,-7.061773161331403,False,False,True
370,synonymous,ATTCAGCCAATCCGCTAATG,0.037588524516700236,-0.8510632638478512,-30.86868528607903,True,False,True
370,synonymous,CCTAATCCGAAGAACGTATA,-0.07625008307412337,-1.5261585765412877,-30.035322243963336,True,True,True
370,synonymous,CTGTTAGTATTGTATGAAAC,-0.05313130732944739,-0.986233887303475,-30.841358165848437,True,True,True
370,synonymous,TGATCTAAAAAGATTACCCT,0.06197941556813595,0.10110848824994273,-0.7270767561173308,False,False,False
371,missense,AAAACAGTGTAATAACAAAC,-0.006314635208160887,0.030962031220761965,-3.086621961039256,False,False,False
371,missense,ACGTGAAAGTTAATTAACGC,0.0593279287196533,-1.5910599954280584,-29.967685698098425,True,True,True
371,missense,AGCCGGATTTTATCGATAAA,-0.09049033200635712,-0.6748054131766965,-5.364940101575037,False,False,True
371,missense,ATACCTTAAGAACACGGAAA,-0.03550749456554708,0.005951337858132344,-3.7464335749457156,False,False,False
371,missense,ATCTATAAAAAATTTTCCAT,0.05286407732960535,0.06603897970712301,-2.160186676761447,False,False,False
371,missense,CAATGGTTAAACTACGTCGG,0.07052864660161472,-0.8865886764950612,-30.623241413164518,True,False,True
371,missense,GAAAAGCGTCTCAATACTTA,-1.0986994754970698,-0.9423291842101285,-30.618082219680236,True,False,False
371,missense,GAAAGAGTCTTGCCAAACTC,0.0472102973014118,-0.01224676871376068,-4.0857151071684985,False,False,True
371,missense,TGAAGAATCGGAGTGTTATT,0.021732060129531588,-1.0341860216625751,-32.30674771014204,True,True,True
371,synonymous,AAAACAAGATAACCAGTACT,0.016893754956609053,-0.9847181523876878,-30.33485309242385,True,True,True
371,synonymous,AAACTACCTAACATTTAACG,0.035264131758227305,-0.9080015316395618,-29.977439344625783,True,False,True
371,synonymous,AAAGCTAAAAGTTATTCAAT,-0.0040746531942119175,0.1408627630799328,-0.5592963368526143,False,False,False
371,synonymous,AAGTTAGGGAAGTTCATTAT,-0.03925083464510562,0.12487855552333699,-1.949928659022118,False,False,False
371,synonymous,ACTTACCTCTACCTCCCCGC,-0.01569448606926995,0.11840631620868322,-1.6365184835872189,False,False,False
371,synonymous,AGAAGATCATTTTCCGAGGT,-0.002285766838440336,0.028760871474382596,-3.589036906847311,False,False,False
371,synonymous,AGAGCTAATGGACTAGGAGC,-0.0257654948830609,-0.9747243681615989,-31.27674900845052,True,False,True
371,synonymous,ATAAATATGAATTCAATAAA,-0.05137759681060333,0.059884619286862145,-1.716057346396719,False,False,False
371,synonymous,ATACTTATAACCCAAAAACG,0.007997812359284668,0.09616616547824727,-1.8708175072046815,False,False,False
371,synonymous,CATAGCAGAGCGCGTATACG,-0.025834811357264856,-0.8870890728072847,-30.73278609179526,True,False,True
371,synonymous,CGGTTAAACCTCAAAACTAG,-0.04128066190299194,-0.9103704665733094,-30.361191521352914,True,False,True
371,synonymous,CTAAAATAACGGTTCAATAA,-0.03913647261471065,0.05197409569049108,-2.3565937086066437,False,False,False
371,synonymous,GACCAATATACATAATAATT,-0.16040752083302884,-0.9485881978229127,-30.67217760798126,True,False,True
371,synonymous,GGCTGATCCACACGACTCGG,0.022243535599255907,0.09630439302460683,-2.5297799004520916,False,False,False
371,synonymous,TAAGATGTGCGGAGGAGGTT,0.06670751090999313,-0.9759205653164886,-31.31592970454429,True,False,True
371,synonymous,TAGCTGCGTAGAAGCTAAAG,0.011185130746940095,0.4403338008113842,9.904265239617384,False,False,False
371,synonymous,TATAAATATGGGGCCAAACG,-0.04212370166030875,-0.9872726944633266,-32.101116326095294,True,True,True
371,synonymous,TGCAGATCAAACAGATAAGA,-0.02171461274764924,-0.06618227787354211,-4.052693195135311,False,False,True
371,synonymous,TTAAGTCTTATAGTAAAAAA,-1.049957792514521,-0.7232054879401522,-30.433170578468598,True,False,False
372,missense,ACGTCAAATGCAAAAAAGTG,-0.02633474294054308,0.08417974142261539,-1.895606278555094,False,False,False
372,missense,ACTTACGGTCGTTGCAGTCC,0.007034479814644944,-1.0029561584311815,-32.38765790130207,True,True,True
372,missense,AGAAGATAGTGTGCATACTA,-0.027822679199158186,0.1853534979845332,-0.49457821888509146,False,False,False
372,missense,CACCTGCTCTGACACAAAAT,-0.02059385127525911,-0.9803980706884527,-31.665838026202966,True,True,True
372,missense,CTCGAGTTCCCGCATCGGTC,-0.037317428322377305,0.06804452149854899,-2.4324458165042158,False,False,False
372,missense,TAGACGACCTATTTGAAACA,-0.0462501711712385,0.13457878764623746,-1.6021659085042235,False,False,False
372,missense,TCCATAACAAACAGTATTAG,0.1979133287279936,0.10399220974811905,-0.9610473097444359,False,False,False
372,synonymous,CGGATGGGACTACACGTATG,-0.10651939707162801,-0.9280384600486378,-30.048552963926802,True,False,True
372,synonymous,GCACGGGTCGATATAATAGG,-0.09632319127808416,0.07053940160049581,-1.5063283249186368,False,False,False
372,synonymous,TCTTACAAAGTGATGCGAAA,0.016782338739065785,0.16458147606938436,-0.9480794108346132,False,False,False
373,missense,AAGATTCAGCGTTATTTCTA,-0.012457586038330661,0.028395505340815738,-3.302288999901072,False,False,False
373,missense,AGACCGTCTACTCCCCGCCG,0.005322543698496118,-0.9155089748895737,-30.268852728897407,True,False,True
373,missense,GACACGTAAGCGCCCCGAAT,0.022235180607293462,-0.929205791622687,-31.4303562986146,True,False,True
373,missense,GAGTCTTAAAACGGAAAGAG,-1.0998232784426922,-1.0108772114004172,-31.073082282613186,True,False,False
373,synonymous,CCATTAGCCAGCAAATAACA,0.023383181777027775,-0.9009125606539223,-30.49773753573272,True,False,True
373,synonymous,TGGCGGTCAAAGATGTTCGT,0.0019923582517137614,0.039760273509765326,-1.4368510441972417,False,False,False
374,missense,CAAAATAATGAAGAAAAACC,0.01750314564649908,-0.8840323211590784,-30.236738464515234,True,False,True
374,missense,TATCCGGTTATAAAATTAAG,0.012179143820770212,0.03558796599994976,-3.2638692516010135,False,False,False
374,synonymous,AATCATAATAGAGTCAAACA,0.00414887349522741,-0.008801856841541167,-4.72605730995107,False,False,True
374,synonymous,AATTAATAACGCACAACTGT,0.0017759703027139294,-0.003174784025947286,-4.796063522075198,False,False,True
374,synonymous,ACCGTAGATAATCTGGAAAC,0.01592148971873525,0.006801795728981819,-4.165996989963244,False,False,False
374,synonymous,CAAGAAACCATCAAACAGTA,-0.009864472349528858,0.07978119186415672,-2.282186611892507,False,False,False
374,synonymous,TTAAAAAAAGTACGATACTA,-0.009166417638155724,0.08801788736599281,-2.642765192479418,False,False,False
375,missense,AAACCTAACGATACACTAAA,0.012044608674864649,-0.997885879061337,-32.39155056900298,True,True,True
375,missense,ACGCAGCTACTATTTGACAT,-0.16523904866856745,-0.9840871857531139,-31.134238276279998,True,True,True
375,missense,AGAATTTATATATGGTAAGA,-0.015156742348839389,0.09573502866023978,-1.4288470363218035,False,False,False
375,missense,CATGCGAACAACACACTATG,-0.07210043500937081,0.023098211056487378,-3.5165030870983864,False,False,False
375,missense,CCAGAAACGTGCATTTGAAA,0.040370061580810815,-1.0079639684035242,-31.699779019562197,True,True,True
375,missense,CTAATAAATCGAAATCTTAA,0.008234435076789053,0.011652368549728703,-4.017451042322278,False,False,False
375,missense,GACTAACAAACCACGCCTTG,-0.019102513584299187,0.04640635418379263,-2.684237684287487,False,False,False
375,missense,TAACCTCTTAAAACTTCTCC,0.002377055472339071,-0.971740553486172,-32.315397857357,True,False,True
375,missense,TGGAATGGAACGTTAACAGT,0.013552003650331454,0.051615005463129374,-2.8753425647380313,False,False,False
375,missense,TTAATAAGAGGAAGTACCTC,0.010092961163894219,0.084074117371049,-2.0431066244676086,False,False,False
375,missense,TTAATCAAATAATATGAAAT,0.013424239776398386,0.044288399642395795,-1.701709232219002,False,False,False
375,missense,TTTAACTACTTAACCTACAG,0.045944627048310524,-0.8995000368591841,-30.109986663541275,True,False,True
375,synonymous,CAATTTATCGATTTAGCAGG,-0.04382462370678841,-0.04763857687046369,-5.812423942021788,False,False,True
375,synonymous,CGAGACGGGTAACAAGGAAC,-0.01023928927565765,-0.9471902769380933,-30.860105310065244,True,False,True
376,missense,AATCCCCTCTGAAGCGGATC,0.053821476409838434,-1.6229312212560751,-30.716295179215024,True,True,True
376,missense,AATTGTAAGACTAAAAGATA,-1.7299340744237115,-1.5486723720688267,-30.00081751415115,True,False,False
376,missense,ACAGTCACGGCCGAAACGGA,-0.03590701455245561,0.02859533293272154,-3.347012360151915,False,False,False
376,missense,ACGTATGGATCTAACCAGTA,0.033990031913643096,-0.0825414118454868,-5.774863588476518,False,False,True
376,missense,GATTGAAAACCAGTACCGGA,-0.012698610630311422,-1.800463272265428,-29.964689312244502,True,True,True
376,missense,GCTAAAAATGCGTCGTCTCC,-0.019650285667952763,-0.9538860057235228,-30.05847878646105,True,False,True
376,missense,GGTAAAATTTTCTGGTTAGA,0.03095287772201206,-0.9021640535087556,-30.182317355713458,True,False,True
376,missense,TTGAGTCTAGACTAAAAGCA,-0.0026317955277024626,-1.0465631680749714,-32.39873747280187,True,True,True
376,synonymous,ATTAGGATGTAAACGAAAAC,-0.06124819336604981,-0.10176468355528867,-7.053126887716044,False,False,True
376,synonymous,CCCGCACCCGTCATCACTCT,-0.015465752234452446,-0.9330136136346872,-30.110484859108404,True,False,True
377,missense,AAAATTCACTACCTTTAGAA,0.64336131265307,-0.900532459582214,-30.080093184657414,True,False,True
377,missense,AAATTCCTAACCGCATAACG,-0.015065374791250651,0.03401413433557092,-3.7538048577228293,False,False,False
377,missense,CACATCCAATGAAATGACGG,-0.014975031307313504,-0.07725385212159122,-1.700573749085954,False,False,True
377,missense,CTGACCCGCTCCGAAGTCAC,-0.14403384846095624,-1.5837455422331082,-30.849936211554958,True,True,True
377,missense,GCAGATCAATGAAAACAGAT,0.06336949098113435,0.19464357465434895,0.5965912830325417,False,False,False
377,missense,GGGCAAGGACAAGTACCGAC,0.02384117361403121,-0.07487944529244653,-5.871626662894493,False,False,True
377,missense,TATGTGAAGATCTCGGCAAG,0.05239823002342456,0.08070067946344987,-1.568334459847959,False,False,False
377,synonymous,AGCAACAATACAGGTAAGAT,0.048196690906524925,-0.9485185001219638,-31.261987544109843,True,False,True
377,synonymous,AGGAATCTGAATAGTGCACC,-0.03295721466498509,-0.07176279769426983,-5.498397194204474,False,False,True
377,synonymous,CAAAGAAAATCCGAAAAGGA,0.010253814761331432,-0.10915618121650672,-7.732682595206243,False,False,True
377,synonymous,GACTTTGACCAGTAGTAAAA,-0.3361775648861373,0.1044354089134662,-1.188462341716162,False,False,False
378,synonymous,ATATTTTATAAAACGAGATC,-0.15873287023976015,0.13331515202469568,-0.5945549764111444,False,False,False
378,synonymous,CAAATATACATAACTAAAAT,-0.0011167189106928814,0.07839932180838198,-1.9303352625554222,False,False,False
378,synonymous,GGTGATTTCTAACTGACACT,0.024884470275854647,0.02046653246836122,-3.821634814879898,False,False,False
378,synonymous,TTCAACCGAAGTAAAGGATG,0.014060379917354426,0.036449265343184115,-3.136446762757362,False,False,False
379,missense,AAGAACGAACATGAAGAGAC,0.08955016391292994,-0.993133666512908,-31.440016986539984,True,True,True
379,missense,AATATTAGCTTTTGAGCAAA,-0.018181692343077163,0.08156099051486636,-1.7161053530802877,False,False,False
379,missense,AATCTACTGTTTGTGAACTA,-0.010540533922221674,-0.05295695613647211,-4.448264813686133,False,False,True
379,missense,CTAAAGACGGGCGTAATAAC,-0.06120435618958342,0.09054379978845509,-1.7870165439661834,False,False,False
379,missense,GACTTGAAAGAACCAGGACT,0.02110109511809992,-0.9382563042736467,-30.686033221985696,True,False,True
379,missense,GCTAGTAACACTGCGTTTAA,0.015375111412609435,0.04838872489216568,-2.5095744581892867,False,False,False
379,synonymous,AAAAGGGTATGTTCTTGAAT,-0.00021874459145248236,0.04573364617595861,-4.5374403331355,False,False,False
379,synonymous,AAAGTTTTCAATGTTCAATC,0.03522134298086327,0.13807108136355178,-0.7038422924043732,False,False,False
379,synonymous,AATACCCACTTGAATTCCTG,0.07958068972184827,0.10428488755284954,-2.2661555249414147,False,False,False
379,synonymous,CTAAGAGACGCGGACCGCCA,-1.82401666571326,-0.9098283133499157,-30.082093453290483,True,False,False
379,synonymous,GCATTGAAAAGTCCACGGTA,0.015265144586200813,-0.11630228041755386,-7.378351663334893,False,False,True
379,synonymous,GCTGTAGGACAAACTTCAGC,0.023921492980278115,-0.9960882496726902,-31.10256267997586,True,True,True
379,synonymous,TAAAAAATAGCATCCATCTA,0.007007034792221669,-0.945928647481644,-30.71032428322746,True,False,True
379,synonymous,TTAATAATAACGAATTAATT,-0.11053778982174738,-0.9654115723897434,-31.038904953256846,True,False,True
380,missense,AAAATGATAAAAGGAACATC,-0.11282871368717683,-0.9925828939396706,-31.402749665808912,True,True,True
380,missense,ACGTAAACACATAAGTGTAA,0.009297101142661433,-1.4741294231458246,-31.88807040573804,True,True,True
380,missense,AGATATGAGACGTCTTGTAA,-0.019739362977984967,-0.017193309037816795,-4.808648949566688,False,False,False
380,missense,GGGAAATATAAATCGAATGA,0.133614834599812,0.088706358753662,-2.449017621399296,False,False,False
380,synonymous,ACCGACATCTGTATTTTCCA,-0.04597332329594113,0.48542332058028903,9.349773772067188,False,False,False
380,synonymous,ATAGTTACATTCCTGAGTCC,-0.11730917205998466,0.024188973695586924,-3.987022906154998,False,False,False
380,synonymous,ATTAACTTAATCTACTGCTA,0.004665730191909254,0.10747338536232334,-1.166816634900726,False,False,False
380,synonymous,CTTTATGACACATGGAGATA,0.01938326988714903,0.07734798466124954,-2.554550901196969,False,False,False
380,synonymous,GCACTATTAAAACTGAGGCA,0.016990166241837037,0.06022573566240877,-2.495048586848742,False,False,False
380,synonymous,GCCGCCGATCCATTTTGATA,-0.08615494922092717,0.11199591764950756,-1.4882753511196039,False,False,False
380,synonymous,TAAATCGATGTTTTCCGTCA,-0.01704214116925047,-0.06376725635644206,-2.4974438909407217,False,False,True
380,synonymous,TATCGTTAATATAAACGCGT,-0.027187959939552923,-0.5441602627349951,-1.7136363744573913,False,False,True
380,synonymous,TCTAATGAAACGCCGAACCA,0.020282440690440058,0.010400431620730038,-3.920957437657759,False,False,False
380,synonymous,TGAGTTCGGTAATCAGAATA,0.024289230009556774,-0.9645501430499603,-30.952330121423962,True,False,True
381,missense,AACTCTAACGGAGCGAAGTT,-0.03515504908351745,0.03640748435294949,-2.4011016869705046,False,False,False
381,missense,AATGCCTTAAAGCCTAAATC,0.003960994595270662,0.12421662757068483,-0.6120132216634805,False,False,False
381,missense,AGTACGTGGAAAAAACAAAT,0.035417899789133386,-1.6280739085330056,-31.015404154340715,True,True,True
381,missense,ATGGGATCTTTCAAAGCCCA,0.04356291447192742,-0.161030194882665,-8.539239081247572,False,False,True
381,missense,ATTGACACGGATCTAAAGGT,-0.058446123467623845,0.06427271894952444,-2.0424949713892424,False,False,False
381,missense,GAACGGAAGAGGCACTCCGG,-0.06717040153259042,-1.0067277761889044,-31.259564736134223,True,True,True
381,missense,GCATCGAAGTAACTCACAAG,0.026667447955460163,-0.03825486094525582,-4.4816288253883165,False,False,True
381,missense,GTTTTAGATAAATGAGTCTA,-0.6635484034849187,0.14100463388999232,-0.26082774513916807,False,False,False
381,missense,TCATCCACTTTACAACGTTC,-0.0024969999939721934,0.06539751021299042,-2.5660775069693096,False,False,False
381,missense,TGATTCGGCAACCATCTATC,-0.015438879566932434,-0.889995142359886,-31.157169933512126,True,False,True
381,synonymous,ACTGCCTATCCCTTAAGAAA,0.07917269961810118,0.09381793226366468,-2.287123647811772,False,False,False
381,synonymous,CAATATAACGCTACCAATAA,0.07242779324551203,0.049347081266747944,-0.9247185942496698,False,False,False
381,synonymous,CCAGCAACTATATTCGAGTG,0.015615336619018816,-0.979136233444716,-31.125285970905413,True,False,True
381,synonymous,GTAGACAAGTCAAAAGAGCA,-0.07125355414403657,-0.938942381988914,-30.589375214303377,True,False,True
382,missense,ACTTCACTAGACTTCACATC,-0.01275943781167982,-0.9500642524613809,-30.27179752537363,True,False,True
382,missense,ATTAACCCCCCGAGTGGGAT,0.013253567715081505,0.0046410936268143355,-3.315501808775433,False,False,False
382,missense,CATGGAACGTAGGAAATAAT,-0.016350704820419344,0.06712539783510373,-2.0979165907131034,False,False,False
382,missense,CATTCCATTAACCGAGGACA,-0.024455117104595237,-0.9764514310294126,-32.32763618580201,True,False,True
382,missense,CCAAACACCACAAGCTGATG,-0.05527349983428008,-0.9547810091962321,-31.006617430709177,True,False,True
382,missense,CCATATGTAATCTCTGCTTG,0.05322255880143842,-0.9822159396910786,-31.7296714731413,True,True,True
382,missense,GATCGAGGCTTAACAAGACC,0.010233825744540306,-0.9810643480850054,-31.31418935391569,True,True,True
382,missense,GGACAGGATCGTATCTCTGA,-0.034442072530705775,-0.010722951797717373,-3.98669516439753,False,False,False
382,missense,TAATATAATATAGAATGACC,-0.0077945517758308755,0.09018890118911721,-2.45641287918838,False,False,False
382,synonymous,AAACGTCGAATCATTATTAA,0.008605409116279602,-1.0841582400616403,-32.29687146918275,True,True,True
382,synonymous,AATAGAGATCGAGATGACTA,-0.2135082354663901,-1.008152762400817,-30.506966810421478,True,True,True
382,synonymous,ACTCACCACTTTTGAGGCGG,0.033671946975764575,0.06566421882842673,-2.29325859511873,False,False,False
382,synonymous,ACTGAATTAAAACGTAAAGC,0.08958959213838853,0.1527164609311294,-0.42085342746540433,False,False,False
382,synonymous,ATAAGTGTTAAGAAAAAATT,-0.04424682197949095,-0.9354022681544087,-30.563692960195155,True,False,True
382,synonymous,ATGTCGATTGTCTACTTTCT,-0.05590639409595197,-1.0378103096406728,-32.133553878620994,True,True,True
382,synonymous,GCTATTACATGAGCTTCGAA,0.012711847057870939,0.04631029690017348,-3.0671046997817295,False,False,False
382,synonymous,GTTCTTTACTACACCCCCAA,-0.0322188274146621,0.06942774143647884,-2.431600269551386,False,False,False
382,synonymous,TACTCGTTGTGCAAATAAGC,0.016541753682872935,0.057649276778991704,-2.884842443517731,False,False,False
383,missense,AATAATATAATACGCAAACC,-0.010483519373935834,0.48903974285329954,9.472279760631913,False,False,False
383,synonymous,AAATACGTAAAAATTACAGC,0.013346836063479306,-0.07949622332020301,-2.7283584657949955,False,False,True
383,synonymous,ACCCCGGGAGCTTGTATTAG,-0.8091712450195317,-0.9633737578258461,-30.2870558562342,True,False,True
383,synonymous,CTCGCATCAACGCGTACAAC,-1.1158255296523005,-0.9446552605663776,-30.554514406893812,True,False,False
384,missense,AAAAAGCAGTATTGATGAAG,0.019602673693672277,0.08970567961748994,-2.302128778330175,False,False,False
384,missense,AAACTAATAAGATTAGAAGT,0.0152843960171126,0.050059233576015855,-2.6091071792485003,False,False,False
384,missense,ACACGTCAGCGATCCAGAAC,0.02139746359383757,-0.0808720716886159,-4.954511022297201,False,False,True
384,missense,ATCACAGTCTAAATGCAAAA,-0.06404338180988534,0.1285601052898293,-0.7197692286765704,False,False,False
384,missense,CAGACACGTTCTAGTTTAAT,0.008814073621924986,0.07153416264131687,-2.1416194774224357,False,False,False
384,missense,CAGCTAAGAGATACACTGAG,-0.002837926602683242,0.06703556899546394,-2.1931199397298324,False,False,False
384,missense,CTGGGGGGTAGTGTGTTGTG,0.02936581496324169,-0.08248159658805496,-7.6791422869938595,False,False,True
384,synonymous,CAATAATGAAGATAATAATA,0.10535860210589883,-0.9243647025054993,-30.206104385450473,True,False,True
384,synonymous,TTAGGACGGCAAGGACTAAC,-0.0250190669481793,0.08837108273491756,-2.037777634682735,False,False,False
385,missense,ACCGATCATGGACTAACACG,0.011314327202154433,0.05449247352842379,-1.8927345522429704,False,False,False
385,missense,CAGCTGATCTGCTGCCCGAA,-1.0795708783780797,-0.9622014320218204,-30.741326096247164,True,False,False
385,missense,CGAAATAAAAATAGCTCCAG,0.06055092277961634,-1.0094122662990388,-31.95573709786758,True,True,True
385,missense,CGCACAACAAAAAAAGGCAC,-0.0023140523016477186,0.10393973106426158,-1.7568361716667633,False,False,False
385,missense,CGTAAAGAATTCAAAAGCAC,-0.17798425766627018,0.13000420265516438,-0.35226811111054507,False,False,False
385,missense,GCCCACAACTAGAATACAGA,-0.6354054774771124,-0.1049897873871673,-2.4352647239450484,False,False,False
385,missense,GGCTTCGGTAACTTGAGTCA,-1.0152229521998193,-0.3620887495515383,-29.915517058763793,True,False,False
385,missense,TAAAGAGGACATGATGGTAC,-1.0563950660484411,-1.5342695999357534,-29.922726750780587,True,False,True
385,missense,TGTTACTAACCATATTAGTA,-0.010938920623803375,0.05353625346167634,-2.7058281857265576,False,False,False
385,synonymous,AAAAAAAAAACATTTGAAAT,-0.06568447215896112,0.10315141338688553,-1.3802227499997166,False,False,False
385,synonymous,AAAATAAAAAGTAATAATTA,0.01733475189846287,0.06200841812222882,-2.4303746969068465,False,False,False
385,synonymous,AATTCTGATATAGACATCTG,0.004753640796541576,0.03645227685034534,-2.4017535954830302,False,False,False
385,synonymous,ACCAATAAAAAGATATGAAC,0.025076263312369538,0.1475858105355433,-1.3340471106225293,False,False,False
385,synonymous,ACGAGTAGTCAAACATCCTA,-0.023095036978649917,-0.07920510977581405,-5.616456299915959,False,False,True
385,synonymous,AGATACTGTACAGACAGTGA,0.015845161812030037,0.07290554037681674,-2.4381203383623893,False,False,False
385,synonymous,AGTAGCATATTAACATATCT,-0.03736925798686795,0.07096296605472614,-1.0300519200587905,False,False,False
385,synonymous,ATCTACGGTAAACGGGAGCG,0.014590339544040206,-0.05147867594464775,-5.0825006047942285,False,False,True
385,synonymous,CAATTAGAGTTTAAATAACA,0.017807542027616214,-0.960472219694039,-30.294829752957046,True,False,True
385,synonymous,GCCTCCGAATAATTAATGCA,-1.082307833938319,-0.008479122179751886,-1.1309745991381348,False,False,False
385,synonymous,GCGTTTGAAAACAATTAGAA,0.031152094027338876,0.057343429566669615,-2.5508536959408445,False,False,False
385,synonymous,GCTAGTCAGGGCCATAGAAC,-0.018059158620241073,-0.034901418953587254,-5.017717471905272,False,False,True
385,synonymous,GTACAAATATTTCGGACTTC,-0.00123627261119676,0.09807965486006417,-1.6280901831210948,False,False,False
385,synonymous,TAAAAGATGAAGAAATATTT,-0.008606072115757707,-1.3601397891092628,-30.198344615399325,True,True,True
385,synonymous,TGAGGCTAGGTTAAAAATCC,-0.026245520641519582,-1.0594509721218872,-33.80010565354754,True,True,True
385,synonymous,TTCAAGGACTACGTAAAGAC,0.007886314990643241,0.030746745199572323,-2.9500032543798036,False,False,False
386,missense,AAGAACTTCAAAATTGACAA,-0.004104861700526602,-1.0329878550154912,-32.73962137340536,True,True,True
386,missense,AATATTCCTATAAATTCAAG,-0.025773218977329107,0.08547638903551937,-2.251968934869037,False,False,False
386,missense,AGAGAGTATGATGGTAGTAT,-0.012837593605959454,-0.9498359307651891,-30.972582252584452,True,False,True
386,missense,AGCAAAGAAAGTTCCTCTAA,0.030332153089947966,0.011931041561737077,-2.1203859530159463,False,False,False
386,missense,AGGGAAAGAACCAATAATAC,-0.010604348368286881,-0.04653811982520506,-5.530733671157897,False,False,True
386,missense,GAAAAATTTATTTTTGCTGC,-0.09692901020899294,-0.8442119161385027,-30.42092223076294,True,False,True
386,missense,GTGAATATAAGATATTACCG,-0.02164310488222382,0.07130225117531488,-2.209054641562196,False,False,False
386,missense,TAATCTAAAAAAGACTATAT,0.03281129016890833,-0.07483584769365192,-5.757730419878155,False,False,True
386,missense,TGCAGTTTCAGTATTAGGGG,0.02006975460574321,0.06727549557338867,-2.663064113856045,False,False,False
386,synonymous,AAAAACGAACAATACGCATT,-0.037606863692848325,-0.9782570681070184,-30.968701333516155,True,False,True
386,synonymous,AAAATACTTGTAGCTGAAGC,0.03418670209275111,-0.9851945876636989,-32.01175306187858,True,True,True
386,synonymous,ACAGGTAGCAAGGGTAAATG,0.018579412042918752,-1.6254759239108993,-31.229812422117554,True,True,True
386,synonymous,ACTTCAAAAACGAATAGATC,-0.06761940707727258,-0.12016081336631795,-7.33135535523097,False,False,True
386,synonymous,CAAATCTTGTAAGGCGTCAG,0.0050199464944012335,-1.0343446026593026,-33.27149767651022,True,True,True
386,synonymous,CACGGGAAAGTTAAGATGTT,-0.06223497505846694,0.13233894648198657,-0.8404459800416231,False,False,False
386,synonymous,CCAACGAAATTGTACAACAT,0.0982372475854,0.09986733955579635,-2.581654980333237,False,False,False
386,synonymous,CTGAGGTACAGCACACAGTA,-0.04133567394628665,-0.94138512301367,-31.014410823447026,True,False,True
386,synonymous,GCCGTTCCAGCTGGTTAAAC,0.01520855728513582,0.040072340483494756,-3.3884318058264555,False,False,False
386,synonymous,GTACAAAACCGCAACTACTA,0.06422837163295535,-0.9610396689091558,-31.844747441605303,True,False,True
386,synonymous,TAATTTTCTAAAGCATACTG,-1.132250248664826,-0.9450910481664478,-30.53326854635865,True,False,False
387,missense,AAATACGTACTAGCGAAATA,-0.016088101540629295,0.09168414241039427,-1.9421957854185483,False,False,False
387,missense,ACATAAGATAAAGAACAGAC,0.777731504039397,-0.6782157209691304,-30.484891714188517,True,False,True
387,missense,ACGCTTTTAGCGCAACGACA,0.04667779692959796,0.11147018804537087,-0.48178163865004164,False,False,False
387,missense,AGTATACCCCACAGGTTAGC,0.039227050533917465,-0.05326602188662491,-5.200427348775489,False,False,True
387,missense,ATGCACCTCAAATACCTCAT,0.016652533741952604,-0.9854696036704584,-31.074172966787984,True,True,True
387,missense,CCAGGGCAAAAATGTAGGCA,0.016240069056494055,-0.9679027471064621,-30.961862062996282,True,False,True
387,missense,CCTAGCCTTGAATCCCGGAT,-0.016365912164040004,-0.9985660156104119,-30.875792449167093,True,True,True
387,missense,CTACAGTCCAGTAACCTTAC,-0.035677001353179374,-0.11841903346455285,-7.5593991841837616,False,False,True
387,missense,GAATACGCGCGTGTCAAATT,0.0035910008379744828,-1.0192821703905175,-32.8181382896098,True,True,True
387,missense,GCAATCACCTTTATAGACTT,-0.001480415116770573,0.05223833364758676,-2.72426688625823,False,False,False
387,missense,GTAAAGGCGGACTTACCACT,0.028251445217185988,-0.9584231260162832,-30.644565923372753,True,False,True
387,synonymous,CATCAACTTCCACCACTACA,-0.004291656801647717,0.13338515823508942,-0.5159278089634896,False,False,False
387,synonymous,GATTAAAGAATATAGTTAGG,-0.9997690170096017,-0.9176412911378558,-30.512902884832712,True,False,False
387,synonymous,GCCTAGTCAATGGTTCTGGA,0.020705054375327173,0.06310580936183101,-2.3093969478490406,False,False,False
387,synonymous,TACTAATATACAAATCACCA,0.006661393942536406,0.10523044105631318,-2.0466453207173627,False,False,False
387,synonymous,TAGATACATTAGGGGCAGAT,-0.22525361677464648,0.13351624780559296,-0.9593912491862255,False,False,False
387,synonymous,TAGGTCATACACCGCAAAGA,-0.00035027814880054685,0.08839612320025134,-1.9575927488922202,False,False,False
387,synonymous,TATTTAAAAATCTGCTTATT,0.01064167045690025,0.07276595046683719,-2.4456971970965116,False,False,False
388,missense,AAGAAAGAGAGAATAAAACT,0.15899259716020497,-1.0220799348777714,-30.821671008798635,True,True,True
388,missense,AAGTCAAAATCGTGTATCTA,-0.04805212497175919,-0.921435793851678,-29.947358208773274,True,False,True
388,missense,AGAGGCCCCCTCAACTAATC,-0.25904736024273084,0.10968202771973817,-3.098886428153,False,False,False
388,missense,AGATCTCAACTTCAGAGAAG,0.028913206424332587,0.01595401810469435,-3.8698830137869162,False,False,False
388,missense,ATAAATACACGGAGTCTGGC,-0.020867316016977826,0.08129407579134508,-2.2377987409488203,False,False,False
388,missense,ATCCTCTGGATTAAATTGCA,-0.005056535296066894,0.03319589737712696,-3.5788877027327515,False,False,False
388,missense,CGAAACCCGCCTACCAGGGT,-0.0461209526030312,-0.11330783962584284,-6.924738209550067,False,False,True
388,missense,GATTTCTCATTTAGTGTATA,0.010269805751796491,0.3396844705408164,5.234451209981815,False,False,False
388,missense,GCACTACATTATGTATGGTA,-0.04382766359809517,-1.0333002114310497,-32.29631636774657,True,True,True
388,missense,GGCCATGGACAAATATAGAG,0.04018919643106772,0.11415871827010501,-2.0362021176337946,False,False,False
388,missense,GGGATGAGAGTTTGACTCAA,0.020780461819647395,0.06491763135434024,-1.8078659664643766,False,False,False
388,missense,GTCGCAGTGATTCGAGTGCA,0.02328694303058186,0.09949489861051178,-1.5143912748689097,False,False,False
388,missense,GTGGTGTCAAGTCGATACAA,0.0072827744412026175,0.03983123947386834,-3.1868421763244017,False,False,False
388,missense,TTAGAAGATATAAAAGAGAT,0.030467330008932984,0.03356313372721352,-1.1245034051855443,False,False,False
388,synonymous,AAAAAGTTATGAATAATGAG,0.049315146710206814,-0.3336826082135156,-31.672424795264693,True,False,True
388,synonymous,AAAGCAATTGCAGCGTAACC,0.0526243596204929,0.0377132224768406,-1.7785191063531967,False,False,False
388,synonymous,AAGGATCCGGTCTAAGCGTC,0.0322943454696373,0.10469293183010697,-2.205553163764853,False,False,False
388,synonymous,AGAAAATAAATTCGATGGGA,-0.03719877800662988,0.018264440139949017,-3.2186470445650266,False,False,False
388,synonymous,ATATTTATTTTATCAGTTTC,0.07922787673388786,-0.9838116331012314,-31.05005534286073,True,True,True
388,synonymous,GCATTCTTTAGCAGGAGGAA,0.02352586086094373,0.05394491558768974,-2.038492970906108,False,False,False
388,synonymous,GGAGGATAAAAAGATGAATG,-0.04832621536354342,0.12028943001177993,-1.4172475664737498,False,False,False
388,synonymous,GGGGAGACAATGGCAACGAT,0.0335833362831702,-0.0901110827140747,-7.3282038548526085,False,False,True
388,synonymous,GGTACTTATGGAATCCAGAT,-0.029533004378293325,0.054779459936041094,-2.5820407296811476,False,False,False
388,synonymous,TGTAGCTTACTAGAGACTAA,-0.0446609951782385,0.06333056337559513,-3.323270809204868,False,False,False
388,synonymous,TTCCAGTTTTGAACATTCGT,-0.0037891924279416043,-0.8927330000043616,-30.439402169947037,True,False,True
388,synonymous,TTTAAGCTAAAAAACATGTG,0.025393508600099198,0.14720850001534677,-1.1619778604659694,False,False,False
389,missense,AAACGTACTAAGTCCAGAAT,0.02622203526793913,0.040628050808329305,-3.6863799735934544,False,False,False
389,missense,AGTAAATAGAGAGGTATACT,-0.33851224999963886,-0.9359318394795668,-31.390055781924126,True,False,True
389,missense,ATACCGGGACCCGGGGGCAT,-0.12426153975104778,0.09375077703459037,-1.229970248410763,False,False,False
389,missense,ATCATATACCTCACCTCAAC,0.06851058545757008,0.129904345847488,-0.5434774007155709,False,False,False
389,missense,CCCTTTAAACAAAATAAAAA,0.00221918520007862,0.012527145090625219,-3.7643777713457625,False,False,False
389,missense,GTGTGGGCAAAGGCACAAAA,-0.025818334114249903,0.09084478251346526,-1.8872178601560035,False,False,False
389,missense,TGAACACGCCGAACTTGACC,0.010797702503682494,-0.998586248582287,-32.85034599038359,True,True,True
389,synonymous,AAAAAAATGAATTATGACAT,0.007975257546810574,0.05190063358070962,-2.985057824984439,False,False,False
389,synonymous,ACTAATAAACCGTAAGTACA,-0.00794774197775362,0.01381950257037673,-3.1474558300228694,False,False,False
389,synonymous,AGACCGACGTCAATAAATCG,0.025522469131007176,-0.9302114904092105,-31.18081142720234,True,False,True
389,synonymous,AGTCTATAACAAGCGATTAG,-0.07121088151013874,-0.9255160710776491,-31.481151013435095,True,False,True
389,synonymous,ATACCTTTATAATATATACA,-0.059018779505068356,-0.9594747996114725,-31.092103106887674,True,False,True
389,synonymous,ATGGGTAAAAAGCAGTCCGC,-0.03940867715377043,-0.9534628285787774,-31.401938236491485,True,False,True
389,synonymous,CAAGTAAGAAGTTGCATTGA,-0.04428422983710316,-0.10556768179469456,-6.902619621719532,False,False,True
389,synonymous,CCGGTTCCTCAACACATCGA,-0.06782104141507357,0.09129505341874575,-1.6877043344088203,False,False,False
389,synonymous,CCGTATACATTAAATTCAAG,0.022657644196336243,-1.0212621831024673,-33.02141730074611,True,True,True
389,synonymous,CGAATTTAGTAAAGTTCCCA,-0.008028372664235263,0.06073141578295735,-2.199331459877274,False,False,False
389,synonymous,CGGTAATATTGAGCAGACTA,0.024677438500248297,-1.0191414163550567,-30.25511551807505,True,True,True
389,synonymous,GAGTGACCATTGTAATAGTT,-0.03079764990295269,0.04071854964460514,-2.97121514831027,False,False,False
389,synonymous,TAAGGACCTTGGGCTTGATA,-0.0023721270872199057,-0.04403246115734341,-5.795739741227663,False,False,True
389,synonymous,TACCACTTCTGAAGTCAATC,0.0050743235683288436,0.058109126024829136,-2.7091885698096503,False,False,False
389,synonymous,TATATACACGCGTTTAAATC,0.025319507841506675,-1.0184424663622058,-32.051160441531664,True,True,True
389,synonymous,TATCTCAAGAAATCGTTAGT,-0.41667843746765515,-0.9150471318027353,-29.98462974351703,True,False,True
389,synonymous,TTACGAGAAGAAACTGGCAT,-0.04368788376495088,-1.0119358953650095,-32.15578529892524,True,True,True
390,missense,AACTCAGGTCATTTCTCGTA,-0.0045842985100017115,-1.6311926042586806,-31.120816395363114,True,True,True
390,missense,ACGCCTCCCACTGGCCGTCT,-0.008686208272093782,0.0762101717237932,-2.136158937179864,False,False,False
390,missense,AGCTGATATTTATTCCGCCA,0.023370244654174675,-0.00905420177470631,-3.7799276483178765,False,False,True
390,missense,CCTACCAGGGGGCGCGAGAC,0.0038029901977283003,0.027137677552491385,-4.578849182535881,False,False,False
390,missense,GAGAACACGAATAAACAGGA,-0.04961787627356655,0.07213144004153461,-2.4795959605012268,False,False,False
390,missense,TGGCAGTTTAATTCGAGTAA,0.014149912875206814,0.03463772910581861,-3.4533930378890183,False,False,False
390,synonymous,AAGAGTATGCGAGGGTTCTC,-0.021996949415313185,-0.0569248600028425,-5.046403107250398,False,False,True
390,synonymous,AGATTATGTGCGGACTTAGC,0.00787226927649666,0.05654873846757871,-2.860159137152017,False,False,False
390,synonymous,ATAGGCAATTAAATTTAACA,-0.005640763900907392,0.10856956290879756,-1.6727924258304518,False,False,False
390,synonymous,CAGAACATAATAGAAAGAGG,-0.02017616758141915,0.1654325040568375,-1.2571791448968304,False,False,False
390,synonymous,CAGTATGATGCAATTTACGA,0.008958786517715388,0.029798479962423782,-3.8355203096256916,False,False,False
390,synonymous,CCACACAAAAAGAACGGAAT,0.06264304853435616,0.16097310718538768,0.0839781841006539,False,False,False
390,synonymous,CCATTATATAGATAATACTT,-0.04887942727948148,0.09583268894222521,-1.0327729993602481,False,False,False
390,synonymous,CCCTTGTTTTGATTAGGAAA,-0.02927120263376658,-0.9830940318774404,-32.2231813557803,True,True,True
390,synonymous,GATCTATGGAGTCAAGGTCA,0.011483595161950114,-1.006699812467342,-32.46547886421889,True,True,True
390,synonymous,GCTTGCGTAGAACGTTAGCC,-0.19857133816886952,-0.2935254960863104,-30.228027889155857,True,False,True
390,synonymous,GTGAGAGAGTGTTGACTCAG,-0.05479289201827757,-1.5738763830258353,-31.084187154004788,True,True,True
390,synonymous,TAAAAGACTCATGTGGAAGA,0.04740804985436142,-0.9400664794940656,-30.377458696276484,True,False,True
390,synonymous,TAATGAAATCAAAAACACCT,0.02234929745295914,0.055526744419705704,-2.988883191476247,False,False,False
391,missense,AATAGAGAATTGAGATGTCC,0.0026223637220323553,-0.947508463720032,-30.295584673749605,True,False,True
391,missense,AATCATCAGGCACAGCACAC,-0.04867265146722177,-1.0364307682941598,-32.08323241727935,True,True,True
391,missense,AGCTAATACGTTAAAAGATA,-0.06259250666848289,-0.1675575685378639,-8.36481846818721,False,False,True
391,missense,CGAACAACAATATATTACTA,0.022642532503449893,0.004153115272258506,-3.4291906458890495,False,False,False
391,missense,GATACACAAAGACCGAAGGT,0.021074462994981853,0.06210392611424487,-2.812972770613486,False,False,False
391,missense,GATATTTTATACCGAAAAAA,0.001556524796474114,-1.0120744482055877,-32.91829145899649,True,True,True
391,missense,TAACGGTCTATTTTGCCTAG,0.06597343357743703,0.0879700285328043,-2.010499522422151,False,False,False
391,synonymous,AAACAAACCTGCCCCGACAA,-0.14984168809954226,-0.2704960634376583,-30.09881652122256,True,False,True
391,synonymous,AGAATTCAAATGTTTAAATG,-0.054036004647561295,0.08140838330298715,-0.16331282398944252,False,False,False
391,synonymous,AGACAACTAAAATATTGCTG,0.05602753932908494,-1.5862385327161383,-30.051561157084933,True,True,True
391,synonymous,CATTAGTTGATAATCCCATG,0.01487885194400066,-0.9909755022196369,-31.6348239462934,True,True,True
391,synonymous,TAGCTAGGCATATATTATTC,0.12011769932567885,0.11884814415581213,-0.4654540350193911,False,False,False
391,synonymous,TAGGTCATGGTACAGGCTCA,0.01408032227284995,0.044489548786334196,-2.8827514521879114,False,False,False
391,synonymous,TATTTCGAAATTATACTAAC,-0.004425552298749797,0.03893646175311613,-2.714199084107298,False,False,False
391,synonymous,TCAAACATATTTAGTGCAAA,-0.0037494133175114772,0.06581306062456949,-2.1675303569424162,False,False,False
391,synonymous,TTGAGAGAACGAACGCCCAA,-0.06171428112209895,-0.9595973648659637,-30.89409014565741,True,False,True
391,synonymous,TTTGTGAAGTAACATAAACA,-0.09777418236385808,-1.0026485617817573,-31.588874474778684,True,True,True
392,missense,AAAATGCAAATTATATAAAA,-0.04811467884300988,0.07634095630489006,-2.291166769787753,False,False,False
392,missense,AATAGGGACGCCCGATCTAA,-0.010007329282525774,-0.9901381574507215,-32.053674293946386,True,True,True
392,missense,ACAGGACCATAGAGCTTCCA,-0.5703630978328756,-0.9684692762262552,-30.234629834758774,True,False,True
392,missense,ACTTGAAGAGATCCAAACCA,0.003530626108924463,0.07681646006431532,-2.3907081631657707,False,False,False
392,missense,AGAAGTTAAGCTACAGGCAC,-0.05178447849995979,0.10944328640479957,-1.3467196749347488,False,False,False
392,missense,AGTGCGTTTCAGAGGTACTT,0.032565756732045,-0.9799209123861947,-31.830872868997172,True,True,True
392,missense,ATTCGCAGCTACAGTCACCT,-0.2921647436346837,-1.5914555275498705,-30.32112782873322,True,True,True
392,missense,CAATATAATTATATAAAAGA,-0.054494255576158085,0.08177101845224619,-1.7496890165829007,False,False,False
392,missense,CCATCTTTATGGGCGCCCAT,0.6591616352168551,-0.9679960151463984,-30.63464829657346,True,False,True
392,missense,GAAGATCCAGGTAAGGTGAT,-0.05584608381948876,-1.559370072906869,-29.966930598991777,True,True,True
392,missense,TACAAGCCAGGTAGAAGTTA,0.02198622007798063,-0.13479150398901124,-7.749815502944798,False,False,True
392,missense,TACATTGATCGAAACTGAAC,0.013419828043692811,0.16772533579629098,-0.007589571401519634,False,False,False
392,missense,TTACAATAGATGCTTTAACT,0.020728996894948573,0.12167373939135376,-1.1391346165715899,False,False,False
392,synonymous,AAACTACCCAGAAGCTCCAC,-0.024133440453005372,0.054957186489445614,-2.295993123511125,False,False,False
392,synonymous,ACATATATATCTAAAGAAAA,0.001427724385246212,0.0363294056682822,-3.0175329854437014,False,False,False
392,synonymous,ATATTATCAGAATTGGTACG,-1.0571456228370668,-0.9399083773280275,-30.1813847597038,True,False,False
392,synonymous,CGCGATCTTCCCAACTCTTG,0.009881456859325906,-0.9986754361643193,-32.55258976041428,True,True,True
392,synonymous,CTCAAAGGAGTGAATGAGTC,0.0016000038659021343,0.28896202372956536,-1.124166124237397,False,False,False
392,synonymous,GACAATACACCGAGAATAAG,0.01686995609815741,-0.15861200982773888,-8.29740422960609,False,False,True
392,synonymous,GGAATTAGTTAGGAAAAAAA,0.010741831260651327,0.06378877666002959,-2.81952162164656,False,False,False
392,synonymous,GTTCTGAGATAAGAAAAGAG,0.0206872690182853,0.08597509863346017,-2.4599378029148506,False,False,False
392,synonymous,TAAGTAACAGGATCTAAATG,-0.0984205489968213,-1.0318857655163425,-31.599344949644866,True,True,True
392,synonymous,TATATAGCACTAAATAGTCA,0.010460777648638314,-0.9869056206216096,-31.05369870689983,True,True,True
392,synonymous,TTACGGTAAGTATAAAAAAA,0.004781925439568965,-0.07030991451777646,-6.091286410913364,False,False,True
393,missense,AAATGGTTACAAAATTACAA,0.02162844073801966,0.06960517583538542,-1.6364565162171048,False,False,False
393,missense,ACAAAGAAATATTATCCTTA,0.0136709034234167,0.011207766352811371,-3.082314249551487,False,False,False
393,missense,ACGAGTTATGTGGATAGTGT,0.007728915124482657,-0.9761027537818621,-30.183034887744544,True,False,True
393,missense,ACTCAGTCACATAACTACTA,0.07444764454194318,-0.9730241782707276,-32.241066065533566,True,False,True
393,missense,AGCACCGAGGTAGTTATCAT,0.0167600523327044,0.0018627125258812438,-4.090536739129435,False,False,False
393,missense,ATACTCGATATATAAAGCCT,-0.020403327257663167,0.04927828815849139,-2.263549070295751,False,False,False
393,missense,GAGATTAGGATGCCAATAAC,0.015112635548581554,-0.016632892126864474,-4.545184058637273,False,False,True
393,missense,GCAACATAAGAGAACCATCA,-1.7680068131419655,0.04347192051874817,-3.5032904650353625,False,False,False
393,missense,TAATATGCAACTTATTAAAA,0.04766177540484824,0.13578156506567685,-1.4344686727676248,False,False,False
393,missense,TATAGTAATGCATCAATTTA,-0.008178919930831283,0.04172775170462362,-3.1627414239085194,False,False,False
393,missense,TATCCACAACTTACTTTTAC,-0.013256231388793616,-1.010394717370217,-31.649853244289723,True,True,True
393,missense,TTAAACTCATACCCTACCAG,0.05229364993784756,0.05803798875276016,-3.1344498258860356,False,False,False
393,synonymous,ACAGAGGAACAGAACAATCA,-0.23489415975575056,-0.4562684287527439,-0.9115172720399685,False,False,True
393,synonymous,ACATGTAAACGTTCAACTTA,-0.021844743967796787,-0.1462328545885409,-7.9247312518476365,False,False,True
393,synonymous,ACTTTACTATAATATCCGTA,0.006004933401376422,0.020325722743078506,-3.6416257513664467,False,False,False
393,synonymous,ATCTGATATAAGACTATGGA,-0.016670492976979118,0.09357854308409125,-1.1457658122398091,False,False,False
393,synonymous,CGGAAATGAGTATAGATTAA,-0.22735230195736283,-0.9564885987001861,-30.287898384451374,True,False,True
393,synonymous,CGGACAACACCCCATAAATA,-0.015159089115207778,-0.03246361855675231,-5.343901161772702,False,False,True
393,synonymous,CGGTGAAAATTACTTGAACG,-0.0008688753411361279,0.04282778002762072,-3.5938828471640423,False,False,False
393,synonymous,GAGAAGGTAGCAATTGGGAG,0.02114738406664189,-0.018890069917635838,-3.8096817880699296,False,False,True
393,synonymous,GTATAGTACAAATATTTTAG,0.007610779946973678,0.04164126637952176,-3.3060209164759864,False,False,False
393,synonymous,GTCAGTGTCCCCAGCGATGA,0.020424420301975704,0.06849286597277246,-2.307639044809263,False,False,False
393,synonymous,TAATCAATTATAGCCAAATG,-0.020429203768350574,0.11693361389839851,-1.4353019709988657,False,False,False
393,synonymous,TAGGGCACTAGATCAAACAT,0.6093209291758291,0.054565143920090306,-1.4171013400787087,False,False,False
393,synonymous,TGCCAAAAAGCAGTCGAACC,0.0023946422461884067,-0.0036289263156547014,-4.077925512784951,False,False,True
393,synonymous,TGTTATAACATTAGTTTCTG,-0.7939016586017158,-0.06671435018488095,-3.0201223323539135,False,False,False
394,missense,AATGAAAGGGGTACTCTTGT,-0.03559341450825572,-0.9433354203280182,-30.886604889671933,True,False,True
394,missense,AGAGGAATTTAAGTCACGAG,-0.0238503559924926,-0.0032871153681016674,-4.637629105031265,False,False,False
394,missense,ATCAATTCAAGTTAAGATTA,-0.033835600108739344,0.11495007062169381,-2.0993298644895395,False,False,False
394,missense,ATTTAGTTCTAACTATAGAC,-0.020436119612534907,0.0716905405034366,-2.339595325041927,False,False,False
394,missense,CCATTTAATCGATAGTCAAT,-0.009310926521602543,-0.024070190658277812,-4.962770633240585,False,False,True
394,missense,GGATGCGCATAATAAAACTT,0.011266915940419219,-1.0186139858422558,-32.673234507693756,True,True,True
394,missense,TACGTGCAAATTACGCGTAA,0.011154999880354392,0.01746291722632043,-2.9450841943554162,False,False,False
394,missense,TACTCTTTCCAAGCAAATTT,-0.005157743829622193,-1.0037226633867173,-31.470115911933476,True,True,True
394,missense,TATGCTACAGTCTGAAATAC,-0.039133474429878176,-0.9709823191305309,-30.753610533861494,True,False,True
394,missense,TCAAAATAGCATTATCGCGG,0.00961881681779129,0.046214122341458996,-3.0295096476363264,False,False,False
394,missense,TGTAACCTTATCATCCCTAC,-0.0021496068823170502,-0.994868636813693,-32.352101316494725,True,True,True
394,missense,TGTGTTGAAATAAAGGCAAC,-1.1310450005160166,-0.9052149816533859,-30.178704993290957,True,False,False
394,synonymous,AAAGCGAGCATCACAAAAAG,-0.10022374855743803,-0.9388387612593672,-30.911444959640395,True,False,True
394,synonymous,ACAATGAGGTATCTTAACGT,0.0059172235789506184,-1.5706763956555274,-30.239149204551737,True,True,True
394,synonymous,GAATCCCCGACAAAATAGCG,0.03155543192459276,-0.9594734315166351,-30.305099354127066,True,False,True
394,synonymous,GTGGACATAGATATTAGTTG,-0.010913311117731066,-0.9949884461839003,-32.16165926272369,True,True,True
394,synonymous,TAAAAAAACCCACGATACAT,0.008376187422594678,0.04595956161072444,-3.088566559685809,False,False,False
394,synonymous,TAATACTATTAACTAAAACT,-0.7513647525421341,-0.9382512480771241,-30.274345427478977,True,False,True
394,synonymous,TACTAATAATAATAATTTAT,-0.04357062252197645,0.06247849247610876,-2.328643175338129,False,False,False
394,synonymous,TCCTTGCAGTTCGTATTCCA,0.021820864258859336,0.0518445972363525,-2.443677061817745,False,False,False
395,missense,AAGTTTAGCTGCAAACAAGG,-0.03763140630417347,0.08729038318654725,-1.4052427313025482,False,False,False
395,missense,CGATATCTATGCAACACACT,0.10225686398148014,-0.930556950506519,-30.510214968832834,True,False,True
395,missense,GCATTATCATATTAATTTGC,0.03849172596610481,0.1059447735468389,-0.7102916694290364,False,False,False
395,missense,TTAAGGTATACGAAACAAGA,-0.02848994573503735,0.02372344146844635,-3.003960044933945,False,False,False
395,synonymous,AAAATTACACCCAAATATTG,0.10258115715822007,-0.7322142176553548,-5.5579804489904685,False,False,True
395,synonymous,AAACGATAAAAGCAGTATAA,0.002032698569487671,0.06585727407359568,-2.917987924944905,False,False,False
395,synonymous,AACGAAAAAATCTCTCAATA,-0.023143601808748054,0.006507985686451501,-2.0914913659101906,False,False,False
395,synonymous,AAGTAAGGGAATGTACGGGC,-0.0007561427356064065,-0.014209583284566868,-4.105729100918069,False,False,True
395,synonymous,AATGATTGACTAAGTACTCC,-0.02614397492415266,0.05594763024319574,-2.392645664121626,False,False,False
395,synonymous,ACAACATAAAAGATCTAAAC,-0.0236005548933695,0.058189417875954955,-2.2681443819766987,False,False,False
395,synonymous,AGCGTAGAAGTTATCTACAA,0.0626174415230317,-0.9356083172417637,-30.62402441412395,True,False,True
395,synonymous,ATAACTTAGGGAATGAAGTG,-0.023389728079626963,-0.002256422586737722,-4.053815899760392,False,False,False
395,synonymous,GTTAAACAAGAAACTCTTGA,0.04743588428370317,0.08595308543010338,-2.0637768552767866,False,False,False
395,synonymous,TAACTACTTACTCTCGAGTA,-0.015188054726868575,0.11554651892005961,-0.6427428774956145,False,False,False
395,synonymous,TCTTGAGGATTCCTTCCAGA,0.019789901921324404,0.04874673406858243,-3.18066709997429,False,False,False
396,missense,AATACAATACTCGCAGTGTG,-0.000633378802934527,0.07494768313251529,-2.3082617503648533,False,False,False
396,missense,ACAAGTAATAATTAACACTT,-0.0907520459689618,0.12799093866596223,-0.7777088442642872,False,False,False
396,missense,ACGCAGTATACGTTCAACCC,0.6160553628605172,-0.9089101040907495,-30.051625114954067,True,False,True
396,missense,AGACTTATCGGATTTACGAT,0.061951210968991255,-0.06532003320502475,-5.9985175219269395,False,False,True
396,missense,ATAAATGACTTGGGATAATA,0.027635644118966518,0.06299433990148504,-2.4049619976378755,False,False,False
396,missense,CATGAGAGACTAACTAGTCT,-0.0021309781370287863,0.05902665698725941,-2.726015659613731,False,False,False
396,missense,CGATTATGTCCCTAAGGGAT,-0.0059418729573142495,0.0928961814026955,-2.3165299968079553,False,False,False
396,missense,GAAAGATTTAAAGCATCAAA,-0.03522551823325501,0.10883901376990382,-2.1652168238745992,False,False,False
396,missense,GAGAGTTATGAAAAGAGTTC,0.022066775440389007,0.08878773692288659,-2.263228670829159,False,False,False
396,missense,GATAGGAGGGCCATAACCAT,-0.0442722400315544,0.10923101326792764,-1.3303047322312176,False,False,False
396,missense,GCAATCAACAGCGTACCGAG,0.02138380153938334,0.06951061065156607,-2.7312416091794276,False,False,False
396,missense,GCTAGAATACCATAATATAA,-0.013940905276469063,0.09251298238187303,-1.5313589779740602,False,False,False
396,missense,GCTCGAGATACAGAAGAATT,0.0367627332566943,-1.0153154532982689,-32.31938634864117,True,True,True
396,missense,TCGAAATTAGACGCGAGAAA,-0.006800843615384534,0.048705645025047734,-2.621033802926785,False,False,False
396,missense,TTGTAAAGGGACTATAACTG,-0.008972716967467737,-0.9730433192375729,-30.10254193698575,True,False,True
396,synonymous,AGCCTCTCACCAACAACAGT,0.03922617423474967,-0.08311405195530303,-7.071121959263022,False,False,True
396,synonymous,ATGAATCTACACAAATTGAG,0.029032211029725266,-0.9283960148863137,-30.336239032379712,True,False,True
396,synonymous,CCAAGGATTGACGTTCAAGT,-0.0021775222379267992,0.04153058951536401,-3.195200654980207,False,False,False
396,synonymous,CTATAAAGCAGTAAGAGGCG,0.060697350890134116,0.08630343517305049,-2.166547025998158,False,False,False
396,synonymous,TCGTTACACAACTTCATTCT,0.017311056963556497,0.07863354453826936,-2.1695967101743383,False,False,False
397,missense,AACCATATAAGGACAACCAA,0.025568930096726717,-0.9944691696374801,-31.769562889160518,True,True,True
397,missense,AATATAGAACTCAAAAACTC,-0.137357810658698,0.10396827693279628,-1.5424977688054962,False,False,False
397,missense,AGTTTGGTGGGAGAATAGTG,-0.05201354668754836,-0.12578469030786565,-6.887357371676498,False,False,True
397,missense,ATAATAACAGAAGCGGTTAA,-0.011098220464146413,-1.0444288120332377,-31.950354225561068,True,True,True
397,missense,CCCGAAACAGATTTAATTGC,-0.01748689109598527,0.023037586625415746,-2.8375085585152253,False,False,False
397,missense,GAACGCCACAAAAAATTAAG,0.6654066561818368,-0.8862574402951149,-30.09876891909247,True,False,True
397,missense,TATTAAACTCCTTAGACCGC,-0.013493765389322416,-0.006483079631229599,-4.718967928668721,False,False,False
397,synonymous,AGAGTAGCAATAAACGTCAG,-0.011701071025319367,-0.9376333831012202,-30.264360841259112,True,False,True
397,synonymous,ATCCGTATAAAGCGGGATAG,-0.006319300618537018,0.07983985857265428,-2.2454547684842354,False,False,False
397,synonymous,CAACTCAAAACAGGCACCGA,-0.05839180917720048,-0.9185306184227282,-31.23108489727882,True,False,True
397,synonymous,TTCTAGCTTTTCACACCTCC,-0.010630547500137356,0.037041606358526685,-3.169059066409449,False,False,False
398,missense,AAGCACGAGGTTGGTTTCTC,0.19389351718087605,0.014325149770016393,-3.561813149595415,False,False,False
398,missense,AGAATGGAATATCGAAAAAT,-0.1340027408195989,-0.9206817392186084,-30.041437396934935,True,False,True
398,missense,CCAATGATTTGGTACTTATA,-0.027196538136270335,0.03760803959257503,-3.360874323776626,False,False,False
398,missense,CTACCTATAGGCGTAAACCA,-0.04112532394805625,-1.0034120690741317,-31.77558333634137,True,True,True
398,missense,CTGCAAAACGATGATAAAAA,-0.04789962235219339,-0.2347327753708578,-30.192420418559497,True,False,True
398,missense,GAACCCCAGGGAGTAGGGAT,-0.0023743937409554435,-0.08214803349987176,-6.101692252195489,False,False,True
398,missense,GAGGTGACGTTCCATGAAAA,0.034786209918601985,-0.9937307285602628,-31.76555910914949,True,True,True
398,missense,TGCAGCAATCGCAAATTTGA,-0.0686484208979003,-0.06783329255076537,-2.786973002487388,False,False,False
398,synonymous,AAAATGTACGATACATCAAA,0.05690185078406394,-0.9308720819215532,-30.590013453443863,True,False,True
398,synonymous,AGACGGAATTTTGAATCGTG,-0.09460733478770567,-1.0154223132069542,-31.171260569951844,True,True,True
398,synonymous,AGAGGATTCGACCACCCTTG,-0.05417246793765387,-0.9778998872425437,-30.472333347487215,True,False,True
398,synonymous,CATATCGGATTTTAATCACT,-0.011414303148262542,0.047919808107389494,-3.1209163078133004,False,False,False
398,synonymous,GGATATAGGACTAAACACTA,-0.008719881903779956,-0.9818915978148612,-32.154854600467864,True,True,True
399,missense,GGATGCCCGGGGTATGTTGC,0.02235061073128179,0.05603447102803946,-2.5804216148260357,False,False,False
399,missense,GTCGGCTCCAGACATTAGTA,-0.09818361949020664,-0.9026307591429998,-30.16045136098951,True,False,True
399,missense,TATATTTAAAAAAAGCAATA,0.06336878539306197,-1.0285469860680485,-30.161418361399072,True,True,True
399,missense,TTCGCGTTAAACGTGAAGCT,0.05541317333411845,-1.0404921854282982,-32.7477246151475,True,True,True
399,synonymous,ACTAGACTAATTCGACTAAT,0.013632019718584453,-0.002917720981698929,-3.728422940353743,False,False,True
399,synonymous,AGCCACATCAATAAACGCTG,-0.007271836835452279,0.11601789272925628,-1.3227494743305215,False,False,False
399,synonymous,ATAAAACAAAGATAATGAGA,0.00657783472900568,0.06603056215497932,-2.354034892926122,False,False,False
399,synonymous,TAAGTCCTGATTCGCACACA,-0.005018965536465022,0.05970161575158521,-2.4160998279385377,False,False,False
399,synonymous,TCAATAAGATAAAATATTCC,-0.009046135193425165,0.07759753178745936,-2.0988941535243333,False,False,False
400,missense,AATCCCGCTAGACGATTTAC,-0.03268851216982151,-1.0378390073613188,-31.666798183398008,True,True,True
400,missense,ACCATATCACCAAACGGGAA,0.027228088956218807,-0.8542474652869243,-30.228654341194005,True,False,True
400,missense,CTAAAAGCATCTTAAATCGC,1.5643495741732467e-05,0.06286985248223373,-2.4909161678318217,False,False,False
400,missense,CTTCTTTTTAGCCTAGCCAC,0.008274649035710152,0.03005125244935755,-3.570453157536961,False,False,False
400,synonymous,AGATGATACTTAGTGACCGC,-0.01625390124596267,0.01962013371543056,-3.721415085320026,False,False,False
400,synonymous,GAAAAAAGAGCTAGCACCAA,0.011849483219337315,-0.9666743642346078,-30.95742641313519,True,False,True
401,synonymous,AATAATATGTACAACCGAAA,0.02504043299611516,0.02955878888065505,-3.6965180859090174,False,False,False
401,synonymous,ATAAAATGCCAATAAAAGTA,-0.13340871308265995,-0.9111130067108044,-30.99464401288822,True,False,True
401,synonymous,TCATATTACGTTCAGAACAT,0.008563028087807362,0.012156832488479152,-3.7992721061437567,False,False,False
402,missense,AAAATTTCAAGAGCGTATAA,0.6181169832434894,-0.9284426360054543,-30.10652640154345,True,False,True
402,missense,AAATCAAAAATTGAAAAGGA,0.003890708308341157,0.03455704736138031,-3.046679186975729,False,False,False
402,missense,AATGTATCTAAAAATGTATT,0.017270671287671537,0.0553748421490306,-2.8140931918499446,False,False,False
402,missense,CTATAGACAACAACAAGTGT,0.032734977772758564,0.05615937155615161,-2.3572898666678967,False,False,False
402,missense,GTAATTATTCCAATCCGATG,-0.10166422680992007,0.05800990208945088,-1.9087333243801712,False,False,False
402,missense,GTAGGACTTGAGTTATTGAC,-0.049533900481106355,0.13059230827362583,-0.871952827223844,False,False,False
402,missense,TAAGAAACACGCAGAACAAA,-0.028269377445696124,-1.0789591100142875,-32.577698325205446,True,True,True
402,missense,TGAAACTCCATATTTATATA,0.005110426633925009,-0.9422124940574228,-31.203007237901236,True,False,True
402,missense,TGACAAGTTGTGGTATTCTA,0.02390974867341037,0.06778631283641484,-2.4852239906313365,False,False,False
402,missense,TGCTCGTAGAAGTCCAAAGT,0.016323027772265266,0.02759521025775384,-2.8023338374149143,False,False,False
402,synonymous,AAAAGAAGAACAAAAGTAAT,-0.06932989348305317,-0.9929022914562919,-31.750521686877157,True,True,True
402,synonymous,ATCTACGCGCTATAGAATAG,-0.10100467685627249,-0.9617664460075277,-30.992006031556976,True,False,True
402,synonymous,ATGGTTCGCTGAATCTCTTT,0.002883152851799394,0.07284262990094917,-2.2195279819982456,False,False,False
402,synonymous,CAGAACAGTATGAATACACA,0.024994714161407385,-0.973349679577854,-31.340631995689613,True,False,True
402,synonymous,CCTCCTAAAGAAATGACAAT,-0.014466793821218505,-0.035340241022854074,-4.857168259645867,False,False,True
402,synonymous,TTCACCCAAAGTAGTTGTCA,0.033996275573397725,0.0848165791596903,-1.3958387585760552,False,False,False
403,missense,AAAAGCCCCGGTAGAAATCT,-0.014621291994255152,-1.8298836526314406,-30.5217382541738,True,True,True
403,missense,ATAATCTAACACTAGTGAAT,0.017478477598647887,-1.0054743672774902,-32.046993666151685,True,True,True
403,missense,GAGCATCATCTTCAGCCTAA,-0.018155235305362633,-1.817138318856577,-30.663199596843256,True,True,True
403,missense,TGGATCAAGCGTCTCGCGAT,-0.027810593956131537,-1.6109733423131183,-31.056242436270864,True,True,True
403,synonymous,AATACAAATTAAGAGTCGAA,-0.10941360363581505,0.041002564370666114,-1.9468015883390886,False,False,False
403,synonymous,CCATTACTTTCAAATGCCAA,0.0049243464732022235,-0.9592068006506169,-31.403029573539346,True,False,True
403,synonymous,GATAGTATTCTAAACGATAG,-0.004394535112549842,0.027783670898432505,-3.520996339471289,False,False,False
403,synonymous,TTTATGGTATCATTACATCC,0.017477962248798145,0.06300941838577973,-2.3960978921603404,False,False,False
404,missense,CGTAACAATACCGATTAGGG,0.015650789785452784,-0.9997210345358074,-32.53488456788277,True,True,True
404,missense,CGTAGAAAACTTGGCTACCT,-0.015300607468403171,0.02807212475655603,-4.512501274986166,False,False,False
404,missense,GAATTGTTGTAAATACGGTA,-0.07394992062444318,-0.847814329931381,-30.839973575777805,True,False,True
404,missense,GTGACAAAGTGGGCCACAGA,-0.009871751291676948,0.03663474056963188,-3.070663017229,False,False,False
404,missense,TATCTGGGAATAGAAGAAAC,-0.09916251295702713,0.11054585790533396,-0.6067436959224165,False,False,False
404,synonymous,ACGATAGACAGCCGATGAGT,0.006752732913709555,0.0371524493096478,-2.856692673417267,False,False,False
404,synonymous,GACAATAAGAACAAGGGGGA,0.04521708753048537,-0.9706758973015548,-32.621806954727255,True,False,True
404,synonymous,GCTAATAGCTTTACTATCAG,0.0046359128882330165,0.048632731222481754,-2.663007890663417,False,False,False
404,synonymous,GGCCAATAGATGTAAAAATT,0.012905752403497544,-0.029684178422894753,-4.447010896609226,False,False,True
405,missense,CGTATACTGGATATAGGGGG,-0.030787118377964374,0.0465145826001937,-3.1859465754740843,False,False,False
405,synonymous,ATATGCCGGTATGTACAAAG,0.031094419920707113,-0.9418632746917834,-30.93982754009224,True,False,True
405,synonymous,GCAATATAATAATAACGAGA,-0.6390300693502142,-0.8842807625522413,-29.992851310371016,True,False,True
406,missense,AAGTACGATGTAAACAAAAT,0.02285870348601241,-1.05283374398991,-32.556443421422635,True,True,True
406,missense,CAAAATCCCGTTTCGAACAC,0.06159929704444009,-1.105659193378127,-32.187772097322046,True,True,True
406,missense,CGGTGAAAACGTTCTTGTAG,-0.07225581840414438,-1.8464230893970803,-31.805060625891777,True,True,True
406,missense,TAATCAATAGTAAAATTTAA,0.003982214548007192,-1.6087529209869489,-30.830542389029993,True,True,True
406,synonymous,ACGAAATTGGACTAATAATG,-0.009045909336240245,0.06314479018275033,-2.1625432703007395,False,False,False
406,synonymous,TGCCAATCCAGAGACAAAGG,-0.0023809508658465895,0.05171253191156068,-2.6899646081463726,False,False,False
407,missense,CGCTAATAATGGGAATATTT,-0.9705620496395636,-1.1223020723603465,-29.8986301557933,True,False,True
407,missense,GCTAGAATACGCTATATCTG,0.0007679486612414532,0.03933910286148222,-3.1064327713442035,False,False,False
407,missense,GGACTATGGACTCAAGTATG,0.010160933416506056,-1.1505003392140793,-30.3883723276553,True,True,True
407,missense,TCCCATTTTAAACCACAAAT,0.009356372308022533,-0.0713947855041357,-6.403929408629634,False,False,True
407,synonymous,GAAGAAGACTGCACTATCAA,-0.20049817263166644,0.06705634840260287,-1.8297073147927787,False,False,False
408,missense,TTGCAAAATCACACTTAGTA,-0.008172725906127042,0.014718882323789817,-3.810124427183333,False,False,False
408,synonymous,AAAGAAATCCGAAAAAGTAA,-0.2886368829540567,-0.9217361722937916,-30.13728384300956,True,False,True
408,synonymous,CACTTGCAAATGCTATGTGA,-0.009821198191622289,0.07277597897217555,-1.9555484452307625,False,False,False
408,synonymous,TCTTGGAAAATCAAAAGCAA,0.030876185749890192,-0.997294012030703,-31.558083430658513,True,True,True
409,missense,AATGTCAATCCGTAACGTCG,-0.0818551169024561,-1.072865467806034,-32.4769774533312,True,True,True
409,missense,TGATGTGTTTATGAAAACAT,-0.04680892851033221,-1.0380278617665326,-31.642299379319983,True,True,True
409,synonymous,TCAATACAGATAAGTTGCAT,-1.7290539221446373,0.7945622287445777,-30.13164967832719,True,False,False
410,synonymous,AAGAAATGATAGTATATACG,-1.3046459190756967,-0.9398631547579441,-30.6918336260088,True,False,False
410,synonymous,AGCGGCTAATGTATCATTGA,0.024804934755372876,0.05362496510910239,-2.8221328090903555,False,False,False
410,synonymous,ATCCTAATCTAAAGCCGAAG,0.0004508683861710323,0.06241071851094496,-2.621005934482071,False,False,False
410,synonymous,CCAGAGAATAAAAAAGGTTC,-0.015511516815937147,-0.9430639888488574,-30.946531381101238,True,False,True
411,missense,CTAAACATTCGAATGGAGAA,0.07350587367246461,-0.942261117639837,-30.15893171348968,True,False,True
411,missense,CTAACGGAAACGAACGATAT,-0.02189971450383303,-0.9452172396048011,-31.37009594831121,True,False,True
411,missense,CTACTAAAGATAAATCAGTA,0.42550800459018073,0.17358300807341623,-5.150064868381893,False,False,False
411,missense,GCACGAGACATTGCTTTAAT,-0.026067650037760418,-1.0135133592874994,-31.454611246441427,True,True,True
411,synonymous,AAATCTGGCTAGGTTCGTGA,-0.009105739089767575,0.06775362240104377,-2.2869029868576844,False,False,False
411,synonymous,ACATAAAATGCATATGTACC,-0.0035601633545689765,0.023092029342908632,-3.2316586094932087,False,False,False
412,missense,ACTATGACGTAGAAACATAC,0.052499349251843935,-0.9791317454818551,-32.14466146824873,True,False,True
412,missense,CGGCCGTCATAATGATGGGC,-0.18908027758995977,-0.9784326973130986,-31.153844471919157,True,False,True
412,synonymous,AATTATTAGCAACAGATTTT,0.01232192251502034,0.0298391601629536,-3.239019627602776,False,False,False
412,synonymous,GCCCAGACAGGAACATTAAG,0.014073980733884238,0.07543174001841288,-2.0894289368311223,False,False,False
412,synonymous,GGTAATAGATGAGTATCCAA,0.0008279600331679588,-0.9150898433997166,-30.005358434837195,True,False,True
412,synonymous,GTAATCTACCGGACGAGGTC,0.0433898162707301,-0.06648092003579825,-5.738337750801088,False,False,True
413,missense,AAGACAACACTGCTAGAAAA,-0.1673470748541214,-1.4273093938537942,-30.402935763008795,True,True,True
413,missense,AATAAAACCGTTGAGGCCCA,-0.0059671572138678235,-1.0374895611497557,-31.838133590525207,True,True,True
413,missense,AGGGTTGCAGAGTGTATACG,0.0049923613187638615,-1.0344768426277575,-32.59859230788595,True,True,True
413,missense,ATTTGCAATGTGGTTTAATT,0.07670114274421785,-1.1695602187729308,-31.32892861642866,True,True,True
413,missense,CCACTAAGAAAAGAGACCCT,0.07680232425030663,-0.9871879507675603,-31.581360714474833,True,True,True
413,missense,GTAAGAGAAACCCGCATCGA,0.11708999769570463,-0.493605029057171,0.41588846186801853,False,False,True
413,missense,TCACGGTTAGCAGTGCCGAC,-0.0245636273625434,-1.1330916547713927,-32.444303667091745,True,True,True
413,missense,TCTACACGATTGAACTATAC,-0.0010672514641690061,-0.04002467842141788,-4.542786003535502,False,False,True
413,missense,TTAGTAGGAAATTGTTTTTA,0.0004742307484346723,-1.0099411150664495,-30.53524757501388,True,True,True
413,synonymous,CAAATCACTATCGCCTCCAG,-0.01266929130846057,0.1009050091684321,-2.7758111348584933,False,False,False
414,synonymous,GCTTTACGACAACTGCAAAA,0.033565683377939776,0.05079636463134178,-2.978720186341476,False,False,False
415,missense,AGAAAAACAAATAATTAAAC,-0.03586795583164548,-0.9861265943118158,-32.13448381461371,True,True,True
415,missense,ATAAAACGAAAATCTAGGCA,-0.7605839265742114,0.6226963489079231,-4.988430405203958,False,False,False
415,missense,GTAAAGAAAGAGTAGCTGTC,-0.006384350093313531,-1.009634125467922,-31.570021001642388,True,True,True
415,synonymous,TAATTCATCAAGTATTTTGA,0.012233602185294342,0.06888506431565593,-1.8269556761810681,False,False,False
415,synonymous,TCCGAGACCCGTGGAGCTAT,-0.018804716038541724,-0.09856274976595283,-6.479568636253394,False,False,True
416,missense,GCTAGCGACAGACAAATTAG,0.04178397011515231,0.1416051983077736,-1.037800297362785,False,False,False
416,missense,GGAAAGAGAAACTCACCAAT,0.011822340114790133,0.32579279809497014,4.669737473844223,False,False,False
416,missense,GTCGTTCAAGAAAAACGCAA,-1.127560332080943,-0.08579454524287028,-6.855254027233322,False,False,False
416,missense,TAAAAATCAGTGTAATAATA,-0.016272121059141276,0.08361266844768535,-2.2788710258006364,False,False,False
416,missense,TACGCAGATAGTACATCTAA,0.007626416845042325,0.06049316417616098,-1.9972550577455015,False,False,False
416,missense,TATGAAACTAAATAAAAAGT,0.03000647718413285,0.0697453580897149,-2.3467797169703517,False,False,False
417,missense,TTGCGTCTTAGTAGGACACA,-0.0033505954243519933,0.06146169627632586,-2.260800347746424,False,False,False
417,synonymous,AAGATACCATATAGATACTG,-0.011274250643102857,-0.9387914737223546,-31.187432936316533,True,False,True
417,synonymous,ACTACCAATAATAGAAAAGT,0.42381155047657365,0.016091817878031517,-2.6834599150309772,False,False,False
418,missense,TATTAGTAGATATTTCAATA,0.05530515813792182,-1.7992662855564139,-30.08507067466588,True,True,True
418,missense,TTTACGGTCGTGTCATATAA,-0.026089078909707557,-0.23353102719528657,-9.245730160961966,False,False,True
418,synonymous,CTCATGTTTCACGGCGGATT,0.06433930809656553,-0.10596112559106968,-7.2881742418097035,False,False,True
418,synonymous,GGTATGTAGTGAGGATAAAA,0.014143840106739709,-0.05206880109863399,-6.566631391258684,False,False,True
419,synonymous,AACTCTAAGTGGAATATATA,-1.0962622892587506,0.06782247916634601,-1.530025837799434,False,False,False
419,synonymous,ACCTTCTTAGAAGAAGAAAA,0.0051906299464955065,0.07773717159225642,-1.877885847003219,False,False,False
419,synonymous,ATAGCCAAAAATAAGACAGG,-0.008493802993465721,-0.9720094597612796,-30.751645523293522,True,False,True
419,synonymous,CAAATAAAACGAAATATAGG,0.003925453087124243,0.055943495948553065,-2.834363559323032,False,False,False
419,synonymous,CGAGGCCCGTAAATTGCCCT,0.06798268123584274,-0.02083196747064428,-4.266208320466031,False,False,True
420,missense,AAGTAAAGGATTACGTAAAA,-0.00016469060473788336,0.0799692497000953,-3.3302744756364526,False,False,False
420,missense,GAAATCCATCGCGACGGTAA,0.043170697152790594,-0.14425805719338525,-7.861959871618095,False,False,True
420,synonymous,GATCAGAGAAAAATAGTAGT,0.004620044895077173,0.030701688223085805,-3.2912317327642495,False,False,False
421,missense,CAGCCCGGATTACGGGTACA,-0.0097791009973084,-1.1159412134774274,-33.40398203022449,True,True,True
423,synonymous,GTGACTATAATAGATAATTC,-0.025764832784094492,-0.9267446475201582,-30.458877421299725,True,False,True
424,missense,TCACAAAGTGAGGGTTCGTT,-0.006249852655450579,0.05491501896086262,-2.963590406211622,False,False,False
426,missense,AGTGGCTAACGCGGTCATTT,-0.08195875797576857,0.09737624348666105,-1.8768479097749375,False,False,False
426,missense,CATTCCGCACTCCATTCCCA,-0.002262453138563514,0.08889442497574121,-1.5778360744928626,False,False,False
426,synonymous,GGAGCCAAGCAACTAAAAAA,0.02860687729302209,-1.0734001002714886,-30.498236507472022,True,True,True
427,missense,ATGCACCCCTTAATAGTCTA,-0.265223109165843,-0.19383703351450354,-3.949605974664645,False,False,False
427,missense,GCCGCCGCAGCGGCACAGTT,-0.03902617405833719,-0.9592670500251417,-30.361648585338184,True,False,True
427,missense,GCCGTTCCGAAAAAACCGTG,0.2053962426812869,-1.5807563161888452,-30.34039630988437,True,True,True
427,missense,TACATTATACATGAAGCTCT,0.01556420885119511,-0.0072816409365417945,-3.9845694907438753,False,False,True
427,missense,TGATAAGGATAGAAACAGGT,0.019296713256039735,-0.9710572849112296,-31.96227707202402,True,False,True
427,missense,TGTTTTAAGAGTTACGTATG,-0.012754589264731817,-0.03726053238851723,-4.814375815434816,False,False,True
427,missense,TTTTCATGATCATTTGGGAT,0.4787446221254273,-0.9282998786484165,-30.223405438415792,True,False,True
427,synonymous,AATAAATTTCAAAAGATTAA,-0.057434659969007804,0.017294324569818414,-3.681862270109957,False,False,False
427,synonymous,ACAACCTACACGTTGCATGT,7.039276035292197e-06,-0.9546756526489291,-30.996270202959472,True,False,True
427,synonymous,AGGTCAGCTGCGAACCGAAT,0.010531938643315062,-0.9869634165067087,-32.47933457906652,True,True,True
427,synonymous,AGTAAAGATATGAAACAAGA,-0.033374450093880556,-1.6157437063736246,-30.784686723039545,True,True,True
427,synonymous,CAAAAAGGCTTATATCGAAA,0.0804747728845506,-0.9179107531271915,-31.437146011066407,True,False,True
427,synonymous,CAGTGATCTTAAAAAAGGAT,0.0047867398463029235,-0.1459673252198901,-8.867737798456155,False,False,True
427,synonymous,GGACAAACCTAAGTCGTAAC,0.00783961016167039,-1.005700064443426,-31.60851160131798,True,True,True
427,synonymous,TAGGAGATGAATCTACATAC,-0.013451440131997314,0.0819055511509938,-2.2856263168107507,False,False,False
427,synonymous,TATAAATGGCAAGTGTACCA,-0.005562392692054299,-0.9718969754389655,-31.860217417377847,True,False,True
427,synonymous,TATAGTCTCATAACAATAAA,0.012633900126286861,-0.9886197642516341,-31.32896276213582,True,True,True
427,synonymous,TCAAATAATAAAAAAACACT,-0.00679258906174645,0.0644670769128,-2.4224993312136194,False,False,False
428,missense,AATGATGGACGTCGCATCAG,-0.05815151782559176,-2.186953206752522,-31.16294507422327,True,True,True
428,synonymous,AAAACCTATGAACCGGTTGG,0.021094926034739593,-0.9505316617961033,-31.22645392016396,True,False,True
428,synonymous,AAGAAGGAAAACACTGCTAA,-0.0031216909504284823,0.03799071800267231,-3.000561184148605,False,False,False
428,synonymous,AAGCTGCATAAGAAGAGATG,-0.032099075158774706,0.03144939079481053,-3.2756963185850245,False,False,False
428,synonymous,ACCACCCAGCGTAAAGCGAT,-0.009828169660584148,-0.9961366608445996,-31.554366807065588,True,True,True
428,synonymous,AGAAGGACAGCAGTGCCAAT,-0.04445826841935292,-0.13152537420006605,-7.933309886251045,False,False,True
428,synonymous,AGCTGAGCCCGTAAATGGCA,0.009190006240070634,0.11217909896245035,-1.535625454807002,False,False,False
428,synonymous,ATGCACGGCTGGTTAAATAA,-0.16631570491551045,0.09321928876236091,-1.9831571995230308,False,False,False
428,synonymous,ATTAGATTGGACGTATGTTT,0.009373702087497125,-0.9702417855074423,-30.42415509109322,True,False,True
428,synonymous,CGAGACAAATCAAGTAACAC,0.039525345119220304,0.05275571070512099,-2.8537000275067284,False,False,False
428,synonymous,CGTGTTAAAGCAGTCGAAAA,0.046681918801824346,0.07326140802413753,-2.745531948556486,False,False,False
428,synonymous,GCTGGCAGGTGACTAAGATG,-0.0018349805236791668,0.149505276294156,-1.5504227140712685,False,False,False
428,synonymous,TAAGGCTGCATAAACCCGCG,-0.000821918626302045,-0.9251745334930166,-31.345689973767602,True,False,True
429,missense,ACCGTAGCTTGAAAGAGAAA,0.018464078363846476,0.033610726695468815,-3.2956997844026272,False,False,False
429,missense,AGATTAGACTCTGGCACCAA,0.05780764554688485,-1.0179123715204423,-31.124069913394884,True,True,True
429,missense,CAATAGAAAGTAACACAGAT,-0.04974487408965021,0.0747184788186438,-2.448731260697715,False,False,False
429,missense,CTCGCAATGAGAATTACGAT,0.11708813980231068,-0.0032140550465098727,-4.38587968019313,False,False,True
429,missense,GCAAAACAAACTCAAATGCA,0.0028135604809519867,0.07561999724482968,-2.557251564742584,False,False,False
429,missense,TAGGAGGCTCTCATATTGCC,-0.009563646097850221,-1.0178552637819855,-32.45812580425471,True,True,True
429,missense,TATTAGAACAGAAAAGGATA,0.006459523290463303,0.08109804702877255,-2.236261481424107,False,False,False
429,missense,TTCCAAAGCAAACATTACTA,-0.2626508899343809,-1.5544703990723294,-30.280923183652337,True,True,True
429,synonymous,ACACGAAATAAACGTATTAA,0.010940799072745826,-0.15997346489823727,-7.940432150644541,False,False,True
429,synonymous,ACCACGACGAATTACAAACA,-0.018165904200399943,-0.9628813750077625,-31.59536470643683,True,False,True
429,synonymous,GAACTGTATAAACATAGTTC,0.0022698986023151355,0.02940043114705508,-3.5918832266500678,False,False,False
429,synonymous,GCTTCGACTTTTATGACAGG,0.00218875717614432,0.03638641694960186,-2.785519615765172,False,False,False
429,synonymous,TCTGAGAATAGATAGTCTGT,-0.007032383249239851,0.047691678151831715,-3.0930746884119396,False,False,False
430,missense,ACGAAAAGCTATACTCTTAG,-1.7162855572513467,-1.1449313866727047,-30.216225874138342,True,False,False
430,missense,CGTAACCGAAGATTAACTCG,-0.01300730024398718,-1.089625601889832,-33.26641914767834,True,True,True
430,missense,TCGCAAATATTACACCACTC,-0.043729871522848116,-1.787667090618113,-31.318575545193816,True,True,True
430,synonymous,CGGTGTTGCAGCTGTAAGTT,-0.02808565722514266,0.03958699304210786,-3.0168976593095587,False,False,False
431,missense,AAGGCCACAATCAGAAATAA,0.01309649680721821,-1.047918764327761,-32.826658951928,True,True,True
431,missense,AATCTAACTCATCGAACTAA,0.05357050873010072,0.07413779827200052,-2.293091559871975,False,False,False
431,missense,TATTAATAAAAATACAACGA,0.005022837790761497,-0.058050186395612074,-3.440983630942636,False,False,True
431,missense,TTTGCGTACGTACAAAACCC,0.08718725836085969,-0.9247916662030709,-30.061803225632563,True,False,True
432,missense,CAACTAAAACATTATTGAAG,-0.027470255491720354,0.10363760962694732,-2.4268133360648854,False,False,False
432,missense,CACATTTTAAAAAATTAAAT,-0.016023506911360428,-0.9985591950718282,-31.908292164755068,True,True,True
432,missense,GTACCATCCACAAGATGAAA,0.03239432594050652,-0.016984762594351,-4.511017259599911,False,False,True
432,missense,TAGAATAAAAACTCGATGAA,-9.695656827919327e-05,-0.1419490071693214,-8.569476851128343,False,False,True
432,missense,TGACAGAAATTTTGTATCCA,-0.05382517738714453,0.0751201271281008,-2.345122937460267,False,False,False
432,synonymous,AAAGTGTATCAAACACAAAT,-0.1797431146227205,0.04541895996058222,-1.494822276173097,False,False,False
432,synonymous,AAGGGAATAACTAATGAATA,0.011294517786953921,0.0410717522685827,-3.4996911603122083,False,False,False
432,synonymous,AAGGTCATTATCGCAATCAA,-0.00568279711903902,0.12421927920681093,-0.35572875066296084,False,False,False
432,synonymous,AGACCCACATACTATTGCTG,-0.015600599626148254,-0.9958963077327716,-31.08547049539218,True,True,True
432,synonymous,AGAGCTGCTAAGAAGTACAT,0.03633366097396769,-1.055284198512206,-30.536913097745174,True,True,True
432,synonymous,CTACATACAATAATTTATCA,0.017162771740489177,0.0653551748090705,-2.65725355909871,False,False,False
432,synonymous,GCGGACTCAAAAACTTCCTG,-0.0007315820227929192,0.05401475302747105,-3.027988277340869,False,False,False
432,synonymous,TAAGGAAGGCCAGCGTCTTG,0.05651556275089924,0.08287757996287402,-3.0856498736556524,False,False,False
432,synonymous,TAATATATACAGAAATAAAA,-0.758670330065546,0.16081509560192192,-0.8739835627088041,False,False,False
432,synonymous,TCACACACGCTTAGTAAGAC,-1.1247438204629259,-0.9343985647756574,-30.76931890404365,True,False,False
432,synonymous,TTCCCGAATCATCTGTGATA,-0.04204814893387043,0.054971470733169644,-3.1509795597305406,False,False,False
432,synonymous,TTGCGCTCTAGATGACAATG,-0.007656469229247346,-0.9812483993263226,-31.269473823240325,True,True,True
433,missense,AAATAAATAACTAAAGATTA,0.020007648242721957,0.06876627372702758,-2.3055946333468866,False,False,False
433,missense,AATACTCAAAACCTTAGTAT,-0.02427274241517302,0.043641708287709066,-2.810333497761831,False,False,False
433,missense,AATCCAACTTAACGGGTTAT,-0.01569794212062065,0.05106743937275808,-2.7513767582132944,False,False,False
433,missense,ACTGATAAAAAGAAATCCTA,0.04268715484594285,-0.9575186252290278,-30.920178231235585,True,False,True
433,missense,CATGAAATGCAAAATGACTA,-0.018418290927165945,-0.11171180174755796,-6.3334070303072245,False,False,True
433,missense,GAAAAGAAGAGTAAATTAAC,-0.10312496810987183,-0.7894349910080236,-30.124376671446438,True,False,True
433,missense,TATAAACACGAGATCTAAAT,0.25656305816055963,-0.9775487408398471,-31.49408244769234,True,False,True
433,synonymous,AAATGAACTACGCGACTTGG,-0.01185993225315093,0.053447683999297266,-2.8997390329472057,False,False,False
433,synonymous,AACCTCAAAGCGTTTAGATC,0.03980477455735383,-0.6670295555309056,-3.976089064710511,False,False,True
433,synonymous,ACAATATTTAAACCGTTTTA,0.007499961838604761,0.06349905478315052,-2.652718982897583,False,False,False
433,synonymous,ATTACTACGCAGAAGCAGAA,-0.019017710516936705,0.0025005354442136363,-3.572336592427064,False,False,False
433,synonymous,CTTCGTTGAATCGTTAATCC,-0.008672974939226398,0.041221443387973664,-1.5557363368194812,False,False,False
433,synonymous,TAACAGTATTATAAACCTTC,-1.1232269145459122,0.03795344614035881,-4.5928203142434505,False,False,False
433,synonymous,TTGGAACTTCAAAATTAACA,-1.7398756777127773,0.18761139815984837,-0.31277865372403907,False,False,False
434,missense,AAAAACAAAGGAACCCTATT,0.030898771227568435,-0.05203436297149763,-6.161095275258321,False,False,True
434,missense,ACCACGTAAATATTGGAACT,-0.0048426684860980625,-0.011103452351447385,-4.311001219990234,False,False,True
434,missense,AGTAGGAAAATCATTGACTA,0.06694016069573834,-1.0051041249220576,-30.07659003205193,True,True,True
434,missense,ATGTAAATGCGCCGGATACC,-0.060939468041931524,-0.8653947775141897,-30.026652905772174,True,False,True
434,missense,CTCGTGACCGGGTTCCAATA,-0.02118547005169353,-0.04627734456444796,-5.48879645784959,False,False,True
434,missense,CTTAAATTATTCGTACGCTA,-0.030656610877447966,-1.553487032872969,-29.97541265227719,True,True,True
434,missense,GACAGAAACAAATGGACGAA,-0.030373968621095242,-0.05362405130311476,-5.265583812168332,False,False,True
434,synonymous,AAACCTAGAGAGAGTAATTG,0.0023002729396235278,0.04701042231315171,-2.851911388486365,False,False,False
434,synonymous,AAGCTCCTTAGACCGAAGCT,0.029914625219310816,-0.943420710244758,-31.137933272251527,True,False,True
434,synonymous,AAGGCGGGTACATACCGAGA,0.03285824892920693,0.09522551417826879,-1.9766561426776095,False,False,False
434,synonymous,AATAGGTCACCTGGAGTTTT,-0.021807483060397616,-0.9814263081948078,-31.532525212736104,True,True,True
434,synonymous,AGACTCGTACGACGTATTTG,0.00803792314507587,-0.9149363904233203,-30.364526920767652,True,False,True
434,synonymous,CAGGTTTTCCACCCGAATGA,-0.03975945779926164,0.05104026097344934,-2.7403546848915727,False,False,False
434,synonymous,GCAGGCTAAGACACATTGGA,0.026239257496605713,0.11557009890634219,-1.0396598739166116,False,False,False
434,synonymous,TGACACGCAAGGCGAAAACT,-0.004393515751580672,-0.9893912867969115,-32.28662589616443,True,True,True
434,synonymous,TGTCACGCGATATAACCGTT,0.05555778776408776,0.1266128124032637,-0.9875161693636942,False,False,False
434,synonymous,TTCAACCAATGGCAGATAGA,-0.025071923746416775,0.09728617656625399,-1.821979654678952,False,False,False
435,missense,AAAAGCAACGAACGTTTATT,-0.09272421189395387,0.053442612867588515,-5.808547265313287,False,False,False
435,missense,AACCTAAAGCTCCATGTGGA,0.042576880989700666,0.017843614333524077,-3.563439314029948,False,False,False
435,missense,CGGAATACGCGCAGAGGTCA,0.007708816292382624,0.06751041637213867,-1.9870012970504183,False,False,False
435,missense,GGCAGTGTTCCATAGTGTAT,-0.004649165207651048,-1.5921155241163578,-30.332281108650573,True,True,True
435,missense,TAAGCGACCGTATATTTCGC,0.024611032813857597,-0.921813487177348,-30.450084981890722,True,False,True
435,missense,TGATCATTCACCATATTAGA,-0.02102435278633966,0.10299462301339916,-1.6741864091853567,False,False,False
435,synonymous,ACGTCACGGGTCAAAGAATA,-0.014116311464670891,0.8828307100100448,-0.2720375431167246,False,False,False
435,synonymous,AGTGAAAAGAGGACATTTTA,0.016983048342719846,-0.9838298417513116,-31.57355390902308,True,True,True
435,synonymous,ATAGAATGGCTGCACAGATT,-0.008098322553467482,-0.9508712073036727,-30.83389074297778,True,False,True
435,synonymous,ATCCACAAACATGATACAGA,0.016690076572449728,-0.051792515332725025,-5.416175610825986,False,False,True
435,synonymous,CATAGGGACAGATTCATTGT,0.0025074183628964472,-0.999062950497722,-31.858571843046843,True,True,True
435,synonymous,GAATGACCGTAATACAGAGA,0.00403584797923213,-0.2603246508715881,-9.835280113122012,False,False,True
435,synonymous,GATGATCATTTAGGATTCGA,-0.04724938004925232,0.12382944728019374,-1.020370267309162,False,False,False
435,synonymous,TAGATAAGGTCTCAACGATA,0.07485695682727889,0.06430067141106098,-1.9559924101337076,False,False,False
435,synonymous,TCATCACTATCATTCACGCT,0.1117593772799277,-1.5760601152185807,-29.90845150034979,True,True,True
435,synonymous,TGAAACTTCTACATGTCCCA,0.009821160884215273,0.1146698249022174,-1.1768539037615686,False,False,False
436,missense,ATAGATGCCATCCAGATCCA,-0.07984457838782552,-0.9199122728601457,-30.384688633103853,True,False,True
436,missense,CACCCCACACGAAAAGAATT,-0.4343227376165906,-0.9136021412418782,-29.943221818632715,True,False,True
436,missense,CGTAAGTAAAGGTAAAGTTT,0.017436857823897506,-0.04479240507823934,-5.861119685465667,False,False,True
436,missense,CTGATTATACATCTGAAGAT,-0.028917798862879273,0.06094472056506689,-1.9177304429668636,False,False,False
436,missense,TCATTACCGATGCGCATACG,0.0018830850374207198,0.046669728271959116,-2.665403486775994,False,False,False
436,missense,TGATTAATCACTTGCAATAG,0.014073972659020469,0.0677485858171921,-2.400525134145742,False,False,False
436,synonymous,AAGAGCCTTTATTACATTCT,0.005900917166868601,-0.014325003107612339,-4.730561507237691,False,False,True
436,synonymous,ATCAAAATTGTAAGAATACT,0.0010587571505862071,0.06485022533057032,-2.3236695379776995,False,False,False
436,synonymous,CCGCTTCTGCAATAGAGTCT,0.19578131726636905,-0.9379614695756677,-30.2702035639222,True,False,True
436,synonymous,GGAGAACAGAGTGACAATTG,-0.04937381100642016,-1.0361848882587126,-32.93879259184021,True,True,True
436,synonymous,TATAAAGAAGTTACATTGAA,0.0006509785404049881,0.05705698142013094,-2.610305375334704,False,False,False
436,synonymous,TCACAAGCCCCTACCCCTGA,-0.00747196283490263,0.07803782326684347,-2.1610852498745174,False,False,False
436,synonymous,TCTGCCGTAAAAATTTAACA,-0.08074377630566021,-0.03634765787377128,-5.774454644521094,False,False,False
437,missense,ACATTTCGGGCTTAAAACTT,-0.033672032761424525,-0.9145824676293133,-31.20511316786662,True,False,True
437,missense,AGATCGAGACAAAAGCAAAG,0.015399286805737038,-0.07083407838201711,-6.893699877060381,False,False,True
437,missense,CCTACTCAGGCACTGATAAA,-0.03930702716452095,0.09345773253560252,-1.5479649514427372,False,False,False
437,missense,CTGTTCCCGTCTTCACTAGC,0.024954691704260557,-0.01834508090271647,-4.308234377554909,False,False,True
437,missense,TAAATAATTAAAAAGGTACT,0.04073199252429896,-0.9154897344560846,-31.100158720581785,True,False,True
437,synonymous,AAACTATTCTGTAGGGTCAC,-0.020711636652874954,-1.0242308952127457,-32.07219444078121,True,True,True
437,synonymous,AAAGCGTGGCTGCCCCTTTT,0.025122945701539574,0.04087971586859834,-2.894626891216382,False,False,False
437,synonymous,AAGTGGGGAACCTTTGCTCT,-0.1467524595146799,-1.0396121538427936,-32.352070908181034,True,True,True
437,synonymous,AATAAAGTGTTCAATGAATC,0.018861530174088495,-0.9757971659397005,-31.787810484855168,True,False,True
437,synonymous,ACACACAAAGAACCTATAAT,0.009094915927328473,0.15395270194545835,-1.3017784766341247,False,False,False
437,synonymous,AGTCCGCCATCCTCGAATGT,0.00603020040796854,0.08114981342702424,-2.2210079267340226,False,False,False
437,synonymous,ATCTAGGCAAAGGTCTCTGA,0.004250612682710455,-0.008240259812811346,-4.62520598090473,False,False,True
437,synonymous,ATGAGAAATATTATTCTCTA,-0.01774817164922467,-0.07054464394666904,-5.547008421443904,False,False,True
437,synonymous,CAAAGTATGCAATATACAGA,0.03256627001620849,-0.9471039428638746,-31.069755109451833,True,False,True
437,synonymous,CCTAATGAGAGAGAACAGAA,0.16010902655860296,0.12662639909335474,-0.9394947774164679,False,False,False
437,synonymous,CGTTTTATTGTTGTGCCCTT,0.06831324068907756,0.10896869793148917,-1.4374437754321403,False,False,False
437,synonymous,CTTAAGAGCAAATTAGGGAC,-0.11325742340893483,0.09613395259291777,-1.8735420531392943,False,False,False
437,synonymous,GGGAAAGAGCCCCAACCAGC,0.0067759513202192215,0.07121349128807324,-2.487984213511229,False,False,False
437,synonymous,GGTAAATCCTGTTTATAGGT,-0.04880388866081872,-0.881011500820069,-30.22290595525183,True,False,True
437,synonymous,TAGATATGTTTAGCGATAAA,-0.018683871469737667,0.04674033460340381,-2.9254503469582613,False,False,False
437,synonymous,TAGATTCCGAGACTCTTGAG,0.01829997012509918,0.07463088637085592,-2.4741346022841344,False,False,False
438,missense,ACGTCGTTTTATATATTTTA,-0.009006524514147135,-0.1583741355582321,-7.927255713205138,False,False,True
438,missense,CCCACTGAAGACCACTCGTA,-0.04556012653295799,0.054927008804503075,-3.001656638289604,False,False,False
438,missense,CCCCAGGGGGCGTAATTGGT,0.009915174103527359,0.0546488162061589,-2.612153046312385,False,False,False
438,missense,CCTAAAGTAAGTCACTAAGA,-0.36730540837917314,0.09629106681212457,-1.9814154111966253,False,False,False
438,missense,TCAAAAACTAAAGAAAAAGG,-0.003307705616905985,0.035369776733775615,-3.0747315158242876,False,False,False
438,missense,TGAACTAAAAGTCACACACT,0.05397514743614229,-0.9547032120881309,-30.77759286405111,True,False,True
438,missense,TGGCAAAACAGAAGTAGCTA,0.0764839176470732,-1.0581200043788945,-30.366902786061104,True,True,True
438,synonymous,AATACGATTCCCCAGGGGAA,0.05488035590573333,-0.00825427663574857,-5.212606985215326,False,False,True
438,synonymous,ATACTGGACTAAGGAATCGT,-0.006631939935730942,0.08178058181021712,-2.3113431198788708,False,False,False
438,synonymous,GTTTACAAACAATTCGTTAT,0.6136925535650904,-0.14194860490039446,-2.3675706225974524,False,False,True
439,missense,ATATGGTAACTAAGTGAGAA,0.0037845265062669644,0.15110239100738654,-0.775443266796197,False,False,False
439,missense,ATCCACTTCCCCGTTGCATT,-0.17910115319220962,-0.8894500410389217,-30.190483745556836,True,False,True
439,missense,GAAATCTAGGAACAGGTAAT,-0.011313595385805607,-0.992297155657706,-32.18250771123588,True,True,True
439,synonymous,ACCTGTTGACAAAGTCTGAG,0.014997115423319943,0.05905233610486599,-2.4169269174692176,False,False,False
439,synonymous,ATGGGTGACCCAGCTATATC,-0.01661743378094157,-0.9572203342648629,-31.46134717048733,True,False,True
439,synonymous,GGACCACGTAACCGAGAAGT,-0.0194405331851223,0.06057882095507451,-2.3218935984707434,False,False,False
439,synonymous,TACCAAAAATTATCTAATTA,-0.015187623648627344,-0.100420026050698,-7.426667938485193,False,False,True
439,synonymous,TCTCTGCGAAGAAAATGTAT,-0.7084958017788364,0.1408347595348425,0.22926003470272485,False,False,False
440,missense,AGTCCAACTTAAGGTATTTC,-0.05621698334592376,0.07579176127831777,-1.6863508245230816,False,False,False
440,synonymous,CGGCTAACACAGATAGTTAA,0.009570400872195402,-0.04004990751429058,-6.016017560008194,False,False,True
440,synonymous,GCAAGAGATTATTCCCGAAC,0.0051390406388009575,0.03799916001291685,-2.8302332073818786,False,False,False
441,missense,GTATAATGTCGGCACAGCTT,0.020766574270800323,0.011407579120729955,-2.0723392143304147,False,False,False
441,missense,TCGTTTAAAAGGGAGCCGGA,-0.03834874610484898,-1.0006711936443644,-31.559574527676435,True,True,True
441,missense,TTATAAGCATAAATACCAAC,0.020308200323756742,0.03452556894528716,-3.448828102115429,False,False,False
441,missense,TTATATCCGGTCTAGTCATA,-0.06017583694254508,-0.9579703672125748,-30.77772691312991,True,False,True
441,synonymous,GCAGCTAACACAAATCAAAT,-0.01280764608106048,-1.0156478708323384,-29.931702419223317,True,True,True
441,synonymous,TACGGGCATTATAGCAGCGA,-0.017898908074747567,-1.0076822724847208,-32.0449177694414,True,True,True
442,missense,AGGATAAACCGGCTTAAACC,0.1878862096234363,-0.9380639182226331,-30.532679603774824,True,False,True
442,missense,TGCAGGTAACCTTAAATGCA,-0.06897562113758415,-0.13952114144852984,-6.890341952858409,False,False,True
442,missense,TTCATTTAATCGTATATTTC,0.0071728982436744205,0.009937275744138108,-3.4639976921012128,False,False,False
442,synonymous,AAGCTAACAGTCATGAGTAT,-0.09114586874021278,0.045454111333476876,-2.6385285032121675,False,False,False
442,synonymous,CTAAACAAGGACTCCTTTGG,0.0056275343389404035,0.039623930036508756,-3.2356371748328785,False,False,False
443,missense,AATGAACAGTACATGTTTTG,-0.03853429902804355,-0.024114401867180335,-1.3669179386803443,False,False,False
443,missense,CAAAAGTATTACCTGATGGA,-0.01758623446210888,-1.0095253078226392,-31.63087549601267,True,True,True
443,missense,CACCAAATCACAGACACAAC,-0.02389513833567565,-0.9181980142888158,-30.417986256341614,True,False,True
443,missense,CTCAATGATGATACAACAGG,0.031116264484442845,0.13211679210457392,-1.2626140838452313,False,False,False
443,missense,GAGACTCGGGGTAAGGAATC,-0.04595735493740401,0.029149447199923087,-2.478782606968891,False,False,False
443,missense,TAAAGGGATACCGATGCACC,0.044908125103830576,-0.9689088193927933,-31.2899852662561,True,False,True
443,synonymous,AGATAGACCGCCGCCAAGCA,0.0031931155233012863,0.05133496897478486,-2.5904130566360557,False,False,False
443,synonymous,AGCTAATATGAAAATAGAAT,-0.032932052356061475,0.0931786973159808,-2.43918076010971,False,False,False
444,missense,CGGCACAGAAGTAGCAACAA,-0.003934241623988766,-0.18664304126084208,-6.078886390261277,False,False,True
444,missense,GAATACGCGTGAGACAATGC,-0.03671960577361877,-1.8549278446944366,-34.736744323860755,True,True,True
444,missense,TAAAGTAGAGTAGCGTTGTT,0.04967081248846092,-1.8287480144474464,-31.19066604475628,True,True,True
444,synonymous,CATGGAGGAAAAAGAACAGG,0.02665821650681355,0.059804178581434775,-2.721207559395555,False,False,False
445,missense,ATTATAAACAAGTGTCAATA,-0.01346115246980921,-0.4378523668193059,-11.195989097318828,False,False,True
445,missense,CTGAAGGTTTTAAATAATGC,0.0379040940034546,-1.6161862770933906,-31.026630591161496,True,True,True
445,synonymous,ATCTCCAGATGGAGATCAAG,0.001859112718644533,-0.002658226062813185,-4.283826657596594,False,False,True
447,missense,AAATAATGATAAGCATACAC,0.0029963174282922503,0.10895277716055207,-1.570959159301461,False,False,False
447,missense,ACACAGAACAAAATTTCAAC,-0.030376932648334628,-0.9305007044053966,-31.22869388688949,True,False,True
447,missense,TATTCCAGGATAGAAAAAGA,0.016460257279205862,0.07130183285919639,-1.449333852394965,False,False,False
447,synonymous,ACAATTTACTATTCACATAA,0.0011866433042802746,0.05303837842247018,-2.8925113772245616,False,False,False
447,synonymous,ATGAAGGAACATTGTAGATC,0.01686443953209624,-0.9875806518430996,-31.97911157524581,True,True,True
447,synonymous,ATGGACCACCTTAATCCACA,-0.0037376097510326478,-0.9482859007092768,-31.285009168610927,True,False,True
447,synonymous,CAACAGCCTAGGGACTTCAT,-0.004349639576912386,0.07537652597855934,-1.645282437791574,False,False,False
447,synonymous,CTTTTTTCCCACTATATAGT,0.03191639447710608,-0.919745024979415,-29.986082123598344,True,False,True
448,missense,AAACACTAGAAATTCAGAGC,0.008301405870055423,0.07889240544570816,-2.4359132894208124,False,False,False
448,missense,AGAACCTACGTATAGGGGAC,-0.15285647110483003,-0.01733987262385775,-1.77975739095834,False,False,False
448,missense,AGAAGTAAAGGGAAATGAAA,-0.01083848446434392,0.10320956365284562,-0.6711752153703872,False,False,False
448,missense,CGCAAACTCAGAGCAATAAG,0.020823324622802692,-0.9798717315435843,-32.12301367082464,True,True,True
448,missense,TCAAATAAGAACATATTGAA,-0.020088567724102568,0.029620832404438288,-2.6516557930035707,False,False,False
448,synonymous,CCCCTATCCTGCTCATTTTG,-0.9889763811635722,-1.042041000559522,-30.012905330633956,True,False,True
448,synonymous,TGCTACACAATAATGTGAGA,0.009822658870301218,0.052854381878042034,-2.767564796209584,False,False,False
448,synonymous,TTTAGAGACATAAAGAATTA,0.060335730321647296,-1.046535379060745,-30.910524603693222,True,True,True
448,synonymous,TTTGGTATGACTACAACCTT,0.002493216359698354,0.062126331451703834,-2.4990321428155253,False,False,False
449,missense,AAAAAGCTAAGACTACCGTT,-0.0021562071524379575,0.02198014226448214,-3.4946185989925564,False,False,False
449,missense,ATAAACTCAAGGAATGTTGG,0.004586360206657357,-0.9323666494119829,-30.742903323772527,True,False,True
449,missense,TAACTACAAATAGCGTGGAC,-0.013127431170287827,0.09528233138709215,-1.5276685495221574,False,False,False
449,missense,TTTAGCTAAACCTTCTGTTT,0.012966005636573697,-0.01690938757020838,-4.2085873168906565,False,False,True
449,synonymous,ACAACGACGACTTTCAATAG,0.003089367045754612,0.05478743596966268,-2.916779058076835,False,False,False
449,synonymous,ATCTACGCGCGGACATATAA,-0.05640200915882021,0.12253031755911475,-1.3161202516645507,False,False,False
449,synonymous,ATCTATACAACTATCATTAG,0.01547682374375784,0.03601094438215485,-2.6542845949089533,False,False,False
449,synonymous,CAATTTTCCATTACGAGTAG,-0.0169740091944427,0.0699596649993431,-2.1216301009167715,False,False,False
449,synonymous,CGGAAATTGGCCAACGATAA,-0.02491836864778452,0.07926465797758254,-2.3019690597314844,False,False,False
449,synonymous,TCTTGTTAAACCCTTTTAGC,-1.1069366589395193,-0.9447600557119644,-30.293764111888542,True,False,False
450,missense,AAAGAAGTTTTAACCGTTAG,0.06443405756399312,0.0991258173987955,-6.5905574019316475,False,False,False
450,missense,AACACGCATTTATCTTAGAT,0.042606123927948186,0.15773222106798432,-1.2862343067362567,False,False,False
450,missense,AGTTGCGTGTACGGTGGATA,-0.11629816856168143,-0.06468769326491675,-6.495767382901381,False,False,False
450,missense,CCAAACTTACGTAACATGAT,-0.8367107692351176,0.055669547817346385,-2.662627226479667,False,False,False
450,missense,CCCGGACCCCTCCAAGTCTT,0.011553834034012242,0.004702150385091086,-4.278634974012515,False,False,False
450,missense,CTGCCATTTGTCACGTCAGA,-0.00909522903418685,-0.004498257783246501,-3.9032409422514855,False,False,False
450,missense,TACGGGAAGTGCTCTGTAGA,-0.014840328522781006,0.0951491320336154,-3.1701866393931315,False,False,False
450,synonymous,AATAGTTCCCCCTAAAAATC,-0.0593174786026274,0.046693649142644914,-2.8960808375367875,False,False,False
450,synonymous,AGGACTGAATACCACTAGGT,-0.014768331030668009,0.01837381971109009,-3.805548184552241,False,False,False
450,synonymous,AGTTAAGGCCCATACGTCAA,0.028089112204450192,0.027527955249381106,-3.667394830356495,False,False,False
450,synonymous,ATAACTGGATGCGAACAAAT,-0.02047961705431692,-0.014149945511184536,-4.384438297194479,False,False,False
450,synonymous,ATCATAATTCTAAGTTGAAC,0.0010955267668279578,0.10251107238934877,-1.0710994871828259,False,False,False
450,synonymous,TAAAACATTAACATCAAATT,-0.01963568366454261,-0.03716656442527805,-5.282214919650764,False,False,True
450,synonymous,TGGCAATAATGACATCCTGG,0.08666950772345813,0.008490059649161191,-3.449151922355986,False,False,False
451,missense,ATATCGAAATAAAAACTGCA,0.02911984180472034,-0.9438621501164166,-30.7845606520808,True,False,True
451,missense,CAATCAGTCTTAGAGTTTCA,-0.0034569607037360957,-0.145120408018778,-7.396976890211297,False,False,True
451,missense,CATGTAAAATTACGACTCAC,0.018517088745181234,-0.0055016026298730925,-3.955859437731634,False,False,True
451,missense,GCAGGGTTAGAAGATTGTAT,-0.012687942450923766,0.06244021734713741,-2.8052684231772123,False,False,False
451,missense,GCGTTTTTCTCGAAAACCTG,0.012326209930987212,0.09052464961297396,-1.8240192588507322,False,False,False
451,missense,TATAATCATGTATATATAGT,0.031232250450157414,-1.0003752499162015,-30.9089831575018,True,True,True
451,synonymous,ATATAACATATACAGGTTTT,-0.07716730947669434,0.2654294896509934,-3.059964956465552,False,False,False
451,synonymous,CAAGCCATTATATAAAAGCT,0.04224392403757639,-0.14537653556423308,-7.205937716776216,False,False,True
451,synonymous,GGATTAATAAGATGACGAAG,-0.04382021677542955,-1.6339719099336387,-30.6939685665762,True,True,True
452,missense,AAGACACGGCTGACAACACC,-0.013704633127438557,-0.977690990551308,-32.17849590333755,True,False,True
452,missense,AATAAATTCGAAATTTAACT,0.0271119807481787,0.09283598421986007,-1.4825824318748426,False,False,False
452,missense,GCAACTTAAGCATAAAAGAC,0.00264209122333222,0.02392017743561084,-2.586464057934153,False,False,False
452,missense,TCGTACAAGCATAAAATTCT,0.5679476529373082,0.3720727516054445,-5.458321159797867,False,False,False
452,synonymous,AATGCGTTATATCGGAACGT,0.02937361704071642,-0.12158121858974386,-6.701329668659484,False,False,True
452,synonymous,CACATAGCATACTGTCTGAA,-0.6048621551284968,-1.193633228867424,-30.25833315610355,True,False,True
452,synonymous,GGATAACAAAGAACCTAAAA,0.0008660702382822676,0.040499666159141814,-2.1665624080895993,False,False,False
452,synonymous,TAATCACGGTGAACGTTAAC,0.009621600906586973,0.07693666007541736,-2.1628150709966185,False,False,False
453,missense,AAAATTGTTCGATACCAAAC,-0.017724501466154827,0.017906213970516144,-3.0976323552777467,False,False,False
453,missense,ATTTAAAAAATATAACTACT,-0.0630968820537894,-0.012959053314179986,-5.035121412238622,False,False,False
453,missense,TGCGTGTGAATTAACTAGAG,-0.01878407300814463,0.07117739537832289,-2.53433158641423,False,False,False
453,synonymous,ACAAATTCATACAAGGGTTA,-0.03069121189209546,0.059681658113333966,-2.899161353549877,False,False,False
453,synonymous,ACTAGCAAATTACGTACGTA,-0.009674719172032054,0.064206916951544,-2.2860686394932044,False,False,False
453,synonymous,AGAACTACAGCTAACTACTA,0.010903385117819993,0.040035718651891414,-3.361366778618339,False,False,False
453,synonymous,AGGGTTAAAAAAATAAGGTC,0.05223242779261408,0.045110388113694194,-3.8886866283266146,False,False,False
453,synonymous,CGGATATCAATGAAGTAGCT,-0.48533039691741603,0.14800860395795162,-0.742965870100517,False,False,False
453,synonymous,GGTATAAAATTGCTTAAAGT,0.05235840395033428,-0.015532675563848047,-5.628210960204433,False,False,True
453,synonymous,GTCCAGTGGGAGAACCACGT,0.024444921131688762,0.3867363290942214,-2.7847944714154833,False,False,False
453,synonymous,TAGCCCCAGTTTTTAAGGTA,-0.2310055727110215,-1.011247682398765,-30.9510968276052,True,True,True
453,synonymous,TATATCCGTGGCAATAATGG,0.01663711906036238,-0.07074504467448248,-6.524774326778671,False,False,True
453,synonymous,TTTATGTCTAATAAAAGTGT,-0.05747078627906392,0.06949422967937337,-1.8629124003510023,False,False,False
454,missense,ACGGTCATGGATTGCGGTGT,-0.021288047508144566,0.04653897971635024,-2.405492884130486,False,False,False
454,missense,TTAGAAGAAAATATAAATAC,-0.007729044813245033,0.15018460112628546,-0.3227664749629666,False,False,False
454,synonymous,CTTCAAACAAAATGGCACTT,0.001726299255184297,0.05976226150577123,-2.6264309440800537,False,False,False
456,missense,ACAGTCAAACCCATTTTTGC,0.009848702700873572,-0.9849181965044949,-32.01175196466667,True,True,True
456,missense,AGACCTAGAATTAGAGGTCA,-1.0214937343635513,-0.912788584936461,-30.297583254886764,True,False,False
456,missense,ATGAAGTAAGAAAGAAAGCA,0.012528143490792176,0.05835874934976443,-2.7079704548176284,False,False,False
456,missense,CGGATCAATACATATCAGGG,-0.03600387938740554,-0.9252946503522936,-30.371469601421932,True,False,True
456,missense,TAAGTAGGGTAGGTGATAAG,-0.6677453201125987,-0.9481733265614598,-30.534539360347775,True,False,True
456,missense,TACTAGATACAGAAAGTAAA,-0.015714014097964416,0.08503152760198376,-1.9998374010367252,False,False,False
456,synonymous,ATAACCTGCGAAAAGTAAAC,-0.0953448752675157,-0.9795968425962018,-31.063209068687794,True,False,True
456,synonymous,CAGAATGAGCACCCTTGTGG,0.023714020106014918,0.03756239222733086,-3.728394706883373,False,False,False
456,synonymous,TAAGAATTCTTTTCCAGTGG,0.02480327582613892,-0.04431712409353644,-5.430938527683518,False,False,True
456,synonymous,TGTATTCGAATAATTCGCTT,0.05307082788174916,0.03704158949508944,-2.737319043623231,False,False,False
457,missense,AGAGAATTTAACGACTTGTG,-0.07001156885259684,-0.9791461690346446,-31.68478438727012,True,False,True
457,missense,ATGTATGAAAGATGTTAAGA,-0.024589370144886435,-0.05492275565320556,-3.4179073598234084,False,False,True
457,missense,GTATGGTCTGACAGGATCAA,-0.05652092231621998,-1.64911310801126,-31.539758898661432,True,True,True
457,synonymous,AAACGAAAAGGATTATCGAA,0.031129891557636236,0.016830336395748713,-3.220244271001645,False,False,False
457,synonymous,AAGGGTAGCGCAACAAGTAA,0.09901021182486511,-0.990044065764109,-30.94073228710491,True,True,True
457,synonymous,CAGTGGGTAATAGTCTCAAT,-0.11226668253605755,-1.5690127002676741,-30.215472618208494,True,True,True
457,synonymous,CTAATAGTAAATGTTCATTC,-0.007618348219038316,0.08213692989357388,-2.071372075973244,False,False,False
457,synonymous,GGGAGGACAATTTCAATACT,0.021611629036922805,-0.018468315071205776,-4.280492416604863,False,False,True
457,synonymous,GTTATTCAATATACGAAAGA,-0.06474749919641565,0.05408838975176082,-2.9133994397958443,False,False,False
457,synonymous,GTTCATAAAAAGACGTGAAT,-0.005808003434705666,0.08901280715301552,-2.8162350248572903,False,False,False
457,synonymous,TACGGTCAAAAAAACACCCA,-1.2065751172889112,-0.05496910625436696,-6.2000855260551475,False,False,False
457,synonymous,TCTAACCAAACAGCCAAAAT,0.010957049754909,0.05286996892650604,-2.674875472126029,False,False,False
458,missense,AGTATAACAAACATCGGAAA,-0.04894775138002508,-0.9204823741312671,-31.13486462472834,True,False,True
458,missense,ATAAGTTCCCAGTGCTATTT,0.015936929782834515,-1.3033324080990174,-30.05133336291795,True,True,True
458,missense,CCGGCCTAGAAACTTTAGAA,0.05143086337619164,0.31366481582297256,-1.742107590753911,False,False,False
458,missense,GCTTCAAATCTTAATGTGAA,0.008485335136374486,0.08148477441661263,-1.8648144882233886,False,False,False
458,missense,TGATCGCGGAACTAGTGGAG,0.0021198412203386383,0.05136679887840233,-2.516526733407196,False,False,False
458,synonymous,ATACATAGATCCAAAGAGCT,0.023403488852827708,-0.9219608772844452,-30.96957653227707,True,False,True
458,synonymous,GTCGCGAACCACTGAAAAAT,-0.07076346138577759,-1.5979311220155994,-30.346578883494445,True,True,True
459,missense,AAAAAAAGCAAACTAAAATA,-0.07724652583641789,-0.9939795135716802,-31.248716031593172,True,True,True
459,missense,GAATGATGAGATATTTAAGG,-0.031518440833385813,0.022789627451465122,-3.105136090141967,False,False,False
459,synonymous,AGAACAATTGGCTTTTTTAA,-0.014679335371113555,0.10789159224114109,-1.3254391531735124,False,False,False
459,synonymous,CAGAATTCAAGATCTATACC,-0.03630182285944701,0.04973910629846405,-2.3022119757348576,False,False,False
459,synonymous,CGTTCCTAGTAAGCCCGATC,-0.1197489237845342,-0.9787205033750883,-30.130315999108653,True,False,True
459,synonymous,TTAAATGCCCGAAACTGCCA,0.02822778357447903,-0.9430233898368869,-30.617123306296456,True,False,True
460,missense,GAAAGTAAGTTAGATAGAGT,-0.006882116298271946,-1.645752284081121,-31.562849067102253,True,True,True
460,synonymous,AAGAGACATAAATGAAGAAA,-0.012974156329893526,-0.9898290843588762,-31.58358327686369,True,True,True
460,synonymous,GAGCTGTCAGTAATAATGGT,0.031673579668359056,-0.9884570094935285,-31.972932037790834,True,True,True
460,synonymous,GGCTCCATCATGACTGAGAT,0.016389112975268787,0.023726743519271426,-3.434667310995568,False,False,False
461,missense,AGTTCTATCTTAGATGGTAC,0.06633811202316613,-0.9488990199881411,-30.980456255543892,True,False,True
461,missense,CATAAAAATACTAGATAAAA,0.017226431892054476,-0.11872202595636888,-7.311482319997858,False,False,True
461,missense,CCCCAACTACAGTAAAATTC,0.009168740802285684,0.09219986980166191,-1.9249844728471652,False,False,False
461,missense,GGTAACACCAATCAATTTGG,0.008112457821640788,0.1270117935485413,-0.9994531262351676,False,False,False
461,missense,TCCACCTACATTATAGTAGG,0.01089825722559876,0.16552609421568254,-0.5096345368593675,False,False,False
461,synonymous,AACGGCAAAAGCACGGGAAA,-0.0072078232658231,0.061493104343711205,-1.2706436584804353,False,False,False
461,synonymous,AAGTAATAAGGGAATAATCC,0.004980867283234023,-0.9639096226311208,-32.10478932816766,True,False,True
461,synonymous,CTTTAAATCAAATTATATAT,-0.6781681510205666,-0.9287076591675005,-30.0666121179816,True,False,True
461,synonymous,GAGCTTGATTCTAACGTTAA,0.021006970448523947,0.06589131179346748,-1.7180225169087877,False,False,False
461,synonymous,TACTGATCCTTCCACAGGTA,-0.02703723780005054,-0.511591548207879,-0.9185813473831317,False,False,True
461,synonymous,TTATAAGTAGTAAGATTTGA,0.019689663023499025,-0.029356989818025092,-3.7716020494408626,False,False,True
462,missense,AAATTAGTGTACGGAAAGCT,-0.01414121246642953,0.07139876653292726,-2.247173094061182,False,False,False
462,missense,TAACTAAGACAAAGCAATCA,0.014892735191122788,-0.9790878214087135,-32.27479545632445,True,False,True
462,synonymous,CGATCTATTTATGCGAAAAT,-0.03787588181225299,0.02091573838837124,-2.2812659064440695,False,False,False
462,synonymous,TCATCTCACGTGTACAACAC,-0.019716720866777466,0.06895375674010891,-2.435314350475837,False,False,False
463,missense,GTATAAACCTATAGGTAGAA,0.01494416941135683,-0.9406564176787966,-30.579708715375673,True,False,True
463,missense,TTCGGATGAAACCAAACCTC,0.0308378440966387,0.039906904806890256,-2.280024160667689,False,False,False
463,synonymous,CACATCCAGCTCAGACCATC,-0.03645991462012384,-0.020836396155879677,-4.243268283955789,False,False,False
463,synonymous,CCCCGGATTTAATCCGAACC,0.029396057649693136,-0.9149604891740633,-29.944831413651738,True,False,True
463,synonymous,CGAATCATTAAAATCTAAAA,0.01513746290123014,-1.0095830177237513,-32.66025372391932,True,True,True
463,synonymous,TACATTTTAACCTGATATGG,-0.006230726067979472,0.062372915023106074,-2.8296945470061936,False,False,False
464,missense,AAGCGAGGATAATTTGAGCA,-0.03733189664282453,0.09696445750333449,-0.8101666431919554,False,False,False
464,missense,AGGTCACATCACTAGCGGGT,0.05096230359306063,-1.0037873382783484,-32.15965229552551,True,True,True
464,missense,CCAACGAAAATACAACACGC,0.026501462483806033,-0.9377745104244284,-30.3141497498844,True,False,True
464,missense,CCACATTTAACCACACGATT,-1.1488150688154875,0.07519234984950937,-1.355171289428025,False,False,False
464,missense,CTATCTTGGTAATTTTCTAC,-0.036175795214252876,0.10253474047016323,-1.439495067941474,False,False,False
464,missense,CTCGTAGGGAGTATTATTGC,0.017720810214385513,0.03157024027201917,-3.500985911856087,False,False,False
464,missense,GATAGAGGATGTCACTACAC,-0.011644855403994755,0.03420719119128163,-3.3880334695495193,False,False,False
464,missense,GCGGTTCGTGTACACCCGGG,0.014611657391999463,-0.05627975658738832,-4.890360107817852,False,False,True
464,missense,GTCGGTACAACATGAAAATA,-0.007492102364756883,-0.13136375891668856,-7.40172915577788,False,False,True
464,synonymous,CGCGCTGTGATTATTTATAA,0.04228584634852117,0.08288685455274757,0.1499485361492459,False,False,False
464,synonymous,CGGAATTAGCAAAGAGATAA,-0.018313715037037902,-0.9437891382799777,-30.797504982563897,True,False,True
464,synonymous,GAGATGATAGACGCCAAAAC,0.20943243020255903,-0.9417591748532201,-30.203943938880343,True,False,True
464,synonymous,TGCGAAAAATAATGCTCAAT,-0.009476660099815138,0.07192453937810495,-2.6225573104388693,False,False,False
465,missense,AGATAGCGCGATAATGTATA,-0.006871435932572908,0.07795102825426882,-2.6953317665815275,False,False,False
465,missense,ATCTTGATTGCCATAAACAT,0.01278033453326411,0.09396039657524519,-2.6188758461575077,False,False,False
465,missense,ATTTAAGCCGACTACAATGA,-0.0011014330649367233,0.0821511243478354,-1.9330525249720916,False,False,False
465,missense,CAAGGAGAGAGTATCAGCCA,-0.21314043951105904,-0.8588459940259887,-30.254104230397257,True,False,True
465,missense,CCCGGTGTGGCAGGCCCATA,0.01904596965291531,0.021942569833280662,-3.484169256499103,False,False,False
465,missense,GAAGACCCTTATATTCACAG,0.02058697131463423,0.04232066928039954,-2.393712107631087,False,False,False
465,missense,GGATACGCATAGGGATGTCG,0.03077427708879947,0.06762697579884228,-2.6534576292135656,False,False,False
465,missense,TAAATATTCCTAATACGTTG,0.015500914723357372,-0.8068675007187727,-30.55512682410423,True,False,True
465,missense,TGCGGCCAACTGTGCTTCGC,0.011429455194626483,0.027789721374116103,-3.699928810607764,False,False,False
466,missense,AGAGGAAAAATACATGAAAA,-0.00617498647891488,-0.015976846201514627,-4.571396011861187,False,False,True
466,missense,AGTAAACCATTGAACTTTAA,0.200827871113383,-0.9306210661118306,-30.243962586568088,True,False,True
466,missense,CCGATAACATAATGGATGGT,-0.3093704198132234,-0.8992582328592851,-30.78154562602217,True,False,True
466,missense,CGATCGGCCCAAACAAGATT,0.039888088907972616,0.05742754820929834,-3.1699867620387883,False,False,False
466,missense,GCTAGTGAACACACAAAATC,-0.6733286020914967,-0.8333068559363002,-29.913711562203684,True,False,True
466,missense,TGCGATGGATAAACACTACT,-0.0006948971796359314,-0.9962744468059292,-31.91947715627582,True,True,True
466,missense,TGTTAAAACATCTATACGAT,0.013700384735765223,-0.024954802945573423,-5.669436043141487,False,False,True
466,missense,TTATATCTAAGAAACAAAGT,-0.7637284190741408,0.3311752357885591,-0.8453807250041947,False,False,False
466,missense,TTTTTCACAAAAGATCGAAA,0.0020692907467703575,-0.9845230754896266,-31.156934565252858,True,True,True
466,synonymous,TTACTCTGAAGGGTACCAAA,-0.0231161321728084,0.06998430196543583,-2.227926514883978,False,False,False
467,missense,AAACACCTTGTTCAGAAGAC,-0.008206998915578889,-0.0034935381646162555,-3.85505957258809,False,False,False
467,missense,AGTCTTAAACAAGGTGAATA,-0.085580446892583,-1.5845054983049371,-30.564076937648093,True,True,True
467,missense,GCTTAACTAATCAAGTGAAC,0.015293195335071919,0.06191296117704585,-2.669404252979646,False,False,False
467,missense,GTTTGTCATTAAGCAAATTA,0.029083879335712003,-1.0442025949319997,-33.24968394209418,True,True,True
467,missense,TGCGGGAGATAAACGACGTG,0.01096001540743027,0.050735006480992384,-2.645468293323098,False,False,False
467,synonymous,AAACATAGGTTATTAACCCC,0.026134904100473623,-0.03823573219321391,-4.519336818068467,False,False,True
467,synonymous,ACAAAAGTAAATAGAGTATT,0.014577141691883885,-1.013135038299978,-32.76238130415393,True,True,True
467,synonymous,GATTAAACCACTCAAAACTA,0.030179158669852397,0.15867589304211133,-2.513311803609206,False,False,False
467,synonymous,TCAAACCTTCGAAAGGAACC,-0.08297927870374176,0.09076019542736409,-0.03386169364723064,False,False,False
467,synonymous,TTCATGTTAAGATACTCTCA,0.0384788679145235,0.03339453767454789,-2.500362121633693,False,False,False
468,missense,AAACTGAAGCCTAAACAACA,0.6685353273760811,-0.9493660464101392,-30.52494306116296,True,False,True
468,missense,AAGTAGGAAAAAGATTATAA,-0.0756607530248542,0.05424718582517697,-3.2252493875278736,False,False,False
468,missense,CTTGATACATTAATAATGAA,0.012201292216562066,-1.0049502310403726,-32.12593843045659,True,True,True
468,synonymous,AAAGACGATTCGGTATTCAA,0.06397553103437338,-0.9228125055106471,-30.593589067215074,True,False,True
468,synonymous,ATCAAAAACAGTTAGAAAAA,0.13202504515431837,-0.8765433904073925,-30.299636147695438,True,False,True
469,missense,GAGGGGCATCCTGGGAAAGA,-0.04460159198638733,-0.021035814018031063,-4.775070225997751,False,False,False
469,missense,GAGTATGATAGCACGTAAAA,-1.0799398481968998,-0.9776820587132538,-30.10749030243332,True,False,False
469,missense,GGGGCCGCAAGACACCTGTA,-0.0062941672592893,0.06132121469962189,-2.544187317866747,False,False,False
469,missense,TAACGAGGCGGATACGAACG,-0.025439710950799638,-1.0292631122491218,-30.873160939052315,True,True,True
469,missense,TCCTCTAAGAGTAAAGAAGC,-0.018587932634012247,-0.9848861112544125,-31.261465664258022,True,True,True
469,synonymous,AAAAACAGCAAGTAAAAAAA,-0.06052371397870365,-0.9786239593141446,-31.71103899263139,True,False,True
469,synonymous,AAATAACTTACTTTCATATT,0.6426217555039588,-0.9438159249076516,-30.651325593231935,True,False,True
469,synonymous,TTTCTCAGCTGAAAAAGGAT,0.011370866188590659,0.06491276467149933,-2.232852593297799,False,False,False
469,synonymous,TTTTGAAAATGAGTAATTAA,-0.011374198800433872,-1.5607386607964444,-30.88011724867887,True,True,True
470,missense,AAATATAACTAAGAGTTTTT,-0.00721787866741075,0.05745000554309686,-2.6629858491364495,False,False,False
470,missense,AACGATCGAGAGTAGACAAT,-1.1392076917619576,-0.8740057698010357,-30.828395842266126,True,False,False
470,missense,AATTAAACTCATCAAAATCT,-0.013165864637994976,-0.13656458098371493,-7.498438042669891,False,False,True
470,missense,AGAATTCACGCGCAACCGTA,0.004082506969280412,0.049268922773961166,-3.632765301628478,False,False,False
470,synonymous,CAACGGAAACTCTTCAATTT,-0.05987926483092122,0.0839797195534355,-1.7282819460544012,False,False,False
470,synonymous,CCGATCGTCAGGACTCGCAC,0.03044900775179164,-0.24310569078097888,-30.265945600766585,True,False,True
470,synonymous,CGCGGACTTAAAATAAAACA,-0.027189294822265342,0.022469681345183595,-3.2479689763946484,False,False,False
470,synonymous,GAGACGCCATGCAACGCACC,0.06308802298237594,-0.9816814845440462,-32.11560779092331,True,True,True
470,synonymous,TACATAGGACTCCTATATAA,0.016774939087147604,-0.1282607795362225,-7.509607016133249,False,False,True
470,synonymous,TCATGCGTTAAACCAGAAGG,-0.012499161978736883,0.056008228118062164,-3.6005555793023727,False,False,False
470,synonymous,TTCATTAAACACGGCAAACA,0.006969029860934304,0.033673092185967576,-3.179453209997201,False,False,False
471,missense,AAAAACCTCGAGCGTTCTAA,-0.027072096735294416,-0.9417326117168219,-30.481434069960113,True,False,True
471,missense,GCCGAAAAAATGGAACAAAG,0.004439606486487597,-0.9479373412779426,-30.898998230022972,True,False,True
471,missense,TGAGTGATATCACTTGAATA,0.014691853890978,0.05437513651528611,-2.677418665240784,False,False,False
471,missense,TTTAGAAAAAGATACCAACT,0.005198564613233961,-0.005086217167938195,-4.316278842196617,False,False,True
471,synonymous,ACCTTAAAACGAAGCAAGAG,0.03730543369811509,-0.9566098524865019,-30.913828705700375,True,False,True
471,synonymous,CAGTGGCACCATGTCTTGAG,0.028499140605564837,0.07319723376226603,-1.7231247363079447,False,False,False
472,missense,CTGTAACGCAAAAAAAATAA,-0.01768958839177871,-0.04976749054619897,-5.451863877236069,False,False,True
472,missense,GACGTTTTGTGGCATCAAAA,0.032537711526299445,-0.9613439593230464,-31.0695281041224,True,False,True
472,missense,GGGTTGGAATGCGAAATGGG,0.017058221328005007,-0.8787654751291809,-30.682996640288497,True,False,True
472,missense,TAAAAACAGAACAAATAGAG,-0.014198396689779763,0.07593661402755683,-1.8454061372290003,False,False,False
472,missense,TCACGAAAATTGGATTAGTT,-0.03987944968711256,-0.12810115890250917,-7.777732277799019,False,False,True
472,missense,TCTCAATAGATGATATAATA,0.016324354769461865,-1.007449033965729,-30.437298976925028,True,True,True
472,missense,TGGAGATCTCGGACATCTTT,0.005929004970110594,0.05280609188926784,-3.016527242241776,False,False,False
472,synonymous,AAGAGAAAGGCGGGCCTAAT,0.08208135022483157,-0.5120742797676812,-0.4387403764368773,False,False,True
472,synonymous,AATACGAGTAAAACAGATAC,-0.18698721921395045,-1.105960825945672,-29.97274640807637,True,True,True
473,missense,CATAACAATGTCCCGAGAGA,-0.02390166949856936,0.0032066549210237605,-4.045149076212793,False,False,False
473,missense,CTTTAGAGACACATGTAACT,0.05610347034763383,-0.09809807958611885,-6.982588780956535,False,False,True
473,missense,GGCACCGAAGAAAGGGGGAA,0.007210470451220516,0.0438507902157944,-3.170686856132788,False,False,False
473,missense,TTGGACCCACGACTAACGAA,-0.12036207501559837,-1.0026846336651003,-31.344202568159012,True,True,True
473,synonymous,AAACGCGTATGTGAAAATGG,-0.0268127395852958,-0.957116029381814,-32.22500569102049,True,False,True
474,missense,TTGAGGAATATAATTTGCCA,-0.04184413621548472,0.09105891413304182,-1.6813923545580516,False,False,False
474,synonymous,ATTTAAAAAACAGAAGACGC,0.04355985091159059,-0.9689211632893548,-30.450734325808806,True,False,True
474,synonymous,CTGCAAGTGAAAACAAAAAC,0.003430652887388472,0.0438032012670173,-3.989213499344791,False,False,False
475,missense,AAATGATAACATAAATTTGG,0.004122933642469307,0.034128677462837625,-3.5032830924918645,False,False,False
475,missense,AATGGATAGTGTGCAAATGA,0.03222155479299123,-0.0008734362567724419,-3.7377222138272828,False,False,True
475,synonymous,ACTTGTGGACAACAAGTGAT,0.7005094346655657,0.08860377237717801,-2.1867319393866924,False,False,False
475,synonymous,AGTGTAGACAGGCGTAATGA,0.01463473381579173,-0.9689855631346707,-30.60603630627672,True,False,True
475,synonymous,CGGCACTCTCCAGCAAGGGC,-0.016873037256061353,-0.10713597088484694,-6.884006193693126,False,False,True
475,synonymous,CGTCTAATTAGAAAGGTTGA,-0.08199036690762734,0.029330865453536983,-4.493056993137957,False,False,False
475,synonymous,GAAATCTTGACGGGTTTGAA,-0.0007669128233785531,0.11921888795361786,-1.58616853843742,False,False,False
476,missense,AACTAACATGGAAGTCAACC,0.021719069791256835,0.06117507242028558,-2.8730436984669803,False,False,False
476,missense,ATCGTAAGGGAGACTCACGT,-0.013416400850218602,-1.0059759940810011,-31.029783313023618,True,True,True
476,missense,ATCTTTCAAATGCTAAAGCG,-0.022634067814924993,-0.05270614782570737,-5.3294290663257025,False,False,True
476,missense,CGATGCAAGCCACTAGAAAA,0.016110472852793562,-0.10922313664865946,-6.403870257538606,False,False,True
476,synonymous,AAAAGTAAGAAAGGCCCACC,0.05594733755913675,-1.0063089826195963,-30.798369919781674,True,True,True
476,synonymous,AGATAGTCATTGAAATACCA,-0.01455235510978006,0.10891803334997088,-0.8973492429154499,False,False,False
476,synonymous,CATATTTATAGAAGCGAGTA,0.018647721401295402,0.06109877860185736,-1.8787721877113392,False,False,False
476,synonymous,CTCCCAAAAAGTCGCACAAT,-0.06503888648251029,-0.9643942697297676,-31.590183248396944,True,False,True
476,synonymous,GTCACGTTTACAGGGCCCAT,0.033231380363840476,0.058620498179324534,-2.3650192031322934,False,False,False
477,missense,AACATAAGATCTAAGTTCAC,-0.0009273485507814731,0.09252029913583384,-2.2181513051671193,False,False,False
477,missense,AAGACTACAGTGATAGTAAG,0.05037609682901044,0.14233973414243736,-0.9949175021353827,False,False,False
477,missense,ACAGACTTTTCAGATAACCC,-0.02784551546175102,-0.9731447930240456,-31.774581551982806,True,False,True
477,missense,AGAAGTCAAACACGCGATCA,0.01829240886945812,0.1067535230377813,-1.7426963400294688,False,False,False
477,missense,CCGGAAAATGCAAACTCTCA,-1.782367655593823,-0.501067103177468,0.16002913441042507,False,False,False
477,missense,GAAAGACCGTTCGGATGGAA,0.12116464834220445,-0.9334817874740073,-30.67417002408178,True,False,True
477,missense,GAGCAGACCGAATAAAAGTT,-0.0054489384763961295,0.04624655659171657,-3.376752554576004,False,False,False
477,missense,TATTAAACTTAGGGTTATTC,0.031287801727157796,-0.010449825828273862,-4.806419519391232,False,False,True
477,missense,TCCACATACGACAACATAAG,-0.012205398541861905,0.051927554696018285,-2.8176650937742513,False,False,False
477,missense,TGAATGGTTTAATTCTAGTT,0.009636855372522849,-1.21012916897222,-30.98577590289587,True,True,True
477,synonymous,AGGTATCTTATCGACAAAGG,-1.0996264415184815,0.03541086428755329,-4.398765646195242,False,False,False
477,synonymous,ATAGTCAAAAGTTTCATAGT,-0.08833243116036271,0.1383224734322023,-1.1336114462276279,False,False,False
477,synonymous,ATGTCATACTTTACGATAGT,-0.03507022504896952,0.007629180363351945,-3.4288569386664927,False,False,False
477,synonymous,TACCCATAGCATTAAAGACT,0.0798635610300932,0.07808008256600256,-2.68934193636848,False,False,False
477,synonymous,TTCCAAAGACAAGTTATACC,2.5240688430012374e-05,0.05421881399630907,-2.7381750665852684,False,False,False
478,missense,AAAATGAATCCGTGAAAGAA,0.6572752801107118,-0.6889347498123131,-29.92395528180389,True,False,True
478,missense,AATCCCCCGGTTCATGCCAC,-0.012057555683253639,-0.010965425785739141,-4.3990722932754185,False,False,False
478,missense,AATCCTGGACGGCATTATAG,0.012515363042756408,-0.9739701127246398,-31.386436097341655,True,False,True
478,missense,ATACTTGGCTACGATTGCAC,0.014050495439312149,0.05314468975534105,-2.8275964645217027,False,False,False
478,missense,TTACAATCATTTGTTGTTAA,0.02139297244783757,0.11231279165585287,-1.2491148952067042,False,False,False
478,missense,TTTAGGATTCTTAATAAAAC,0.02983712812953906,-0.9278566009973934,-30.19455218444184,True,False,True
478,synonymous,ACCTTTATCGAAAATAAATG,-0.007629903311957838,-0.9958974513765737,-30.998317097044,True,True,True
478,synonymous,ATGATATGAAAGCCAGTAGA,-0.003534700524350908,0.07195523725062254,-3.091377343221259,False,False,False
478,synonymous,CAATTGGCGAATTAATATAT,0.04500751834615303,0.003329679879615771,-4.203730604574447,False,False,False
478,synonymous,CCTCGGTAACAAATCAAGTC,0.0074821457421690805,0.05291493064604204,-2.305447453138067,False,False,False
478,synonymous,GGAATCACAAAACTATACTT,0.05214992170354803,0.05847412305446158,-2.454161547045146,False,False,False
478,synonymous,TACAAGTATGACGAGTCCTT,-0.014200783799159244,0.15393540152586974,0.41735315524636013,False,False,False
478,synonymous,TTAGCGGAAAGAGAGTAAAA,0.20234893523858513,-0.991032573712993,-30.454397073673316,True,True,True
478,synonymous,TTCGTATCAGGCTTTAGAAC,0.02043843982146622,-0.9936644973215176,-31.208522076711418,True,True,True
478,synonymous,TTCTAAAATTAATGATAGAG,-0.35217201555649275,-1.0046328307485943,-31.22376145522055,True,False,True
479,missense,GAGCCGAAAATAATTTTCCT,-1.0618869931390071,-0.9387668882634781,-29.98110651475128,True,False,False
479,synonymous,AAAGATGAGTTAAAAAAAGC,0.005253333512285514,0.06688800439618629,-2.8799807553874075,False,False,False
479,synonymous,AAAGTCAAATCTCATTGATT,0.008513052409754508,-0.9249885885919753,-30.112466543109235,True,False,True
479,synonymous,AGGTCGAGTGAGATAGCTAA,-0.04189209931116629,-0.09221067599786592,-6.510109632498257,False,False,True
479,synonymous,ATAACATAGCAAAGAGCGAT,0.005488661457295276,-0.9697590117379444,-31.112806776364035,True,False,True
479,synonymous,ATGCTAAAACAGAATAAATA,-0.6891842278010715,0.13649949170983722,-3.0694438443576177,False,False,False
479,synonymous,CAACAATCAGAGATTTTAGT,-0.015911998797959404,0.08649172335070335,-1.9558498224740928,False,False,False
479,synonymous,CACGTAATCCCATGACTGAC,0.02929901160514519,-0.9682575258545454,-31.681889238190124,True,False,True
479,synonymous,GGGAAACATACTAAGGTGCG,0.03374276702359255,-0.9664578161258528,-31.644175915354587,True,False,True
479,synonymous,TAAGCTCGTGACGTAATAGG,-0.18135279777247174,0.09351986773403702,-1.019572964798735,False,False,False
479,synonymous,TCATGATTACAAATTAGACC,0.09840096921806017,0.06940676885047453,-2.3148426733846437,False,False,False
479,synonymous,TTAATGGACTATAACCCCAG,0.09865327252109839,-1.0466510929109172,-30.287286164513365,True,True,True
480,missense,AAGAAATTTATAATACTTCA,0.019076126234539106,-0.046735232038096736,-5.4361756467369675,False,False,True
480,missense,ACTGGAACCAACGATAAATG,-0.018607975535413712,0.06402270668285814,-2.0058508950976917,False,False,False
480,missense,AGTAGGCCACTGTATCACAA,0.0030812978603186334,0.08466448759562699,-1.8599682490357152,False,False,False
480,missense,CAAACAGTATAGTTAATCTT,-0.08645305627553229,-0.04650531026722485,-2.297489110023893,False,False,False
480,missense,CCACCGGTTCTTACCATACA,0.6491824923575069,-0.956917473871056,-30.19616336981254,True,False,True
480,missense,GATTTGTTATGTGAAGTTTA,-0.026536153338893823,0.023922259966815185,-3.3720063783888747,False,False,False
480,synonymous,AACATGGAAGATTTCTGTTA,0.012191981749203601,-0.14955883638405182,-6.85307186673087,False,False,True
480,synonymous,AATGCGATCCCGCAGCGGTG,0.024376833248115366,0.1305766032635091,-1.1404253131273445,False,False,False
480,synonymous,ACGTAAGATTCACAGCAAAG,-0.09005232593321133,-0.9649630318447477,-31.519451603670056,True,False,True
480,synonymous,ATACGATTGCCCACGTGATA,-0.01484864398831345,-0.9338606275445478,-30.615233168685485,True,False,True
480,synonymous,CACTAGTATACCGATTTTAG,0.004465932733998522,-0.0725016704251622,-6.134463158936399,False,False,True
480,synonymous,CCAAAACATCTGGCTACCGC,0.06353671706500062,0.02580854131505518,-3.231381440333359,False,False,False
480,synonymous,CCCTACTATTATCTCCGACG,-0.021121952137237276,0.20875194261670776,-2.536253917283816,False,False,False
480,synonymous,TAAGCCAATAGAATGTACTA,-1.0663304724634521,-0.3812384717922546,-31.059179205708993,True,False,False
480,synonymous,TAGTGTTCAAAAATTTAGCT,0.02249632640510233,0.10901683498061186,-0.9128844409379068,False,False,False
480,synonymous,TGGGCCGATAAAAAACTCAC,-0.04003121270868962,0.02363515061439117,-3.9325450136443796,False,False,False
480,synonymous,TTGTTAACAATAGTAGAGAA,-0.1517565627599563,-1.0004325901221514,-30.91691142095288,True,True,True
481,missense,AAGTAAAGGCCCCACCCACG,0.033422995408399506,0.11246028557604693,-1.7938552535217667,False,False,False
481,missense,AATAACTGAAGACACTTGCA,0.03871771112583436,-0.9535203269108563,-31.054371459830236,True,False,True
481,missense,ACTAACTAGAGCAACCCAAT,0.07650330455362743,-1.019048286080347,-31.604122964581332,True,True,True
481,missense,CAATTACGAAACATAATACA,-0.007812070059881273,0.04360532273097738,-2.9841844008511225,False,False,False
481,missense,CAGGAGAGTTAGGTTACAAT,-0.05251487653102123,0.7292232304781945,-0.3302095304214612,False,False,False
481,missense,CGGGAACAAAATTTAGGCCA,-0.03386611606098132,0.041706313399115874,-3.127737656734936,False,False,False
481,missense,CTGTGCTAGCAGCTTACATA,-0.004142430988645515,-0.9099842220439902,-30.89262335542773,True,False,True
481,missense,GTAACATAGGACTGATTGCA,-0.050624259754829815,0.05151156233069076,-3.30304716545736,False,False,False
481,missense,TAAAATCGACAAAGAGATTA,0.019399064304286822,0.06979890767217999,-2.652501561235044,False,False,False
481,synonymous,AATGTTAAACCAAACAGAAT,0.06799602674576971,0.07146870092137114,-2.359265672674479,False,False,False
481,synonymous,ACGCGCAGTACAGATATAGC,0.0484114780030455,-0.018523944109537477,-4.5782242972258835,False,False,True
481,synonymous,AGGACCGGAATATGAATAGC,0.01839131442845774,-0.9555113832121624,-31.08950879954935,True,False,True
481,synonymous,CAAACAAACACTTCAGATTT,-0.08826720739101292,-1.0125672840690056,-31.08748844519039,True,True,True
481,synonymous,CAACTGTCATAGACATTCGC,-0.03644690873175943,0.021555228489460343,-3.22697678494353,False,False,False
481,synonymous,CAACTGTTTCTCCAACGGAC,0.046108984094271735,-0.24310287174002826,-30.022872630255996,True,False,True
481,synonymous,CACAGGGACTGAAGAGATGC,-0.6437916258853268,-0.9617983031344917,-30.96700034435509,True,False,True
481,synonymous,CACCCTATGAAAACTCACGG,-0.08301574686587218,-1.8090011160526185,-30.54323346598036,True,True,True
481,synonymous,GTGCATATAAACAAGAGGAC,0.010087967114193987,0.06042086349784537,-2.1721043254930508,False,False,False
481,synonymous,TAGAGGATTATACCGTGAAT,0.01440142450364113,0.06935114871866792,-2.977172073153698,False,False,False
481,synonymous,TAGCTAGACGTATAAACACT,-0.2257687665390605,-0.9526717341081186,-30.595707963769172,True,False,True
481,synonymous,TCACATGTTATGATGATTTC,-0.09174006761857617,0.13866279114278554,-0.7650888670501297,False,False,False
481,synonymous,TTCTATAAAAAATTTAAGAA,-0.014756550714757597,0.06857384152626438,-2.4753729222800804,False,False,False
482,missense,AAACAATATTTCCGTTTGGC,-0.010484584299919648,-0.08063279939191892,-6.740420487973167,False,False,True
482,missense,ACCTCGACACAGTCGCATTG,-1.1091565600470843,-0.9236153836375327,-30.45667443322063,True,False,False
482,missense,ATACTAATGGGTGAAGCCAT,0.035800445194559716,0.07391848741580516,-1.6166545737678397,False,False,False
482,missense,ATGAAAGCAATTAGTTGAAC,0.030322131012075593,0.10611971826602118,-1.2990877857179728,False,False,False
482,missense,CATATTACAAGAACGCTCGG,0.0006508990703451628,-1.0772137344224753,-31.512907077713525,True,True,True
482,missense,CGCAACCCTTGGAAAACGTG,-0.018568103133831577,0.14094077451258707,-0.5057679169024953,False,False,False
482,missense,CTAAGGGGACAAAAAAACCA,0.07065973548901146,-0.963568034614084,-31.057634594692363,True,False,True
482,missense,GCACGAGAGTGACTAGAAGA,-0.04902671140925165,-0.9039989996571229,-30.269819593082932,True,False,True
482,missense,GTCAAAGCCCCTAAAAACAA,0.005508627737622061,0.06235141398482817,-2.6626241828171016,False,False,False
482,missense,TATCATGGTTCGCTACAACA,0.027138298417377124,0.007075429321390575,-3.6817924294282287,False,False,False
482,missense,TATGGAGAGTTTAATATCAT,-1.0897566172302238,-0.9011221743720594,-30.252097678235888,True,False,False
482,synonymous,AACATTTTTAGGAATCGGCT,0.051663230708485525,0.05365104377860157,-2.9362934561635483,False,False,False
482,synonymous,ATAATGTCGGCAGTAAACGC,-0.04534264259978682,-0.9857026778709266,-31.593567860529117,True,True,True
482,synonymous,CATTACTCTAAAAATACTTT,-0.12981712043354945,-0.07574730448958994,-6.483239938485525,False,False,False
482,synonymous,GAGACCAAAAAACCGTGACG,0.008384921895134928,0.016524629488042203,-3.457398601374271,False,False,False
482,synonymous,GCCGTTCCAGATCTTTCGTC,-0.030168166684351776,-0.10630340393992882,-6.862708634836407,False,False,True
482,synonymous,TATTATAACGTTACGTAAAT,-0.042699526929541376,0.010387538611512759,-3.996156900545261,False,False,False
483,missense,ACACTAGCTGCAATCACGGA,-0.00030773544973788794,-0.07902793342146294,-7.598886012058304,False,False,True
483,missense,TACATTAAGAAACCGATTCA,0.03067404690489535,0.08158921188057257,-2.76392090195883,False,False,False
483,missense,TCTCTAAACATATCATACTC,0.008009000551279826,0.10865136646223741,-1.1672726001504727,False,False,False
483,synonymous,AAAGATTAGTGAAGCCGTGA,0.004826445239326721,0.07015352382519123,-2.2480330031848217,False,False,False
483,synonymous,AACTCACTTGAGCCTCAGTA,0.006991159066193369,0.05977972116351339,-2.375293255314558,False,False,False
483,synonymous,ACTCCACATTGGAATACTAC,-0.009555270622141164,0.12051316726816269,-1.1290985754560332,False,False,False
483,synonymous,AGGCCCCATAATTTAAAAAA,-0.21492925864309004,-1.6119213963595502,-30.401314635209257,True,True,True
484,missense,AGGTGGAATTAAAAGTCTCT,0.016851857542632853,0.018921135868541356,-3.386232269986888,False,False,False
484,missense,ATTTATTAGAATCCACTGAA,0.007265961291199378,-0.021818804934128244,-4.883838759136445,False,False,True
484,missense,CTTGCATAAAATACACTCAA,0.6090945658181097,-0.9377059181416401,-30.673641953846698,True,False,True
484,missense,GAGTATTTTAACGCTATATT,-0.015494447392011331,0.04541075914181561,-3.0693786389046385,False,False,False
484,missense,GCCCCAGCCGGCCCAGGACT,0.034174027888752456,0.04532740724281899,-2.352050117105128,False,False,False
484,missense,GGTCAAATGTGGCTATCCCA,-0.023976780278105375,-0.9771141285817446,-30.73971204877344,True,False,True
484,missense,GGTTGAACATCAGTCTTAGG,-0.004748866909792641,-1.5976787203828395,-30.401225934281506,True,True,True
484,missense,TAAGAGAATTGTTTAAAATG,-0.2308772715044744,-0.07363812439378264,-6.632595322578903,False,False,False
484,missense,TAATACACAAAACCAAAGTA,-0.04342091191595765,-0.006740421563388305,-5.069366373777375,False,False,False
484,missense,TGAGGGTAAAATGAAAACAC,0.028056644521075983,0.005891019840001871,-4.335393573228742,False,False,False
484,synonymous,AACTCGCCTGTGACGGAAGA,-0.02652945029268183,0.09536811543322957,-1.7342132298078645,False,False,False
484,synonymous,ACTTCACTTCCTCAACTAGG,0.021922624301772643,-0.1390575685075368,-7.15114478876276,False,False,True
484,synonymous,GAAACCGTAAATAGACTAAA,0.025785232733537455,0.07919056370235526,-1.8458910475092531,False,False,False
484,synonymous,GGCCAGCATTATTCTTCAGG,0.008134237320889467,-0.08716505188820128,-7.771424451222333,False,False,True
485,missense,AACAATGAAAGGCCGTGATC,-0.0029168098652712637,-0.9558276158630754,-30.199048791744097,True,False,True
485,missense,AAGATCGCTAGAGTTTAAAT,0.10564323451948898,-1.024770104743534,-31.00835661826855,True,True,True
485,missense,AAGCTAAATCGCTAAGAATT,-0.005910237562366548,0.02054025173233137,-3.6268187348231327,False,False,False
485,missense,AGTTTAACCTATCTCACAGC,-1.0620436799677835,-0.9525995153470699,-30.353442015688938,True,False,False
485,missense,ATGAACTTAAACGATGACAA,0.010604864752941142,0.06131430989974844,-2.399248913686726,False,False,False
485,missense,CAAGGGACTTAACACTTTCT,-0.08583095805390427,-1.7838410414160208,-30.350788075936784,True,True,True
485,missense,CCACAACGAAATTTTGGAAA,0.01592343430024377,0.019335564694766938,-3.7769696627340723,False,False,False
485,missense,CGGTAAAAGCTTCAAAGTCG,0.013366801090461287,0.021096445813411274,-3.5063638256969583,False,False,False
485,missense,GATTTTCTAAAGCGACCGCT,0.027652145049409927,0.044731674272838556,-2.4269922802751442,False,False,False
485,missense,GGAATTCGAGAATCACCGAA,0.025090327113403876,-0.16000638460819838,-8.07712838274791,False,False,True
485,missense,GTCGTGCATGCATACTAATT,-0.8866658132722662,0.024833206772877897,-3.068348461732479,False,False,False
485,missense,GTCTTGTGCGCTGCCACTTG,-0.03979928238082331,0.07200468047619413,-2.379049995054711,False,False,False
485,missense,TCGAGCAAAATATTAAACTT,0.031535750135653295,-1.0595277815274529,-30.67168506616427,True,True,True
485,synonymous,ACACCCGCTAACTGCAGCAC,-0.03993539990953279,-0.9759003141115838,-32.18659800444689,True,False,True
485,synonymous,ACGATCATAATTTTGAAACA,-0.011642104102624161,0.05258731826013385,-3.508847740331964,False,False,False
485,synonymous,ATAAGGCGATAGGTATTCGT,0.07390845615036262,-0.9229863653889632,-30.56199731516949,True,False,True
485,synonymous,ATCTCAAACTAAAGCTTAGC,0.12965443537025234,0.11155959146224755,-0.16542940100785447,False,False,False
485,synonymous,ATTAAAAGAAACTAAGACCA,0.04795318075295621,-0.9847783175342415,-31.93568392441255,True,True,True
485,synonymous,CAGGTTGTGTGTTCTCGGGA,-0.07254510060231426,-0.9703986959778652,-30.35537109003865,True,False,True
485,synonymous,CATATATAACAAATTATATC,0.0018413590488978733,0.0355492329553516,-3.1622408917740197,False,False,False
485,synonymous,CATCCGATTAACGGACTGCA,-0.0060950086365068774,0.27092857422090033,-3.3187421732729305,False,False,False
485,synonymous,CGTAAGCGGCGCTTAGTTTC,-0.010535170828442207,-0.9814067602666909,-31.18084551881254,True,True,True
485,synonymous,GATAAGATCTAGACTTAAAC,0.022229175085622457,0.1016279546800192,-0.7186678596226028,False,False,False
485,synonymous,GGCACTTAAGCCCGCAAAAT,-0.11193534310987065,0.12202142016518086,-1.4727753255578966,False,False,False
485,synonymous,GGCGATGGAATACGTTAACG,-0.019485602931460393,0.0320561775920056,-3.333662715013202,False,False,False
485,synonymous,GTTTGCTTTCGAGGTCTACG,-0.6157982964331349,-0.9209477837969353,-30.443478270591278,True,False,True
485,synonymous,TAAAAATAATTTGCTGGCAC,0.10109663490481592,0.15519616565930724,-0.32755929858880134,False,False,False
485,synonymous,TATTACAATAAAGGCGGAAC,0.00678146282219313,0.03245095119363105,-3.196627681049913,False,False,False
485,synonymous,TCTAGGTTGAGAACTTGCTA,-0.06294188650516662,-0.9297312264560444,-30.344275836872505,True,False,True
485,synonymous,TGGTACCGAGGAAAGGTTAT,-0.04307957566613166,0.08355762175218565,-2.6587557049001767,False,False,False
485,synonymous,TTGCACCAGAAATGGGCTCC,0.02681159275311426,0.06448576830407028,-2.4569292434068606,False,False,False
486,missense,AAAGAACAATTATGGTCACG,-0.026192641434629738,-0.09509108199484084,-7.05241952832514,False,False,True
486,missense,AGGCTGTCTTGGATGTCTCT,0.015681293338640833,-0.953193308739928,-31.300662691155765,True,False,True
486,missense,CTTAAAGCCACGTCCAGGAT,-0.11729466309721792,-0.08416739812698751,-5.25701792135993,False,False,False
486,synonymous,AAAGCCATACTCTTTAAGAA,-0.008434524444424217,0.18960959408395262,-0.7988253818770299,False,False,False
486,synonymous,CCCTTTCGCTTTTAATAACG,-0.0019124384631747432,0.02562349508514769,-3.5968179035916625,False,False,False
486,synonymous,CTAAGCTCCTATATTTAATA,0.12238257764618128,-0.965645277474495,-30.76151749620516,True,False,True
486,synonymous,GTAATCTTAATATCTGAAGT,-0.015461847097042195,0.0645347529358622,-2.1675696354087215,False,False,False
486,synonymous,TATACTTGTAGAACAGAATA,0.21848216455124736,-0.9782702922646171,-30.879257926601287,True,False,True
487,missense,AAAAGAAGATGAGAGGAGTC,0.08721955749912672,-0.014394099056940557,-1.9874519941393323,False,False,True
487,missense,AAGATTAAGGACATGATAGA,0.037570156461774945,-0.03803925897189986,-4.096469356440369,False,False,True
487,missense,ACATCGTACAATTTTAATCA,-0.007725368010859908,-0.9500512186245049,-31.261553041468066,True,False,True
487,missense,GACTAGAACTCAATGGAAGC,-0.08260413449745062,0.08968856708899856,-2.546347764380604,False,False,False
487,missense,GCCAGTCCTAAATCGCAAAA,-0.04109327222481095,0.04803731108100849,-2.4155797063463917,False,False,False
487,missense,TTAACCACAAATCACTCGAA,-0.017978408112765073,0.08141480289274332,-1.1881358595352751,False,False,False
487,synonymous,ACATGTTAACGACGTTTCAT,-0.04675324466968901,-0.9034714774649513,-30.543343908985946,True,False,True
487,synonymous,CGTCCGAAATTCCGAAGGGC,-0.015908612825216665,-0.9107033219240583,-31.123591381991513,True,False,True
487,synonymous,TCCAATAATGTATGTTAGAC,0.0006342364683130579,-0.9702926734268116,-30.437212403709868,True,False,True
487,synonymous,TTTGTTGTATACATTCGTTG,0.045321327645778356,0.07978266345080175,-0.870733275523135,False,False,False
488,missense,ACTGTAGTATAACAAAACAT,0.007567414144272402,0.05251997298825785,-3.2652982987545136,False,False,False
488,missense,CAAATTAATCTAAATTAGAG,0.004761082181090632,0.07217503507596613,-1.2520102084499787,False,False,False
488,synonymous,ACAAGCACCGGTATGAACAC,-0.00135703233000009,0.06773587116515038,-2.360035172401697,False,False,False
488,synonymous,ATAGATTGAAGAAGTCGATA,-0.0719445193643457,0.14363490832432924,-1.7043196665329705,False,False,False
489,missense,AAATAATACGTGCAAAATGA,-1.7021799443750345,-0.8990624189512773,-29.92857892415391,True,False,False
489,missense,AAGGAATGAATAATACTTAC,-0.01947454699031579,-1.017421014638586,-31.798767289672497,True,True,True
489,missense,AGTAAATAATAATAAGATTA,-0.01713733239054224,0.06191412706028518,-2.525588306279017,False,False,False
489,missense,CCTCCGTTGTACAAGGAACG,-0.020380265366841167,0.037698320427329166,-2.2641863358578362,False,False,False
489,missense,CGACACATCAGTATAATATC,0.0032411294971023273,0.0850430929487262,-1.7554288397596736,False,False,False
489,missense,GAATCATTAAAATACATACT,0.015364919128151508,-1.605489920722947,-30.696756968947092,True,True,True
489,missense,GCTACCAGGAAAATAATAAT,-0.04572658530505333,-0.13435063547818843,-2.8268406359086593,False,False,True
489,missense,GTAGAGAGACGAAATCCAAA,0.01963426497147419,0.13184355703614217,-0.8528832040268937,False,False,False
489,missense,GTCTACAAAGCGAAACAATA,0.0064318654228525075,-0.00903110546304739,-4.22762397837512,False,False,True
489,synonymous,AAATGTAAAACTATAAGAAT,-0.04196722570377047,0.04435334916363612,-2.7036826470050026,False,False,False
489,synonymous,AATCTTGACAGTAGCAAATA,-0.019067067430276034,-0.11285634498664077,-7.782980609048229,False,False,True
489,synonymous,ATTCCAAACAATGACGGCAA,-1.7478054773100464,-0.984927602476342,-30.34917225179102,True,False,False
489,synonymous,CGGATGTGCTATTTAGCATA,-0.7143578883201751,-0.8943748586963607,-30.366126834154397,True,False,True
489,synonymous,GAGCGCCTGAGAATATTAAG,-0.10411457325938436,-0.9601573822811862,-31.457839518170648,True,False,True
489,synonymous,GTCCTAGTTATTAGGGAAAT,-0.702727220981468,-0.9187044902577974,-31.034276264892036,True,False,True
489,synonymous,TCAAAGCTTGAACATAACAA,-0.06142017626184944,-0.9928164185785264,-31.947611908054284,True,True,True
489,synonymous,TGTACCAAGGAACATAGTAA,0.03891803013718041,0.06013734376446164,-2.0349959781023768,False,False,False
489,synonymous,TTGTACACTAAGGAGTAATA,0.005825372994799447,-0.9421919419920937,-30.963468422636776,True,False,True
490,missense,ACATTAATATAGGCGACTTG,0.05330568071881443,-0.08582666672661896,-3.6338375059778456,False,False,True
490,missense,ATCGGATATTGATCACAACG,0.034073253339759704,0.09506286497001573,-1.963092224152872,False,False,False
490,missense,GGTCCACAAGAAATCTTAGA,0.06427044084547125,-0.003213356463504069,-2.6743926418446335,False,False,True
490,missense,TAGCCCCATTCCTCTTATGA,-0.05589207565055465,0.003496040678722251,-3.714740608836025,False,False,False
490,synonymous,AGATTATACAACACGATTAA,-0.7140829167639904,-0.18449323962132247,-6.181969917459008,False,False,False
490,synonymous,AGGTTGAGAGACACACACAA,0.07265827203702323,-0.8792288189074702,-30.498646467119144,True,False,True
490,synonymous,CAGATTGGTTTAATAAAAGA,-0.05947256918184231,-0.8977834985978987,-30.327403008818774,True,False,True
490,synonymous,CTAGCTGCGCCGAATTACGT,0.016338897530249547,0.030691793838877976,-3.2158533602080275,False,False,False
490,synonymous,GAAAAATGTCGAATCCATGT,0.024484037566812868,-0.06473579693094111,-5.964432910212214,False,False,True
490,synonymous,TCATCCCAGAAAGCATGACT,0.05118229427648861,-0.9967461666376185,-31.96564043305007,True,True,True
490,synonymous,TGAGTAAGATCTGATCCATA,-0.0026563912362264058,-1.0426053632639145,-33.06097207566346,True,True,True
491,missense,TTGACAAAAAGCAAAAAAAT,-0.008616133986344868,0.029119109814119415,-3.6360019226461278,False,False,False
491,synonymous,AAACTAAAAGCCTAGGCGTT,0.076321478808963,0.1338702469795369,-1.3110652123812299,False,False,False
491,synonymous,AAATAATACCTAATTAGTAA,0.006230155441115957,-0.9793871378334102,-31.401706415770505,True,False,True
491,synonymous,AACCGGCAAAGTAAAGATAA,0.009601504393266212,0.02815195927856494,-3.232324218458423,False,False,False
491,synonymous,AATTGCAGGTTAACTGATCA,0.00309782384539859,0.039761995984511994,-3.067087599843863,False,False,False
491,synonymous,ACAAATAGCCGGACATTGAG,-0.09088942700969148,0.07623255750398704,-2.109656393625681,False,False,False
491,synonymous,ATTCCAAATGGTATACAAGA,0.030584594517663218,0.12808404825632294,-1.0163875326875318,False,False,False
491,synonymous,CAGACGTACGACCGTATTTA,0.03874385353243287,0.10501274717331546,-1.7282309589221478,False,False,False
491,synonymous,GAGAAGTTAAGGATCACAAG,-0.08557721417207285,-1.0063260147997077,-30.48487990702651,True,True,True
491,synonymous,GGCCAGATTGGTTGCCTGCT,-0.0031435743672420064,0.020260355841968447,-3.4789401846671817,False,False,False
491,synonymous,GGGATTAGTACTGCATTTTA,-0.0515416833065475,0.010346873302930132,-3.3110542566318024,False,False,False
491,synonymous,GGTGCGCCTGAATACAGGAA,0.0928619728083184,0.10263938988156929,-2.012064970239611,False,False,False
491,synonymous,GTAATCCGCAAATCCCCGAA,-0.1195059538291788,0.13131844376953755,-1.5803945867175602,False,False,False
491,synonymous,TAAGTAGCGCCCACCATCTA,-0.014146071675803697,-0.9769233768559171,-32.0078450474631,True,False,True
491,synonymous,TCGAGACAATAATCACAAGA,-0.10838690700082594,0.1247227174023356,-1.6629270143884594,False,False,False
492,synonymous,TACCCTATATGCCTTGATGG,0.013112878621874397,-0.9608191352413107,-31.257591601513987,True,False,True
493,missense,ATAGGGATCGTCAATGGGTA,0.028330330074495987,0.10557405564934215,-1.836590487647133,False,False,False
493,missense,CAAATAACGTCGGAAACCTT,0.0066745045006143386,0.2660741432897541,3.208474618828957,False,False,False
493,missense,TGTTTTCTACTTCCGAGAAA,0.018608289277916176,-0.06690270359740813,-6.195038155593269,False,False,True
493,synonymous,ACTTCCTAGCACCGTTATTA,-0.03315732989435469,0.04709332862491798,-3.3488115189030623,False,False,False
493,synonymous,AGTATTGCTCGCAAATAATT,-0.008607354045366363,0.0939772027845614,-1.9527688714636413,False,False,False
493,synonymous,AGTTTGAAAGCAGGGCTAAT,-0.04187808485545062,-0.9371865956225409,-30.82371625168079,True,False,True
493,synonymous,ATAGTAAAAAAACCTACTAG,0.002117910722733825,0.05983374469462871,-2.7000315303739755,False,False,False
494,missense,AGTTTACAACCAATTTCTGA,0.017754827928065268,0.06533441880670271,-2.0969207198829967,False,False,False
494,missense,CCAAAAATCCGCTAAATTCT,-0.07051639849240217,0.048376723758375526,-2.428373025954489,False,False,False
494,missense,TCGGGAGGAAGAAATCACCA,0.02095938382240537,-0.9954635941597867,-31.339407816102604,True,True,True
494,synonymous,AAATTGCCGGAGATGACACC,0.01568345140206618,-0.03037760626588945,-4.643836539715812,False,False,True
494,synonymous,AATACGACCACAAAAGAGAT,-0.19693151223902725,-1.042267394276493,-30.115102636495163,True,True,True
494,synonymous,CACCCAAGACTTACTACCAA,0.013075698212780634,0.02402086983142282,-3.096705954692278,False,False,False
494,synonymous,CCCTAGGAATAAAAGTTACA,0.027039716816314882,0.05501840507542825,-2.6433861634655904,False,False,False
494,synonymous,GACAATTAAGGGTAATAAGT,0.021335505852610046,-0.9798987880676673,-31.242345049691608,True,True,True
494,synonymous,TGAAGATTTACAGAGGAATC,0.04256127387993569,-0.05291519229331812,-6.349323886076177,False,False,True
495,missense,AAACATTGCGATCTAGACAG,0.013641023047438456,-0.15983702691295976,-8.447393928288367,False,False,True
495,missense,AATTGTTTTCGATTAGTATC,-0.013504016899512406,0.0348881335305478,-2.711163071893328,False,False,False
495,missense,ACAGTCTTAGACTAATTCAA,-1.0930785166425048,-0.9287515459643547,-30.4558476855415,True,False,False
495,missense,GATAAAATAGTAGATATTCT,0.007355438243429201,0.03793905244166741,-3.0207008999130247,False,False,False
495,synonymous,AAAAAACATTAACGACCAAA,0.012755409503959723,0.12584281020485655,-1.7540705826901886,False,False,False
495,synonymous,AAAACATGATATAAAACTAA,-0.03848873852672058,-0.9621238167964254,-30.998482968272803,True,False,True
495,synonymous,TAGCATTATAACAGTAGCGC,-1.0688608653328209,-1.6031062678269856,-30.052410956449528,True,False,True
496,missense,AAAGAAAGATGAAGACAAAA,0.03339118299230067,-0.9837283368155934,-32.082251598325534,True,True,True
496,missense,ACGTAGCTATAATGATTCAG,-0.03361667260205116,0.09309946832559891,-2.070738918137765,False,False,False
496,missense,CACGCGTGGTGCGGCCATTT,0.10773738827344291,-0.9392777482108841,-30.51027349790089,True,False,True
496,missense,CCTTGCATGGGGCCACCCTC,-0.006996198801869594,-0.06508322092605182,-5.937773390792267,False,False,True
496,missense,GTCAGCAAGAGTTGCGTACG,0.05853133426526405,-1.0765943820164505,-30.181275218729255,True,True,True
496,synonymous,ACTAGACGCCGAAACCGTGA,-0.13409102805852133,0.010463865159952346,-4.3614061629645,False,False,False
497,synonymous,AAAGGAGAAGCACCAAATGG,-0.040576500880427496,0.13734216149122674,-0.25097179144799536,False,False,False
497,synonymous,ATGAACATGAGTTGCCTTAT,0.02629106348139883,0.053982757296645784,-4.091669775633671,False,False,False
497,synonymous,TACTTCTATCCATGATGAAA,0.008180303010011745,-0.007304638367624183,-4.5307553836890495,False,False,True
498,synonymous,AAGAATTCATGCAGTCGATC,0.05692505542020404,-0.057036349530594777,-5.504400555114263,False,False,True
498,synonymous,TATATGGTGTATGAGTTCCT,0.6214839020263562,-1.5581494172401733,-30.123166132525075,True,True,True
499,missense,GAGATTAAACCGTATGCTTA,0.028566187460946326,-0.9053616714644745,-30.893674478548736,True,False,True
499,missense,GTATCGTAAGGAAGGCCGTG,-0.07007499788692596,-0.9943951336850638,-31.260508681827805,True,True,True
499,missense,GTCATAAAGGGCAGCACCTC,-0.01991819425616248,0.10087608882076321,-1.8484355292457064,False,False,False
499,missense,TAATGGTATCTCTAAGTAAC,-0.010958796686959904,-0.8677453314892056,-30.442100308893064,True,False,True
499,missense,TTATCTGATATGGACATGCT,0.005892804881315264,0.06815508131117527,-2.2786241602088935,False,False,False
499,synonymous,AAAGGCTATGTGTGATCGAG,-0.07952942681183868,-0.9544546505163918,-30.06226276765621,True,False,True
499,synonymous,GAAAGAAAATAGACCTCAAC,-0.1374182513915199,-0.16670821847639355,-6.957115274466265,False,False,True
499,synonymous,GAGCAAAACTCAAATGACCC,0.025271848349512394,-0.9300625871678796,-30.442862314656413,True,False,True
499,synonymous,GGATCAACCCCTGAAATGCA,-0.02075105967231466,0.021731538513622944,-3.3353182893915276,False,False,False
500,missense,CGCGTGCAACCTCTCAAACT,-0.18748548689564384,-0.9466016618637556,-30.159412681527737,True,False,True
500,missense,GTAGCGACACGGGAAAGTTG,0.04108823778467523,0.07147340148552588,-1.2134070761044238,False,False,False
500,missense,TGCTCTCCCTCCTAAGCCAT,-0.06418116284809955,0.09163480880065938,-1.7909396688268637,False,False,False
500,missense,TTCAGTCGAAATAATCCAAA,0.007385729799391875,0.04147843802910145,-3.2074693614719063,False,False,False
500,synonymous,CATTCCATAAGTCGCTACCA,0.04884987989066683,0.07014018149183342,-2.1663239208243965,False,False,False
500,synonymous,GCAAGGATCACTGGAGGGCG,0.005743939250724748,-0.9337806757288145,-30.92377585875776,True,False,True
500,synonymous,TAAGTTAATGTGCGTGATTG,0.01394706768653799,0.18363046234891278,0.32148012362530454,False,False,False
500,synonymous,TGCGCCGATCACAAACAATT,0.042729380439890066,0.04041901120688787,-2.5373835260864017,False,False,False
501,missense,ATAATCGTTAAACTTGCACA,0.04576466589340544,-0.9194431554872993,-30.61620782572568,True,False,True
501,missense,ATTACGATTGAACGGTTTTG,-0.0014060726897825691,0.017823222122656496,-3.53520523342935,False,False,False
501,missense,ATTCACCTAAAGAACAGACC,-0.0237873460849203,0.026108786170952025,-2.9507477054764952,False,False,False
501,missense,CAAACTTGCTAACATCGGAG,-0.04686345872374184,-0.05235537872403828,-6.264260030983943,False,False,True
501,missense,CGAAGAATGGGCCCAACGAT,-0.008049186366872171,0.10970786495222692,-2.287099074538542,False,False,False
501,missense,CTAAACAAATTAGGCAAACT,-0.04694648473093459,-0.9669415546417184,-31.27814150891818,True,False,True
501,missense,TATACGAATGTGATGGATAT,-0.01346636229530418,-0.9484795171892522,-31.994079385161058,True,False,True
501,missense,TGAAAACAGGTCCGCAAGCC,0.0013436833225451,-1.7448434795298913,-30.212196859131105,True,True,True
501,synonymous,CCAAGGATTTAACACACTTA,0.12410805513667957,-0.11183653936726351,-6.202531342647803,False,False,True
501,synonymous,CGAAAAGAAATAGATGGTAG,-1.093219625569846,-1.3909999441083445,-30.634403305867398,True,False,True
501,synonymous,CTGCGAGAGGATCCCTATCG,0.02313232966492865,-0.026614209851344023,-4.796063702186036,False,False,True
502,missense,ATACTAGCCTATCGGTCACA,-0.022179228913334913,-0.019517717357382974,-3.7530887286595855,False,False,False
502,missense,CCGATTTGATAGACCTTGAG,0.05259683588409844,0.09959271359720742,-1.60022532322282,False,False,False
502,missense,CTAAAAAGCTCCGCGGAAAA,0.04245497179527839,-0.9955478389365522,-32.541548398203574,True,True,True
502,missense,CTTGATCTAATATTATTCAG,-0.08451951268868207,-0.3534208491546715,-30.247360646142987,True,False,True
502,missense,TCACACCAGCAAAGAACGAG,0.020149675810491458,0.12010944479871205,-1.050536305379548,False,False,False
502,synonymous,AAGGGAACAAAACATCTAAA,0.09376976715520284,-1.0098493340121615,-30.961546314741017,True,True,True
502,synonymous,ACGAACAATATACAGGTAAA,0.012425555297337102,-0.11880363230046681,-7.463740960797451,False,False,True
502,synonymous,AGAATCCTCGTAAAAGGCCA,0.04570807201895562,-0.09514966228942731,-5.257859131286066,False,False,True
502,synonymous,ATGTTACACGTAGCCCACTA,0.03283908161162986,-0.9509746886011974,-30.180200313885596,True,False,True
502,synonymous,CACATCGATAATCGCTATGG,-0.018035425806800294,0.008308889902032407,-3.7626211522674087,False,False,False
502,synonymous,CTCACGGAACTAATAGAGAA,0.02671599592395394,0.05374889666581674,-2.805900863688115,False,False,False
502,synonymous,GAACTAATGGTAACTGTACC,-0.008741897785663331,-0.03126588756207621,-4.992780546850905,False,False,True
502,synonymous,GGACGCAAAAGGACATGACG,0.005637050374205832,-0.1742748492251429,-7.76611036008165,False,False,True
502,synonymous,TAAATTAAGGCTTAGCAGAA,0.07030684324431709,-0.8788233532118961,-30.31167464678817,True,False,True
502,synonymous,TCACGGCATAGAGGAAATTA,0.0029901990327441015,0.07523403635482433,-1.8504689890800627,False,False,False
502,synonymous,TCGCGGAGGGGTAAAAACGA,0.016987902070756178,-1.6296095413860208,-31.04707298492138,True,True,True
502,synonymous,TGTTTGAAAGTGCTTCGAGA,0.034857525068741166,-0.9356818470623776,-31.132642732718384,True,False,True
503,missense,AAAATAACATAAACGTAATA,0.06612199773223809,-0.04128474374107827,-5.920603195862445,False,False,True
503,missense,ACTAAAATACGATGTGTCTA,0.001325504495499021,-1.0001821877472712,-30.62516341405007,True,True,True
503,missense,AGTAGTTCCCAAGGATTGCA,0.03184634288167828,0.023795094028495223,-3.57143380330218,False,False,False
503,missense,CTGACCATAGTTCGAAGGAG,-0.020825526253579568,0.12392304124393755,-1.9458449441907657,False,False,False
503,missense,CTGTAGAACTAGAATCCTCT,0.017173597639928297,0.004721811920956082,-3.0193391062084207,False,False,False
503,missense,TTAGAAAATAAACGTATAAC,0.07623377684021777,0.056531520316762104,-1.12473596855196,False,False,False
503,synonymous,ATTCTAAGTCTAGACTATCA,-0.016267403671417803,0.08220083700142049,-1.2677591526429808,False,False,False
503,synonymous,CAATCGGCTCAATTCTAATG,-0.024351121564187794,0.005373706724078664,-3.628864615773883,False,False,False
504,missense,AAGTTGACTTTGTCTTAGAA,0.0050362580366100085,0.059898528175478014,-1.87254182807112,False,False,False
504,missense,AATATAACTTCAAATTTGTA,0.019622908635986737,-0.9826573240872993,-31.693181422918713,True,True,True
504,missense,AATCATTGAGAAGCAATGGT,0.008743410986078795,0.10054703563853151,-1.82041212670482,False,False,False
504,missense,ACGAGACACAATCGAGCAAC,0.06987145802867333,-0.9677620020196267,-30.516074739573103,True,False,True
504,missense,ACGTCTATGCACTCTATTGG,-0.0011212128186941965,-0.014991281424357211,-4.560082804683785,False,False,True
504,missense,AGAAAAAGATATAGGTGCAA,0.023232578371660297,0.1188560604670852,-1.2435770756206848,False,False,False
504,missense,ATTATCCCCAACCTATACTT,0.07717146560769315,-0.061981180188738966,-6.270468534149302,False,False,True
504,missense,CTAAAAGCGTGTGTATTCAT,-0.010256331807860557,0.09967475068970702,-1.6173776119759444,False,False,False
504,missense,CTTGGAACGTTCCGTACGGT,-0.029016754056043984,-0.8710739233416773,-30.533902878468147,True,False,True
504,missense,GCAATTTTGCAATTAAAACA,0.020940918933903204,0.06866343544162976,-1.9909664662630409,False,False,False
504,missense,TACCAAATTAAAGCACTTTT,0.02827312655258507,-0.16199974121594718,-7.342803541493648,False,False,True
504,missense,TACCGACTATTCCGTTGGTT,-0.04831997895058468,0.09326416898816715,-2.03862717523396,False,False,False
504,missense,TGCGAAAGAAATTTCCAAGT,0.0012329768188060325,0.058677955474490506,-2.6996650323659037,False,False,False
504,missense,TTAGTGCACTAAAGCATTGG,-0.08642421349945915,-0.991548886782857,-31.72091578657347,True,True,True
504,synonymous,CTAACTATTTAGCACTAAAT,0.004809764514631915,0.07863344991772887,-2.036391229682594,False,False,False
504,synonymous,CTATTGAGATAAGGCCACAA,0.0013843545867437564,0.05594875820176372,-2.718324825930429,False,False,False
504,synonymous,CTCCCCAAATGGGCAAGTTC,-0.016077435767517675,0.019252960391476087,-3.665697732066509,False,False,False
505,missense,AATAATATCCACGAGAAGAA,0.014654557709114328,0.06854298002492097,-2.2355656451465253,False,False,False
505,missense,AATCTAAGTATGCAGTCGAG,0.011539737606568623,0.022486985401007076,-3.4435461264021345,False,False,False
505,missense,CTGAAAAAATCACGAACACA,-0.046032081921726226,-0.9748771423227214,-31.17473479692864,True,False,True
505,missense,TAAAGGTAGCCATTGCGTGA,-0.006631363217755313,0.06115253963724733,-2.7059705693354053,False,False,False
505,missense,TAGGAACGCTCATTCAGGGT,0.009354718522755162,0.048126332226282986,-2.9579047587960625,False,False,False
505,synonymous,CAGTCTAACATGTGACGAGT,0.05447722594122492,-0.0969100802092415,-6.530050958790783,False,False,True
505,synonymous,CATTAATATATAAAGACTAT,-0.07024994316680327,-0.9344937221115703,-31.30671210662075,True,False,True
505,synonymous,GGAAAGACATTACATAATGC,0.022335893840737392,-0.016261533555458146,-3.8077943877209344,False,False,True
506,missense,TCCTTTACTAAGAAAAAGGT,-0.6682359688726042,-0.04081781664399972,-5.978419833873574,False,False,False
506,missense,TTAATTACGAAAGTTATATT,0.06680387070139428,0.18241853361975632,-0.010949270981437071,False,False,False
506,synonymous,TACTACAAGCTACCCTATTA,-1.051324929708225,-0.9936319090987402,-30.402404175723323,True,False,False
507,missense,AATTAAATTACGTAGGGAAC,-0.01200704720614781,0.02526301473406453,-3.4919168549028137,False,False,False
507,missense,CGATCAGATGGCACGCTGAA,-1.049631125940429,-0.7769837680778686,-30.22451655615589,True,False,False
507,missense,GAACGCACTGCTTACAAGTG,-0.005230806022753243,0.005408177160210109,-4.77252011431477,False,False,False
507,synonymous,ACCAATCTGAAGCTGCTCCT,-0.05039416199920113,0.08476067535802947,-0.9450623318240966,False,False,False
508,missense,CCCTGAAAAACATACAACCT,0.013163309465184488,-0.08375599312620399,-6.606125586129124,False,False,True
508,missense,GATACTAAAGGATAAGAGCA,-0.030785676268092522,0.635991442610848,-4.183155932267968,False,False,False
509,missense,AAGGGCTTATCAGAATGACT,-0.3193051902191892,-0.906498530483558,-30.35511547135291,True,False,True
509,missense,ACCAATGTCAACTATCATAA,0.03214504117066764,0.02534688675444892,-3.591038196070367,False,False,False
509,missense,ACTCCTGCAAGGCAAAGAAG,0.029584323569794763,0.09773642085200043,-1.4619767431839592,False,False,False
509,missense,AGCAATGAAACTAAAAAAAT,-0.0016199076695498646,0.030676666205692954,-3.8568269469565073,False,False,False
509,missense,GACTACGAGACGTTTCCTAG,-0.011065352311475546,0.13656846666456332,-0.8165662039475368,False,False,False
509,missense,GGAAGTAATAAGCACAGTGT,0.012290087696946799,0.11342124509774935,-1.4676133149319694,False,False,False
509,synonymous,CTTGTAAGATGCTGAATTGG,-0.002944548602354655,0.03029267555521091,-3.1105287892022386,False,False,False
509,synonymous,GAAGTTCTAAATCGCAACGA,-0.026948103194182577,-0.024035503943915848,-5.113478881916531,False,False,False
509,synonymous,TATTGCAATATGTATGCACA,-0.004116669109552223,-0.7488194897427876,-31.87285753887043,True,False,True
510,missense,AATATCCAAATACATTAATC,0.0005324332941330345,0.05218851391368619,-2.9954477953828653,False,False,False
510,missense,GCTTCTAATCTAGGTGCAAC,0.04230062954607734,0.04003193887971729,-3.932488345556201,False,False,False
510,missense,GGAGCAGTATCGACTCCTTG,0.002686184812627232,0.0012993951289413386,-3.9781691793476543,False,False,False
510,synonymous,CGATGTAGTTTTACGGAGAT,0.03300306202596371,0.10345004508272858,-1.6413603169115656,False,False,False
510,synonymous,CTTTATATCAGAGACACTAA,0.014611336050173899,0.0842224723748166,-1.367319416983778,False,False,False
511,missense,CTCAAGAAATATGTGCAAAT,-0.004397912343751155,0.06476604401863417,-2.4127876827864014,False,False,False
511,missense,GATAATACAAACTGAGTGAC,0.06078456360568739,-0.9757287801135315,-31.298588677268796,True,False,True
511,missense,GGTGTGTGAATTATCAGAAA,0.05890047502389073,-0.9978954276090255,-31.82410898559756,True,True,True
512,missense,ATGACAAAAGCTTTAAGAGA,-0.013316279656070913,0.014639050702295459,-3.9719272771242453,False,False,False
513,missense,GTACTTACGAGTTAAGTACA,0.05167981417246566,0.11953018446716218,-2.7767708180864354,False,False,False
513,missense,GTGAAAAAACTGACAGTAAT,-0.01226464911732635,0.05329821721954328,-3.1350649991795616,False,False,False
518,missense,GGCACATCATAAAAAAACTA,0.00356905113946425,0.02703763826244844,-2.9571553901185728,False,False,False
518,missense,TAAAAAATTTCTTACAATAC,-0.042814202021791856,0.09201241978555283,-1.8780002573174244,False,False,False
518,missense,TTTGACGAAATATAGCACAA,0.031221040886448607,0.03012246008670269,-3.2210289198574786,False,False,False
520,missense,AAACATTTCAGAAGTGATAC,0.05002727269118433,0.05209268399884592,-2.521029572207958,False,False,False
520,missense,AGGGATACACCAGAAACTTA,-0.02107068169149974,0.03387131964154222,-3.2597681695963736,False,False,False
520,synonymous,CAAATACCATATAAGATAAG,0.0026591382702637863,0.06945789979915817,-2.70237679776378,False,False,False
521,missense,ACTTACTTGTAGAAATCTTA,0.0602707656156584,-1.0362769908340657,-31.303625080336076,True,True,True
521,missense,ATGAGTTAGAGTGTAATGAT,-0.006300363060444118,0.06801189576329959,-2.3941647202540035,False,False,False
521,missense,TATAGAGTTTACCATGGAAA,0.006108972275320714,0.008439636925327565,-3.889856295563905,False,False,False
521,synonymous,AAGACTGGCTCCGAACAATT,0.07661516004328763,0.02067236822212154,-3.513972025926797,False,False,False
521,synonymous,ACACTTATAAACGGATTTAT,0.006748775078944427,0.09538435625545699,-1.3407379830580375,False,False,False
521,synonymous,CATCTAAAATCAAGAACCCC,-0.033236113417085086,0.08088633049134808,-2.4110990908580856,False,False,False
521,synonymous,CTGATAATAGAAACAATGCC,-0.0005757956991559979,0.01008140105076627,-3.895671988159387,False,False,False
521,synonymous,GCCGCATCAAACTTCAAATC,-0.0013444772056042404,0.030122457678065484,-3.2824197723726694,False,False,False
521,synonymous,GGCCACGTCTACAATTGGAT,-0.7499180599216828,-0.888852020425144,-30.651235600359986,True,False,True
521,synonymous,TAAACACCGGTAAGAAAAGA,-0.025251525362156045,0.10499042619801396,-1.4789596837831982,False,False,False
521,synonymous,TAGACTCATAGCGTTATTAA,-0.003221754799073443,-0.055999248663188866,-5.817244108909386,False,False,True
522,synonymous,ACTAAACCGAAATGCAACGA,-0.00892511126029969,0.10608124096562391,-1.6765441912192047,False,False,False
522,synonymous,CAACCAAAGCGATAAAAGCC,-0.22099682997058004,0.025869663742280655,-4.4834679152876795,False,False,False
522,synonymous,CTCCACCACATGTTGAATGT,0.014080425505257095,0.023890293916529942,-3.440853251127953,False,False,False
522,synonymous,CTTATATATGAAAAATAGAC,0.010058271001481597,0.06063621921008003,-2.6629418719925413,False,False,False
523,missense,AACATGTAAGCATTGCATCT,0.639391849438519,-0.9093409368719538,-30.338139988437725,True,False,True
523,synonymous,CCTACATATACTCGGAAGCG,0.016858748535247613,0.013096263001574904,-3.7441742674358762,False,False,False
525,missense,CAACAAAAAGTCATACCAGA,-0.03197399907986187,0.07578008988614998,-1.8904537954206344,False,False,False
525,synonymous,AGCTAGAAACGAATAAACGA,0.013418667452372898,0.06977353977655563,-2.4802235826115036,False,False,False
525,synonymous,TATTATGAGAGTTGAAATGT,0.0009639148479867563,0.12512845932208855,-0.5478081456811936,False,False,False
525,synonymous,TTAGGCATCTTACCATTTGA,0.0060179448439225455,-0.9448949835286959,-31.805570443699946,True,False,True
526,missense,GAGTAGCGAATTAATGTACA,0.017367844732922244,0.0740281967589104,-1.4789315293601581,False,False,False
526,missense,GTGCTATCCGAACAGAGAAA,-0.0005265706397066913,0.10730935150755574,-2.0549679661584963,False,False,False
527,missense,ATATTCTAGACAAGAAGGCT,0.01371789765888434,0.03600931514001067,-3.0668590315623705,False,False,False
527,synonymous,CCCCCGTATTGGAAATAGAT,0.012495379044891137,0.06878163570295462,-2.4022769137082345,False,False,False
527,synonymous,GGACATGACGATAACTGAGC,0.0365602838090482,-0.9796483821810771,-32.07376835119134,True,False,True
528,missense,CCGAGACGCTAACCGCACTT,-0.04152162457562032,-0.9128176681387019,-30.599953650141938,True,False,True
528,synonymous,GGAAACGGTCTCACTCGAGA,0.022853479070759786,0.12966805055487296,-0.5274619688579092,False,False,False
528,synonymous,TGTGGCGTTGAACACATCAG,-0.016673220940640263,0.08531370970207917,-1.7558705907643994,False,False,False
529,missense,CGAAAAATAGAGGCGCGTAA,0.013286431422016676,0.06632837693965295,-2.1634479228193517,False,False,False
529,missense,CTCTCCGAAAGTCCAGGTGG,-0.009661871509319622,0.05531640273237744,-3.101269319883196,False,False,False
529,missense,GAATCATCATCGCCGTAAGA,-1.0485417730477173,-0.7236910347044765,-30.125885720192258,True,False,False
529,missense,GCCGCACAGAATGAAGATGA,-0.032895330964446065,0.043938058432040406,-3.098339618495891,False,False,False
529,missense,TAATAGTATAACCTTAGCGG,0.04715535339465446,0.06825278391901021,-0.827675207514293,False,False,False
529,missense,TATAAAGGTGCTTGCGCTAA,-0.0014372789676170231,0.054998427166183875,-2.8491452615112087,False,False,False
529,missense,TTAAACATGAATTGGATCTT,-0.05351775342134733,-0.10339912179806421,-6.389310394908965,False,False,True
529,synonymous,ATTTTTATAAACATTAAATA,-0.002143553766813979,-0.13434173149274903,-8.207759951601208,False,False,True
530,missense,AAAATGAATCGACCGAGAAG,-0.04289754302379244,-0.1574114746347835,-8.091104875839475,False,False,True
530,missense,AATTTTGCGATTTAATATCT,0.028454407107530694,0.013516498495840301,-3.858729205990039,False,False,False
530,missense,ACATACGTATTAAGAAAATA,-0.031553709946014016,-0.9265330650156938,-30.272371072738302,True,False,True
530,missense,CAAGTCTGGGAAATTATATT,0.06943716872874126,0.1695028761283931,-0.2904620075180401,False,False,False
530,missense,CGTACATTGTATGCTAGATC,0.0033229742641468366,-0.025808699477409436,-4.769845577919817,False,False,True
530,synonymous,AAAATCTGTATTAATAAAAA,-0.008467779376531552,-0.11872807401986091,-6.612076397619909,False,False,True
530,synonymous,CAAATATAAGATGATAAGCG,0.018002021710087465,0.08002574566870532,-2.3823457680700804,False,False,False
530,synonymous,GAACTTCAAAATTGCATAGG,-0.04632919375524912,-0.9811076326884893,-30.236411363492213,True,True,True
530,synonymous,GTTAGACATATTTTTAAAAA,-0.02292735245047552,0.06169772657893553,-2.3800191575695573,False,False,False
530,synonymous,TACGTTCACGGGACGATTTT,-0.09134472092669163,-0.9522827914827414,-31.04297280733465,True,False,True
530,synonymous,TATTAGTATTGCAGCAACTC,0.02125763059621138,0.03735418488802961,-3.100623966880939,False,False,False
530,synonymous,TCACGAGTATGGCTACTTCT,-1.4921949224356565,-0.9986129903536616,-29.99974298929883,True,False,False
531,missense,AACAAATCTTCCGAGAACCA,0.01881329366499168,0.10669030278023528,-1.9502047324661995,False,False,False
531,missense,AAGACACAATAATCGGAATG,-0.02894409374644846,0.1240504161199642,-1.312658846457251,False,False,False
531,missense,ACGCTGTAATCATCGTATGC,0.03241856947708219,0.08570129448250448,-1.632391127164099,False,False,False
531,missense,CTAACCAACTATTATGACCA,-0.00906513374936197,0.019542698365946132,-3.6253751338761036,False,False,False
531,missense,GAAGGATAGGAAAGTTCAAT,0.006368804059996699,0.02079502862317631,-3.8098984857616656,False,False,False
531,missense,GTCGAACAAGGCCCAAAAGG,0.023958485214464285,0.08683263102123805,-1.962034259772624,False,False,False
531,synonymous,GAAACAAATAAGCATGTATA,-0.010705834989478798,-0.9993983238444102,-31.270567003245713,True,True,True
531,synonymous,GGACACATGAGTAAATGGAT,-0.04307771603954877,-0.9410920978600179,-30.595649831202195,True,False,True
541,synonymous,AGATATAATACAAGAAACGT,0.014481282418557168,0.009660417116204606,-3.8220370602701164,False,False,False
542,synonymous,CGATACACAAAGTAACATTA,-1.1142322089599903,-0.003846887296613727,-5.854914096765117,False,False,False
543,missense,CCTATATACTTTGAATTGAC,0.03778116427342833,0.1938700939734861,-0.09046520560846089,False,False,False
543,synonymous,AAACGAGACGTATATTCCTC,-0.0005906480408842192,0.08015744895158361,-1.4534807818741746,False,False,False
543,synonymous,ACGGATGCAGAGGTTAAAAT,-0.024355881905745714,-0.0381386722487404,-4.882694482281399,False,False,True
544,missense,GAACGCCTGCTTGAGTGTAC,-0.06828593343491343,-0.007201987208731553,-6.179832777962459,False,False,False
544,missense,TAGAACGGTAGACTTATTTA,0.007483150953362911,-0.9694372310155206,-30.601707353023773,True,False,True
545,missense,AAAGATAAGACGGATTCTGA,-0.10194277997019603,0.05718222454913671,-2.8139807687427796,False,False,False
545,missense,CTCCCAACTGAGGAATATCT,0.015664549965059265,-0.07672398748214193,-6.868557909993142,False,False,True
545,synonymous,ACACACTTAAACAATACTGT,0.044806618425378114,0.160043036801076,-0.2501540252292302,False,False,False
545,synonymous,CAAAATTGAATTGATTAATC,0.6586829358409401,-0.9515239385361292,-30.232401721176455,True,False,True
545,synonymous,GCCCTTGTGAAAATTATACG,0.04734685417050509,0.13837165691402942,-0.10836724532255497,False,False,False
546,missense,CGTTAAGCCACGTGGTTGAA,-0.6333135338859932,-1.029857244639665,-30.76048891040796,True,False,True
546,missense,GGTGCACATGATTATGATGA,0.01106404967488295,0.08036322848653626,-2.237207957969398,False,False,False
546,synonymous,AGGTAAGACAAGCCTAAAAT,-0.004132909731106406,0.0407890564768628,-2.961938154495953,False,False,False
546,synonymous,CTACAGAAAAGTGTAGCTAG,-0.05360450765212156,-0.8957143166658843,-30.3455014692382,True,False,True
550,missense,ACACATTAACAATTGAATAA,-0.031491998354587436,0.006025625372456989,-4.1206903635006045,False,False,False
552,missense,ACTACAACATCGCCTAATAT,0.01915162431259215,0.05954531431246357,-2.43491774237151,False,False,False
552,missense,ATGAACAGACATATTTGGCG,-0.0414459646901737,-0.9924399870515004,-31.445901690521143,True,True,True
552,missense,ATTTATGAAGCTTTTTAATT,0.002516447580141224,0.09394438190915955,-1.698613807006457,False,False,False
552,missense,TACTGGGCGGAACGGACTCG,0.023788994294193937,0.08512398137582482,-2.3872354752147125,False,False,False
552,missense,TTAAATATGTCGGGACAAGT,-0.022624491405628142,0.0032809547217038104,-4.181553316250988,False,False,False
552,synonymous,AAAGATAATCACGGCTTGAA,0.022548540135049446,0.023066454697858396,-2.434950197823928,False,False,False
552,synonymous,ACCGTAACTCAATTACAGGC,-0.04469356997227274,-0.09459826031379967,-7.5057977376163425,False,False,True
552,synonymous,ATGAAATCGGTTGGTGCTAC,0.03032305372938675,0.1298670637333598,-1.2278634921784064,False,False,False
552,synonymous,CACTAGAGTACTCCCAACGT,-0.07856201554017787,-1.7757497275525918,-30.51026186494367,True,True,True
552,synonymous,CGGAGTGTAAAAGGGATTGA,-0.005717907663966654,-0.03347946082104242,-5.286330137194257,False,False,True
552,synonymous,GAAGATTTGGAGTAAGATTA,0.0038395875154552195,0.10527777740202982,-1.3351660646293204,False,False,False
552,synonymous,GAGTCTAAAATTGGTATACT,-0.007174876739000757,-0.033951033259414176,-5.210411811409829,False,False,True
552,synonymous,GTTAATACCAGGACAAGTAC,-0.19681074281928235,-0.9320790618405472,-31.166279145188764,True,False,True
552,synonymous,TAATTCCTACCTACTGACTT,0.021972610991411783,-0.942197760550908,-31.013395738178026,True,False,True
553,missense,AAACACGAAGTAACTACGCA,0.01313669995669646,0.06157157350007854,-2.128266812900681,False,False,False
553,missense,AACAGTCCGCTAAAAAACAT,-0.03883086557497975,-0.09182593615334306,-6.182239147632255,False,False,True
553,missense,ATAAAATCCATTACAAAATA,-0.012768011403583272,0.12011736299339254,-1.258062080429728,False,False,False
553,missense,CAGCTATTCCCACAAATATC,-0.10604908752207884,-0.09232118644903145,-6.182700320708547,False,False,False
553,missense,GTCGCTGATACATTATAATA,-0.039355857003116,-1.0137447611051276,-31.550376586807737,True,True,True
553,synonymous,ACTTGCACCAAAACAATAAA,-0.005236483369360858,-0.9793159153145232,-31.673234630955736,True,False,True
553,synonymous,AGAGCCTATATTAATTTTGA,0.05545789932893344,-1.5539001845384894,-29.924853596359103,True,True,True
553,synonymous,ATAGAAAGAGAAGGAGCCAG,-0.048851232404852354,-0.9613218891480122,-31.18069374327133,True,False,True
553,synonymous,ATGCAATCCCCTAAAGTTGA,0.04749377463702914,0.12475900402451129,-2.8998375757220183,False,False,False
553,synonymous,ATTGAACCAGAGTAGAACAT,-0.0014376943592958255,-0.00041263411218420143,-3.505421852372443,False,False,False
553,synonymous,CAGAGTTTTCGTCAAGAATA,-0.025735153409616754,0.036220970683283796,-3.1420960788192422,False,False,False
553,synonymous,CCCAGGAATCCAGTTTAATA,0.10489090816442499,-0.9175183712828903,-30.441222459970493,True,False,True
553,synonymous,CGAATAGATTAACAGAATTA,-0.20928223897837964,-0.9813798885281697,-30.123729594611497,True,True,True
553,synonymous,CTATGAATACCAATTCAGTT,0.023745273071293132,0.07204446651598863,-2.2206457758059908,False,False,False
553,synonymous,CTGTTACTAAGTATGAGTTC,-0.00967748731652124,-0.0003977581801136998,-3.579384059728463,False,False,False
553,synonymous,GATCCAACAACAAGTGTGGA,0.020399088802457933,0.10248937058205168,-1.8753058135947271,False,False,False
553,synonymous,GATTTTAATAGTGGGACATT,0.05700269466885126,-0.9987941055429959,-32.17065390788291,True,True,True
553,synonymous,GCCAATTTATCTACGGATAA,0.1143131298419806,-0.9463432983836553,-30.33343708272049,True,False,True
553,synonymous,GCTACGATGTCGTGAAACAG,-0.10357760203875215,0.04138285627293953,-2.72926962272879,False,False,False
553,synonymous,GGAGTTCGTGACGATAGTGT,0.007321017912824296,0.02342448116883375,-3.531870485775758,False,False,False
553,synonymous,GTAACAAACGTACAGAAAAA,-0.019386319871228366,-1.018656015916811,-32.24203718492166,True,True,True
553,synonymous,GTGGTTCGCACTTAGTGCCT,-0.005396528617227761,0.030227729664445258,-3.561945120829824,False,False,False
553,synonymous,TAAAAATGGACTAACAATCT,0.21028486298510418,-0.9197529836986398,-29.92773921611819,True,False,True
553,synonymous,TAAACTAAGCGGGTACGCGA,0.0012193990077954717,0.09763836325387312,-2.055837491708787,False,False,False
553,synonymous,TAATTGCTAATTGTATCTTC,-0.05747650373580472,0.0665404027021633,-2.873712488453979,False,False,False
553,synonymous,TTATCCTCCCGTTTCTTAAA,0.020861803652747948,0.012350094163332909,-3.6207437775499054,False,False,False
554,missense,ACGTTCTTATGCAGATCAAA,0.01954196749378988,0.06583318995583551,-2.6683609017253143,False,False,False
554,missense,AGAATATAAATTAACGCTAG,0.021817798339355602,0.0037964198501300173,-3.7159715349737037,False,False,False
554,missense,CGGAATCTTGAAGAGTTATA,-1.6225884374427955,-1.1063377553181732,-30.369629566997027,True,False,False
554,missense,GGGAGAGACCAGAATCCGAA,0.006642150023135868,0.02322916183731491,-3.809577633679778,False,False,False
554,missense,GTTAACGGTCCGTTATCTAT,0.03838435793121153,-0.9375925800194325,-30.5364890208758,True,False,True
554,missense,TAAATTATAATATATATATA,0.008307664054743365,0.06022566049401715,-2.3416056732380115,False,False,False
554,missense,TGGGTAGACCAACGGATTAC,0.04739583626226759,-0.9956306265506176,-31.382795692737023,True,True,True
554,synonymous,AAATGTGAGATGCGTGCAAC,0.016691604854783434,-0.9599216148241785,-31.343486106254456,True,False,True
554,synonymous,CACGAATATTCATGGACAAC,0.022269528448894453,0.0723068507164839,-2.131000608015447,False,False,False
554,synonymous,CTATGTTTGTACGATACCAG,0.03356100414727491,0.053354082222109606,-2.749523636954716,False,False,False
554,synonymous,GCTAATTACTACGCTATGAA,0.011874088229160036,0.05674828936149391,-1.8810664512507032,False,False,False
555,missense,AAAATACGTATTCTTTTACT,0.07062611658585032,-0.9113149716882252,-30.66195670866707,True,False,True
555,missense,AAAGTGGCCCTTAGGTGCCG,0.03568433840513971,-0.9929564870151346,-32.15518663092552,True,True,True
555,missense,AATTAATTTAAAAACCTACG,0.022610763295301116,0.08487333897030812,-2.223994876825034,False,False,False
555,missense,AGAGGAAATTGGGTGTCATA,0.02823491780342058,0.1277284405910296,-1.5578034512319932,False,False,False
555,missense,CAAAGGCGAGAAGAATAAAA,-0.0018185150368132137,0.12131422584938738,-1.377315709367291,False,False,False
555,missense,CGCAGTACCAAGGTTATATG,0.0010590736687225181,0.1944656482391221,-0.15296242487824818,False,False,False
555,synonymous,AACATACAAATAAGCTGTAT,0.0035627125112659965,0.0328391660723437,-3.3362485761201235,False,False,False
555,synonymous,ACCGAGATAAAGGTAACTTA,-0.054390840773820226,-0.9842320000117766,-31.926661107268266,True,True,True
555,synonymous,AGAATAGCTGCAAGCTTACA,0.06358602995256846,0.0739140484247219,-1.7104172701038751,False,False,False
555,synonymous,CTACAGTATGCCTTTTAAGA,0.00033907763108274695,-0.07285395212122223,-6.327470412369653,False,False,True
555,synonymous,GCCGAAAAAGAAGAAAGCCT,0.009451424631293535,0.043675564937332045,-3.0204852616450046,False,False,False
555,synonymous,TAAATCGCTTTAATGAGCCA,-0.004083127171159602,0.13570981349858555,-1.0885900527087753,False,False,False
556,missense,AAGACTATTAGATTGTTAAA,-0.06820750079116096,0.043106269163649916,-2.1087545453367595,False,False,False
556,missense,AATGGGACAGGCTAATTGTT,0.03204713083018436,-0.9549007974997117,-31.772678087662367,True,False,True
556,missense,AGGCCTTAAGTAGTTGCCCT,-0.4522110611250705,-0.7723978438342283,-30.05266994069066,True,False,True
556,missense,CAAAAAACAAAACGAAATTA,0.06091661815985035,0.06393048667721646,-2.7478660514328594,False,False,False
556,missense,CAAAACATTGATAAGATATA,0.014336967298452588,0.1227146735558366,-1.1285374692867245,False,False,False
556,missense,CAACCTAATTCCCACCTAAA,-0.015083939255851355,0.07824880421040056,-1.5706369239376219,False,False,False
556,missense,CCCATACATGCATCCAAAAA,-0.005143764472552962,0.048397471757717345,-3.1292260281975928,False,False,False
556,missense,TCAGTCATTCCAAGTTATAT,-0.05991423123320992,0.15888046656622562,-0.5874289131075405,False,False,False
557,missense,AAACCAAGAAATGTCGGGTG,0.014508147778628314,0.07494551408140783,-1.602128915500411,False,False,False
557,missense,AGACTAACAGAGGACCAAGT,0.009543848677419003,0.014090017391690829,-3.3305941113128044,False,False,False
557,missense,AGTCCAAGACATAGCGAAAC,0.036998273667770934,-0.960875475958507,-30.78037872327273,True,False,True
557,missense,ATATACTGACTACCTTTATC,-0.11159422884159861,0.07231108667525599,-1.9298204577728229,False,False,False
557,missense,CTTAGACTGTTAGATTATCG,0.054252759456298386,-0.11272433442016977,-4.235272093477301,False,False,True
557,missense,GCATAGTATTATGAACGTAC,-0.05316197019350412,0.08946295062920705,-1.643738309848286,False,False,False
557,synonymous,AGCGCTTAATCCCAACCTGA,0.029927912687534478,0.0501865614614113,-2.999112954627294,False,False,False
557,synonymous,CAGCGTAATAAGGTAATAGG,-0.05650217119101604,0.05747584769468998,-2.838779873926554,False,False,False
557,synonymous,CTAGGTGAACTATAATGAGA,0.043301396186279054,0.11985357351397155,-1.1887300606338578,False,False,False
557,synonymous,CTGTAGTGGATCACTTTCTT,-0.8716355336131628,-0.9388669062456567,-30.47764581910187,True,False,True
557,synonymous,GAGATAATTACACGTTAATT,-0.019040809753261112,-0.9483207006094609,-31.083659215825087,True,False,True
558,missense,AAAGCTATTCATTTCACTAA,-0.057411828229072565,-1.0182446485174392,-32.342562998700586,True,True,True
558,missense,CGCAAAAAAAAAAGCTAATA,-0.02938155006303059,0.13017243487499,-1.6816272679774888,False,False,False
558,missense,CTAAAGCGACAATTTGGTGA,-0.009495641818691595,-0.8859182682604512,-30.40341015213709,True,False,True
558,missense,CTCGGGTAATCTAAACGACT,0.050552822950598916,0.0205099166484376,-3.752686201982611,False,False,False
558,missense,CTCTGGAAGATTGGCCGCAT,0.024932590186881706,0.06498841110995833,-2.2652653346898988,False,False,False
558,missense,GAATCCCACACCGTCATTGT,-0.0030478877920672044,0.06610897654762055,-2.786706991985606,False,False,False
558,missense,GTAAAACATGAAATTTTCTA,-0.03985540614264682,-0.9182877292907061,-30.258886454024854,True,False,True
558,synonymous,AATAAACGGTCTGACTCCAT,-0.06313935044894071,-0.9015508052488881,-30.90383889116906,True,False,True
558,synonymous,AGATGAGGTATCTTAACTTC,0.0034295959020328283,0.07462541081043851,-1.8128715175943058,False,False,False
558,synonymous,CCAAGTATAAATTAGGCGGC,0.05494270249854147,-0.8938941808547549,-30.41800608720799,True,False,True
558,synonymous,CCGATGCCGCACCCGATAAC,-0.047754500026249924,-0.036803865875141895,-5.203807220199276,False,False,False
558,synonymous,GAGCAAAACTCAAACGGCAG,-1.0889432735652242,-0.9492009837199638,-31.065533089219176,True,False,False
558,synonymous,GATGTTTAATTGAAATAGAA,-0.01990238941741865,0.014581797320285722,-3.6507327287766067,False,False,False
559,missense,AAAAAACCTCAAGCCGAATT,-0.03323298076314529,0.10219114306486504,-1.5679826643071149,False,False,False
559,missense,ATACGAAACGCTAAAAAACA,0.16622664585740196,-0.9135532646496869,-30.64538941138223,True,False,True
559,missense,ATGACATATACAGGATCCAG,-0.042560628233625095,-0.9341320671310187,-30.85249866177783,True,False,True
559,missense,CCGTCAGCAATCCGAGGGTT,0.007215018789201059,0.08263084351851271,-2.2352585800900373,False,False,False
559,synonymous,AACAATTTCATATTACGAAA,0.025585930571080266,-0.9618854038527667,-30.719215857099048,True,False,True
559,synonymous,AGAGCAATATCAAGTTTATT,0.0017889583718783894,0.06064373299576725,-2.237359998351133,False,False,False
559,synonymous,CTGCCCCTGAACATAAAGTG,0.033132465888306005,-0.9804124717685321,-30.789317969979596,True,True,True
559,synonymous,TTCAATCCAAATCCTGTTTG,-1.1131288117342244,-0.9227937269128426,-30.41988462036107,True,False,False
560,missense,ACACGAATCGGATGCCTTTT,-0.018365884218518883,-0.9841394877435028,-31.892557172962256,True,True,True
560,missense,ATTACTTCCTAAAGATGTGA,0.05219762669388042,0.04180407731696928,-3.936327360518392,False,False,False
560,missense,CAATTCAATTTCTCACACAA,0.005508557016919201,0.04171966033166412,-1.7097963190553773,False,False,False
560,missense,CTACTTATACCTTCTGTAAA,0.020521943288743415,-0.9820773772707463,-30.823582675475127,True,True,True
560,missense,TTCTTACTGAATGGTAGATT,-0.1890774631818979,0.4326825236791217,-4.511185495508919,False,False,False
560,synonymous,AAAAACTACCTATTAGCGGT,0.006509007840202958,0.0046614899071059646,-4.019356862205467,False,False,False
560,synonymous,AAAAATATGCAACAACCCAA,0.016485508085054328,0.022489700837280246,-3.508748500454862,False,False,False
560,synonymous,TATTTTTCAGGTTTTAAAAA,-0.022725689065872946,0.0029287017195067933,-4.638365607121461,False,False,False
560,synonymous,TCCGGTTCCAATAATGATAT,-0.010200074045113774,-0.9199650437888889,-31.471971787441227,True,False,True
561,missense,AAAAGCCGAGTATACACGAG,0.020907828995584174,-0.004134105636604601,-4.20610251678613,False,False,True
561,missense,AAACACGTTCGGCACCATAA,0.010364375209952058,-0.9690187060835467,-31.154909712058934,True,False,True
561,missense,AATGACAAATGAGGGCGAAA,0.005925772110328107,0.03577220869408897,-4.20138003227008,False,False,False
561,missense,AATTACATTTTATGAAAACA,-1.7229536678722854,-0.9071353757412446,-30.420496511628475,True,False,False
561,missense,ATGGAAAACGTCTTAGGTCT,0.015020564848589409,0.05909574214879888,-2.388425108327126,False,False,False
561,missense,CACAATTGATGAGGAACTAA,0.012161187979720671,0.05148672544691538,-3.0592857144843473,False,False,False
561,missense,GATTGAGAGCTAAGAGGGAT,-0.03173865717386255,-0.08489132878292988,-6.615621493708122,False,False,True
561,missense,GCAAATAACGCTATTTATCA,0.027672750919188176,0.005442421648897661,-4.026449835033921,False,False,False
561,missense,TAATTGGTAAACGAACTATA,-0.01094988905472869,-1.0292394861023393,-32.41996692999164,True,True,True
561,missense,TCTTTCAGTTAAAGCCATAA,-0.4551773082176692,-0.030742217697317137,-4.845813705861657,False,False,False
561,synonymous,CGTAGCTTCACGATAAATGA,0.002290303692342439,-0.004807922710244272,-3.445149654723716,False,False,True
561,synonymous,GATGTAAAATACAAAACCAC,0.01844536875085826,0.04613430949927154,-3.0514991992494336,False,False,False
561,synonymous,TAAGGCTCCGCAGGAATTCT,-0.029593680671497636,-0.7155275403866388,-6.440956154982089,False,False,True
561,synonymous,TCTCAAAATACCTCAATTAC,0.04794256619339568,-1.0058975270265946,-32.43200673191297,True,True,True
562,missense,GCAAGGATATCGTGCATTAG,0.06474595788745378,-0.9669034120002755,-30.85096600134326,True,False,True
562,missense,GCTCAGTCATACGACCGTAA,-0.050738910637748144,-0.07035004549796137,-5.854563069175708,False,False,True
562,synonymous,AATACAGGAGTTTAAGATCT,-0.07184320182409223,-0.9337646583071877,-30.898524011644874,True,False,True
562,synonymous,CGCTCTGACAGACTATACTC,0.024772757600945963,0.04969533813381578,-2.888771759566225,False,False,False
562,synonymous,GTACTCAGTCGCGAATACCT,-0.0017166402683237627,0.08355914681234668,-2.1119325591539817,False,False,False
563,missense,AACATAGTAATAATAAGAAT,-0.004803854768494913,0.3658594182459497,6.293755821917532,False,False,False
563,missense,AAGGTGATGATTAGATACCA,0.020387049441523166,0.009410063259106205,-4.268507224867271,False,False,False
563,missense,ATAAACATTACACTGAGAAG,0.014400724301972874,0.000323174792253772,-5.011329421586523,False,False,False
563,synonymous,TAAACAGTAAATCCACACAC,0.03249895264064415,0.11721777777714555,-0.9470102134347127,False,False,False
564,missense,GTTAAAATGACTAACAATAT,-0.055483917192408944,0.03674822375289083,-3.63450252406921,False,False,False
565,missense,AAACTTACTGCAAAACACAT,-0.414561651585211,-0.2555644231371465,-30.19953212087306,True,False,False
565,missense,AATTAAAAGACAAAGGTAAT,-0.012811999767637482,-1.017972014438021,-32.8285693882935,True,True,True
565,synonymous,CGAAAAATTTCTTCTAATTC,-0.0003457974446225173,0.04612813995587764,-3.362095335199402,False,False,False
565,synonymous,GAGACGACCAAAAAACACAA,0.004548334413326127,0.1025326367325701,-2.349546209387878,False,False,False
566,missense,GTAAAGACGTCAGAAGAAAA,0.0158905119903208,-1.2326407590189274,-34.778009013087,True,True,True
566,synonymous,AAATGTACCGACGTCCTTCA,-0.0354536131749643,0.07163093990832552,-2.5353412376266333,False,False,False
566,synonymous,CATATGTAAAAAGAAGTTTG,0.05762176586265355,-0.8869363591570858,-31.00584909373953,True,False,True
567,missense,TCAGACAGATCCGAAGCTAG,-0.012586203784554583,0.05497918134022295,-2.830282322285483,False,False,False
567,synonymous,GAAGAACCAGAAACCACGCA,0.025552495855982488,0.02784234224719309,-2.6944636237540283,False,False,False
567,synonymous,TACATAATAACCCGACTGAC,0.09493068662401621,-1.7941323410476955,-31.129412314194497,True,True,True
568,missense,CAAACTTATCCCTAATTATC,-0.04813259140841157,0.097322200824676,-2.0924884919630076,False,False,False
568,missense,CTCTCCTGATTCCTTCCGTC,0.006236056256173292,0.0038648685537147065,-4.088131326452917,False,False,False
568,missense,GCCCAACGCTAAATACGCCT,-0.030855838724129423,-0.09741542873758927,-6.636410271663125,False,False,True
569,missense,TCAGGTCAATGCATAATAAT,0.012046865249851286,-0.9183635434997428,-30.070552729205144,True,False,True
569,synonymous,AAATCATCAATCCATGCAAA,0.07566440082517535,0.0724523434953507,-2.1500985970595967,False,False,False
569,synonymous,CGATGAACAGAACCTTATTA,-0.003561420277890656,0.08659842923756068,-2.4223825604308438,False,False,False
572,synonymous,ATTCCACGAATAAACACATC,-0.020040253387491495,0.09352550609112911,-2.277093747957267,False,False,False
575,missense,CTTGATATCTTTAAGAGTAA,-1.0557165586020523,-0.08711122890734252,-6.424688813572545,False,False,False
575,synonymous,ACGTAAGAATATGATGTAAA,-0.0031605909160403725,0.6599627865041888,-4.607790872134879,False,False,False
