amino_acid_position,mutation_type,treatment,log2fc_gen0,log2fc_last,depletion
1,PTC,Actinomycin_D+IAA,0.0,-19.42376399139054,True
1,PTC,Cobalt_Chloride+IAA,0.0,-17.78602656633826,True
1,PTC,Galactose+IAA,0.0,-17.242606633057875,True
1,PTC,MMS+IAA,0.0,-17.536537968885142,True
1,PTC,Rapamycin+IAA,0.0,-17.555110023976006,True
1,PTC,Sorbitol+IAA,0.0,-17.586334757092214,True
1,PTC,YPD,0.0,-10.884117347728505,False
1,PTC,YPD+IAA,0.0,-20.141672330895645,True
1,synonymous,Actinomycin_D+IAA,0.0,-1.0893353146445426,False
1,synonymous,Cobalt_Chloride+IAA,0.0,-1.1021911773656232,False
1,synonymous,Galactose+IAA,0.0,-0.9125893409682728,False
1,synonymous,MMS+IAA,0.0,-0.392043687307383,False
1,synonymous,Rapamycin+IAA,0.0,-0.6353896307633239,False
1,synonymous,Sorbitol+IAA,0.0,-1.4019765901802999,False
1,synonymous,YPD,0.0,-10.6737594386142,False
1,synonymous,YPD+IAA,0.0,-3.0318991423955772,False
2,missense,Actinomycin_D+IAA,0.0,-6.16164360741393,False
2,missense,Cobalt_Chloride+IAA,0.0,-8.581693744924001,False
2,missense,Galactose+IAA,0.0,-0.8594121592524011,False
2,missense,MMS+IAA,0.0,-1.0866424153681675,False
2,missense,Rapamycin+IAA,0.0,-3.3267711818389345,False
2,missense,Sorbitol+IAA,0.0,-3.277348355366838,False
2,missense,YPD,0.0,-13.746593533436515,True
2,missense,YPD+IAA,0.0,-6.879751540904756,False
2,synonymous,Actinomycin_D+IAA,0.0,-1.9883272264868304,False
2,synonymous,Cobalt_Chloride+IAA,0.0,-4.106938015700157,False
2,synonymous,Galactose+IAA,0.0,-2.514622729662711,False
2,synonymous,MMS+IAA,0.0,0.15668904763859287,False
2,synonymous,Rapamycin+IAA,0.0,-1.2968230536712704,False
2,synonymous,Sorbitol+IAA,0.0,-2.4723100051708164,False
2,synonymous,YPD,0.0,-12.877746079934946,False
2,synonymous,YPD+IAA,0.0,-4.738962640740315,False
3,missense,Actinomycin_D+IAA,0.0,-0.40529064652353103,False
3,missense,Cobalt_Chloride+IAA,0.0,-1.0760416662453496,False
3,missense,Galactose+IAA,0.0,-1.3826249647942754,False
3,missense,MMS+IAA,0.0,0.3496587495171763,False
3,missense,Rapamycin+IAA,0.0,-1.9140241720665527,False
3,missense,Sorbitol+IAA,0.0,-0.14464332673488078,False
3,missense,YPD,0.0,-10.852261605998113,False
3,missense,YPD+IAA,0.0,-1.8744388268088403,False
3,synonymous,Actinomycin_D+IAA,0.0,0.22100551459546028,False
3,synonymous,Cobalt_Chloride+IAA,0.0,-2.505528785181835,False
3,synonymous,Galactose+IAA,0.0,-1.6932171685929651,False
3,synonymous,MMS+IAA,0.0,-1.5950445782547025,False
3,synonymous,Rapamycin+IAA,0.0,-0.21992132343640888,False
3,synonymous,Sorbitol+IAA,0.0,-1.8362768242784477,False
3,synonymous,YPD,0.0,-10.475546000370608,False
3,synonymous,YPD+IAA,0.0,-2.27048771774809,False
4,missense,Actinomycin_D+IAA,0.0,-0.04385510562436951,False
4,missense,Cobalt_Chloride+IAA,0.0,-0.15985215637020356,False
4,missense,Galactose+IAA,0.0,0.10106500185745271,False
4,missense,MMS+IAA,0.0,0.011590280446436637,False
4,missense,Rapamycin+IAA,0.0,-0.09403819991783789,False
4,missense,Sorbitol+IAA,0.0,-0.1970071024963412,False
4,missense,YPD,0.0,-12.062716444861987,False
4,missense,YPD+IAA,0.0,0.647111607155958,False
4,synonymous,Actinomycin_D+IAA,0.0,-0.9585412201308692,False
4,synonymous,Cobalt_Chloride+IAA,0.0,-0.21511916224946948,False
4,synonymous,Galactose+IAA,0.0,-0.1787360622704426,False
4,synonymous,MMS+IAA,0.0,-0.24190511629904496,False
4,synonymous,Rapamycin+IAA,0.0,-0.5818990663886353,False
4,synonymous,Sorbitol+IAA,0.0,-0.20662826242218835,False
4,synonymous,YPD,0.0,-11.512692084150173,False
4,synonymous,YPD+IAA,0.0,-1.8315462558610471,False
5,missense,Actinomycin_D+IAA,0.0,-0.0763226569681427,False
5,missense,Cobalt_Chloride+IAA,0.0,-0.056320389250427635,False
5,missense,Galactose+IAA,0.0,0.022583026658830243,False
5,missense,MMS+IAA,0.0,-0.04374647224678818,False
5,missense,Rapamycin+IAA,0.0,-0.17250317017144573,False
5,missense,Sorbitol+IAA,0.0,-0.024919741150373195,False
5,missense,YPD,0.0,-2.3698566010046265,False
5,missense,YPD+IAA,0.0,-0.8077599820310312,False
5,synonymous,Actinomycin_D+IAA,0.0,-0.9017880223850644,False
5,synonymous,Cobalt_Chloride+IAA,0.0,-0.49136957917700136,False
5,synonymous,Galactose+IAA,0.0,-1.0782229031812145,False
5,synonymous,MMS+IAA,0.0,-0.10364818811529679,False
5,synonymous,Rapamycin+IAA,0.0,0.06226650104809072,False
5,synonymous,Sorbitol+IAA,0.0,-0.9792834584131467,False
5,synonymous,YPD,0.0,-6.238302105716079,False
5,synonymous,YPD+IAA,0.0,-1.8067222652616408,False
6,missense,Actinomycin_D+IAA,0.0,-0.1190098927697508,False
6,missense,Cobalt_Chloride+IAA,0.0,0.18622605064827313,False
6,missense,Galactose+IAA,0.0,0.2895494154929302,False
6,missense,MMS+IAA,0.0,0.03223721714893967,False
6,missense,Rapamycin+IAA,0.0,-0.4870231881661221,False
6,missense,Sorbitol+IAA,0.0,-0.09111216365533811,False
6,missense,YPD,0.0,-11.8551185440725,False
6,missense,YPD+IAA,0.0,-0.9183634089415488,False
6,synonymous,Actinomycin_D+IAA,0.0,-0.216881110480205,False
6,synonymous,Cobalt_Chloride+IAA,0.0,-1.7767963381208534,False
6,synonymous,Galactose+IAA,0.0,-1.3854757066433483,False
6,synonymous,MMS+IAA,0.0,-0.5512695797230637,False
6,synonymous,Rapamycin+IAA,0.0,-0.2193656826876739,False
6,synonymous,Sorbitol+IAA,0.0,-7.145998179291811,False
6,synonymous,YPD,0.0,-10.777932420013292,False
6,synonymous,YPD+IAA,0.0,-4.961478771123254,False
7,missense,Actinomycin_D+IAA,0.0,-2.823012302394777,False
7,missense,Cobalt_Chloride+IAA,0.0,0.02414603023934048,False
7,missense,Galactose+IAA,0.0,-0.3760220510527885,False
7,missense,MMS+IAA,0.0,-0.5213673993273973,False
7,missense,Rapamycin+IAA,0.0,0.4300786869051664,False
7,missense,Sorbitol+IAA,0.0,-0.3219267206589647,False
7,missense,YPD,0.0,-11.036829795467938,False
7,missense,YPD+IAA,0.0,-1.8569850535672061,False
7,synonymous,Actinomycin_D+IAA,0.0,0.24133881037259242,False
7,synonymous,Cobalt_Chloride+IAA,0.0,-1.1627767903288173,False
7,synonymous,Galactose+IAA,0.0,-0.6626884414894303,False
7,synonymous,MMS+IAA,0.0,0.13923801656174317,False
7,synonymous,Rapamycin+IAA,0.0,-0.10684303556123682,False
7,synonymous,Sorbitol+IAA,0.0,-0.15371982375584373,False
7,synonymous,YPD,0.0,-10.393759905020483,False
7,synonymous,YPD+IAA,0.0,-6.203035610996564,False
8,missense,Actinomycin_D+IAA,0.0,-0.24092654481227924,False
8,missense,Cobalt_Chloride+IAA,0.0,-0.3555218424285046,False
8,missense,Galactose+IAA,0.0,-0.5270689936335289,False
8,missense,MMS+IAA,0.0,-0.0015302124626316556,False
8,missense,Rapamycin+IAA,0.0,0.4163071075788001,False
8,missense,Sorbitol+IAA,0.0,-0.6603872696009897,False
8,missense,YPD,0.0,-7.630619019413138,False
8,missense,YPD+IAA,0.0,-0.9968570012086347,False
8,synonymous,Actinomycin_D+IAA,0.0,-1.971670168265492,False
8,synonymous,Cobalt_Chloride+IAA,0.0,-4.388715876772737,False
8,synonymous,Galactose+IAA,0.0,-4.777974596901163,False
8,synonymous,MMS+IAA,0.0,-1.8673507555074416,False
8,synonymous,Rapamycin+IAA,0.0,-1.9839395795173682,False
8,synonymous,Sorbitol+IAA,0.0,-2.042774277410981,False
8,synonymous,YPD,0.0,-12.189245320030427,False
8,synonymous,YPD+IAA,0.0,-3.0736132662752382,False
9,missense,Actinomycin_D+IAA,0.0,0.053846004009773046,False
9,missense,Cobalt_Chloride+IAA,0.0,-0.20136997428581152,False
9,missense,Galactose+IAA,0.0,-0.5516300771980036,False
9,missense,MMS+IAA,0.0,-0.07249250180633018,False
9,missense,Rapamycin+IAA,0.0,0.09979772346991375,False
9,missense,Sorbitol+IAA,0.0,-0.08102924909124848,False
9,missense,YPD,0.0,-0.6032611234757188,False
9,missense,YPD+IAA,0.0,-1.4690675358951268,False
9,synonymous,Actinomycin_D+IAA,0.0,0.010840153105980405,False
9,synonymous,Cobalt_Chloride+IAA,0.0,-2.9646043958636,False
9,synonymous,Galactose+IAA,0.0,-1.0063511605904532,False
9,synonymous,MMS+IAA,0.0,-0.040125114434624534,False
9,synonymous,Rapamycin+IAA,0.0,-2.6743176115207117,False
9,synonymous,Sorbitol+IAA,0.0,-1.13167615542343,False
9,synonymous,YPD,0.0,-12.955730620866943,False
9,synonymous,YPD+IAA,0.0,-7.224901936458989,False
10,missense,Actinomycin_D+IAA,0.0,-2.6247644782692428,False
10,missense,Cobalt_Chloride+IAA,0.0,-1.9413550323044013,False
10,missense,Galactose+IAA,0.0,-2.00772097645812,False
10,missense,MMS+IAA,0.0,-1.8546254959033164,False
10,missense,Rapamycin+IAA,0.0,-1.9416881816603127,False
10,missense,Sorbitol+IAA,0.0,-1.931106932688873,False
10,missense,YPD,0.0,-11.315585416316965,False
10,missense,YPD+IAA,0.0,-4.176693761295876,False
10,synonymous,Actinomycin_D+IAA,0.0,-0.2781594433484984,False
10,synonymous,Cobalt_Chloride+IAA,0.0,-0.28872040630159207,False
10,synonymous,Galactose+IAA,0.0,-0.2727351122269302,False
10,synonymous,MMS+IAA,0.0,-0.019253543870574964,False
10,synonymous,Rapamycin+IAA,0.0,0.16909441505886616,False
10,synonymous,Sorbitol+IAA,0.0,-0.12363809497118708,False
10,synonymous,YPD,0.0,-11.777755707551448,False
10,synonymous,YPD+IAA,0.0,-1.1909775408311192,False
11,missense,Actinomycin_D+IAA,0.0,-1.5377899751326252,False
11,missense,Cobalt_Chloride+IAA,0.0,-1.0943853533488181,False
11,missense,Galactose+IAA,0.0,-3.329804038619904,False
11,missense,MMS+IAA,0.0,-0.39686376716538374,False
11,missense,Rapamycin+IAA,0.0,-0.17773668614637245,False
11,missense,Sorbitol+IAA,0.0,-0.13160053323831983,False
11,missense,YPD,0.0,-8.785024131363922,False
11,missense,YPD+IAA,0.0,-2.92007684385591,False
11,synonymous,Actinomycin_D+IAA,0.0,-0.35043089424303564,False
11,synonymous,Cobalt_Chloride+IAA,0.0,-0.32989570641247506,False
11,synonymous,Galactose+IAA,0.0,-1.6608398699995734,False
11,synonymous,MMS+IAA,0.0,0.00917668601000953,False
11,synonymous,Rapamycin+IAA,0.0,0.16014676783070822,False
11,synonymous,Sorbitol+IAA,0.0,-0.13420322778331883,False
11,synonymous,YPD,0.0,-11.955736769448851,False
11,synonymous,YPD+IAA,0.0,-2.7101486657567744,False
12,missense,Actinomycin_D+IAA,0.0,-1.0971757792715473,False
12,missense,Cobalt_Chloride+IAA,0.0,-3.2084055065550796,False
12,missense,Galactose+IAA,0.0,-1.931139435999264,False
12,missense,MMS+IAA,0.0,-0.7262658895902436,False
12,missense,Rapamycin+IAA,0.0,-1.2297505635786252,False
12,missense,Sorbitol+IAA,0.0,-0.5221625310931551,False
12,missense,YPD,0.0,-12.358566230719397,False
12,missense,YPD+IAA,0.0,-1.8294001214546605,False
12,synonymous,Actinomycin_D+IAA,0.0,-7.370587618331889,False
12,synonymous,Cobalt_Chloride+IAA,0.0,-4.782869168709443,False
12,synonymous,Galactose+IAA,0.0,-4.844236042704709,False
12,synonymous,MMS+IAA,0.0,-5.259246165290108,False
12,synonymous,Rapamycin+IAA,0.0,-1.7708270142946247,False
12,synonymous,Sorbitol+IAA,0.0,-5.1566100927050815,False
12,synonymous,YPD,0.0,-13.678825669132605,True
12,synonymous,YPD+IAA,0.0,-10.677059999852478,False
13,missense,Actinomycin_D+IAA,0.0,-0.19307025589038995,False
13,missense,Cobalt_Chloride+IAA,0.0,0.16946559298301667,False
13,missense,Galactose+IAA,0.0,-0.24511239414260777,False
13,missense,MMS+IAA,0.0,0.24772491083925585,False
13,missense,Rapamycin+IAA,0.0,0.36824620984066475,False
13,missense,Sorbitol+IAA,0.0,-0.6591502045705073,False
13,missense,YPD,0.0,-11.00162052692718,False
13,missense,YPD+IAA,0.0,-1.6643142493906502,False
13,synonymous,Actinomycin_D+IAA,0.0,-0.41277782705951294,False
13,synonymous,Cobalt_Chloride+IAA,0.0,-0.8128107212688648,False
13,synonymous,Galactose+IAA,0.0,-1.6432857636708087,False
13,synonymous,MMS+IAA,0.0,-0.5662184930337198,False
13,synonymous,Rapamycin+IAA,0.0,0.09459405196722685,False
13,synonymous,Sorbitol+IAA,0.0,-0.722842571642608,False
13,synonymous,YPD,0.0,-11.252445181746776,False
13,synonymous,YPD+IAA,0.0,-2.556615986642973,False
14,missense,Actinomycin_D+IAA,0.0,-2.093463790439423,False
14,missense,Cobalt_Chloride+IAA,0.0,-2.1120048632390813,False
14,missense,Galactose+IAA,0.0,-2.0714033358003894,False
14,missense,MMS+IAA,0.0,-2.098685185124637,False
14,missense,Rapamycin+IAA,0.0,-3.622238887051083,False
14,missense,Sorbitol+IAA,0.0,-1.6985780435919524,False
14,missense,YPD,0.0,-2.2104623681958855,False
14,missense,YPD+IAA,0.0,-2.958487381898378,False
14,synonymous,Actinomycin_D+IAA,0.0,-0.7640028657639719,False
14,synonymous,Cobalt_Chloride+IAA,0.0,-0.912764892755899,False
14,synonymous,Galactose+IAA,0.0,-0.7275137278747394,False
14,synonymous,MMS+IAA,0.0,-0.15601247962545314,False
14,synonymous,Rapamycin+IAA,0.0,0.044828222391388506,False
14,synonymous,Sorbitol+IAA,0.0,-0.3715410183610781,False
14,synonymous,YPD,0.0,-11.165108417980754,False
14,synonymous,YPD+IAA,0.0,-3.116164035114767,False
15,missense,Actinomycin_D+IAA,0.0,-0.4079929188079702,False
15,missense,Cobalt_Chloride+IAA,0.0,-1.0707136704468567,False
15,missense,Galactose+IAA,0.0,-1.6876922987316227,False
15,missense,MMS+IAA,0.0,-0.250973513058076,False
15,missense,Rapamycin+IAA,0.0,-1.730131627234331,False
15,missense,Sorbitol+IAA,0.0,-0.7488078537204358,False
15,missense,YPD,0.0,-11.18842730441558,False
15,missense,YPD+IAA,0.0,-2.2962812176234246,False
15,synonymous,Actinomycin_D+IAA,0.0,-6.384822795391171,False
15,synonymous,Cobalt_Chloride+IAA,0.0,-5.266260327262885,False
15,synonymous,Galactose+IAA,0.0,-5.319642413961065,False
15,synonymous,MMS+IAA,0.0,-4.399893982519051,False
15,synonymous,Rapamycin+IAA,0.0,-4.3276444659739335,False
15,synonymous,Sorbitol+IAA,0.0,-5.386622018816464,False
15,synonymous,YPD,0.0,-11.941631924029064,False
15,synonymous,YPD+IAA,0.0,-10.340440240569485,False
16,missense,Actinomycin_D+IAA,0.0,-0.9281907357320278,False
16,missense,Cobalt_Chloride+IAA,0.0,-1.0992474046980267,False
16,missense,Galactose+IAA,0.0,-0.932432609247513,False
16,missense,MMS+IAA,0.0,0.013371500431335734,False
16,missense,Rapamycin+IAA,0.0,-0.36978095564273095,False
16,missense,Sorbitol+IAA,0.0,-0.3009860507662071,False
16,missense,YPD,0.0,-10.175191295122053,False
16,missense,YPD+IAA,0.0,-4.184227429797741,False
16,synonymous,Actinomycin_D+IAA,0.0,-0.19357867083898722,False
16,synonymous,Cobalt_Chloride+IAA,0.0,-0.3714136890871905,False
16,synonymous,Galactose+IAA,0.0,-0.8507201665538459,False
16,synonymous,MMS+IAA,0.0,-1.4148789560516877,False
16,synonymous,Rapamycin+IAA,0.0,0.43299964931509005,False
16,synonymous,Sorbitol+IAA,0.0,-0.24354137510114612,False
16,synonymous,YPD,0.0,-11.261406535076961,False
16,synonymous,YPD+IAA,0.0,-2.814996379198121,False
17,missense,Actinomycin_D+IAA,0.0,0.1633567345191336,False
17,missense,Cobalt_Chloride+IAA,0.0,-0.4345453215734151,False
17,missense,Galactose+IAA,0.0,0.20012028691466538,False
17,missense,MMS+IAA,0.0,-0.37420828046544985,False
17,missense,Rapamycin+IAA,0.0,-1.3244803271704892,False
17,missense,Sorbitol+IAA,0.0,-0.13843268713131,False
17,missense,YPD,0.0,-8.585728356065323,False
17,missense,YPD+IAA,0.0,-1.3686301373339318,False
17,synonymous,Actinomycin_D+IAA,0.0,-1.3401656880114723,False
17,synonymous,Cobalt_Chloride+IAA,0.0,-1.6339712550347405,False
17,synonymous,Galactose+IAA,0.0,-1.4023155676098737,False
17,synonymous,MMS+IAA,0.0,0.09509911274022265,False
17,synonymous,Rapamycin+IAA,0.0,-0.2114948886107358,False
17,synonymous,Sorbitol+IAA,0.0,0.13353123547186285,False
17,synonymous,YPD,0.0,-9.61282117136589,False
17,synonymous,YPD+IAA,0.0,-4.062781955561549,False
18,missense,Actinomycin_D+IAA,0.0,-0.5017590806944022,False
18,missense,Cobalt_Chloride+IAA,0.0,-0.7595612758441243,False
18,missense,Galactose+IAA,0.0,-1.0528958805384094,False
18,missense,MMS+IAA,0.0,0.2349295512438743,False
18,missense,Rapamycin+IAA,0.0,-0.5072627530133696,False
18,missense,Sorbitol+IAA,0.0,-0.3303921220393394,False
18,missense,YPD,0.0,-8.844869296241303,False
18,missense,YPD+IAA,0.0,-1.7412256358734282,False
18,synonymous,Actinomycin_D+IAA,0.0,-0.9185813106638843,False
18,synonymous,Cobalt_Chloride+IAA,0.0,-1.8367486000276565,False
18,synonymous,Galactose+IAA,0.0,-1.364390729697626,False
18,synonymous,MMS+IAA,0.0,-0.21087288351239483,False
18,synonymous,Rapamycin+IAA,0.0,-0.7870289383918544,False
18,synonymous,Sorbitol+IAA,0.0,-0.30059356369256707,False
18,synonymous,YPD,0.0,-11.295218038384636,False
18,synonymous,YPD+IAA,0.0,-5.318617160187369,False
19,missense,Actinomycin_D+IAA,0.0,-0.01511722825125482,False
19,missense,Cobalt_Chloride+IAA,0.0,-0.1037693667256554,False
19,missense,Galactose+IAA,0.0,-0.01756928413678959,False
19,missense,MMS+IAA,0.0,-0.21685670113723965,False
19,missense,Rapamycin+IAA,0.0,0.4274998655106533,False
19,missense,Sorbitol+IAA,0.0,-0.47197433437677444,False
19,missense,YPD,0.0,-11.322830485185246,False
19,missense,YPD+IAA,0.0,-1.065372508929684,False
19,synonymous,Actinomycin_D+IAA,0.0,-14.780955912178126,True
19,synonymous,Cobalt_Chloride+IAA,0.0,-7.352765172480139,False
19,synonymous,Galactose+IAA,0.0,-20.191801385679394,True
19,synonymous,MMS+IAA,0.0,-8.634117718743475,False
19,synonymous,Rapamycin+IAA,0.0,-6.648427023710627,False
19,synonymous,Sorbitol+IAA,0.0,-0.007674184686572014,False
19,synonymous,YPD,0.0,-13.997384456766172,True
19,synonymous,YPD+IAA,0.0,-1.2575735142709543,False
20,missense,Actinomycin_D+IAA,0.0,-0.17481278342421763,False
20,missense,Cobalt_Chloride+IAA,0.0,-1.2141177494991,False
20,missense,Galactose+IAA,0.0,-0.03640410771348855,False
20,missense,MMS+IAA,0.0,-0.0835924090683232,False
20,missense,Rapamycin+IAA,0.0,0.13997213015400803,False
20,missense,Sorbitol+IAA,0.0,-0.16831885785666784,False
20,missense,YPD,0.0,-10.836618548401255,False
20,missense,YPD+IAA,0.0,-3.147828954429963,False
20,synonymous,Actinomycin_D+IAA,0.0,-0.5307321792930784,False
20,synonymous,Cobalt_Chloride+IAA,0.0,-0.17724922953189767,False
20,synonymous,Galactose+IAA,0.0,-0.15814681886962997,False
20,synonymous,MMS+IAA,0.0,-0.7102298936107204,False
20,synonymous,Rapamycin+IAA,0.0,0.04111019355729976,False
20,synonymous,Sorbitol+IAA,0.0,-0.231845299107408,False
20,synonymous,YPD,0.0,-11.547565364888307,False
20,synonymous,YPD+IAA,0.0,-1.2780695675012252,False
21,missense,Actinomycin_D+IAA,0.0,-0.3225841492807081,False
21,missense,Cobalt_Chloride+IAA,0.0,-0.2582306433220762,False
21,missense,Galactose+IAA,0.0,-0.2417680471942209,False
21,missense,MMS+IAA,0.0,-3.9390299809052753,False
21,missense,Rapamycin+IAA,0.0,-3.8188772594100047,False
21,missense,Sorbitol+IAA,0.0,-0.4864669265630307,False
21,missense,YPD,0.0,-11.094611968452668,False
21,missense,YPD+IAA,0.0,-0.4423261112294901,False
21,synonymous,Actinomycin_D+IAA,0.0,-15.028743822382923,True
21,synonymous,Cobalt_Chloride+IAA,0.0,-11.475764864914835,False
21,synonymous,Galactose+IAA,0.0,-11.283807466349298,False
21,synonymous,MMS+IAA,0.0,-11.846751192337154,False
21,synonymous,Rapamycin+IAA,0.0,-11.131860763060871,False
21,synonymous,Sorbitol+IAA,0.0,-14.066365351870093,True
21,synonymous,YPD,0.0,-10.341566546322884,False
21,synonymous,YPD+IAA,0.0,-11.566148945141915,False
22,missense,Actinomycin_D+IAA,0.0,-0.4330066486601178,False
22,missense,Cobalt_Chloride+IAA,0.0,-1.045442378833773,False
22,missense,Galactose+IAA,0.0,-1.076938891588624,False
22,missense,MMS+IAA,0.0,-0.3874457410813552,False
22,missense,Rapamycin+IAA,0.0,-0.4426634083965078,False
22,missense,Sorbitol+IAA,0.0,-0.3594246057447776,False
22,missense,YPD,0.0,-11.535465859549012,False
22,missense,YPD+IAA,0.0,-3.2168768865040054,False
22,synonymous,Actinomycin_D+IAA,0.0,-0.9663369918839042,False
22,synonymous,Cobalt_Chloride+IAA,0.0,-0.751451074745296,False
22,synonymous,Galactose+IAA,0.0,-0.3314480971356172,False
22,synonymous,MMS+IAA,0.0,-0.4791106146613996,False
22,synonymous,Rapamycin+IAA,0.0,-0.43556299096701623,False
22,synonymous,Sorbitol+IAA,0.0,-0.7671150399056059,False
22,synonymous,YPD,0.0,-11.076728934045947,False
22,synonymous,YPD+IAA,0.0,-2.786793852413543,False
23,missense,Actinomycin_D+IAA,0.0,-0.05771679175531984,False
23,missense,Cobalt_Chloride+IAA,0.0,-2.814660362593833,False
23,missense,Galactose+IAA,0.0,0.3300629735111443,False
23,missense,MMS+IAA,0.0,-0.3420005897796516,False
23,missense,Rapamycin+IAA,0.0,-1.1006862503707784,False
23,missense,Sorbitol+IAA,0.0,-0.6897689222999932,False
23,missense,YPD,0.0,-11.043660415334397,False
23,missense,YPD+IAA,0.0,-3.6219381099647276,False
23,synonymous,Actinomycin_D+IAA,0.0,-0.8319792082167661,False
23,synonymous,Cobalt_Chloride+IAA,0.0,-0.6377303845586151,False
23,synonymous,Galactose+IAA,0.0,-1.4484427461242941,False
23,synonymous,MMS+IAA,0.0,-0.46338262472124087,False
23,synonymous,Rapamycin+IAA,0.0,0.03293116549656841,False
23,synonymous,Sorbitol+IAA,0.0,-0.7294254859230155,False
23,synonymous,YPD,0.0,-11.21798635669834,False
23,synonymous,YPD+IAA,0.0,-3.0437404046440637,False
24,missense,Actinomycin_D+IAA,0.0,-0.8348459318271971,False
24,missense,Cobalt_Chloride+IAA,0.0,-0.40401916618711814,False
24,missense,Galactose+IAA,0.0,-0.6223213564724749,False
24,missense,MMS+IAA,0.0,-0.2322736775009727,False
24,missense,Rapamycin+IAA,0.0,-1.083523807055039,False
24,missense,Sorbitol+IAA,0.0,-0.3346828011087514,False
24,missense,YPD,0.0,-11.260971031604006,False
24,missense,YPD+IAA,0.0,-4.100697978280115,False
24,synonymous,Actinomycin_D+IAA,0.0,-0.3179397283022014,False
24,synonymous,Cobalt_Chloride+IAA,0.0,-0.02845306643952592,False
24,synonymous,Galactose+IAA,0.0,-1.2209329200331582,False
24,synonymous,MMS+IAA,0.0,-0.2454402794504461,False
24,synonymous,Rapamycin+IAA,0.0,-0.12917791615502738,False
24,synonymous,Sorbitol+IAA,0.0,-0.523871178735634,False
24,synonymous,YPD,0.0,-10.708434446340558,False
24,synonymous,YPD+IAA,0.0,-3.687278727540791,False
25,missense,Actinomycin_D+IAA,0.0,-0.29659838746535205,False
25,missense,Cobalt_Chloride+IAA,0.0,0.37251197605950115,False
25,missense,Galactose+IAA,0.0,-0.020105018506819814,False
25,missense,MMS+IAA,0.0,0.061332352282311424,False
25,missense,Rapamycin+IAA,0.0,0.2429994374309063,False
25,missense,Sorbitol+IAA,0.0,-0.13912100354821494,False
25,missense,YPD,0.0,-12.223090222090097,False
25,missense,YPD+IAA,0.0,-1.3044950122305923,False
25,synonymous,Actinomycin_D+IAA,0.0,-0.550720652934177,False
25,synonymous,Cobalt_Chloride+IAA,0.0,0.1471870725113268,False
25,synonymous,Galactose+IAA,0.0,-0.025299481510300856,False
25,synonymous,MMS+IAA,0.0,-0.1254424473072411,False
25,synonymous,Rapamycin+IAA,0.0,0.5381692528449679,False
25,synonymous,Sorbitol+IAA,0.0,-0.04142135766094228,False
25,synonymous,YPD,0.0,-11.783916708204062,False
25,synonymous,YPD+IAA,0.0,-1.1999822883924207,False
26,missense,Actinomycin_D+IAA,0.0,-3.974560627709215,False
26,missense,Cobalt_Chloride+IAA,0.0,-4.564972013261298,False
26,missense,Galactose+IAA,0.0,-5.132152268937536,False
26,missense,MMS+IAA,0.0,-2.0171469738394388,False
26,missense,Rapamycin+IAA,0.0,-2.339155406911493,False
26,missense,Sorbitol+IAA,0.0,-3.1596111835214837,False
26,missense,YPD,0.0,-10.493938954860754,False
26,missense,YPD+IAA,0.0,-7.031677010771722,False
26,synonymous,Actinomycin_D+IAA,0.0,-1.4182132061815855,False
26,synonymous,Cobalt_Chloride+IAA,0.0,-1.6974629079722265,False
26,synonymous,Galactose+IAA,0.0,-1.7565685860008917,False
26,synonymous,MMS+IAA,0.0,0.41579168309826803,False
26,synonymous,Rapamycin+IAA,0.0,-3.0620537217300483,False
26,synonymous,Sorbitol+IAA,0.0,-1.1918968990706413,False
26,synonymous,YPD,0.0,-5.080249233415807,False
26,synonymous,YPD+IAA,0.0,-4.5508015013193415,False
27,missense,Actinomycin_D+IAA,0.0,-2.0155573359853283,False
27,missense,Cobalt_Chloride+IAA,0.0,-4.05389992011565,False
27,missense,Galactose+IAA,0.0,-1.5387048109924244,False
27,missense,MMS+IAA,0.0,-1.4481126955425954,False
27,missense,Rapamycin+IAA,0.0,-0.3993747005241479,False
27,missense,Sorbitol+IAA,0.0,-4.1492811653010735,False
27,missense,YPD,0.0,-10.697789608304971,False
27,missense,YPD+IAA,0.0,-8.584379951485769,False
27,synonymous,Actinomycin_D+IAA,0.0,-0.8793532273456748,False
27,synonymous,Cobalt_Chloride+IAA,0.0,-0.6434396442585241,False
27,synonymous,Galactose+IAA,0.0,-2.2151169929250267,False
27,synonymous,MMS+IAA,0.0,-0.03916363579497239,False
27,synonymous,Rapamycin+IAA,0.0,0.6031530251486001,False
27,synonymous,Sorbitol+IAA,0.0,-0.7562715307111323,False
27,synonymous,YPD,0.0,-11.359652296690316,False
27,synonymous,YPD+IAA,0.0,-1.499477211150399,False
28,missense,Actinomycin_D+IAA,0.0,0.08077092208648906,False
28,missense,Cobalt_Chloride+IAA,0.0,-0.39002817510038124,False
28,missense,Galactose+IAA,0.0,-0.11549447469045579,False
28,missense,MMS+IAA,0.0,-0.03777203924075683,False
28,missense,Rapamycin+IAA,0.0,0.18311689676145637,False
28,missense,Sorbitol+IAA,0.0,0.09450705948439996,False
28,missense,YPD,0.0,-8.76252576387872,False
28,missense,YPD+IAA,0.0,-0.6836361712392411,False
29,missense,Actinomycin_D+IAA,0.0,0.03072754325247178,False
29,missense,Cobalt_Chloride+IAA,0.0,-0.5125602012627414,False
29,missense,Galactose+IAA,0.0,-0.22880838761241584,False
29,missense,MMS+IAA,0.0,-0.13221631869442024,False
29,missense,Rapamycin+IAA,0.0,-1.5534108381327585,False
29,missense,Sorbitol+IAA,0.0,-0.0564532581433032,False
29,missense,YPD,0.0,-9.40714524507594,False
29,missense,YPD+IAA,0.0,-1.839100446611815,False
29,synonymous,Actinomycin_D+IAA,0.0,0.088744414045936,False
29,synonymous,Cobalt_Chloride+IAA,0.0,-1.6076263592563063,False
29,synonymous,Galactose+IAA,0.0,-0.026568204720122272,False
29,synonymous,MMS+IAA,0.0,-0.3497372353505653,False
29,synonymous,Rapamycin+IAA,0.0,-1.4263719702059694,False
29,synonymous,Sorbitol+IAA,0.0,-0.8009159307512479,False
29,synonymous,YPD,0.0,-11.070414050440915,False
29,synonymous,YPD+IAA,0.0,-2.36284360779254,False
30,missense,Actinomycin_D+IAA,0.0,0.055971234147886705,False
30,missense,Cobalt_Chloride+IAA,0.0,-0.11412117542338529,False
30,missense,Galactose+IAA,0.0,0.005766036532687035,False
30,missense,MMS+IAA,0.0,-0.08402131810647744,False
30,missense,Rapamycin+IAA,0.0,-0.3159615901944797,False
30,missense,Sorbitol+IAA,0.0,-0.4584644892939171,False
30,missense,YPD,0.0,-4.220172462428799,False
30,missense,YPD+IAA,0.0,-2.1583726608711005,False
31,missense,Actinomycin_D+IAA,0.0,-6.893982456033692,False
31,missense,Cobalt_Chloride+IAA,0.0,-4.0536805167139764,False
31,missense,Galactose+IAA,0.0,-0.3798171417431207,False
31,missense,MMS+IAA,0.0,-0.7173979880162615,False
31,missense,Rapamycin+IAA,0.0,-0.8684796772926846,False
31,missense,Sorbitol+IAA,0.0,0.030062775084188722,False
31,missense,YPD,0.0,-10.881007160656091,False
31,missense,YPD+IAA,0.0,-0.7052722865346304,False
31,synonymous,Actinomycin_D+IAA,0.0,-0.4382838545424661,False
31,synonymous,Cobalt_Chloride+IAA,0.0,-1.390206106731616,False
31,synonymous,Galactose+IAA,0.0,-0.7872775268620085,False
31,synonymous,MMS+IAA,0.0,0.17859202276489666,False
31,synonymous,Rapamycin+IAA,0.0,-1.2803130290332183,False
31,synonymous,Sorbitol+IAA,0.0,-0.20756082489775324,False
31,synonymous,YPD,0.0,-11.299514840729834,False
31,synonymous,YPD+IAA,0.0,-1.6917169942507768,False
32,missense,Actinomycin_D+IAA,0.0,-0.5088775955834441,False
32,missense,Cobalt_Chloride+IAA,0.0,-1.9148118618756491,False
32,missense,Galactose+IAA,0.0,0.048380303448299765,False
32,missense,MMS+IAA,0.0,-0.21813293796728145,False
32,missense,Rapamycin+IAA,0.0,-0.3009118165041589,False
32,missense,Sorbitol+IAA,0.0,-1.6739928254661958,False
32,missense,YPD,0.0,-10.447627201264368,False
32,missense,YPD+IAA,0.0,-5.171381858691034,False
32,synonymous,Actinomycin_D+IAA,0.0,0.05614074863049437,False
32,synonymous,Cobalt_Chloride+IAA,0.0,-1.612212208404549,False
32,synonymous,Galactose+IAA,0.0,-2.6401710994712126,False
32,synonymous,MMS+IAA,0.0,-0.14183898086187777,False
32,synonymous,Rapamycin+IAA,0.0,-1.2223300335083913,False
32,synonymous,Sorbitol+IAA,0.0,-0.23985328699032107,False
32,synonymous,YPD,0.0,-13.321487849608562,True
32,synonymous,YPD+IAA,0.0,-3.4169784879769076,False
33,missense,Actinomycin_D+IAA,0.0,-1.5727906766305981,False
33,missense,Cobalt_Chloride+IAA,0.0,-1.411580680162895,False
33,missense,Galactose+IAA,0.0,-2.1846598699804396,False
33,missense,MMS+IAA,0.0,-1.413259592891744,False
33,missense,Rapamycin+IAA,0.0,-1.7278677419180661,False
33,missense,Sorbitol+IAA,0.0,-1.411832093421764,False
33,missense,YPD,0.0,-11.573672075034578,False
33,missense,YPD+IAA,0.0,-2.748328523708144,False
33,synonymous,Actinomycin_D+IAA,0.0,0.005059462387000995,False
33,synonymous,Cobalt_Chloride+IAA,0.0,-0.11941343991875343,False
33,synonymous,Galactose+IAA,0.0,-0.5445107333354255,False
33,synonymous,MMS+IAA,0.0,0.02919034593636242,False
33,synonymous,Rapamycin+IAA,0.0,-0.09878847367042949,False
33,synonymous,Sorbitol+IAA,0.0,-0.2550745662526509,False
33,synonymous,YPD,0.0,-8.194996560943684,False
33,synonymous,YPD+IAA,0.0,-1.6338670931014654,False
34,missense,Actinomycin_D+IAA,0.0,-0.9420038045986405,False
34,missense,Cobalt_Chloride+IAA,0.0,-1.1230045061765972,False
34,missense,Galactose+IAA,0.0,-0.44057445336244455,False
34,missense,MMS+IAA,0.0,0.011081027366619553,False
34,missense,Rapamycin+IAA,0.0,0.2391439201757758,False
34,missense,Sorbitol+IAA,0.0,-1.0024915057380124,False
34,missense,YPD,0.0,-11.327270064176215,False
34,missense,YPD+IAA,0.0,0.10132102852013752,False
34,synonymous,Actinomycin_D+IAA,0.0,-1.2861317152632294,False
34,synonymous,Cobalt_Chloride+IAA,0.0,-0.1476768957165949,False
34,synonymous,Galactose+IAA,0.0,-2.7211685969512276,False
34,synonymous,MMS+IAA,0.0,-0.716055296800801,False
34,synonymous,Rapamycin+IAA,0.0,0.23258896522245046,False
34,synonymous,Sorbitol+IAA,0.0,0.07310295117187166,False
34,synonymous,YPD,0.0,-10.976686104183326,False
34,synonymous,YPD+IAA,0.0,-4.143091854768939,False
35,missense,Actinomycin_D+IAA,0.0,-0.7508090708353515,False
35,missense,Cobalt_Chloride+IAA,0.0,-1.6027316645012826,False
35,missense,Galactose+IAA,0.0,-1.8077239661790363,False
35,missense,MMS+IAA,0.0,-0.25424026997181376,False
35,missense,Rapamycin+IAA,0.0,-0.42183938270674665,False
35,missense,Sorbitol+IAA,0.0,-0.7359631758339227,False
35,missense,YPD,0.0,-11.130308883111065,False
35,missense,YPD+IAA,0.0,-2.6005571216505725,False
35,synonymous,Actinomycin_D+IAA,0.0,-0.8197926835014505,False
35,synonymous,Cobalt_Chloride+IAA,0.0,-0.5253964009184001,False
35,synonymous,Galactose+IAA,0.0,-12.888785682556925,False
35,synonymous,MMS+IAA,0.0,-0.0719779865267354,False
35,synonymous,Rapamycin+IAA,0.0,0.339389983352839,False
35,synonymous,Sorbitol+IAA,0.0,-0.9135752779062293,False
35,synonymous,YPD,0.0,-10.925315091480474,False
35,synonymous,YPD+IAA,0.0,-0.9309172133627671,False
36,missense,Actinomycin_D+IAA,0.0,-0.3779886291397891,False
36,missense,Cobalt_Chloride+IAA,0.0,0.176360114127453,False
36,missense,Galactose+IAA,0.0,-0.024585091928952685,False
36,missense,MMS+IAA,0.0,-0.08934719798817332,False
36,missense,Rapamycin+IAA,0.0,-0.08361260944958,False
36,missense,Sorbitol+IAA,0.0,-0.2934439606227324,False
36,missense,YPD,0.0,-10.254455925956806,False
36,missense,YPD+IAA,0.0,-1.006630501270994,False
37,missense,Actinomycin_D+IAA,0.0,-0.7861797145343781,False
37,missense,Cobalt_Chloride+IAA,0.0,0.06851794043509703,False
37,missense,Galactose+IAA,0.0,0.0779948687403475,False
37,missense,MMS+IAA,0.0,-0.07045750375984369,False
37,missense,Rapamycin+IAA,0.0,0.014163294074903231,False
37,missense,Sorbitol+IAA,0.0,-0.23523800881325627,False
37,missense,YPD,0.0,-3.1684496501417025,False
37,missense,YPD+IAA,0.0,-2.0200290007553825,False
38,synonymous,Actinomycin_D+IAA,0.0,-0.9287979683115549,False
38,synonymous,Cobalt_Chloride+IAA,0.0,-1.0264060795645218,False
38,synonymous,Galactose+IAA,0.0,-0.9653469623721208,False
38,synonymous,MMS+IAA,0.0,-0.13545012698125097,False
38,synonymous,Rapamycin+IAA,0.0,-0.4138044522945307,False
38,synonymous,Sorbitol+IAA,0.0,-0.8005928368690951,False
38,synonymous,YPD,0.0,-11.667125437420205,False
38,synonymous,YPD+IAA,0.0,-3.1049705926211097,False
39,missense,Actinomycin_D+IAA,0.0,-2.0224577699391273,False
39,missense,Cobalt_Chloride+IAA,0.0,-0.9683243005760953,False
39,missense,Galactose+IAA,0.0,-2.423466612401196,False
39,missense,MMS+IAA,0.0,-0.5100090797330118,False
39,missense,Rapamycin+IAA,0.0,-0.4240729314296543,False
39,missense,Sorbitol+IAA,0.0,-1.1373959942602725,False
39,missense,YPD,0.0,-12.609042656459664,False
39,missense,YPD+IAA,0.0,-1.842148556962957,False
39,synonymous,Actinomycin_D+IAA,0.0,-1.0028739876725745,False
39,synonymous,Cobalt_Chloride+IAA,0.0,-2.92744258912632,False
39,synonymous,Galactose+IAA,0.0,-5.496018018964897,False
39,synonymous,MMS+IAA,0.0,-0.17771640413862017,False
39,synonymous,Rapamycin+IAA,0.0,-0.3854003565264972,False
39,synonymous,Sorbitol+IAA,0.0,-1.1143896835542837,False
39,synonymous,YPD,0.0,-10.217242431976421,False
39,synonymous,YPD+IAA,0.0,-5.46972074735135,False
40,missense,Actinomycin_D+IAA,0.0,-1.1979207204309201,False
40,missense,Cobalt_Chloride+IAA,0.0,-0.5772978382879796,False
40,missense,Galactose+IAA,0.0,-1.6255155223580204,False
40,missense,MMS+IAA,0.0,-0.9501187447634875,False
40,missense,Rapamycin+IAA,0.0,0.05209805082157192,False
40,missense,Sorbitol+IAA,0.0,-1.2842081875626983,False
40,missense,YPD,0.0,-12.095544289184147,False
40,missense,YPD+IAA,0.0,-1.6734157755199208,False
40,synonymous,Actinomycin_D+IAA,0.0,-0.027737156855718995,False
40,synonymous,Cobalt_Chloride+IAA,0.0,-0.14547163770910543,False
40,synonymous,Galactose+IAA,0.0,0.17439059152004593,False
40,synonymous,MMS+IAA,0.0,-0.0895256272573781,False
40,synonymous,Rapamycin+IAA,0.0,-0.39442985088627264,False
40,synonymous,Sorbitol+IAA,0.0,-0.009868647935701668,False
40,synonymous,YPD,0.0,-11.385286350910384,False
40,synonymous,YPD+IAA,0.0,-0.791820449890014,False
41,missense,Actinomycin_D+IAA,0.0,-3.2130359200883296,False
41,missense,Cobalt_Chloride+IAA,0.0,0.24201820807455524,False
41,missense,Galactose+IAA,0.0,-3.67126426849632,False
41,missense,MMS+IAA,0.0,-4.094129656569264,False
41,missense,Rapamycin+IAA,0.0,-0.6296824471751731,False
41,missense,Sorbitol+IAA,0.0,-0.14020547858647747,False
41,missense,YPD,0.0,-13.635517203832425,True
41,missense,YPD+IAA,0.0,-10.942132455730652,False
41,synonymous,Actinomycin_D+IAA,0.0,-0.4779578963995933,False
41,synonymous,Cobalt_Chloride+IAA,0.0,-0.4181786377618357,False
41,synonymous,Galactose+IAA,0.0,-1.2150279642801196,False
41,synonymous,MMS+IAA,0.0,0.4184463185981657,False
41,synonymous,Rapamycin+IAA,0.0,-0.15863280269688831,False
41,synonymous,Sorbitol+IAA,0.0,0.12979364868639887,False
41,synonymous,YPD,0.0,-11.127415001138655,False
41,synonymous,YPD+IAA,0.0,-2.178137274821542,False
42,missense,Actinomycin_D+IAA,0.0,-0.17280162952222636,False
42,missense,Cobalt_Chloride+IAA,0.0,-0.021365966338577264,False
42,missense,Galactose+IAA,0.0,0.054338749645589435,False
42,missense,MMS+IAA,0.0,-0.047161368414511844,False
42,missense,Rapamycin+IAA,0.0,0.04983991174740918,False
42,missense,Sorbitol+IAA,0.0,-0.07221311615585779,False
42,missense,YPD,0.0,-11.769693581937192,False
42,missense,YPD+IAA,0.0,-1.0371388073531702,False
42,synonymous,Actinomycin_D+IAA,0.0,-2.076080193918853,False
42,synonymous,Cobalt_Chloride+IAA,0.0,-2.579920303692445,False
42,synonymous,Galactose+IAA,0.0,-0.7158701114015908,False
42,synonymous,MMS+IAA,0.0,-0.0608958331676469,False
42,synonymous,Rapamycin+IAA,0.0,0.3063115252811555,False
42,synonymous,Sorbitol+IAA,0.0,-1.199225797109914,False
42,synonymous,YPD,0.0,-11.29761132449675,False
42,synonymous,YPD+IAA,0.0,-6.068415138355853,False
43,missense,Actinomycin_D+IAA,0.0,0.14216282505402808,False
43,missense,Cobalt_Chloride+IAA,0.0,-0.4834519464117439,False
43,missense,Galactose+IAA,0.0,-0.21013450922505428,False
43,missense,MMS+IAA,0.0,0.22222331748199284,False
43,missense,Rapamycin+IAA,0.0,0.06146273393256161,False
43,missense,Sorbitol+IAA,0.0,-0.2670087208428943,False
43,missense,YPD,0.0,-11.364155493435028,False
43,missense,YPD+IAA,0.0,-1.0010485182833897,False
43,synonymous,Actinomycin_D+IAA,0.0,-0.7475834401524659,False
43,synonymous,Cobalt_Chloride+IAA,0.0,-0.2815057356403481,False
43,synonymous,Galactose+IAA,0.0,-0.06738070244277823,False
43,synonymous,MMS+IAA,0.0,-0.08029184488837186,False
43,synonymous,Rapamycin+IAA,0.0,0.46070986515172113,False
43,synonymous,Sorbitol+IAA,0.0,0.17120231938296793,False
43,synonymous,YPD,0.0,-10.86135850536609,False
43,synonymous,YPD+IAA,0.0,-1.5229199929489312,False
44,synonymous,Actinomycin_D+IAA,0.0,0.4846153403237831,False
44,synonymous,Cobalt_Chloride+IAA,0.0,-0.2123231688299213,False
44,synonymous,Galactose+IAA,0.0,-0.3212219412419827,False
44,synonymous,MMS+IAA,0.0,0.25390556187421087,False
44,synonymous,Rapamycin+IAA,0.0,-0.10932371254300755,False
44,synonymous,Sorbitol+IAA,0.0,-0.09657419440046137,False
44,synonymous,YPD,0.0,-10.985700968291813,False
44,synonymous,YPD+IAA,0.0,-3.5546424270383996,False
45,missense,Actinomycin_D+IAA,0.0,-34.87404688299156,True
45,missense,Cobalt_Chloride+IAA,0.0,-34.87404688299156,True
45,missense,Galactose+IAA,0.0,-34.87404688299156,True
45,missense,MMS+IAA,0.0,-34.87404688299156,True
45,missense,Rapamycin+IAA,0.0,-26.454529337119265,True
45,missense,Sorbitol+IAA,0.0,-34.87404688299156,True
45,missense,YPD,0.0,-0.8544091366340292,False
45,missense,YPD+IAA,0.0,-34.87404688299156,True
47,missense,Actinomycin_D+IAA,0.0,0.08464204635125036,False
47,missense,Cobalt_Chloride+IAA,0.0,0.7915932882179016,False
47,missense,Galactose+IAA,0.0,0.3104985449044467,False
47,missense,MMS+IAA,0.0,0.19488146360907332,False
47,missense,Rapamycin+IAA,0.0,0.5216473405735105,False
47,missense,Sorbitol+IAA,0.0,-0.4011563204850905,False
47,missense,YPD,0.0,-11.248263639937411,False
47,missense,YPD+IAA,0.0,-0.5791556824065771,False
48,missense,Actinomycin_D+IAA,0.0,-0.11244908386865926,False
48,missense,Cobalt_Chloride+IAA,0.0,-0.0392709753481149,False
48,missense,Galactose+IAA,0.0,0.011391975589376737,False
48,missense,MMS+IAA,0.0,0.04350138040885525,False
48,missense,Rapamycin+IAA,0.0,0.5072826407908718,False
48,missense,Sorbitol+IAA,0.0,0.0713151778115896,False
48,missense,YPD,0.0,-11.326023757270463,False
48,missense,YPD+IAA,0.0,-1.1485012434959778,False
48,synonymous,Actinomycin_D+IAA,0.0,-0.7843711144937212,False
48,synonymous,Cobalt_Chloride+IAA,0.0,1.1129782089965805,False
48,synonymous,Galactose+IAA,0.0,0.12300551380445648,False
48,synonymous,MMS+IAA,0.0,-0.6240357144922205,False
48,synonymous,Rapamycin+IAA,0.0,0.7162935709579415,False
48,synonymous,Sorbitol+IAA,0.0,-0.9725316172798198,False
48,synonymous,YPD,0.0,-10.210728328830216,False
48,synonymous,YPD+IAA,0.0,-5.530341324378313,False
49,missense,Actinomycin_D+IAA,0.0,-0.30555480855754324,False
49,missense,Cobalt_Chloride+IAA,0.0,0.33948726797253725,False
49,missense,Galactose+IAA,0.0,-0.8138173399652486,False
49,missense,MMS+IAA,0.0,0.07348356496711576,False
49,missense,Rapamycin+IAA,0.0,0.07097892873723952,False
49,missense,Sorbitol+IAA,0.0,-0.3215322378896061,False
49,missense,YPD,0.0,-11.841037365901306,False
49,missense,YPD+IAA,0.0,-0.9615533800111249,False
49,synonymous,Actinomycin_D+IAA,0.0,-0.1577993113720552,False
49,synonymous,Cobalt_Chloride+IAA,0.0,-0.6469476984712054,False
49,synonymous,Galactose+IAA,0.0,-0.10382028879667805,False
49,synonymous,MMS+IAA,0.0,-0.29971930478089187,False
49,synonymous,Rapamycin+IAA,0.0,-2.9739956738543767,False
49,synonymous,Sorbitol+IAA,0.0,-0.6315565079443869,False
49,synonymous,YPD,0.0,-9.210769918316183,False
49,synonymous,YPD+IAA,0.0,-0.7708153982373632,False
50,PTC,Actinomycin_D+IAA,0.0,-0.16800089697414822,False
50,PTC,Cobalt_Chloride+IAA,0.0,0.2448566000923593,False
50,PTC,Galactose+IAA,0.0,-0.4015517633654312,False
50,PTC,MMS+IAA,0.0,-0.47291360294965773,False
50,PTC,Rapamycin+IAA,0.0,-0.36580078212769845,False
50,PTC,Sorbitol+IAA,0.0,-0.16367770907063406,False
50,PTC,YPD,0.0,-11.641786529726684,False
50,PTC,YPD+IAA,0.0,-0.7003481829034336,False
50,synonymous,Actinomycin_D+IAA,0.0,0.714483478674839,False
50,synonymous,Cobalt_Chloride+IAA,0.0,0.3454274614099661,False
50,synonymous,Galactose+IAA,0.0,-1.116761399799263,False
50,synonymous,MMS+IAA,0.0,0.46565492972681854,False
50,synonymous,Rapamycin+IAA,0.0,-10.199538518955709,False
50,synonymous,Sorbitol+IAA,0.0,-2.0084422881474917,False
50,synonymous,YPD,0.0,-9.808098110104206,False
50,synonymous,YPD+IAA,0.0,-9.673339686282919,False
51,missense,Actinomycin_D+IAA,0.0,-3.8068080200066077,False
51,missense,Cobalt_Chloride+IAA,0.0,-3.8220295168760856,False
51,missense,Galactose+IAA,0.0,-2.8988289277431667,False
51,missense,MMS+IAA,0.0,0.12090263453575001,False
51,missense,Rapamycin+IAA,0.0,-0.8693808217451661,False
51,missense,Sorbitol+IAA,0.0,0.5677738646465604,False
51,missense,YPD,0.0,-3.0132771354562227,False
51,missense,YPD+IAA,0.0,-0.4416945389040808,False
51,synonymous,Actinomycin_D+IAA,0.0,-0.9283738681499548,False
51,synonymous,Cobalt_Chloride+IAA,0.0,-0.7933022937666692,False
51,synonymous,Galactose+IAA,0.0,-0.6393071277706551,False
51,synonymous,MMS+IAA,0.0,-0.13948035898556133,False
51,synonymous,Rapamycin+IAA,0.0,-0.7773854997842581,False
51,synonymous,Sorbitol+IAA,0.0,0.11301583360404498,False
51,synonymous,YPD,0.0,-12.273859124930489,False
51,synonymous,YPD+IAA,0.0,-0.8004666261945853,False
52,missense,Actinomycin_D+IAA,0.0,-0.36090632002841794,False
52,missense,Cobalt_Chloride+IAA,0.0,-1.0208046247649805,False
52,missense,Galactose+IAA,0.0,-0.1640270125568206,False
52,missense,MMS+IAA,0.0,0.08965345842404424,False
52,missense,Rapamycin+IAA,0.0,-1.0872681911380193,False
52,missense,Sorbitol+IAA,0.0,-1.8579752279601316,False
52,missense,YPD,0.0,-11.042168598167224,False
52,missense,YPD+IAA,0.0,-2.9772795043449523,False
52,synonymous,Actinomycin_D+IAA,0.0,-0.2516415590647623,False
52,synonymous,Cobalt_Chloride+IAA,0.0,-0.8712094873641684,False
52,synonymous,Galactose+IAA,0.0,-0.5221998593844019,False
52,synonymous,MMS+IAA,0.0,0.21878367673905294,False
52,synonymous,Rapamycin+IAA,0.0,-0.7332578810582254,False
52,synonymous,Sorbitol+IAA,0.0,-0.20368249997793725,False
52,synonymous,YPD,0.0,-2.0388986434986403,False
52,synonymous,YPD+IAA,0.0,-2.8119495547978177,False
53,missense,Actinomycin_D+IAA,0.0,-9.672860940080593,False
53,missense,Cobalt_Chloride+IAA,0.0,-0.9999756657240736,False
53,missense,Galactose+IAA,0.0,-0.05236868026494028,False
53,missense,MMS+IAA,0.0,-4.762610419716678,False
53,missense,Rapamycin+IAA,0.0,-19.401816209088786,True
53,missense,Sorbitol+IAA,0.0,0.4113904155563936,False
53,missense,YPD,0.0,-11.183971503924033,False
53,missense,YPD+IAA,0.0,-6.44799327730864,False
53,synonymous,Actinomycin_D+IAA,0.0,-0.09900998061196253,False
53,synonymous,Cobalt_Chloride+IAA,0.0,-0.5481158846946715,False
53,synonymous,Galactose+IAA,0.0,-0.7697462685062485,False
53,synonymous,MMS+IAA,0.0,-0.036186097405674064,False
53,synonymous,Rapamycin+IAA,0.0,-0.346815820990234,False
53,synonymous,Sorbitol+IAA,0.0,-0.5098939804085575,False
53,synonymous,YPD,0.0,-12.042598869093437,False
53,synonymous,YPD+IAA,0.0,-1.5777252842449772,False
54,missense,Actinomycin_D+IAA,0.0,-2.197383167042095,False
54,missense,Cobalt_Chloride+IAA,0.0,-2.5956391730337613,False
54,missense,Galactose+IAA,0.0,-1.5964109748152016,False
54,missense,MMS+IAA,0.0,-0.46544219895034744,False
54,missense,Rapamycin+IAA,0.0,-0.6340129076950054,False
54,missense,Sorbitol+IAA,0.0,-2.6547063421775876,False
54,missense,YPD,0.0,-11.72016407931993,False
54,missense,YPD+IAA,0.0,-3.045852627032199,False
54,synonymous,Actinomycin_D+IAA,0.0,-0.138757788692627,False
54,synonymous,Cobalt_Chloride+IAA,0.0,-0.35304967817901917,False
54,synonymous,Galactose+IAA,0.0,-0.49453868805922735,False
54,synonymous,MMS+IAA,0.0,-0.23097045114567283,False
54,synonymous,Rapamycin+IAA,0.0,-0.12367739370468098,False
54,synonymous,Sorbitol+IAA,0.0,-0.5279994356941972,False
54,synonymous,YPD,0.0,-10.823858730864366,False
54,synonymous,YPD+IAA,0.0,-1.12023209392182,False
55,missense,Actinomycin_D+IAA,0.0,-0.6047392101934196,False
55,missense,Cobalt_Chloride+IAA,0.0,-1.672378363947011,False
55,missense,Galactose+IAA,0.0,-1.878388098018976,False
55,missense,MMS+IAA,0.0,-0.6191504094606458,False
55,missense,Rapamycin+IAA,0.0,-0.01634631005180543,False
55,missense,Sorbitol+IAA,0.0,-0.6914235775632473,False
55,missense,YPD,0.0,-9.918327053555673,False
55,missense,YPD+IAA,0.0,-2.131109770374643,False
55,synonymous,Actinomycin_D+IAA,0.0,-0.3023641377914806,False
55,synonymous,Cobalt_Chloride+IAA,0.0,-0.19435016741532465,False
55,synonymous,Galactose+IAA,0.0,-0.069726845112151,False
55,synonymous,MMS+IAA,0.0,0.36106320401845243,False
55,synonymous,Rapamycin+IAA,0.0,-0.6280362253111339,False
55,synonymous,Sorbitol+IAA,0.0,-0.30629142386355007,False
55,synonymous,YPD,0.0,-10.467726258195112,False
55,synonymous,YPD+IAA,0.0,-5.550614874077893,False
56,missense,Actinomycin_D+IAA,0.0,-0.3793363865324183,False
56,missense,Cobalt_Chloride+IAA,0.0,-0.23749913849675655,False
56,missense,Galactose+IAA,0.0,0.13652065269917485,False
56,missense,MMS+IAA,0.0,-0.08066179451892158,False
56,missense,Rapamycin+IAA,0.0,-0.14051715737107057,False
56,missense,Sorbitol+IAA,0.0,-0.0805500900752593,False
56,missense,YPD,0.0,-11.760812185951092,False
56,missense,YPD+IAA,0.0,-1.9933614895797758,False
56,synonymous,Actinomycin_D+IAA,0.0,-0.7313749284225818,False
56,synonymous,Cobalt_Chloride+IAA,0.0,-0.01782780785942629,False
56,synonymous,Galactose+IAA,0.0,-0.16394127123884902,False
56,synonymous,MMS+IAA,0.0,-0.215718801105205,False
56,synonymous,Rapamycin+IAA,0.0,-0.0281070446170507,False
56,synonymous,Sorbitol+IAA,0.0,-0.2904902261478459,False
56,synonymous,YPD,0.0,-11.070687560442266,False
56,synonymous,YPD+IAA,0.0,-1.6888342055352585,False
57,missense,Actinomycin_D+IAA,0.0,-0.2668014039037311,False
57,missense,Cobalt_Chloride+IAA,0.0,-0.09299724340854516,False
57,missense,Galactose+IAA,0.0,-0.06916131198209641,False
57,missense,MMS+IAA,0.0,-0.08627127981932324,False
57,missense,Rapamycin+IAA,0.0,-0.16938110752354305,False
57,missense,Sorbitol+IAA,0.0,-0.7475062822849837,False
57,missense,YPD,0.0,-11.176917877463042,False
57,missense,YPD+IAA,0.0,-1.452902484373292,False
57,synonymous,Actinomycin_D+IAA,0.0,-1.0009154999899617,False
57,synonymous,Cobalt_Chloride+IAA,0.0,-0.7170012924128708,False
57,synonymous,Galactose+IAA,0.0,-1.064078876435064,False
57,synonymous,MMS+IAA,0.0,-0.4295778084781115,False
57,synonymous,Rapamycin+IAA,0.0,-0.27239527109322065,False
57,synonymous,Sorbitol+IAA,0.0,-0.5793078775550924,False
57,synonymous,YPD,0.0,-9.3726693088761,False
57,synonymous,YPD+IAA,0.0,-2.1774083519196403,False
58,missense,Actinomycin_D+IAA,0.0,-0.16175386144702628,False
58,missense,Cobalt_Chloride+IAA,0.0,-0.2298750452075086,False
58,missense,Galactose+IAA,0.0,-0.10367231805201312,False
58,missense,MMS+IAA,0.0,-0.5937628907069913,False
58,missense,Rapamycin+IAA,0.0,0.10134302359493282,False
58,missense,Sorbitol+IAA,0.0,-0.578225004874114,False
58,missense,YPD,0.0,-11.405032188774948,False
58,missense,YPD+IAA,0.0,-3.302989087614522,False
58,synonymous,Actinomycin_D+IAA,0.0,-0.5020521767210503,False
58,synonymous,Cobalt_Chloride+IAA,0.0,-1.0788962094808228,False
58,synonymous,Galactose+IAA,0.0,-0.5875703660385551,False
58,synonymous,MMS+IAA,0.0,-0.5168018970273035,False
58,synonymous,Rapamycin+IAA,0.0,-0.2207012528014133,False
58,synonymous,Sorbitol+IAA,0.0,-0.36029934541711806,False
58,synonymous,YPD,0.0,-11.106816154932623,False
58,synonymous,YPD+IAA,0.0,-2.7268807417839613,False
59,missense,Actinomycin_D+IAA,0.0,-0.18330450520610506,False
59,missense,Cobalt_Chloride+IAA,0.0,-0.053925865647353396,False
59,missense,Galactose+IAA,0.0,-0.4993422577460259,False
59,missense,MMS+IAA,0.0,0.04532585792014383,False
59,missense,Rapamycin+IAA,0.0,0.10963156944784028,False
59,missense,Sorbitol+IAA,0.0,-0.009298135323845599,False
59,missense,YPD,0.0,-11.33308025086591,False
59,missense,YPD+IAA,0.0,-1.1943225780197024,False
59,synonymous,Actinomycin_D+IAA,0.0,-0.29008366733277186,False
59,synonymous,Cobalt_Chloride+IAA,0.0,-1.0627275770852431,False
59,synonymous,Galactose+IAA,0.0,-0.18912158503101392,False
59,synonymous,MMS+IAA,0.0,-0.5663373358476841,False
59,synonymous,Rapamycin+IAA,0.0,-0.7110877201402446,False
59,synonymous,Sorbitol+IAA,0.0,-0.09946327927609194,False
59,synonymous,YPD,0.0,-11.505561750032037,False
59,synonymous,YPD+IAA,0.0,-1.4221365116378233,False
60,missense,Actinomycin_D+IAA,0.0,-1.1606075477154312,False
60,missense,Cobalt_Chloride+IAA,0.0,-1.8417186737884925,False
60,missense,Galactose+IAA,0.0,-2.2708519224963983,False
60,missense,MMS+IAA,0.0,-1.0479652350610624,False
60,missense,Rapamycin+IAA,0.0,-1.3533379436793789,False
60,missense,Sorbitol+IAA,0.0,-0.8504029626970555,False
60,missense,YPD,0.0,-11.629945374670553,False
60,missense,YPD+IAA,0.0,-5.718634316320153,False
60,synonymous,Actinomycin_D+IAA,0.0,-0.044776754865478045,False
60,synonymous,Cobalt_Chloride+IAA,0.0,-2.0422562448695003,False
60,synonymous,Galactose+IAA,0.0,-3.2476483024155876,False
60,synonymous,MMS+IAA,0.0,-1.3999428345615115,False
60,synonymous,Rapamycin+IAA,0.0,0.22883796890734315,False
60,synonymous,Sorbitol+IAA,0.0,-0.6785922025695608,False
60,synonymous,YPD,0.0,-10.560185881201857,False
60,synonymous,YPD+IAA,0.0,-3.7296794530447825,False
61,missense,Actinomycin_D+IAA,0.0,-0.4104131828694973,False
61,missense,Cobalt_Chloride+IAA,0.0,-0.10324758604440669,False
61,missense,Galactose+IAA,0.0,-0.053024289801288725,False
61,missense,MMS+IAA,0.0,0.10901910299270325,False
61,missense,Rapamycin+IAA,0.0,-0.25903385041171473,False
61,missense,Sorbitol+IAA,0.0,0.02426367742100425,False
61,missense,YPD,0.0,-11.48712335620881,False
61,missense,YPD+IAA,0.0,-1.495462608568051,False
61,synonymous,Actinomycin_D+IAA,0.0,-10.862026938231999,False
61,synonymous,Cobalt_Chloride+IAA,0.0,-10.164525458600933,False
61,synonymous,Galactose+IAA,0.0,0.483008578862541,False
61,synonymous,MMS+IAA,0.0,0.3590302352423873,False
61,synonymous,Rapamycin+IAA,0.0,-10.92918394287402,False
61,synonymous,Sorbitol+IAA,0.0,0.8040832426194192,False
61,synonymous,YPD,0.0,-9.662300606058162,False
61,synonymous,YPD+IAA,0.0,-1.1749926303279636,False
62,missense,Actinomycin_D+IAA,0.0,-0.8833509927150995,False
62,missense,Cobalt_Chloride+IAA,0.0,-1.265901292459356,False
62,missense,Galactose+IAA,0.0,-0.4953812193338143,False
62,missense,MMS+IAA,0.0,0.14697993642053941,False
62,missense,Rapamycin+IAA,0.0,-1.2502064740136811,False
62,missense,Sorbitol+IAA,0.0,-0.32983852109691797,False
62,missense,YPD,0.0,-10.935631875418446,False
62,missense,YPD+IAA,0.0,-1.7661547168705687,False
62,synonymous,Actinomycin_D+IAA,0.0,0.24265130907387186,False
62,synonymous,Cobalt_Chloride+IAA,0.0,-0.043142526266586496,False
62,synonymous,Galactose+IAA,0.0,-0.17774011751393065,False
62,synonymous,MMS+IAA,0.0,0.31129625335735367,False
62,synonymous,Rapamycin+IAA,0.0,-0.21565735309909906,False
62,synonymous,Sorbitol+IAA,0.0,0.45808205248756506,False
62,synonymous,YPD,0.0,-11.09547979648434,False
62,synonymous,YPD+IAA,0.0,-0.9313926856577689,False
63,missense,Actinomycin_D+IAA,0.0,0.15212864740335239,False
63,missense,Cobalt_Chloride+IAA,0.0,-0.742282853642541,False
63,missense,Galactose+IAA,0.0,-0.00788290819422829,False
63,missense,MMS+IAA,0.0,-0.28071264502088517,False
63,missense,Rapamycin+IAA,0.0,-1.775618080512575,False
63,missense,Sorbitol+IAA,0.0,-0.1628539762363626,False
63,missense,YPD,0.0,-11.11346969315761,False
63,missense,YPD+IAA,0.0,-1.3888245606982261,False
63,synonymous,Actinomycin_D+IAA,0.0,-0.06959881929385665,False
63,synonymous,Cobalt_Chloride+IAA,0.0,-0.5032291593596878,False
63,synonymous,Galactose+IAA,0.0,-0.4810429703219476,False
63,synonymous,MMS+IAA,0.0,0.04637489647033933,False
63,synonymous,Rapamycin+IAA,0.0,-0.09452690429808647,False
63,synonymous,Sorbitol+IAA,0.0,-0.1089997097562826,False
63,synonymous,YPD,0.0,-10.61614525570758,False
63,synonymous,YPD+IAA,0.0,-1.0668814880841746,False
64,missense,Actinomycin_D+IAA,0.0,0.23457448992385205,False
64,missense,Cobalt_Chloride+IAA,0.0,-0.6496542259662196,False
64,missense,Galactose+IAA,0.0,0.045367258228291504,False
64,missense,MMS+IAA,0.0,-0.1617630601749904,False
64,missense,Rapamycin+IAA,0.0,-0.7935779840040756,False
64,missense,Sorbitol+IAA,0.0,-0.09069833664672303,False
64,missense,YPD,0.0,-10.7385843727916,False
64,missense,YPD+IAA,0.0,-1.1912415557719702,False
64,synonymous,Actinomycin_D+IAA,0.0,-0.1823913737974495,False
64,synonymous,Cobalt_Chloride+IAA,0.0,0.029204011424239475,False
64,synonymous,Galactose+IAA,0.0,-0.3639983429627164,False
64,synonymous,MMS+IAA,0.0,0.2890800140670401,False
64,synonymous,Rapamycin+IAA,0.0,0.4234423557549843,False
64,synonymous,Sorbitol+IAA,0.0,0.19633655693538674,False
64,synonymous,YPD,0.0,-9.122356492917882,False
64,synonymous,YPD+IAA,0.0,-1.1055935266714925,False
65,missense,Actinomycin_D+IAA,0.0,-0.39350252701791644,False
65,missense,Cobalt_Chloride+IAA,0.0,-0.3443307401960697,False
65,missense,Galactose+IAA,0.0,-0.24088637255251588,False
65,missense,MMS+IAA,0.0,0.04899816179365062,False
65,missense,Rapamycin+IAA,0.0,0.23622456662402724,False
65,missense,Sorbitol+IAA,0.0,-0.2608410508693729,False
65,missense,YPD,0.0,-7.590364772912795,False
65,missense,YPD+IAA,0.0,-1.3646763503179202,False
65,synonymous,Actinomycin_D+IAA,0.0,-3.2349299718940463,False
65,synonymous,Cobalt_Chloride+IAA,0.0,-3.2382149055762004,False
65,synonymous,Galactose+IAA,0.0,-3.151774924323383,False
65,synonymous,MMS+IAA,0.0,-2.4114512654541893,False
65,synonymous,Rapamycin+IAA,0.0,-3.304190397453709,False
65,synonymous,Sorbitol+IAA,0.0,-3.2482711374729765,False
65,synonymous,YPD,0.0,-10.067432032809789,False
65,synonymous,YPD+IAA,0.0,-5.26178288114975,False
66,missense,Actinomycin_D+IAA,0.0,-5.5333970828754655,False
66,missense,Cobalt_Chloride+IAA,0.0,-0.040165754433399994,False
66,missense,Galactose+IAA,0.0,0.020000068670982692,False
66,missense,MMS+IAA,0.0,-1.8318556667437056,False
66,missense,Rapamycin+IAA,0.0,-8.123722514707394,False
66,missense,Sorbitol+IAA,0.0,0.1573241127086049,False
66,missense,YPD,0.0,-2.4608224806998544,False
66,missense,YPD+IAA,0.0,-3.345357702345052,False
66,synonymous,Actinomycin_D+IAA,0.0,-0.21887781614191393,False
66,synonymous,Cobalt_Chloride+IAA,0.0,0.11220387345326155,False
66,synonymous,Galactose+IAA,0.0,0.18175523577827554,False
66,synonymous,MMS+IAA,0.0,0.07759957209601254,False
66,synonymous,Rapamycin+IAA,0.0,0.11053732384896665,False
66,synonymous,Sorbitol+IAA,0.0,0.0018184002699803256,False
66,synonymous,YPD,0.0,-8.917469963686475,False
66,synonymous,YPD+IAA,0.0,-1.017496398507991,False
67,missense,Actinomycin_D+IAA,0.0,-5.203178450903741,False
67,missense,Cobalt_Chloride+IAA,0.0,-0.4965387026996155,False
67,missense,Galactose+IAA,0.0,-1.6321343584315666,False
67,missense,MMS+IAA,0.0,-3.431066725377169,False
67,missense,Rapamycin+IAA,0.0,-11.371341295099262,False
67,missense,Sorbitol+IAA,0.0,-2.994585558538807,False
67,missense,YPD,0.0,-12.051748108425697,False
67,missense,YPD+IAA,0.0,-5.190501448728354,False
67,synonymous,Actinomycin_D+IAA,0.0,0.0906538391301359,False
67,synonymous,Cobalt_Chloride+IAA,0.0,0.3359613371527139,False
67,synonymous,Galactose+IAA,0.0,-0.4854813928014257,False
67,synonymous,MMS+IAA,0.0,-0.18806661609760753,False
67,synonymous,Rapamycin+IAA,0.0,-0.5945124203839847,False
67,synonymous,Sorbitol+IAA,0.0,0.07213771982416632,False
67,synonymous,YPD,0.0,-11.808289401185952,False
67,synonymous,YPD+IAA,0.0,-1.5485271103165263,False
68,missense,Actinomycin_D+IAA,0.0,0.020847337414462378,False
68,missense,Cobalt_Chloride+IAA,0.0,-0.8399552198534074,False
68,missense,Galactose+IAA,0.0,-0.46673944538625495,False
68,missense,MMS+IAA,0.0,-0.23944109488766077,False
68,missense,Rapamycin+IAA,0.0,-3.1891051002454027,False
68,missense,Sorbitol+IAA,0.0,-0.03276929125422467,False
68,missense,YPD,0.0,-11.27814901857116,False
68,missense,YPD+IAA,0.0,-1.4153289596377885,False
68,synonymous,Actinomycin_D+IAA,0.0,0.0051117741918610396,False
68,synonymous,Cobalt_Chloride+IAA,0.0,-0.2898271333691188,False
68,synonymous,Galactose+IAA,0.0,-0.27600660709729635,False
68,synonymous,MMS+IAA,0.0,0.17285648390825958,False
68,synonymous,Rapamycin+IAA,0.0,-0.16400638499820058,False
68,synonymous,Sorbitol+IAA,0.0,-0.008013992686605421,False
68,synonymous,YPD,0.0,-11.184942656487829,False
68,synonymous,YPD+IAA,0.0,-1.2919627559372566,False
69,missense,Actinomycin_D+IAA,0.0,-1.4826912326848467,False
69,missense,Cobalt_Chloride+IAA,0.0,0.2535946239707219,False
69,missense,Galactose+IAA,0.0,-0.18449047721103495,False
69,missense,MMS+IAA,0.0,-1.1954579890873753,False
69,missense,Rapamycin+IAA,0.0,-5.375806641942307,False
69,missense,Sorbitol+IAA,0.0,0.04468211947392889,False
69,missense,YPD,0.0,-11.289840887028792,False
69,missense,YPD+IAA,0.0,-2.220182837885144,False
70,synonymous,Actinomycin_D+IAA,0.0,-0.31984216366463253,False
70,synonymous,Cobalt_Chloride+IAA,0.0,-0.11936855480343421,False
70,synonymous,Galactose+IAA,0.0,0.04152891796494509,False
70,synonymous,MMS+IAA,0.0,0.038735163671257435,False
70,synonymous,Rapamycin+IAA,0.0,0.010483605714222455,False
70,synonymous,Sorbitol+IAA,0.0,-0.09224350557937223,False
70,synonymous,YPD,0.0,-11.520684918254021,False
70,synonymous,YPD+IAA,0.0,-1.1767126634027283,False
71,missense,Actinomycin_D+IAA,0.0,0.02374641031140543,False
71,missense,Cobalt_Chloride+IAA,0.0,-0.05589588934453403,False
71,missense,Galactose+IAA,0.0,-0.7039815836275747,False
71,missense,MMS+IAA,0.0,-0.39245735207281096,False
71,missense,Rapamycin+IAA,0.0,0.0731226770544898,False
71,missense,Sorbitol+IAA,0.0,0.00741107165236891,False
71,missense,YPD,0.0,-10.675040584524666,False
71,missense,YPD+IAA,0.0,-5.81550263436636,False
71,synonymous,Actinomycin_D+IAA,0.0,0.14142045585864696,False
71,synonymous,Cobalt_Chloride+IAA,0.0,-1.8736562295959738,False
71,synonymous,Galactose+IAA,0.0,-1.8596525387995928,False
71,synonymous,MMS+IAA,0.0,0.03021955478086914,False
71,synonymous,Rapamycin+IAA,0.0,0.07207423609395892,False
71,synonymous,Sorbitol+IAA,0.0,-1.7337367042311322,False
71,synonymous,YPD,0.0,-11.257906567857358,False
71,synonymous,YPD+IAA,0.0,-3.1326424442769145,False
72,missense,Actinomycin_D+IAA,0.0,-32.97777378759422,True
72,missense,Cobalt_Chloride+IAA,0.0,-17.19648233583178,True
72,missense,Galactose+IAA,0.0,-32.97777378759422,True
72,missense,MMS+IAA,0.0,-32.97777378759422,True
72,missense,Rapamycin+IAA,0.0,-32.97777378759422,True
72,missense,Sorbitol+IAA,0.0,-32.97777378759422,True
72,missense,YPD,0.0,-11.050838603239347,False
72,missense,YPD+IAA,0.0,-32.97777378759422,True
72,synonymous,Actinomycin_D+IAA,0.0,-0.595041598996978,False
72,synonymous,Cobalt_Chloride+IAA,0.0,-0.42233034414809595,False
72,synonymous,Galactose+IAA,0.0,-0.26538511247512797,False
72,synonymous,MMS+IAA,0.0,-0.21378482067857207,False
72,synonymous,Rapamycin+IAA,0.0,0.15932419499213427,False
72,synonymous,Sorbitol+IAA,0.0,-0.03947635678528472,False
72,synonymous,YPD,0.0,-11.601123653691236,False
72,synonymous,YPD+IAA,0.0,-1.2591553773884216,False
73,missense,Actinomycin_D+IAA,0.0,-1.8371183808931064,False
73,missense,Cobalt_Chloride+IAA,0.0,-3.419311357721021,False
73,missense,Galactose+IAA,0.0,-0.10806264840359131,False
73,missense,MMS+IAA,0.0,-0.41264010934466605,False
73,missense,Rapamycin+IAA,0.0,-0.10471703471992015,False
73,missense,Sorbitol+IAA,0.0,-0.3113856370878027,False
73,missense,YPD,0.0,-11.407203721641109,False
73,missense,YPD+IAA,0.0,-3.056978622040787,False
73,synonymous,Actinomycin_D+IAA,0.0,-0.9618776436402325,False
73,synonymous,Cobalt_Chloride+IAA,0.0,-1.8882753566226371,False
73,synonymous,Galactose+IAA,0.0,-1.226245995445703,False
73,synonymous,MMS+IAA,0.0,-0.797642233652513,False
73,synonymous,Rapamycin+IAA,0.0,-0.9127392490070448,False
73,synonymous,Sorbitol+IAA,0.0,-0.2399540327918153,False
73,synonymous,YPD,0.0,-11.303143988851872,False
73,synonymous,YPD+IAA,0.0,-2.059277477195339,False
74,missense,Actinomycin_D+IAA,0.0,-0.1274630884953688,False
74,missense,Cobalt_Chloride+IAA,0.0,0.16384939874121396,False
74,missense,Galactose+IAA,0.0,0.0682603861034952,False
74,missense,MMS+IAA,0.0,-0.2251126534628747,False
74,missense,Rapamycin+IAA,0.0,-0.6916562768074102,False
74,missense,Sorbitol+IAA,0.0,-0.08922809625253379,False
74,missense,YPD,0.0,-11.27372019619774,False
74,missense,YPD+IAA,0.0,-1.2817189494220467,False
74,synonymous,Actinomycin_D+IAA,0.0,0.05986043045190101,False
74,synonymous,Cobalt_Chloride+IAA,0.0,0.1805837614813972,False
74,synonymous,Galactose+IAA,0.0,0.36991490471692073,False
74,synonymous,MMS+IAA,0.0,0.14381411440545042,False
74,synonymous,Rapamycin+IAA,0.0,0.2882432622308155,False
74,synonymous,Sorbitol+IAA,0.0,0.14466985361786583,False
74,synonymous,YPD,0.0,-11.42233245370403,False
74,synonymous,YPD+IAA,0.0,-1.3703862322045859,False
75,missense,Actinomycin_D+IAA,0.0,-0.16049754036110397,False
75,missense,Cobalt_Chloride+IAA,0.0,0.10754005743850086,False
75,missense,Galactose+IAA,0.0,-0.7684603950418056,False
75,missense,MMS+IAA,0.0,-0.5337395213308778,False
75,missense,Rapamycin+IAA,0.0,0.03781289507424462,False
75,missense,Sorbitol+IAA,0.0,-0.19959995231906547,False
75,missense,YPD,0.0,-11.473409892720666,False
75,missense,YPD+IAA,0.0,-2.2178598285851105,False
75,synonymous,Actinomycin_D+IAA,0.0,-1.223042136926651,False
75,synonymous,Cobalt_Chloride+IAA,0.0,-7.238946123393648,False
75,synonymous,Galactose+IAA,0.0,-3.8831576235359186,False
75,synonymous,MMS+IAA,0.0,-1.095078687724955,False
75,synonymous,Rapamycin+IAA,0.0,-1.709872486234207,False
75,synonymous,Sorbitol+IAA,0.0,-2.757232465722844,False
75,synonymous,YPD,0.0,-10.454887870143157,False
75,synonymous,YPD+IAA,0.0,-7.73858462175377,False
76,missense,Actinomycin_D+IAA,0.0,-0.14425758223083784,False
76,missense,Cobalt_Chloride+IAA,0.0,-0.341549661899628,False
76,missense,Galactose+IAA,0.0,-0.17548095133925262,False
76,missense,MMS+IAA,0.0,0.18950995220296912,False
76,missense,Rapamycin+IAA,0.0,-0.9782890614668261,False
76,missense,Sorbitol+IAA,0.0,0.251215709562053,False
76,missense,YPD,0.0,-11.2480430399819,False
76,missense,YPD+IAA,0.0,-1.274856495332469,False
77,missense,Actinomycin_D+IAA,0.0,-0.11128375514287028,False
77,missense,Cobalt_Chloride+IAA,0.0,-0.6174418818333136,False
77,missense,Galactose+IAA,0.0,-0.06379012257949868,False
77,missense,MMS+IAA,0.0,0.0540425931002043,False
77,missense,Rapamycin+IAA,0.0,0.09147105823586012,False
77,missense,Sorbitol+IAA,0.0,-0.7697859274914746,False
77,missense,YPD,0.0,-4.604103681732286,False
77,missense,YPD+IAA,0.0,-1.7378802818252728,False
78,missense,Actinomycin_D+IAA,0.0,-0.3810477948001338,False
78,missense,Cobalt_Chloride+IAA,0.0,-0.34201249943646866,False
78,missense,Galactose+IAA,0.0,-1.0715132281992004,False
78,missense,MMS+IAA,0.0,0.11572828486706213,False
78,missense,Rapamycin+IAA,0.0,-0.20368169005881298,False
78,missense,Sorbitol+IAA,0.0,0.14535241172118166,False
78,missense,YPD,0.0,-2.6858026257960597,False
78,missense,YPD+IAA,0.0,-1.631545693719045,False
78,synonymous,Actinomycin_D+IAA,0.0,-1.1149571237462368,False
78,synonymous,Cobalt_Chloride+IAA,0.0,0.21843821018613854,False
78,synonymous,Galactose+IAA,0.0,-1.0298417670155877,False
78,synonymous,MMS+IAA,0.0,0.1073450310748545,False
78,synonymous,Rapamycin+IAA,0.0,0.17059684706769948,False
78,synonymous,Sorbitol+IAA,0.0,0.1882340980023998,False
78,synonymous,YPD,0.0,-11.021201390505288,False
78,synonymous,YPD+IAA,0.0,-0.5248379458914186,False
79,missense,Actinomycin_D+IAA,0.0,-2.5628637590537164,False
79,missense,Cobalt_Chloride+IAA,0.0,-0.29423209447385973,False
79,missense,Galactose+IAA,0.0,-1.25445383945141,False
79,missense,MMS+IAA,0.0,-0.36677289576717254,False
79,missense,Rapamycin+IAA,0.0,0.16560258158725152,False
79,missense,Sorbitol+IAA,0.0,-1.292056415560544,False
79,missense,YPD,0.0,-11.226840895088666,False
79,missense,YPD+IAA,0.0,-2.8477663897945305,False
79,synonymous,Actinomycin_D+IAA,0.0,-1.4193022105510218,False
79,synonymous,Cobalt_Chloride+IAA,0.0,-9.290638923724554,False
79,synonymous,Galactose+IAA,0.0,-9.602871512938416,False
79,synonymous,MMS+IAA,0.0,-1.0579901733077115,False
79,synonymous,Rapamycin+IAA,0.0,-0.1947315535694982,False
79,synonymous,Sorbitol+IAA,0.0,-0.5259896502645441,False
79,synonymous,YPD,0.0,-9.37193766061562,False
79,synonymous,YPD+IAA,0.0,-1.4076221948002927,False
80,missense,Actinomycin_D+IAA,0.0,-1.7598904713262693,False
80,missense,Cobalt_Chloride+IAA,0.0,-4.233602757795134,False
80,missense,Galactose+IAA,0.0,-2.1390584861556383,False
80,missense,MMS+IAA,0.0,-0.32576814259745535,False
80,missense,Rapamycin+IAA,0.0,-0.5100940919274441,False
80,missense,Sorbitol+IAA,0.0,-2.5514180728124867,False
80,missense,YPD,0.0,-11.991727848000748,False
80,missense,YPD+IAA,0.0,-6.185524367768048,False
80,synonymous,Actinomycin_D+IAA,0.0,-3.138290710079581,False
80,synonymous,Cobalt_Chloride+IAA,0.0,-2.929863726408791,False
80,synonymous,Galactose+IAA,0.0,-2.5659547856254026,False
80,synonymous,MMS+IAA,0.0,0.17469118573575865,False
80,synonymous,Rapamycin+IAA,0.0,-0.7207693963968381,False
80,synonymous,Sorbitol+IAA,0.0,-1.7196248310133382,False
80,synonymous,YPD,0.0,-4.051027991996012,False
80,synonymous,YPD+IAA,0.0,-2.8168283355132417,False
81,missense,Actinomycin_D+IAA,0.0,0.12518767273645975,False
81,missense,Cobalt_Chloride+IAA,0.0,0.24764374304366435,False
81,missense,Galactose+IAA,0.0,0.3142447104525791,False
81,missense,MMS+IAA,0.0,0.17424005003516305,False
81,missense,Rapamycin+IAA,0.0,-0.028223188161382595,False
81,missense,Sorbitol+IAA,0.0,-0.017983757696011196,False
81,missense,YPD,0.0,-0.832596744620794,False
81,missense,YPD+IAA,0.0,-0.8980801769054578,False
81,synonymous,Actinomycin_D+IAA,0.0,-0.2067864222379953,False
81,synonymous,Cobalt_Chloride+IAA,0.0,0.15275293643436527,False
81,synonymous,Galactose+IAA,0.0,-0.4882315287936283,False
81,synonymous,MMS+IAA,0.0,-0.39849834830893477,False
81,synonymous,Rapamycin+IAA,0.0,0.034719500355362344,False
81,synonymous,Sorbitol+IAA,0.0,-0.10462711340842112,False
81,synonymous,YPD,0.0,-11.173870868405116,False
81,synonymous,YPD+IAA,0.0,-3.1152908365366683,False
82,missense,Actinomycin_D+IAA,0.0,-0.4475044854827804,False
82,missense,Cobalt_Chloride+IAA,0.0,-0.918734683829418,False
82,missense,Galactose+IAA,0.0,-0.30846294434600624,False
82,missense,MMS+IAA,0.0,-0.31486758911162094,False
82,missense,Rapamycin+IAA,0.0,0.25967369740011115,False
82,missense,Sorbitol+IAA,0.0,-0.26794120884633793,False
82,missense,YPD,0.0,-10.894312131852143,False
82,missense,YPD+IAA,0.0,-1.4460199119502495,False
82,synonymous,Actinomycin_D+IAA,0.0,-0.21112484395909892,False
82,synonymous,Cobalt_Chloride+IAA,0.0,0.4890508976603355,False
82,synonymous,Galactose+IAA,0.0,0.28443584626663065,False
82,synonymous,MMS+IAA,0.0,0.06426818036060952,False
82,synonymous,Rapamycin+IAA,0.0,-0.45129356415922045,False
82,synonymous,Sorbitol+IAA,0.0,-0.28463160747404553,False
82,synonymous,YPD,0.0,-11.695239938271081,False
82,synonymous,YPD+IAA,0.0,-1.4014074812878454,False
83,missense,Actinomycin_D+IAA,0.0,0.5794423117943103,False
83,missense,Cobalt_Chloride+IAA,0.0,-0.34831112669655634,False
83,missense,Galactose+IAA,0.0,0.1275833471947201,False
83,missense,MMS+IAA,0.0,0.21018647099755783,False
83,missense,Rapamycin+IAA,0.0,-1.2609925485441005,False
83,missense,Sorbitol+IAA,0.0,-0.47706343249681105,False
83,missense,YPD,0.0,-10.9733428901705,False
83,missense,YPD+IAA,0.0,-1.0686501972277425,False
83,synonymous,Actinomycin_D+IAA,0.0,-1.433576953977686,False
83,synonymous,Cobalt_Chloride+IAA,0.0,-0.041949910885094185,False
83,synonymous,Galactose+IAA,0.0,-1.243408380931064,False
83,synonymous,MMS+IAA,0.0,-0.27855298507916354,False
83,synonymous,Rapamycin+IAA,0.0,-0.9783051214118067,False
83,synonymous,Sorbitol+IAA,0.0,-0.2895349020503599,False
83,synonymous,YPD,0.0,-11.219280092348018,False
83,synonymous,YPD+IAA,0.0,-1.771860845773118,False
84,missense,Actinomycin_D+IAA,0.0,0.021130760991930488,False
84,missense,Cobalt_Chloride+IAA,0.0,-6.197290845125631,False
84,missense,Galactose+IAA,0.0,-1.7284957334537883,False
84,missense,MMS+IAA,0.0,0.458985576269054,False
84,missense,Rapamycin+IAA,0.0,-0.27701908551525983,False
84,missense,Sorbitol+IAA,0.0,-2.7089607373252105,False
84,missense,YPD,0.0,-11.071570157528289,False
84,missense,YPD+IAA,0.0,-4.877658016294264,False
84,synonymous,Actinomycin_D+IAA,0.0,-4.592939306636239,False
84,synonymous,Cobalt_Chloride+IAA,0.0,-2.477447831547441,False
84,synonymous,Galactose+IAA,0.0,-2.0971585207174623,False
84,synonymous,MMS+IAA,0.0,-0.37185540280249635,False
84,synonymous,Rapamycin+IAA,0.0,-4.67757884923546,False
84,synonymous,Sorbitol+IAA,0.0,-0.7409125399454721,False
84,synonymous,YPD,0.0,-10.624155668230845,False
84,synonymous,YPD+IAA,0.0,-4.571493090417103,False
85,missense,Actinomycin_D+IAA,0.0,-32.383941430752586,True
85,missense,Cobalt_Chloride+IAA,0.0,-32.383941430752586,True
85,missense,Galactose+IAA,0.0,-32.383941430752586,True
85,missense,MMS+IAA,0.0,-32.383941430752586,True
85,missense,Rapamycin+IAA,0.0,-32.383941430752586,True
85,missense,Sorbitol+IAA,0.0,-32.383941430752586,True
85,missense,YPD,0.0,-11.333327018143091,False
85,missense,YPD+IAA,0.0,-32.383941430752586,True
85,synonymous,Actinomycin_D+IAA,0.0,-1.8553755073461093,False
85,synonymous,Cobalt_Chloride+IAA,0.0,-1.5433562035132817,False
85,synonymous,Galactose+IAA,0.0,-1.7102972598900188,False
85,synonymous,MMS+IAA,0.0,-0.2582329719275193,False
85,synonymous,Rapamycin+IAA,0.0,-1.7068649066294077,False
85,synonymous,Sorbitol+IAA,0.0,-0.8178520635663508,False
85,synonymous,YPD,0.0,-10.265617658622734,False
85,synonymous,YPD+IAA,0.0,-3.8653399836268783,False
86,missense,Actinomycin_D+IAA,0.0,-0.432730143930255,False
86,missense,Cobalt_Chloride+IAA,0.0,-3.960894736441796,False
86,missense,Galactose+IAA,0.0,-4.627898967466266,False
86,missense,MMS+IAA,0.0,-0.16625913259987404,False
86,missense,Rapamycin+IAA,0.0,-1.5466058482516576,False
86,missense,Sorbitol+IAA,0.0,-1.2407231594399606,False
86,missense,YPD,0.0,-12.27467420536474,False
86,missense,YPD+IAA,0.0,-5.0379952020446455,False
86,synonymous,Actinomycin_D+IAA,0.0,-0.8257753978456889,False
86,synonymous,Cobalt_Chloride+IAA,0.0,0.361086684025956,False
86,synonymous,Galactose+IAA,0.0,-2.4449108647146187,False
86,synonymous,MMS+IAA,0.0,0.11298049061149734,False
86,synonymous,Rapamycin+IAA,0.0,-1.9296928110100857,False
86,synonymous,Sorbitol+IAA,0.0,-0.4459548842760889,False
86,synonymous,YPD,0.0,-10.660693975341985,False
86,synonymous,YPD+IAA,0.0,-5.538266124979634,False
87,missense,Actinomycin_D+IAA,0.0,-0.309640098041929,False
87,missense,Cobalt_Chloride+IAA,0.0,0.018276506358932777,False
87,missense,Galactose+IAA,0.0,-0.2415282616745635,False
87,missense,MMS+IAA,0.0,-0.35710505556869065,False
87,missense,Rapamycin+IAA,0.0,-0.3457976559368139,False
87,missense,Sorbitol+IAA,0.0,-0.32770705982219217,False
87,missense,YPD,0.0,-11.403048573070391,False
87,missense,YPD+IAA,0.0,-1.1464706652885106,False
87,synonymous,Actinomycin_D+IAA,0.0,-5.828242902460359,False
87,synonymous,Cobalt_Chloride+IAA,0.0,-5.3811141046200905,False
87,synonymous,Galactose+IAA,0.0,-5.740691466628502,False
87,synonymous,MMS+IAA,0.0,-5.750860046579149,False
87,synonymous,Rapamycin+IAA,0.0,-5.337781579606366,False
87,synonymous,Sorbitol+IAA,0.0,-6.534798349234073,False
87,synonymous,YPD,0.0,-10.805043827701155,False
87,synonymous,YPD+IAA,0.0,-5.854674098115725,False
88,missense,Actinomycin_D+IAA,0.0,0.2364436558885843,False
88,missense,Cobalt_Chloride+IAA,0.0,0.13522402683107831,False
88,missense,Galactose+IAA,0.0,-5.008720972882764,False
88,missense,MMS+IAA,0.0,0.3636220261685928,False
88,missense,Rapamycin+IAA,0.0,-4.5388062992021165,False
88,missense,Sorbitol+IAA,0.0,-4.111058014731537,False
88,missense,YPD,0.0,-10.678774324684959,False
88,missense,YPD+IAA,0.0,-0.4199256394931531,False
88,synonymous,Actinomycin_D+IAA,0.0,-0.4922710790192406,False
88,synonymous,Cobalt_Chloride+IAA,0.0,-0.4896919503611225,False
88,synonymous,Galactose+IAA,0.0,0.11368223923297693,False
88,synonymous,MMS+IAA,0.0,-0.022186123400628987,False
88,synonymous,Rapamycin+IAA,0.0,-0.26096462396954107,False
88,synonymous,Sorbitol+IAA,0.0,0.016675810420889867,False
88,synonymous,YPD,0.0,-11.20878166413161,False
88,synonymous,YPD+IAA,0.0,-1.2214896367478276,False
89,missense,Actinomycin_D+IAA,0.0,-0.1465044893432401,False
89,missense,Cobalt_Chloride+IAA,0.0,0.11339323321802781,False
89,missense,Galactose+IAA,0.0,-0.12067480381018295,False
89,missense,MMS+IAA,0.0,0.014798701017250006,False
89,missense,Rapamycin+IAA,0.0,-0.5823030494604691,False
89,missense,Sorbitol+IAA,0.0,0.0031691916360005617,False
89,missense,YPD,0.0,-11.99852395969475,False
89,missense,YPD+IAA,0.0,-2.0800395262726017,False
89,synonymous,Actinomycin_D+IAA,0.0,-31.273566482175497,True
89,synonymous,Cobalt_Chloride+IAA,0.0,-31.273566482175497,True
89,synonymous,Galactose+IAA,0.0,-31.273566482175497,True
89,synonymous,MMS+IAA,0.0,-31.273566482175497,True
89,synonymous,Rapamycin+IAA,0.0,-31.273566482175497,True
89,synonymous,Sorbitol+IAA,0.0,-31.273566482175497,True
89,synonymous,YPD,0.0,-11.236863925430404,False
89,synonymous,YPD+IAA,0.0,-31.273566482175497,True
90,missense,Actinomycin_D+IAA,0.0,-2.7453201501247055,False
90,missense,Cobalt_Chloride+IAA,0.0,-4.549054440692361,False
90,missense,Galactose+IAA,0.0,-0.28805857123964096,False
90,missense,MMS+IAA,0.0,0.16418903817793043,False
90,missense,Rapamycin+IAA,0.0,-0.40752739754786943,False
90,missense,Sorbitol+IAA,0.0,-3.3103502672617693,False
90,missense,YPD,0.0,-10.74328759420372,False
90,missense,YPD+IAA,0.0,-7.324111065177431,False
90,synonymous,Actinomycin_D+IAA,0.0,-1.4603181845607192,False
90,synonymous,Cobalt_Chloride+IAA,0.0,-0.3335624515211111,False
90,synonymous,Galactose+IAA,0.0,-0.8589950374604326,False
90,synonymous,MMS+IAA,0.0,-0.17958521255521678,False
90,synonymous,Rapamycin+IAA,0.0,-1.7950635000533188,False
90,synonymous,Sorbitol+IAA,0.0,-1.135522050223202,False
90,synonymous,YPD,0.0,-11.766163856644503,False
90,synonymous,YPD+IAA,0.0,-6.133052811612084,False
91,missense,Actinomycin_D+IAA,0.0,0.04935183349323496,False
91,missense,Cobalt_Chloride+IAA,0.0,-0.3902096082291989,False
91,missense,Galactose+IAA,0.0,-0.001919254301063528,False
91,missense,MMS+IAA,0.0,0.32120205822460735,False
91,missense,Rapamycin+IAA,0.0,-0.29751452226786457,False
91,missense,Sorbitol+IAA,0.0,0.02918940469950593,False
91,missense,YPD,0.0,-4.002700051762464,False
91,missense,YPD+IAA,0.0,-0.8338535986724839,False
91,synonymous,Actinomycin_D+IAA,0.0,-0.30645535863450835,False
91,synonymous,Cobalt_Chloride+IAA,0.0,-0.08896528400769947,False
91,synonymous,Galactose+IAA,0.0,0.04811363616129406,False
91,synonymous,MMS+IAA,0.0,0.19141340304940446,False
91,synonymous,Rapamycin+IAA,0.0,0.22827273685357988,False
91,synonymous,Sorbitol+IAA,0.0,-0.08762511125426695,False
91,synonymous,YPD,0.0,-11.819189536890056,False
91,synonymous,YPD+IAA,0.0,-1.3456340954971644,False
92,missense,Actinomycin_D+IAA,0.0,-1.401773996525217,False
92,missense,Cobalt_Chloride+IAA,0.0,-0.9694942759326483,False
92,missense,Galactose+IAA,0.0,-1.043862421281847,False
92,missense,MMS+IAA,0.0,-1.179178451746912,False
92,missense,Rapamycin+IAA,0.0,-0.7014163157239924,False
92,missense,Sorbitol+IAA,0.0,-1.287051833479337,False
92,missense,YPD,0.0,-11.85972921628941,False
92,missense,YPD+IAA,0.0,-2.008395026287954,False
92,synonymous,Actinomycin_D+IAA,0.0,-1.608042541579964,False
92,synonymous,Cobalt_Chloride+IAA,0.0,-1.9386486964902558,False
92,synonymous,Galactose+IAA,0.0,0.12977187031127854,False
92,synonymous,MMS+IAA,0.0,-1.5532485993443503,False
92,synonymous,Rapamycin+IAA,0.0,-0.2141697723048247,False
92,synonymous,Sorbitol+IAA,0.0,-0.112339221500479,False
92,synonymous,YPD,0.0,-11.124736293709228,False
92,synonymous,YPD+IAA,0.0,-7.599292273941513,False
93,missense,Actinomycin_D+IAA,0.0,-15.549421205698748,True
93,missense,Cobalt_Chloride+IAA,0.0,-16.318144270129846,True
93,missense,Galactose+IAA,0.0,-14.99895425017703,True
93,missense,MMS+IAA,0.0,-15.851662636961125,True
93,missense,Rapamycin+IAA,0.0,-14.485320944031725,True
93,missense,Sorbitol+IAA,0.0,-16.45612839887272,True
93,missense,YPD,0.0,-11.390984436726754,False
93,missense,YPD+IAA,0.0,-16.15004214824374,True
93,synonymous,Actinomycin_D+IAA,0.0,-0.6708706255636854,False
93,synonymous,Cobalt_Chloride+IAA,0.0,0.05203061281374614,False
93,synonymous,Galactose+IAA,0.0,-0.6221593085556211,False
93,synonymous,MMS+IAA,0.0,-0.4649494707259764,False
93,synonymous,Rapamycin+IAA,0.0,0.6843359303292961,False
93,synonymous,Sorbitol+IAA,0.0,0.29271572124829937,False
93,synonymous,YPD,0.0,-10.89314957737659,False
93,synonymous,YPD+IAA,0.0,-10.36914470822497,False
94,missense,Actinomycin_D+IAA,0.0,-0.18012388439368607,False
94,missense,Cobalt_Chloride+IAA,0.0,-0.15985378178953577,False
94,missense,Galactose+IAA,0.0,-0.021294582817510115,False
94,missense,MMS+IAA,0.0,-0.048920664620807755,False
94,missense,Rapamycin+IAA,0.0,-0.021391365444107125,False
94,missense,Sorbitol+IAA,0.0,-0.161231067888856,False
94,missense,YPD,0.0,-11.817684050827683,False
94,missense,YPD+IAA,0.0,-0.9805846781261889,False
94,synonymous,Actinomycin_D+IAA,0.0,-0.29058486427153185,False
94,synonymous,Cobalt_Chloride+IAA,0.0,0.007176058087391059,False
94,synonymous,Galactose+IAA,0.0,0.04241631056513469,False
94,synonymous,MMS+IAA,0.0,0.05717801846735621,False
94,synonymous,Rapamycin+IAA,0.0,-0.010601196559706795,False
94,synonymous,Sorbitol+IAA,0.0,-0.008264876770624775,False
94,synonymous,YPD,0.0,-2.87954724531302,False
94,synonymous,YPD+IAA,0.0,-1.280538394783419,False
95,missense,Actinomycin_D+IAA,0.0,-0.7744806383190811,False
95,missense,Cobalt_Chloride+IAA,0.0,-0.1927273792970826,False
95,missense,Galactose+IAA,0.0,-0.048685859314123364,False
95,missense,MMS+IAA,0.0,0.06501114057744384,False
95,missense,Rapamycin+IAA,0.0,0.25974749109465456,False
95,missense,Sorbitol+IAA,0.0,-0.33159014166579925,False
95,missense,YPD,0.0,-10.907362753054592,False
95,missense,YPD+IAA,0.0,-0.8087485550572886,False
95,synonymous,Actinomycin_D+IAA,0.0,-0.3438440789007885,False
95,synonymous,Cobalt_Chloride+IAA,0.0,-0.6463877045791099,False
95,synonymous,Galactose+IAA,0.0,-0.5724216710244344,False
95,synonymous,MMS+IAA,0.0,-0.04907824039302442,False
95,synonymous,Rapamycin+IAA,0.0,-0.5895546552975081,False
95,synonymous,Sorbitol+IAA,0.0,-0.11914710511562196,False
95,synonymous,YPD,0.0,-11.757215130750463,False
95,synonymous,YPD+IAA,0.0,-3.144402751774271,False
96,missense,Actinomycin_D+IAA,0.0,0.12909851325028784,False
96,missense,Cobalt_Chloride+IAA,0.0,-0.22298007892914024,False
96,missense,Galactose+IAA,0.0,-0.37771131307825107,False
96,missense,MMS+IAA,0.0,-0.19406638227340636,False
96,missense,Rapamycin+IAA,0.0,0.003286321830040119,False
96,missense,Sorbitol+IAA,0.0,-0.16068277693065242,False
96,missense,YPD,0.0,-11.33612687745442,False
96,missense,YPD+IAA,0.0,-1.5238512666810038,False
96,synonymous,Actinomycin_D+IAA,0.0,-1.1217970680104272,False
96,synonymous,Cobalt_Chloride+IAA,0.0,-0.3275723460523536,False
96,synonymous,Galactose+IAA,0.0,-0.15793620323198884,False
96,synonymous,MMS+IAA,0.0,-0.10456067116465073,False
96,synonymous,Rapamycin+IAA,0.0,-0.22831912441079957,False
96,synonymous,Sorbitol+IAA,0.0,-0.2936680959773847,False
96,synonymous,YPD,0.0,-11.520145297999392,False
96,synonymous,YPD+IAA,0.0,-1.6248137394007773,False
97,missense,Actinomycin_D+IAA,0.0,-0.23190609707864132,False
97,missense,Cobalt_Chloride+IAA,0.0,-0.8665595361656353,False
97,missense,Galactose+IAA,0.0,-1.960900180288044,False
97,missense,MMS+IAA,0.0,0.10149511454707745,False
97,missense,Rapamycin+IAA,0.0,0.07925379759790088,False
97,missense,Sorbitol+IAA,0.0,-0.004662966842288377,False
97,missense,YPD,0.0,-10.912348721787403,False
97,missense,YPD+IAA,0.0,-2.8100886679240644,False
97,synonymous,Actinomycin_D+IAA,0.0,-0.9615736946521413,False
97,synonymous,Cobalt_Chloride+IAA,0.0,0.08822479584514357,False
97,synonymous,Galactose+IAA,0.0,-0.2783512693279172,False
97,synonymous,MMS+IAA,0.0,-0.3731951218222429,False
97,synonymous,Rapamycin+IAA,0.0,-0.008090786450437643,False
97,synonymous,Sorbitol+IAA,0.0,-0.7531072359958211,False
97,synonymous,YPD,0.0,-11.755237304680996,False
97,synonymous,YPD+IAA,0.0,-1.5201593392754396,False
98,missense,Actinomycin_D+IAA,0.0,-1.0685924756392424,False
98,missense,Cobalt_Chloride+IAA,0.0,-0.21099407243124454,False
98,missense,Galactose+IAA,0.0,-0.8876357547982435,False
98,missense,MMS+IAA,0.0,-0.7687373702940331,False
98,missense,Rapamycin+IAA,0.0,-4.121229030132249,False
98,missense,Sorbitol+IAA,0.0,-0.8654372096016087,False
98,missense,YPD,0.0,-11.361653439050823,False
98,missense,YPD+IAA,0.0,-2.3278923404336447,False
98,synonymous,Actinomycin_D+IAA,0.0,-0.969135288210013,False
98,synonymous,Cobalt_Chloride+IAA,0.0,-0.5565602854191117,False
98,synonymous,Galactose+IAA,0.0,-1.902307026774901,False
98,synonymous,MMS+IAA,0.0,-0.9210914952427279,False
98,synonymous,Rapamycin+IAA,0.0,0.11610834169137005,False
98,synonymous,Sorbitol+IAA,0.0,-1.4239592451272296,False
98,synonymous,YPD,0.0,-11.015792349039385,False
98,synonymous,YPD+IAA,0.0,-4.052860440168922,False
99,missense,Actinomycin_D+IAA,0.0,-0.11376353416183071,False
99,missense,Cobalt_Chloride+IAA,0.0,-0.22998078549190978,False
99,missense,Galactose+IAA,0.0,-0.6274156488780254,False
99,missense,MMS+IAA,0.0,-0.11641833919306664,False
99,missense,Rapamycin+IAA,0.0,-0.3886834523214919,False
99,missense,Sorbitol+IAA,0.0,-0.8072584449550565,False
99,missense,YPD,0.0,-11.272548173950575,False
99,missense,YPD+IAA,0.0,-1.8754761560216995,False
100,missense,Actinomycin_D+IAA,0.0,-0.29063055882862593,False
100,missense,Cobalt_Chloride+IAA,0.0,0.13508465668462782,False
100,missense,Galactose+IAA,0.0,-1.461384701309606,False
100,missense,MMS+IAA,0.0,-0.1247026880182569,False
100,missense,Rapamycin+IAA,0.0,0.5934597624138356,False
100,missense,Sorbitol+IAA,0.0,0.12562129781521758,False
100,missense,YPD,0.0,-10.817756004430608,False
100,missense,YPD+IAA,0.0,-2.410748353804695,False
100,synonymous,Actinomycin_D+IAA,0.0,-1.2166591960017517,False
100,synonymous,Cobalt_Chloride+IAA,0.0,-3.859631592294227,False
100,synonymous,Galactose+IAA,0.0,-0.7852386885020874,False
100,synonymous,MMS+IAA,0.0,-0.6653294035258865,False
100,synonymous,Rapamycin+IAA,0.0,-0.5586002062084674,False
100,synonymous,Sorbitol+IAA,0.0,-2.61445940103523,False
100,synonymous,YPD,0.0,-11.32545515892588,False
100,synonymous,YPD+IAA,0.0,-5.152821620342525,False
101,missense,Actinomycin_D+IAA,0.0,-0.4469922648463815,False
101,missense,Cobalt_Chloride+IAA,0.0,-0.42337182932985323,False
101,missense,Galactose+IAA,0.0,0.028287103182970952,False
101,missense,MMS+IAA,0.0,-0.6386694858191644,False
101,missense,Rapamycin+IAA,0.0,-0.9046019666946834,False
101,missense,Sorbitol+IAA,0.0,-0.29009414074819856,False
101,missense,YPD,0.0,-10.345440714882809,False
101,missense,YPD+IAA,0.0,-3.634573631076882,False
102,missense,Actinomycin_D+IAA,0.0,-0.3415804427082412,False
102,missense,Cobalt_Chloride+IAA,0.0,1.5120136884842883,False
102,missense,Galactose+IAA,0.0,0.4786318356533197,False
102,missense,MMS+IAA,0.0,0.19246531835219022,False
102,missense,Rapamycin+IAA,0.0,0.41885557107666144,False
102,missense,Sorbitol+IAA,0.0,-0.43439278074769155,False
102,missense,YPD,0.0,-10.590109856684299,False
102,missense,YPD+IAA,0.0,-12.041372222192829,False
102,synonymous,Actinomycin_D+IAA,0.0,-0.5098969401447686,False
102,synonymous,Cobalt_Chloride+IAA,0.0,-0.17367617257905799,False
102,synonymous,Galactose+IAA,0.0,-0.33791174811245306,False
102,synonymous,MMS+IAA,0.0,-0.23609542669703418,False
102,synonymous,Rapamycin+IAA,0.0,-0.09653378644904054,False
102,synonymous,Sorbitol+IAA,0.0,-0.05252502274174151,False
102,synonymous,YPD,0.0,-11.560945546176912,False
102,synonymous,YPD+IAA,0.0,-1.3921752081850458,False
103,missense,Actinomycin_D+IAA,0.0,0.008154333864394766,False
103,missense,Cobalt_Chloride+IAA,0.0,-1.270979277751697,False
103,missense,Galactose+IAA,0.0,-1.159740849046692,False
103,missense,MMS+IAA,0.0,-0.7058271402616891,False
103,missense,Rapamycin+IAA,0.0,-2.373465589470165,False
103,missense,Sorbitol+IAA,0.0,-0.2568301810147447,False
103,missense,YPD,0.0,-11.172105334364527,False
103,missense,YPD+IAA,0.0,-3.69379266127643,False
103,synonymous,Actinomycin_D+IAA,0.0,0.5429277490730863,False
103,synonymous,Cobalt_Chloride+IAA,0.0,-10.605634382579694,False
103,synonymous,Galactose+IAA,0.0,0.18349399858124046,False
103,synonymous,MMS+IAA,0.0,-0.4394812797625699,False
103,synonymous,Rapamycin+IAA,0.0,0.22541913269388672,False
103,synonymous,Sorbitol+IAA,0.0,0.3164352905828419,False
103,synonymous,YPD,0.0,-10.56140229854815,False
103,synonymous,YPD+IAA,0.0,-2.543913145156469,False
104,missense,Actinomycin_D+IAA,0.0,-1.844412616852339,False
104,missense,Cobalt_Chloride+IAA,0.0,0.2925234556920638,False
104,missense,Galactose+IAA,0.0,-0.10387219655882719,False
104,missense,MMS+IAA,0.0,-0.08601596224216354,False
104,missense,Rapamycin+IAA,0.0,-2.17804281992554,False
104,missense,Sorbitol+IAA,0.0,-2.1429916895056706,False
104,missense,YPD,0.0,-11.139360768674045,False
104,missense,YPD+IAA,0.0,-1.684403833155647,False
104,synonymous,Actinomycin_D+IAA,0.0,0.027415546352549277,False
104,synonymous,Cobalt_Chloride+IAA,0.0,-0.3234725489185532,False
104,synonymous,Galactose+IAA,0.0,-0.4111134540959107,False
104,synonymous,MMS+IAA,0.0,0.10408892744125393,False
104,synonymous,Rapamycin+IAA,0.0,-0.5504570649922806,False
104,synonymous,Sorbitol+IAA,0.0,-0.7537376041761954,False
104,synonymous,YPD,0.0,-11.44014633370666,False
104,synonymous,YPD+IAA,0.0,-1.4082806869746234,False
105,missense,Actinomycin_D+IAA,0.0,0.5151762998813272,False
105,missense,Cobalt_Chloride+IAA,0.0,0.2922134993093819,False
105,missense,Galactose+IAA,0.0,0.41707932953773025,False
105,missense,MMS+IAA,0.0,0.2368436620408036,False
105,missense,Rapamycin+IAA,0.0,0.05491100703062804,False
105,missense,Sorbitol+IAA,0.0,-0.04667267032462656,False
105,missense,YPD,0.0,-10.364852069693779,False
105,missense,YPD+IAA,0.0,2.6294946140060045,False
105,synonymous,Actinomycin_D+IAA,0.0,-1.4506678469643193,False
105,synonymous,Cobalt_Chloride+IAA,0.0,-0.3163443618982234,False
105,synonymous,Galactose+IAA,0.0,-1.3852441517103793,False
105,synonymous,MMS+IAA,0.0,0.5608275559738695,False
105,synonymous,Rapamycin+IAA,0.0,-0.3756752068726499,False
105,synonymous,Sorbitol+IAA,0.0,-0.9952660284780926,False
105,synonymous,YPD,0.0,-10.296575665461123,False
105,synonymous,YPD+IAA,0.0,-5.057617009734844,False
106,missense,Actinomycin_D+IAA,0.0,0.22897340942124592,False
106,missense,Cobalt_Chloride+IAA,0.0,-10.44621520923639,False
106,missense,Galactose+IAA,0.0,-0.7135179731092848,False
106,missense,MMS+IAA,0.0,-0.8401328549460092,False
106,missense,Rapamycin+IAA,0.0,0.3252083259546658,False
106,missense,Sorbitol+IAA,0.0,-0.6472830806738622,False
106,missense,YPD,0.0,-10.56935003488013,False
106,missense,YPD+IAA,0.0,-11.021265955845744,False
106,synonymous,Actinomycin_D+IAA,0.0,-9.974579459160747,False
106,synonymous,Cobalt_Chloride+IAA,0.0,-10.40857422582293,False
106,synonymous,Galactose+IAA,0.0,0.11064748942237532,False
106,synonymous,MMS+IAA,0.0,-6.091269500557454,False
106,synonymous,Rapamycin+IAA,0.0,-6.829590776646452,False
106,synonymous,Sorbitol+IAA,0.0,-11.380817709804017,False
106,synonymous,YPD,0.0,-16.582965269145564,True
106,synonymous,YPD+IAA,0.0,-11.16355679276125,False
107,missense,Actinomycin_D+IAA,0.0,-0.47068070024260633,False
107,missense,Cobalt_Chloride+IAA,0.0,-10.546424155407713,False
107,missense,Galactose+IAA,0.0,-19.874188564361276,True
107,missense,MMS+IAA,0.0,-11.456637767208175,False
107,missense,Rapamycin+IAA,0.0,-9.864736752470785,False
107,missense,Sorbitol+IAA,0.0,-9.94026703788037,False
107,missense,YPD,0.0,-10.334168981188347,False
107,missense,YPD+IAA,0.0,-3.7306381089037726,False
107,synonymous,Actinomycin_D+IAA,0.0,0.15977607803959137,False
107,synonymous,Cobalt_Chloride+IAA,0.0,-0.2542820961838369,False
107,synonymous,Galactose+IAA,0.0,-0.09871226021429595,False
107,synonymous,MMS+IAA,0.0,0.28154427712706553,False
107,synonymous,Rapamycin+IAA,0.0,-0.43352425479524187,False
107,synonymous,Sorbitol+IAA,0.0,0.24802215160961755,False
107,synonymous,YPD,0.0,-11.729375859236814,False
107,synonymous,YPD+IAA,0.0,-0.9727660763060054,False
108,missense,Actinomycin_D+IAA,0.0,-1.02512237954871,False
108,missense,Cobalt_Chloride+IAA,0.0,0.2240721130456104,False
108,missense,Galactose+IAA,0.0,-0.41802899365655155,False
108,missense,MMS+IAA,0.0,-10.670637757475951,False
108,missense,Rapamycin+IAA,0.0,-0.5488580249876538,False
108,missense,Sorbitol+IAA,0.0,0.05732729400099186,False
108,missense,YPD,0.0,-10.74544194257812,False
108,missense,YPD+IAA,0.0,-11.964977384469787,False
109,missense,Actinomycin_D+IAA,0.0,0.09902186543190174,False
109,missense,Cobalt_Chloride+IAA,0.0,-0.20417517622158074,False
109,missense,Galactose+IAA,0.0,-0.43546472684225374,False
109,missense,MMS+IAA,0.0,0.029661032373130385,False
109,missense,Rapamycin+IAA,0.0,0.16335272722698982,False
109,missense,Sorbitol+IAA,0.0,0.4384504805243849,False
109,missense,YPD,0.0,-11.079902638247638,False
109,missense,YPD+IAA,0.0,-1.0720184318169974,False
110,synonymous,Actinomycin_D+IAA,0.0,-0.41226747061077684,False
110,synonymous,Cobalt_Chloride+IAA,0.0,-19.66885005545314,True
110,synonymous,Galactose+IAA,0.0,-10.357979886755366,False
110,synonymous,MMS+IAA,0.0,0.49354589976097607,False
110,synonymous,Rapamycin+IAA,0.0,0.3595608629194167,False
110,synonymous,Sorbitol+IAA,0.0,-9.701384805106603,False
110,synonymous,YPD,0.0,-10.341140372796362,False
110,synonymous,YPD+IAA,0.0,-10.080167001560813,False
111,synonymous,Actinomycin_D+IAA,0.0,0.1520267658484743,False
111,synonymous,Cobalt_Chloride+IAA,0.0,0.3214717871531455,False
111,synonymous,Galactose+IAA,0.0,-0.21684716696063155,False
111,synonymous,MMS+IAA,0.0,0.0038883253055271207,False
111,synonymous,Rapamycin+IAA,0.0,0.23912036512902574,False
111,synonymous,Sorbitol+IAA,0.0,-0.08533926837196258,False
111,synonymous,YPD,0.0,-11.648419445081814,False
111,synonymous,YPD+IAA,0.0,-0.6431868740721719,False
112,missense,Actinomycin_D+IAA,0.0,0.003282337832580113,False
112,missense,Cobalt_Chloride+IAA,0.0,-2.207162063790958,False
112,missense,Galactose+IAA,0.0,-2.9173985295087226,False
112,missense,MMS+IAA,0.0,0.3553492332921041,False
112,missense,Rapamycin+IAA,0.0,-0.25205525414139046,False
112,missense,Sorbitol+IAA,0.0,-2.15614731881087,False
112,missense,YPD,0.0,-10.983275932274005,False
112,missense,YPD+IAA,0.0,-5.494459650283099,False
112,synonymous,Actinomycin_D+IAA,0.0,-1.243619623986057,False
112,synonymous,Cobalt_Chloride+IAA,0.0,-0.2306676543315059,False
112,synonymous,Galactose+IAA,0.0,-0.8056884283416427,False
112,synonymous,MMS+IAA,0.0,-0.21572759749943235,False
112,synonymous,Rapamycin+IAA,0.0,0.12923355054402832,False
112,synonymous,Sorbitol+IAA,0.0,-0.33708317937030985,False
112,synonymous,YPD,0.0,-10.549852720654005,False
112,synonymous,YPD+IAA,0.0,-6.090581308776104,False
113,missense,Actinomycin_D+IAA,0.0,-10.434254564889407,False
113,missense,Cobalt_Chloride+IAA,0.0,-11.23302879711097,False
113,missense,Galactose+IAA,0.0,-1.6853481869337992,False
113,missense,MMS+IAA,0.0,-10.393413066434364,False
113,missense,Rapamycin+IAA,0.0,-0.8589571016211099,False
113,missense,Sorbitol+IAA,0.0,-0.5710153985084362,False
113,missense,YPD,0.0,-11.13311861865079,False
113,missense,YPD+IAA,0.0,-10.553014782570607,False
113,synonymous,Actinomycin_D+IAA,0.0,-0.2970020452209734,False
113,synonymous,Cobalt_Chloride+IAA,0.0,-0.7726241923539917,False
113,synonymous,Galactose+IAA,0.0,-1.271701577899915,False
113,synonymous,MMS+IAA,0.0,0.03908976385307016,False
113,synonymous,Rapamycin+IAA,0.0,-0.39128899143733165,False
113,synonymous,Sorbitol+IAA,0.0,-0.6861748662646605,False
113,synonymous,YPD,0.0,-10.948111670370773,False
113,synonymous,YPD+IAA,0.0,-1.3506661473020471,False
114,synonymous,Actinomycin_D+IAA,0.0,0.18458595214426934,False
114,synonymous,Cobalt_Chloride+IAA,0.0,0.17556661915348387,False
114,synonymous,Galactose+IAA,0.0,-0.007684319917111628,False
114,synonymous,MMS+IAA,0.0,0.035303403908993405,False
114,synonymous,Rapamycin+IAA,0.0,0.0767772203894413,False
114,synonymous,Sorbitol+IAA,0.0,-0.29993292611970435,False
114,synonymous,YPD,0.0,-11.113527493550725,False
114,synonymous,YPD+IAA,0.0,-1.81503455496126,False
115,missense,Actinomycin_D+IAA,0.0,-3.591324923233885,False
115,missense,Cobalt_Chloride+IAA,0.0,-1.0434799737969322,False
115,missense,Galactose+IAA,0.0,-1.4231030744078417,False
115,missense,MMS+IAA,0.0,0.10985937160300156,False
115,missense,Rapamycin+IAA,0.0,-0.46797496328948024,False
115,missense,Sorbitol+IAA,0.0,-0.7753976756637628,False
115,missense,YPD,0.0,-11.393995704504013,False
115,missense,YPD+IAA,0.0,-5.124315849571845,False
115,synonymous,Actinomycin_D+IAA,0.0,-0.018379620836858707,False
115,synonymous,Cobalt_Chloride+IAA,0.0,0.1100336923244694,False
115,synonymous,Galactose+IAA,0.0,-0.11423887276703355,False
115,synonymous,MMS+IAA,0.0,0.1044794113913265,False
115,synonymous,Rapamycin+IAA,0.0,0.3216945280602523,False
115,synonymous,Sorbitol+IAA,0.0,-0.2373298660663082,False
115,synonymous,YPD,0.0,-11.303523103968212,False
115,synonymous,YPD+IAA,0.0,-2.527126708263736,False
116,missense,Actinomycin_D+IAA,0.0,-0.08008336556175041,False
116,missense,Cobalt_Chloride+IAA,0.0,-0.043065545779296714,False
116,missense,Galactose+IAA,0.0,-0.24594578540285536,False
116,missense,MMS+IAA,0.0,-0.3637205102917564,False
116,missense,Rapamycin+IAA,0.0,0.5340367891862156,False
116,missense,Sorbitol+IAA,0.0,-0.0349821926709618,False
116,missense,YPD,0.0,-12.188829025787292,False
116,missense,YPD+IAA,0.0,-1.4041583321659488,False
116,synonymous,Actinomycin_D+IAA,0.0,0.3647616459569126,False
116,synonymous,Cobalt_Chloride+IAA,0.0,-0.30095514325087247,False
116,synonymous,Galactose+IAA,0.0,-0.0912631822759881,False
116,synonymous,MMS+IAA,0.0,0.10971876536240305,False
116,synonymous,Rapamycin+IAA,0.0,-0.30292819861770043,False
116,synonymous,Sorbitol+IAA,0.0,0.02915101077679498,False
116,synonymous,YPD,0.0,-4.609271609535657,False
116,synonymous,YPD+IAA,0.0,-1.0338461803991248,False
117,missense,Actinomycin_D+IAA,0.0,-6.202880948657688,False
117,missense,Cobalt_Chloride+IAA,0.0,-3.5153186094823945,False
117,missense,Galactose+IAA,0.0,-1.071238074373442,False
117,missense,MMS+IAA,0.0,-5.9581215617807315,False
117,missense,Rapamycin+IAA,0.0,-1.1392542548616833,False
117,missense,Sorbitol+IAA,0.0,-0.025851389762216476,False
117,missense,YPD,0.0,-10.917282372347477,False
117,missense,YPD+IAA,0.0,-4.154294286219084,False
117,synonymous,Actinomycin_D+IAA,0.0,-0.0030926474477176854,False
117,synonymous,Cobalt_Chloride+IAA,0.0,-9.109757206156981,False
117,synonymous,Galactose+IAA,0.0,-3.698801639226123,False
117,synonymous,MMS+IAA,0.0,-1.4929635443150808,False
117,synonymous,Rapamycin+IAA,0.0,-0.3712001278918975,False
117,synonymous,Sorbitol+IAA,0.0,-1.604982350711997,False
117,synonymous,YPD,0.0,-11.494350516778484,False
117,synonymous,YPD+IAA,0.0,-7.484434438137927,False
118,missense,Actinomycin_D+IAA,0.0,-0.11422407694678709,False
118,missense,Cobalt_Chloride+IAA,0.0,-1.2170073216897517,False
118,missense,Galactose+IAA,0.0,-0.5795688467707276,False
118,missense,MMS+IAA,0.0,-0.5803103964707129,False
118,missense,Rapamycin+IAA,0.0,-1.1987910284995065,False
118,missense,Sorbitol+IAA,0.0,-0.2599521077371027,False
118,missense,YPD,0.0,-2.602905215230491,False
118,missense,YPD+IAA,0.0,-1.6215805616604557,False
118,synonymous,Actinomycin_D+IAA,0.0,-2.1417364037351767,False
118,synonymous,Cobalt_Chloride+IAA,0.0,-1.639832332562668,False
118,synonymous,Galactose+IAA,0.0,-3.1415278927780506,False
118,synonymous,MMS+IAA,0.0,-1.3394431092118129,False
118,synonymous,Rapamycin+IAA,0.0,-2.959536989018895,False
118,synonymous,Sorbitol+IAA,0.0,-2.5118302288122973,False
118,synonymous,YPD,0.0,-11.401393623774497,False
118,synonymous,YPD+IAA,0.0,-2.8651964980500018,False
119,missense,Actinomycin_D+IAA,0.0,-1.2500514611531641,False
119,missense,Cobalt_Chloride+IAA,0.0,-0.6372728896521158,False
119,missense,Galactose+IAA,0.0,-0.10081691005076127,False
119,missense,MMS+IAA,0.0,-0.08962758147491323,False
119,missense,Rapamycin+IAA,0.0,-0.41598685343980424,False
119,missense,Sorbitol+IAA,0.0,-0.9064216405742042,False
119,missense,YPD,0.0,-10.828522252586147,False
119,missense,YPD+IAA,0.0,-3.3560773780681576,False
119,synonymous,Actinomycin_D+IAA,0.0,-0.9749294498154323,False
119,synonymous,Cobalt_Chloride+IAA,0.0,-0.19363446083180666,False
119,synonymous,Galactose+IAA,0.0,-0.6301205925170451,False
119,synonymous,MMS+IAA,0.0,-0.46283493723387437,False
119,synonymous,Rapamycin+IAA,0.0,-0.536696181801673,False
119,synonymous,Sorbitol+IAA,0.0,-1.3093695611223735,False
119,synonymous,YPD,0.0,-10.525900357850334,False
119,synonymous,YPD+IAA,0.0,-2.667817916973055,False
120,missense,Actinomycin_D+IAA,0.0,-0.2942620416656769,False
120,missense,Cobalt_Chloride+IAA,0.0,-0.05980634965262668,False
120,missense,Galactose+IAA,0.0,-0.3428947823297062,False
120,missense,MMS+IAA,0.0,-0.1700960441475859,False
120,missense,Rapamycin+IAA,0.0,-0.0937509042562963,False
120,missense,Sorbitol+IAA,0.0,-0.06322808073775384,False
120,missense,YPD,0.0,-11.532373839502355,False
120,missense,YPD+IAA,0.0,-2.739110024910516,False
120,synonymous,Actinomycin_D+IAA,0.0,-0.29439084900934287,False
120,synonymous,Cobalt_Chloride+IAA,0.0,-0.5180603239802727,False
120,synonymous,Galactose+IAA,0.0,-0.5815173535889316,False
120,synonymous,MMS+IAA,0.0,-0.1369084439828052,False
120,synonymous,Rapamycin+IAA,0.0,-0.12338668661717467,False
120,synonymous,Sorbitol+IAA,0.0,-0.23032741699453232,False
120,synonymous,YPD,0.0,-11.449700002095701,False
120,synonymous,YPD+IAA,0.0,-1.106824008830545,False
121,missense,Actinomycin_D+IAA,0.0,-3.358440919825061,False
121,missense,Cobalt_Chloride+IAA,0.0,-2.675497642464969,False
121,missense,Galactose+IAA,0.0,-3.292920979361312,False
121,missense,MMS+IAA,0.0,-1.6095602679674865,False
121,missense,Rapamycin+IAA,0.0,-0.7291114154371899,False
121,missense,Sorbitol+IAA,0.0,-1.326432112104237,False
121,missense,YPD,0.0,-11.356095395267166,False
121,missense,YPD+IAA,0.0,-3.5113706253189694,False
121,synonymous,Actinomycin_D+IAA,0.0,-1.5578166583478048,False
121,synonymous,Cobalt_Chloride+IAA,0.0,-1.0252160584581989,False
121,synonymous,Galactose+IAA,0.0,-1.1924169597944552,False
121,synonymous,MMS+IAA,0.0,-0.18345426978755391,False
121,synonymous,Rapamycin+IAA,0.0,-1.1200469223343896,False
121,synonymous,Sorbitol+IAA,0.0,-1.0236046109560863,False
121,synonymous,YPD,0.0,-10.993166492901931,False
121,synonymous,YPD+IAA,0.0,-7.2675939252734665,False
122,missense,Actinomycin_D+IAA,0.0,-1.849629068161062,False
122,missense,Cobalt_Chloride+IAA,0.0,-2.5706482075479355,False
122,missense,Galactose+IAA,0.0,-2.5005645817077595,False
122,missense,MMS+IAA,0.0,-1.2297867189825344,False
122,missense,Rapamycin+IAA,0.0,-1.8193322978253776,False
122,missense,Sorbitol+IAA,0.0,-1.784229178750779,False
122,missense,YPD,0.0,-11.131408071827714,False
122,missense,YPD+IAA,0.0,-3.6022908739913073,False
122,synonymous,Actinomycin_D+IAA,0.0,-5.308279255619649,False
122,synonymous,Cobalt_Chloride+IAA,0.0,-4.628559587346093,False
122,synonymous,Galactose+IAA,0.0,-3.787790699906459,False
122,synonymous,MMS+IAA,0.0,-4.299423133263094,False
122,synonymous,Rapamycin+IAA,0.0,-3.576475409966139,False
122,synonymous,Sorbitol+IAA,0.0,-3.8120531975763132,False
122,synonymous,YPD,0.0,-11.256516552424673,False
122,synonymous,YPD+IAA,0.0,-10.592108448642866,False
123,missense,Actinomycin_D+IAA,0.0,-0.10234631120334427,False
123,missense,Cobalt_Chloride+IAA,0.0,-1.377122869115354,False
123,missense,Galactose+IAA,0.0,-0.6790057481078197,False
123,missense,MMS+IAA,0.0,-0.18977412281698702,False
123,missense,Rapamycin+IAA,0.0,-0.38585284516403556,False
123,missense,Sorbitol+IAA,0.0,-0.3763640439352153,False
123,missense,YPD,0.0,-10.955863183889665,False
123,missense,YPD+IAA,0.0,-5.237052070179904,False
123,synonymous,Actinomycin_D+IAA,0.0,-1.3275690337778596,False
123,synonymous,Cobalt_Chloride+IAA,0.0,-0.3804353016037028,False
123,synonymous,Galactose+IAA,0.0,-1.3113551728350958,False
123,synonymous,MMS+IAA,0.0,-0.11923404986986741,False
123,synonymous,Rapamycin+IAA,0.0,0.03536663492099025,False
123,synonymous,Sorbitol+IAA,0.0,-0.23521460909171732,False
123,synonymous,YPD,0.0,-11.026197488348148,False
123,synonymous,YPD+IAA,0.0,-3.4456656934284453,False
124,missense,Actinomycin_D+IAA,0.0,-0.10804814956187553,False
124,missense,Cobalt_Chloride+IAA,0.0,-0.32009461987934773,False
124,missense,Galactose+IAA,0.0,-0.3497979761545035,False
124,missense,MMS+IAA,0.0,-0.2029214019306095,False
124,missense,Rapamycin+IAA,0.0,-0.1568617150660714,False
124,missense,Sorbitol+IAA,0.0,-0.5172146589746721,False
124,missense,YPD,0.0,-7.726523088492718,False
124,missense,YPD+IAA,0.0,-2.0583014355401823,False
124,synonymous,Actinomycin_D+IAA,0.0,-0.916356741569344,False
124,synonymous,Cobalt_Chloride+IAA,0.0,-1.203909861746859,False
124,synonymous,Galactose+IAA,0.0,-1.5421942367936923,False
124,synonymous,MMS+IAA,0.0,-0.9596616219385092,False
124,synonymous,Rapamycin+IAA,0.0,0.021683442330707126,False
124,synonymous,Sorbitol+IAA,0.0,-0.704755509687914,False
124,synonymous,YPD,0.0,-11.13862578066741,False
124,synonymous,YPD+IAA,0.0,-2.218476586776264,False
125,missense,Actinomycin_D+IAA,0.0,-0.5303753939865687,False
125,missense,Cobalt_Chloride+IAA,0.0,-0.11274067626376709,False
125,missense,Galactose+IAA,0.0,-0.27682392641242703,False
125,missense,MMS+IAA,0.0,-0.07970325660518342,False
125,missense,Rapamycin+IAA,0.0,-0.16935870743106032,False
125,missense,Sorbitol+IAA,0.0,-0.375458744452631,False
125,missense,YPD,0.0,-9.166457090310757,False
125,missense,YPD+IAA,0.0,-1.6584054732967146,False
125,synonymous,Actinomycin_D+IAA,0.0,-0.3458739044357503,False
125,synonymous,Cobalt_Chloride+IAA,0.0,-0.0839281870175887,False
125,synonymous,Galactose+IAA,0.0,0.12070459810112805,False
125,synonymous,MMS+IAA,0.0,-0.019017854116696292,False
125,synonymous,Rapamycin+IAA,0.0,0.006442005153707639,False
125,synonymous,Sorbitol+IAA,0.0,0.2055741958056845,False
125,synonymous,YPD,0.0,-11.07193101510143,False
125,synonymous,YPD+IAA,0.0,-3.844379974153343,False
126,missense,Actinomycin_D+IAA,0.0,-0.29983553299744614,False
126,missense,Cobalt_Chloride+IAA,0.0,-1.1565661711765642,False
126,missense,Galactose+IAA,0.0,-0.8435446739145718,False
126,missense,MMS+IAA,0.0,-0.8402090615854527,False
126,missense,Rapamycin+IAA,0.0,-0.5362890830027931,False
126,missense,Sorbitol+IAA,0.0,-0.9356063172804158,False
126,missense,YPD,0.0,-11.427016304559055,False
126,missense,YPD+IAA,0.0,-2.272071784631726,False
126,synonymous,Actinomycin_D+IAA,0.0,-0.5384288428019502,False
126,synonymous,Cobalt_Chloride+IAA,0.0,-0.8289702142366752,False
126,synonymous,Galactose+IAA,0.0,-0.6345289386768069,False
126,synonymous,MMS+IAA,0.0,-0.18150861029538934,False
126,synonymous,Rapamycin+IAA,0.0,-0.3224430026912406,False
126,synonymous,Sorbitol+IAA,0.0,-0.4639030066982397,False
126,synonymous,YPD,0.0,-11.386261103478228,False
126,synonymous,YPD+IAA,0.0,-2.6632791528222626,False
127,missense,Actinomycin_D+IAA,0.0,-30.83965222153393,True
127,missense,Cobalt_Chloride+IAA,0.0,-1.9234570084426863,False
127,missense,Galactose+IAA,0.0,-0.7929526861782241,False
127,missense,MMS+IAA,0.0,-6.539568381819673,False
127,missense,Rapamycin+IAA,0.0,-23.985344303844876,True
127,missense,Sorbitol+IAA,0.0,-0.008415409380714105,False
127,missense,YPD,0.0,-10.776844031401497,False
127,missense,YPD+IAA,0.0,-9.09700046350726,False
128,missense,Actinomycin_D+IAA,0.0,-1.0392733021396372,False
128,missense,Cobalt_Chloride+IAA,0.0,-1.2963432490094104,False
128,missense,Galactose+IAA,0.0,-2.0062733075401233,False
128,missense,MMS+IAA,0.0,-1.3239504854118527,False
128,missense,Rapamycin+IAA,0.0,-2.1116369340336725,False
128,missense,Sorbitol+IAA,0.0,-1.6271663830974517,False
128,missense,YPD,0.0,-10.798648757415013,False
128,missense,YPD+IAA,0.0,-4.111228794866351,False
128,synonymous,Actinomycin_D+IAA,0.0,-1.0168948267145257,False
128,synonymous,Cobalt_Chloride+IAA,0.0,-0.49292794506230886,False
128,synonymous,Galactose+IAA,0.0,-1.0838870993156668,False
128,synonymous,MMS+IAA,0.0,-0.2972934235718587,False
128,synonymous,Rapamycin+IAA,0.0,-0.47065088934827215,False
128,synonymous,Sorbitol+IAA,0.0,-0.7399400971668241,False
128,synonymous,YPD,0.0,-7.952805043774651,False
128,synonymous,YPD+IAA,0.0,-3.076910054038967,False
129,missense,Actinomycin_D+IAA,0.0,-0.4694707473749531,False
129,missense,Cobalt_Chloride+IAA,0.0,-0.9887792538825245,False
129,missense,Galactose+IAA,0.0,-0.5699615253115304,False
129,missense,MMS+IAA,0.0,-0.1565015167300806,False
129,missense,Rapamycin+IAA,0.0,-1.0376059494445422,False
129,missense,Sorbitol+IAA,0.0,-0.9256195350661799,False
129,missense,YPD,0.0,-8.534445439945047,False
129,missense,YPD+IAA,0.0,-2.1786380384871977,False
129,synonymous,Actinomycin_D+IAA,0.0,-0.7976190800083641,False
129,synonymous,Cobalt_Chloride+IAA,0.0,-0.3272482193896554,False
129,synonymous,Galactose+IAA,0.0,-0.4338326278359864,False
129,synonymous,MMS+IAA,0.0,-0.24460910521985726,False
129,synonymous,Rapamycin+IAA,0.0,-0.8446732066736972,False
129,synonymous,Sorbitol+IAA,0.0,-0.9772475145671081,False
129,synonymous,YPD,0.0,-9.351721651078844,False
129,synonymous,YPD+IAA,0.0,-2.3717408010038703,False
130,missense,Actinomycin_D+IAA,0.0,-1.8992487063973116,False
130,missense,Cobalt_Chloride+IAA,0.0,-5.151260195317731,False
130,missense,Galactose+IAA,0.0,-2.8207293013010633,False
130,missense,MMS+IAA,0.0,-1.3520207372584572,False
130,missense,Rapamycin+IAA,0.0,-3.0933348675134917,False
130,missense,Sorbitol+IAA,0.0,-2.491866465102987,False
130,missense,YPD,0.0,-11.865516212429183,False
130,missense,YPD+IAA,0.0,-4.514013468493678,False
130,synonymous,Actinomycin_D+IAA,0.0,0.2863045321342652,False
130,synonymous,Cobalt_Chloride+IAA,0.0,0.15045841569441049,False
130,synonymous,Galactose+IAA,0.0,0.3299532307843862,False
130,synonymous,MMS+IAA,0.0,-1.1210429361343779,False
130,synonymous,Rapamycin+IAA,0.0,-0.3204766210620126,False
130,synonymous,Sorbitol+IAA,0.0,-2.5184276476820786,False
130,synonymous,YPD,0.0,-10.924690606944568,False
130,synonymous,YPD+IAA,0.0,-0.4336519066550568,False
131,missense,Actinomycin_D+IAA,0.0,-27.99828006933794,True
131,missense,Cobalt_Chloride+IAA,0.0,-25.44931029207343,True
131,missense,Galactose+IAA,0.0,-29.254926621625202,True
131,missense,MMS+IAA,0.0,-29.007892930801493,True
131,missense,Rapamycin+IAA,0.0,-28.292674880719105,True
131,missense,Sorbitol+IAA,0.0,-29.150970742079735,True
131,missense,YPD,0.0,-10.964005467537088,False
131,missense,YPD+IAA,0.0,-25.515661694902196,True
131,synonymous,Actinomycin_D+IAA,0.0,-0.8294212283321789,False
131,synonymous,Cobalt_Chloride+IAA,0.0,-1.7811254570192745,False
131,synonymous,Galactose+IAA,0.0,-0.8533770408854533,False
131,synonymous,MMS+IAA,0.0,-0.34580298896330125,False
131,synonymous,Rapamycin+IAA,0.0,-0.9932888736794925,False
131,synonymous,Sorbitol+IAA,0.0,-1.2680267572337347,False
131,synonymous,YPD,0.0,-11.913640291507825,False
131,synonymous,YPD+IAA,0.0,-3.820668582925278,False
132,missense,Actinomycin_D+IAA,0.0,-1.0286272965996186,False
132,missense,Cobalt_Chloride+IAA,0.0,-0.6757297404803234,False
132,missense,Galactose+IAA,0.0,-0.06493970399967126,False
132,missense,MMS+IAA,0.0,-1.7617567369431533,False
132,missense,Rapamycin+IAA,0.0,-1.5287966055335358,False
132,missense,Sorbitol+IAA,0.0,-0.8252074607678223,False
132,missense,YPD,0.0,-11.720452367219787,False
132,missense,YPD+IAA,0.0,-2.4503557976020045,False
132,synonymous,Actinomycin_D+IAA,0.0,-0.5875258126400936,False
132,synonymous,Cobalt_Chloride+IAA,0.0,-0.9978729152810301,False
132,synonymous,Galactose+IAA,0.0,-1.6414217396888726,False
132,synonymous,MMS+IAA,0.0,-0.4412846618705911,False
132,synonymous,Rapamycin+IAA,0.0,-0.44879889687087515,False
132,synonymous,Sorbitol+IAA,0.0,-0.8167973460666527,False
132,synonymous,YPD,0.0,-11.401513089491237,False
132,synonymous,YPD+IAA,0.0,-3.794830668590175,False
133,missense,Actinomycin_D+IAA,0.0,-0.8004656342654709,False
133,missense,Cobalt_Chloride+IAA,0.0,-0.06114551196473207,False
133,missense,Galactose+IAA,0.0,-0.308306544524526,False
133,missense,MMS+IAA,0.0,-0.15667675419276506,False
133,missense,Rapamycin+IAA,0.0,-0.39390564119108684,False
133,missense,Sorbitol+IAA,0.0,-0.0014930042077096997,False
133,missense,YPD,0.0,-3.9216794591473056,False
133,missense,YPD+IAA,0.0,-2.3785557124434504,False
133,synonymous,Actinomycin_D+IAA,0.0,-3.700083207847565,False
133,synonymous,Cobalt_Chloride+IAA,0.0,-2.757661915950695,False
133,synonymous,Galactose+IAA,0.0,-1.4143742601359246,False
133,synonymous,MMS+IAA,0.0,-2.799661496489964,False
133,synonymous,Rapamycin+IAA,0.0,-0.8165737443037134,False
133,synonymous,Sorbitol+IAA,0.0,-1.289549875088358,False
133,synonymous,YPD,0.0,-10.824963875498021,False
133,synonymous,YPD+IAA,0.0,-5.675661218889324,False
134,missense,Actinomycin_D+IAA,0.0,-1.6139870851833547,False
134,missense,Cobalt_Chloride+IAA,0.0,-1.5324264539980648,False
134,missense,Galactose+IAA,0.0,-1.2703386893850088,False
134,missense,MMS+IAA,0.0,-0.8782094113195217,False
134,missense,Rapamycin+IAA,0.0,-0.17468471343799336,False
134,missense,Sorbitol+IAA,0.0,-1.735311087880662,False
134,missense,YPD,0.0,-10.62307744928752,False
134,missense,YPD+IAA,0.0,-1.6859206933755244,False
134,synonymous,Actinomycin_D+IAA,0.0,-0.09770289413615275,False
134,synonymous,Cobalt_Chloride+IAA,0.0,-0.525149509573223,False
134,synonymous,Galactose+IAA,0.0,-0.3514170036518254,False
134,synonymous,MMS+IAA,0.0,0.050717021698653664,False
134,synonymous,Rapamycin+IAA,0.0,-0.31679476343767976,False
134,synonymous,Sorbitol+IAA,0.0,-0.009227943229345862,False
134,synonymous,YPD,0.0,-5.853678786646606,False
134,synonymous,YPD+IAA,0.0,-1.7108154896864394,False
135,missense,Actinomycin_D+IAA,0.0,-0.07953012140996532,False
135,missense,Cobalt_Chloride+IAA,0.0,-1.275919999964218,False
135,missense,Galactose+IAA,0.0,-0.5838840767590443,False
135,missense,MMS+IAA,0.0,-0.05643501798112293,False
135,missense,Rapamycin+IAA,0.0,-0.7727203570498028,False
135,missense,Sorbitol+IAA,0.0,-0.4027309147525797,False
135,missense,YPD,0.0,-11.596406663672322,False
135,missense,YPD+IAA,0.0,-2.1378494645336543,False
135,synonymous,Actinomycin_D+IAA,0.0,-0.16824023254161008,False
135,synonymous,Cobalt_Chloride+IAA,0.0,-1.049268318898283,False
135,synonymous,Galactose+IAA,0.0,-0.8255701535954726,False
135,synonymous,MMS+IAA,0.0,-0.17839321293638502,False
135,synonymous,Rapamycin+IAA,0.0,-0.8338867820391612,False
135,synonymous,Sorbitol+IAA,0.0,-2.1219944088817386,False
135,synonymous,YPD,0.0,-11.451717410719798,False
135,synonymous,YPD+IAA,0.0,-3.628552653168198,False
136,missense,Actinomycin_D+IAA,0.0,-2.669707416594333,False
136,missense,Cobalt_Chloride+IAA,0.0,-1.371936107744879,False
136,missense,Galactose+IAA,0.0,-0.2818060822594494,False
136,missense,MMS+IAA,0.0,-1.0688789288094733,False
136,missense,Rapamycin+IAA,0.0,-8.33864610589412,False
136,missense,Sorbitol+IAA,0.0,-0.3662032973483891,False
136,missense,YPD,0.0,-11.943361272649648,False
136,missense,YPD+IAA,0.0,-3.5441302649040223,False
136,synonymous,Actinomycin_D+IAA,0.0,-0.18749341940568615,False
136,synonymous,Cobalt_Chloride+IAA,0.0,1.1174307675640915,False
136,synonymous,Galactose+IAA,0.0,-1.6295872966992972,False
136,synonymous,MMS+IAA,0.0,-0.8426489494687545,False
136,synonymous,Rapamycin+IAA,0.0,0.07274378249504163,False
136,synonymous,Sorbitol+IAA,0.0,-0.16090776545656324,False
136,synonymous,YPD,0.0,-9.915623368881274,False
136,synonymous,YPD+IAA,0.0,-1.041867403146962,False
137,missense,Actinomycin_D+IAA,0.0,-1.6740270173195608,False
137,missense,Cobalt_Chloride+IAA,0.0,-1.6948721204972037,False
137,missense,Galactose+IAA,0.0,-0.5132983995647011,False
137,missense,MMS+IAA,0.0,-0.20176161784495122,False
137,missense,Rapamycin+IAA,0.0,-15.34224727492223,True
137,missense,Sorbitol+IAA,0.0,-1.3959423950094354,False
137,missense,YPD,0.0,-11.50332097349975,False
137,missense,YPD+IAA,0.0,-4.603389155374269,False
137,synonymous,Actinomycin_D+IAA,0.0,0.6080598371610064,False
137,synonymous,Cobalt_Chloride+IAA,0.0,-0.9950282632072227,False
137,synonymous,Galactose+IAA,0.0,-0.13023486843572413,False
137,synonymous,MMS+IAA,0.0,0.06862489286093798,False
137,synonymous,Rapamycin+IAA,0.0,-0.886752565854466,False
137,synonymous,Sorbitol+IAA,0.0,-0.382290032676237,False
137,synonymous,YPD,0.0,-11.195481006524894,False
137,synonymous,YPD+IAA,0.0,-1.4029727298655914,False
138,missense,Actinomycin_D+IAA,0.0,-0.8257616812585391,False
138,missense,Cobalt_Chloride+IAA,0.0,-0.5364709036519542,False
138,missense,Galactose+IAA,0.0,-0.622943987597359,False
138,missense,MMS+IAA,0.0,-0.22134499196990468,False
138,missense,Rapamycin+IAA,0.0,-0.4524845155784653,False
138,missense,Sorbitol+IAA,0.0,-0.2363003765221739,False
138,missense,YPD,0.0,-11.69103968716686,False
138,missense,YPD+IAA,0.0,-1.5190407643941706,False
138,synonymous,Actinomycin_D+IAA,0.0,-0.3440869071740587,False
138,synonymous,Cobalt_Chloride+IAA,0.0,-4.255774494031596,False
138,synonymous,Galactose+IAA,0.0,-0.07445206070825992,False
138,synonymous,MMS+IAA,0.0,-5.087052549314665,False
138,synonymous,Rapamycin+IAA,0.0,-4.086113875554622,False
138,synonymous,Sorbitol+IAA,0.0,-7.030554919116672,False
138,synonymous,YPD,0.0,-12.429687234602069,False
138,synonymous,YPD+IAA,0.0,-9.422143912097663,False
139,missense,Actinomycin_D+IAA,0.0,0.2770355702503259,False
139,missense,Cobalt_Chloride+IAA,0.0,-0.16740196574706553,False
139,missense,Galactose+IAA,0.0,-0.28821279455627424,False
139,missense,MMS+IAA,0.0,-0.8627740152645844,False
139,missense,Rapamycin+IAA,0.0,-11.578804590177135,False
139,missense,Sorbitol+IAA,0.0,-0.21254444633368877,False
139,missense,YPD,0.0,-11.397331835869554,False
139,missense,YPD+IAA,0.0,-0.7614705950187243,False
139,synonymous,Actinomycin_D+IAA,0.0,-0.9053778933192268,False
139,synonymous,Cobalt_Chloride+IAA,0.0,-0.6776518018432641,False
139,synonymous,Galactose+IAA,0.0,-0.6438623911924033,False
139,synonymous,MMS+IAA,0.0,-0.26171663595611366,False
139,synonymous,Rapamycin+IAA,0.0,-0.19070196846852863,False
139,synonymous,Sorbitol+IAA,0.0,-0.5532787184219067,False
139,synonymous,YPD,0.0,-11.740492894843731,False
139,synonymous,YPD+IAA,0.0,-1.7772351987577648,False
140,missense,Actinomycin_D+IAA,0.0,-0.1274301596544457,False
140,missense,Cobalt_Chloride+IAA,0.0,-0.03224242775242287,False
140,missense,Galactose+IAA,0.0,0.03168430273533926,False
140,missense,MMS+IAA,0.0,-0.05807672623873583,False
140,missense,Rapamycin+IAA,0.0,-0.14082569533210873,False
140,missense,Sorbitol+IAA,0.0,-0.683338622272541,False
140,missense,YPD,0.0,-11.317306356853408,False
140,missense,YPD+IAA,0.0,-3.9862963120596366,False
140,synonymous,Actinomycin_D+IAA,0.0,-0.6226059784816482,False
140,synonymous,Cobalt_Chloride+IAA,0.0,-4.262195286694734,False
140,synonymous,Galactose+IAA,0.0,-1.8390979146137496,False
140,synonymous,MMS+IAA,0.0,-0.09102392548458414,False
140,synonymous,Rapamycin+IAA,0.0,-4.7289937329170275,False
140,synonymous,Sorbitol+IAA,0.0,-1.457008855328381,False
140,synonymous,YPD,0.0,-10.868007560617471,False
140,synonymous,YPD+IAA,0.0,-4.978881298636013,False
141,missense,Actinomycin_D+IAA,0.0,-0.3121577029955839,False
141,missense,Cobalt_Chloride+IAA,0.0,-0.6912571667528051,False
141,missense,Galactose+IAA,0.0,-0.4756367791183364,False
141,missense,MMS+IAA,0.0,-0.11086064452198147,False
141,missense,Rapamycin+IAA,0.0,-0.23493221215344157,False
141,missense,Sorbitol+IAA,0.0,-0.21309446214088193,False
141,missense,YPD,0.0,-9.507773438147748,False
141,missense,YPD+IAA,0.0,-3.2388119089258525,False
141,synonymous,Actinomycin_D+IAA,0.0,-1.615161729222427,False
141,synonymous,Cobalt_Chloride+IAA,0.0,-1.3831043617350252,False
141,synonymous,Galactose+IAA,0.0,-2.0995154810467245,False
141,synonymous,MMS+IAA,0.0,-0.48264632828569887,False
141,synonymous,Rapamycin+IAA,0.0,-0.9216503962623391,False
141,synonymous,Sorbitol+IAA,0.0,-1.6448179331556,False
141,synonymous,YPD,0.0,-8.427875768301648,False
141,synonymous,YPD+IAA,0.0,-5.01527518977808,False
142,missense,Actinomycin_D+IAA,0.0,0.6787561831708563,False
142,missense,Cobalt_Chloride+IAA,0.0,-0.46555140942272916,False
142,missense,Galactose+IAA,0.0,-0.5474794365718527,False
142,missense,MMS+IAA,0.0,-0.39797645898317097,False
142,missense,Rapamycin+IAA,0.0,-0.9536574802746162,False
142,missense,Sorbitol+IAA,0.0,-0.0008922940758469504,False
142,missense,YPD,0.0,-7.567893535885419,False
142,missense,YPD+IAA,0.0,-2.322906762958332,False
142,synonymous,Actinomycin_D+IAA,0.0,-0.3470987490389019,False
142,synonymous,Cobalt_Chloride+IAA,0.0,-0.8267941199210175,False
142,synonymous,Galactose+IAA,0.0,-0.35575298149562323,False
142,synonymous,MMS+IAA,0.0,-0.139271692517059,False
142,synonymous,Rapamycin+IAA,0.0,-0.4431705011869222,False
142,synonymous,Sorbitol+IAA,0.0,-0.5586771620308222,False
142,synonymous,YPD,0.0,-11.316990908977942,False
142,synonymous,YPD+IAA,0.0,-1.910213790255247,False
143,missense,Actinomycin_D+IAA,0.0,-1.875682005343578,False
143,missense,Cobalt_Chloride+IAA,0.0,-1.5893553015133246,False
143,missense,Galactose+IAA,0.0,-1.3554938916619006,False
143,missense,MMS+IAA,0.0,-1.5203209925795038,False
143,missense,Rapamycin+IAA,0.0,-0.4519881816949518,False
143,missense,Sorbitol+IAA,0.0,-0.5321190980319322,False
143,missense,YPD,0.0,-8.665991139411314,False
143,missense,YPD+IAA,0.0,-4.007458834918394,False
143,synonymous,Actinomycin_D+IAA,0.0,-2.3046523041104745,False
143,synonymous,Cobalt_Chloride+IAA,0.0,-0.517884031491464,False
143,synonymous,Galactose+IAA,0.0,-0.20234778753747604,False
143,synonymous,MMS+IAA,0.0,-0.9088355687485554,False
143,synonymous,Rapamycin+IAA,0.0,0.014058718796514075,False
143,synonymous,Sorbitol+IAA,0.0,-0.4921604169980918,False
143,synonymous,YPD,0.0,-11.32320942596982,False
143,synonymous,YPD+IAA,0.0,-2.7172517540973926,False
144,missense,Actinomycin_D+IAA,0.0,-1.0454853066524432,False
144,missense,Cobalt_Chloride+IAA,0.0,-1.1421596576625201,False
144,missense,Galactose+IAA,0.0,-0.7722516658905277,False
144,missense,MMS+IAA,0.0,-0.5650236211460375,False
144,missense,Rapamycin+IAA,0.0,-0.5606096578387461,False
144,missense,Sorbitol+IAA,0.0,-1.2688800509455997,False
144,missense,YPD,0.0,-11.30010512643434,False
144,missense,YPD+IAA,0.0,-2.223719788536844,False
144,synonymous,Actinomycin_D+IAA,0.0,-0.6379227949543793,False
144,synonymous,Cobalt_Chloride+IAA,0.0,-0.5588311590348484,False
144,synonymous,Galactose+IAA,0.0,-0.2716272583062643,False
144,synonymous,MMS+IAA,0.0,-0.8688061713341422,False
144,synonymous,Rapamycin+IAA,0.0,-0.6155433596875902,False
144,synonymous,Sorbitol+IAA,0.0,-0.5322529696256194,False
144,synonymous,YPD,0.0,-11.473726888355804,False
144,synonymous,YPD+IAA,0.0,-2.634124292355521,False
145,missense,Actinomycin_D+IAA,0.0,-0.356392860850255,False
145,missense,Cobalt_Chloride+IAA,0.0,-0.35542155312904283,False
145,missense,Galactose+IAA,0.0,0.001585574009401641,False
145,missense,MMS+IAA,0.0,-0.03981650084519565,False
145,missense,Rapamycin+IAA,0.0,-0.7271334355862978,False
145,missense,Sorbitol+IAA,0.0,-0.09518644688664113,False
145,missense,YPD,0.0,-10.698552170963364,False
145,missense,YPD+IAA,0.0,-1.4937110708711754,False
145,synonymous,Actinomycin_D+IAA,0.0,-0.8512446028725025,False
145,synonymous,Cobalt_Chloride+IAA,0.0,-0.3406615484807131,False
145,synonymous,Galactose+IAA,0.0,-0.21071144717949802,False
145,synonymous,MMS+IAA,0.0,-1.0936183898161576,False
145,synonymous,Rapamycin+IAA,0.0,-1.519308495463833,False
145,synonymous,Sorbitol+IAA,0.0,-0.404201408620744,False
145,synonymous,YPD,0.0,-11.122694932707638,False
145,synonymous,YPD+IAA,0.0,-3.457199096151513,False
146,missense,Actinomycin_D+IAA,0.0,-0.9533732565244374,False
146,missense,Cobalt_Chloride+IAA,0.0,-0.579500315830989,False
146,missense,Galactose+IAA,0.0,-0.22529544326016632,False
146,missense,MMS+IAA,0.0,-0.48378679713872774,False
146,missense,Rapamycin+IAA,0.0,-1.731140288001954,False
146,missense,Sorbitol+IAA,0.0,-0.44165221983437153,False
146,missense,YPD,0.0,-11.50389079473538,False
146,missense,YPD+IAA,0.0,-2.7641624541974217,False
146,synonymous,Actinomycin_D+IAA,0.0,-0.299424223258311,False
146,synonymous,Cobalt_Chloride+IAA,0.0,-1.8385132845280008,False
146,synonymous,Galactose+IAA,0.0,-0.8137755177781298,False
146,synonymous,MMS+IAA,0.0,-0.27050499750036633,False
146,synonymous,Rapamycin+IAA,0.0,-0.4146827076932686,False
146,synonymous,Sorbitol+IAA,0.0,-1.2202062742709212,False
146,synonymous,YPD,0.0,-11.470267194689496,False
146,synonymous,YPD+IAA,0.0,-2.3457191447257357,False
147,missense,Actinomycin_D+IAA,0.0,-0.22985783142513666,False
147,missense,Cobalt_Chloride+IAA,0.0,-0.44820816148156856,False
147,missense,Galactose+IAA,0.0,-0.16508372387634315,False
147,missense,MMS+IAA,0.0,-0.06200593885758924,False
147,missense,Rapamycin+IAA,0.0,-0.16708170363373048,False
147,missense,Sorbitol+IAA,0.0,-0.33757662525312887,False
147,missense,YPD,0.0,-10.1974665404418,False
147,missense,YPD+IAA,0.0,-1.7079909684497159,False
147,synonymous,Actinomycin_D+IAA,0.0,-0.03989687410518406,False
147,synonymous,Cobalt_Chloride+IAA,0.0,-0.18343918848839122,False
147,synonymous,Galactose+IAA,0.0,-0.40133528135115215,False
147,synonymous,MMS+IAA,0.0,0.2477093497244738,False
147,synonymous,Rapamycin+IAA,0.0,-1.0932601653507557,False
147,synonymous,Sorbitol+IAA,0.0,0.19948722385017587,False
147,synonymous,YPD,0.0,-11.676598770937971,False
147,synonymous,YPD+IAA,0.0,-1.1352753969186524,False
148,missense,Actinomycin_D+IAA,0.0,-0.2927887014547403,False
148,missense,Cobalt_Chloride+IAA,0.0,-2.0902413568885754,False
148,missense,Galactose+IAA,0.0,-0.9502053544227809,False
148,missense,MMS+IAA,0.0,-0.2663495694087853,False
148,missense,Rapamycin+IAA,0.0,-2.680386094658276,False
148,missense,Sorbitol+IAA,0.0,-0.08758961319414071,False
148,missense,YPD,0.0,-11.007952732757765,False
148,missense,YPD+IAA,0.0,-2.49107579117634,False
148,synonymous,Actinomycin_D+IAA,0.0,-0.4982044554471976,False
148,synonymous,Cobalt_Chloride+IAA,0.0,-1.1459435214148657,False
148,synonymous,Galactose+IAA,0.0,-0.4152026552660552,False
148,synonymous,MMS+IAA,0.0,-0.34581215385760566,False
148,synonymous,Rapamycin+IAA,0.0,-0.4484381729082945,False
148,synonymous,Sorbitol+IAA,0.0,-0.4542860842397661,False
148,synonymous,YPD,0.0,-11.64645224779377,False
148,synonymous,YPD+IAA,0.0,-3.2574732972201628,False
149,missense,Actinomycin_D+IAA,0.0,-4.446924646469558,False
149,missense,Cobalt_Chloride+IAA,0.0,-3.4421260011461996,False
149,missense,Galactose+IAA,0.0,-3.642904189718697,False
149,missense,MMS+IAA,0.0,-2.4557550838085636,False
149,missense,Rapamycin+IAA,0.0,-1.5881539748896858,False
149,missense,Sorbitol+IAA,0.0,-1.4053988856069475,False
149,missense,YPD,0.0,-11.13993540702951,False
149,missense,YPD+IAA,0.0,-9.41450476413379,False
149,synonymous,Actinomycin_D+IAA,0.0,-0.3226706076766113,False
149,synonymous,Cobalt_Chloride+IAA,0.0,-0.24236484503168193,False
149,synonymous,Galactose+IAA,0.0,-0.4791479560256176,False
149,synonymous,MMS+IAA,0.0,0.07282404125453287,False
149,synonymous,Rapamycin+IAA,0.0,-0.46624576215796787,False
149,synonymous,Sorbitol+IAA,0.0,-0.33103930485042976,False
149,synonymous,YPD,0.0,-10.289317397653257,False
149,synonymous,YPD+IAA,0.0,-1.9007276205789114,False
150,missense,Actinomycin_D+IAA,0.0,-0.872630651150635,False
150,missense,Cobalt_Chloride+IAA,0.0,-0.5478549448094996,False
150,missense,Galactose+IAA,0.0,-1.013933400267062,False
150,missense,MMS+IAA,0.0,-0.5602424201356137,False
150,missense,Rapamycin+IAA,0.0,-0.4850856073428013,False
150,missense,Sorbitol+IAA,0.0,-0.4235694192429124,False
150,missense,YPD,0.0,-11.109975960499717,False
150,missense,YPD+IAA,0.0,-2.612615975647234,False
150,synonymous,Actinomycin_D+IAA,0.0,-3.560059646690047,False
150,synonymous,Cobalt_Chloride+IAA,0.0,-0.4904541658853078,False
150,synonymous,Galactose+IAA,0.0,-4.85952939330372,False
150,synonymous,MMS+IAA,0.0,-3.3057992215360956,False
150,synonymous,Rapamycin+IAA,0.0,0.32641266129861135,False
150,synonymous,Sorbitol+IAA,0.0,-0.5137699941868833,False
150,synonymous,YPD,0.0,-12.382020512199398,False
150,synonymous,YPD+IAA,0.0,-2.9399873808829735,False
151,missense,Actinomycin_D+IAA,0.0,-0.3198235487154794,False
151,missense,Cobalt_Chloride+IAA,0.0,-0.8572114506716146,False
151,missense,Galactose+IAA,0.0,-0.7926204673167228,False
151,missense,MMS+IAA,0.0,-0.16593916177561943,False
151,missense,Rapamycin+IAA,0.0,-1.6618870650440039,False
151,missense,Sorbitol+IAA,0.0,-0.25902522135120254,False
151,missense,YPD,0.0,-11.86717403875532,False
151,missense,YPD+IAA,0.0,-2.465188822740622,False
151,synonymous,Actinomycin_D+IAA,0.0,-1.0105898202848913,False
151,synonymous,Cobalt_Chloride+IAA,0.0,0.11577796078673856,False
151,synonymous,Galactose+IAA,0.0,-0.5958195106963173,False
151,synonymous,MMS+IAA,0.0,-0.423536653621458,False
151,synonymous,Rapamycin+IAA,0.0,-0.5213853093243181,False
151,synonymous,Sorbitol+IAA,0.0,-0.3454151605970491,False
151,synonymous,YPD,0.0,-11.085698415729883,False
151,synonymous,YPD+IAA,0.0,-0.9145042920797195,False
152,missense,Actinomycin_D+IAA,0.0,-0.4255790586407672,False
152,missense,Cobalt_Chloride+IAA,0.0,-0.47523207463558753,False
152,missense,Galactose+IAA,0.0,-0.6819181700097063,False
152,missense,MMS+IAA,0.0,-0.3737507806376019,False
152,missense,Rapamycin+IAA,0.0,-0.8210982806810458,False
152,missense,Sorbitol+IAA,0.0,-1.190756030629668,False
152,missense,YPD,0.0,-11.157119798820228,False
152,missense,YPD+IAA,0.0,-4.5754283054953575,False
152,synonymous,Actinomycin_D+IAA,0.0,-4.113292482983761,False
152,synonymous,Cobalt_Chloride+IAA,0.0,-5.042260973763837,False
152,synonymous,Galactose+IAA,0.0,-3.4855918430137387,False
152,synonymous,MMS+IAA,0.0,-1.5558240970686315,False
152,synonymous,Rapamycin+IAA,0.0,-1.499044107024694,False
152,synonymous,Sorbitol+IAA,0.0,-1.3187777199496629,False
152,synonymous,YPD,0.0,-10.853971385370052,False
152,synonymous,YPD+IAA,0.0,-12.901890145946608,False
153,missense,Actinomycin_D+IAA,0.0,-2.623568552395376,False
153,missense,Cobalt_Chloride+IAA,0.0,-2.192424148005377,False
153,missense,Galactose+IAA,0.0,-0.2856094001248435,False
153,missense,MMS+IAA,0.0,-2.6803622109735077,False
153,missense,Rapamycin+IAA,0.0,-0.35427229255274906,False
153,missense,Sorbitol+IAA,0.0,-1.0910537248958627,False
153,missense,YPD,0.0,-13.15313344950757,False
153,missense,YPD+IAA,0.0,-1.8768850752288766,False
153,synonymous,Actinomycin_D+IAA,0.0,-1.9280988418038174,False
153,synonymous,Cobalt_Chloride+IAA,0.0,-2.026400196573358,False
153,synonymous,Galactose+IAA,0.0,-1.0331735903030614,False
153,synonymous,MMS+IAA,0.0,-0.3062829422911801,False
153,synonymous,Rapamycin+IAA,0.0,-0.627327532765142,False
153,synonymous,Sorbitol+IAA,0.0,-1.5492903908650124,False
153,synonymous,YPD,0.0,-10.378937972510963,False
153,synonymous,YPD+IAA,0.0,-3.9129305440421347,False
154,missense,Actinomycin_D+IAA,0.0,-3.729958793197966,False
154,missense,Cobalt_Chloride+IAA,0.0,-1.5869826324225007,False
154,missense,Galactose+IAA,0.0,-0.22013146902719638,False
154,missense,MMS+IAA,0.0,0.19823964252309942,False
154,missense,Rapamycin+IAA,0.0,0.21969348507444567,False
154,missense,Sorbitol+IAA,0.0,0.020530489694269995,False
154,missense,YPD,0.0,-11.289404276356034,False
154,missense,YPD+IAA,0.0,-5.872954543011947,False
154,synonymous,Actinomycin_D+IAA,0.0,-0.8771445440626047,False
154,synonymous,Cobalt_Chloride+IAA,0.0,0.3154780969201702,False
154,synonymous,Galactose+IAA,0.0,0.21329115123572487,False
154,synonymous,MMS+IAA,0.0,-0.3639046919983424,False
154,synonymous,Rapamycin+IAA,0.0,0.09543470501071123,False
154,synonymous,Sorbitol+IAA,0.0,-0.4359630473745188,False
154,synonymous,YPD,0.0,-11.232930548959486,False
154,synonymous,YPD+IAA,0.0,-5.537412878553933,False
155,missense,Actinomycin_D+IAA,0.0,-0.3043125392799696,False
155,missense,Cobalt_Chloride+IAA,0.0,-0.44158489474227985,False
155,missense,Galactose+IAA,0.0,-0.45159320307883033,False
155,missense,MMS+IAA,0.0,-0.38146364816475536,False
155,missense,Rapamycin+IAA,0.0,-0.11692037854144047,False
155,missense,Sorbitol+IAA,0.0,-0.2986276078518066,False
155,missense,YPD,0.0,-11.488238518937326,False
155,missense,YPD+IAA,0.0,-1.7938559306913489,False
155,synonymous,Actinomycin_D+IAA,0.0,0.33558826232268496,False
155,synonymous,Cobalt_Chloride+IAA,0.0,-0.960697031897031,False
155,synonymous,Galactose+IAA,0.0,0.1765690401951165,False
155,synonymous,MMS+IAA,0.0,-0.7238331777381978,False
155,synonymous,Rapamycin+IAA,0.0,-1.4452359327316118,False
155,synonymous,Sorbitol+IAA,0.0,0.10879704726284462,False
155,synonymous,YPD,0.0,-11.498371199624195,False
155,synonymous,YPD+IAA,0.0,-1.941716081359692,False
156,missense,Actinomycin_D+IAA,0.0,-0.21280358184244913,False
156,missense,Cobalt_Chloride+IAA,0.0,-0.6996655585893282,False
156,missense,Galactose+IAA,0.0,-1.7978752664047808,False
156,missense,MMS+IAA,0.0,0.0021504555023966606,False
156,missense,Rapamycin+IAA,0.0,0.026186399962226586,False
156,missense,Sorbitol+IAA,0.0,-0.5037797716943594,False
156,missense,YPD,0.0,-11.017371765801597,False
156,missense,YPD+IAA,0.0,-2.908843434501424,False
156,synonymous,Actinomycin_D+IAA,0.0,-0.4024907279927538,False
156,synonymous,Cobalt_Chloride+IAA,0.0,-1.741293250077863,False
156,synonymous,Galactose+IAA,0.0,-0.7080088945324117,False
156,synonymous,MMS+IAA,0.0,-0.21697926170011242,False
156,synonymous,Rapamycin+IAA,0.0,-0.35128116845436624,False
156,synonymous,Sorbitol+IAA,0.0,-0.44214372043160016,False
156,synonymous,YPD,0.0,-11.788047055244903,False
156,synonymous,YPD+IAA,0.0,-2.2314553761623794,False
157,missense,Actinomycin_D+IAA,0.0,-1.1146703846294244,False
157,missense,Cobalt_Chloride+IAA,0.0,-0.21477007309410745,False
157,missense,Galactose+IAA,0.0,-1.0500412327490876,False
157,missense,MMS+IAA,0.0,-1.0207335558395196,False
157,missense,Rapamycin+IAA,0.0,-0.33582853814408553,False
157,missense,Sorbitol+IAA,0.0,-0.7451875280469074,False
157,missense,YPD,0.0,-11.122298317066365,False
157,missense,YPD+IAA,0.0,-1.2552588196190564,False
157,synonymous,Actinomycin_D+IAA,0.0,-4.783300775460408,False
157,synonymous,Cobalt_Chloride+IAA,0.0,-1.370833237298297,False
157,synonymous,Galactose+IAA,0.0,-2.9842487921446788,False
157,synonymous,MMS+IAA,0.0,-2.2395253238461152,False
157,synonymous,Rapamycin+IAA,0.0,-0.03673297644838229,False
157,synonymous,Sorbitol+IAA,0.0,-3.4264820880114177,False
157,synonymous,YPD,0.0,-10.437920750820778,False
157,synonymous,YPD+IAA,0.0,-6.8075721033189,False
158,missense,Actinomycin_D+IAA,0.0,-0.18896782131697726,False
158,missense,Cobalt_Chloride+IAA,0.0,-0.40825342876378745,False
158,missense,Galactose+IAA,0.0,-0.1258211709275455,False
158,missense,MMS+IAA,0.0,-0.12682587643776036,False
158,missense,Rapamycin+IAA,0.0,-0.28535768700617603,False
158,missense,Sorbitol+IAA,0.0,-0.4927643438526083,False
158,missense,YPD,0.0,-5.034562778924002,False
158,missense,YPD+IAA,0.0,-2.356955488456989,False
158,synonymous,Actinomycin_D+IAA,0.0,-1.1205267047704157,False
158,synonymous,Cobalt_Chloride+IAA,0.0,-0.5103330929372195,False
158,synonymous,Galactose+IAA,0.0,-0.8349169884179106,False
158,synonymous,MMS+IAA,0.0,-0.2922345385313777,False
158,synonymous,Rapamycin+IAA,0.0,0.32558382069402425,False
158,synonymous,Sorbitol+IAA,0.0,-0.5442142131616666,False
158,synonymous,YPD,0.0,-11.403986781972762,False
158,synonymous,YPD+IAA,0.0,-1.5159504093872365,False
159,missense,Actinomycin_D+IAA,0.0,0.0823954735027962,False
159,missense,Cobalt_Chloride+IAA,0.0,0.09459045581214179,False
159,missense,Galactose+IAA,0.0,-0.0446595637114712,False
159,missense,MMS+IAA,0.0,0.16991628342858275,False
159,missense,Rapamycin+IAA,0.0,-0.2338088332084766,False
159,missense,Sorbitol+IAA,0.0,0.03733412504670401,False
159,missense,YPD,0.0,-7.399372908242192,False
159,missense,YPD+IAA,0.0,-1.592980851026982,False
159,synonymous,Actinomycin_D+IAA,0.0,-0.47902214764938195,False
159,synonymous,Cobalt_Chloride+IAA,0.0,-0.5801673835824479,False
159,synonymous,Galactose+IAA,0.0,-1.5909671659244407,False
159,synonymous,MMS+IAA,0.0,0.041011231423519305,False
159,synonymous,Rapamycin+IAA,0.0,0.14673459094869262,False
159,synonymous,Sorbitol+IAA,0.0,0.13460346206504833,False
159,synonymous,YPD,0.0,-11.360687697040573,False
159,synonymous,YPD+IAA,0.0,-2.164314799702047,False
160,missense,Actinomycin_D+IAA,0.0,-0.2443343728949832,False
160,missense,Cobalt_Chloride+IAA,0.0,-0.6239017051342414,False
160,missense,Galactose+IAA,0.0,-0.9723239426999427,False
160,missense,MMS+IAA,0.0,0.1602767995927856,False
160,missense,Rapamycin+IAA,0.0,-1.3666570534904836,False
160,missense,Sorbitol+IAA,0.0,-0.48484020426680075,False
160,missense,YPD,0.0,-11.400599457816908,False
160,missense,YPD+IAA,0.0,-1.30004682598614,False
160,synonymous,Actinomycin_D+IAA,0.0,-0.7728856022419389,False
160,synonymous,Cobalt_Chloride+IAA,0.0,-1.3010258592323183,False
160,synonymous,Galactose+IAA,0.0,-0.6192876857368701,False
160,synonymous,MMS+IAA,0.0,-0.15662843078641078,False
160,synonymous,Rapamycin+IAA,0.0,-1.2075248723927732,False
160,synonymous,Sorbitol+IAA,0.0,-0.03486589907283528,False
160,synonymous,YPD,0.0,-11.240719637748054,False
160,synonymous,YPD+IAA,0.0,-6.2687602192456575,False
161,missense,Actinomycin_D+IAA,0.0,-0.6168143031672141,False
161,missense,Cobalt_Chloride+IAA,0.0,-0.7152931221483533,False
161,missense,Galactose+IAA,0.0,-0.6847189461385041,False
161,missense,MMS+IAA,0.0,-0.07273532340861494,False
161,missense,Rapamycin+IAA,0.0,-0.20204264268532487,False
161,missense,Sorbitol+IAA,0.0,-0.6770282017943453,False
161,missense,YPD,0.0,-6.269147507447376,False
161,missense,YPD+IAA,0.0,-1.6183082452375348,False
161,synonymous,Actinomycin_D+IAA,0.0,-3.614637553644774,False
161,synonymous,Cobalt_Chloride+IAA,0.0,-4.267609042786583,False
161,synonymous,Galactose+IAA,0.0,-3.2433742989539964,False
161,synonymous,MMS+IAA,0.0,-0.08068561194071468,False
161,synonymous,Rapamycin+IAA,0.0,-1.3988527439819052,False
161,synonymous,Sorbitol+IAA,0.0,-1.8651411675254883,False
161,synonymous,YPD,0.0,-11.934346248654698,False
161,synonymous,YPD+IAA,0.0,-7.515439085766672,False
162,missense,Actinomycin_D+IAA,0.0,-0.3164398992250039,False
162,missense,Cobalt_Chloride+IAA,0.0,-1.0051295824822042,False
162,missense,Galactose+IAA,0.0,-0.4774783587878348,False
162,missense,MMS+IAA,0.0,-0.5307853637149608,False
162,missense,Rapamycin+IAA,0.0,-1.0671626377328418,False
162,missense,Sorbitol+IAA,0.0,-1.0160796942824522,False
162,missense,YPD,0.0,-9.645679906599094,False
162,missense,YPD+IAA,0.0,-1.6181239597590686,False
162,synonymous,Actinomycin_D+IAA,0.0,-0.6609078466066449,False
162,synonymous,Cobalt_Chloride+IAA,0.0,-0.6574923297499564,False
162,synonymous,Galactose+IAA,0.0,-1.4192914834213461,False
162,synonymous,MMS+IAA,0.0,-0.3952526529001112,False
162,synonymous,Rapamycin+IAA,0.0,-0.3376751611606049,False
162,synonymous,Sorbitol+IAA,0.0,0.0701605521962479,False
162,synonymous,YPD,0.0,-11.240510467353943,False
162,synonymous,YPD+IAA,0.0,-2.5711860573413574,False
163,missense,Actinomycin_D+IAA,0.0,-1.14287811640314,False
163,missense,Cobalt_Chloride+IAA,0.0,-0.3921823092972428,False
163,missense,Galactose+IAA,0.0,-0.30523638027721084,False
163,missense,MMS+IAA,0.0,-0.2809276478560476,False
163,missense,Rapamycin+IAA,0.0,-0.02066400523313083,False
163,missense,Sorbitol+IAA,0.0,-0.8365307120997629,False
163,missense,YPD,0.0,-6.273574965307798,False
163,missense,YPD+IAA,0.0,-1.9128872347581833,False
163,synonymous,Actinomycin_D+IAA,0.0,0.38555522462886777,False
163,synonymous,Cobalt_Chloride+IAA,0.0,-1.2549157457082543,False
163,synonymous,Galactose+IAA,0.0,-0.8319279805026704,False
163,synonymous,MMS+IAA,0.0,0.04284872224581839,False
163,synonymous,Rapamycin+IAA,0.0,-1.012319635073287,False
163,synonymous,Sorbitol+IAA,0.0,-0.29511668060464497,False
163,synonymous,YPD,0.0,-11.340127289086212,False
163,synonymous,YPD+IAA,0.0,-1.610449247545814,False
164,missense,Actinomycin_D+IAA,0.0,-1.8578596545249764,False
164,missense,Cobalt_Chloride+IAA,0.0,-1.7292811894503883,False
164,missense,Galactose+IAA,0.0,-1.593666046953653,False
164,missense,MMS+IAA,0.0,-0.9447591219749188,False
164,missense,Rapamycin+IAA,0.0,-0.18269146575182285,False
164,missense,Sorbitol+IAA,0.0,-0.6605828485906723,False
164,missense,YPD,0.0,-11.96111886745707,False
164,missense,YPD+IAA,0.0,-2.40758106387583,False
165,missense,Actinomycin_D+IAA,0.0,-0.19332575382097617,False
165,missense,Cobalt_Chloride+IAA,0.0,0.07812633203422084,False
165,missense,Galactose+IAA,0.0,0.027456638313481465,False
165,missense,MMS+IAA,0.0,-0.21278858351538718,False
165,missense,Rapamycin+IAA,0.0,0.18418905963547902,False
165,missense,Sorbitol+IAA,0.0,-0.7614076941834633,False
165,missense,YPD,0.0,-11.403879728793768,False
165,missense,YPD+IAA,0.0,-0.8616034458845491,False
165,synonymous,Actinomycin_D+IAA,0.0,-0.3573013911886756,False
165,synonymous,Cobalt_Chloride+IAA,0.0,0.237880035880705,False
165,synonymous,Galactose+IAA,0.0,-0.06709049954594284,False
165,synonymous,MMS+IAA,0.0,-0.15863448799822344,False
165,synonymous,Rapamycin+IAA,0.0,0.3913498930085934,False
165,synonymous,Sorbitol+IAA,0.0,-0.21264442449625576,False
165,synonymous,YPD,0.0,-11.781475936870121,False
165,synonymous,YPD+IAA,0.0,-0.9535438040789267,False
166,missense,Actinomycin_D+IAA,0.0,-2.1530945322126973,False
166,missense,Cobalt_Chloride+IAA,0.0,-1.3281646863913232,False
166,missense,Galactose+IAA,0.0,-2.582953793446721,False
166,missense,MMS+IAA,0.0,-1.5270016805819009,False
166,missense,Rapamycin+IAA,0.0,-1.4359857659654789,False
166,missense,Sorbitol+IAA,0.0,-2.284170234912464,False
166,missense,YPD,0.0,-10.610478143073204,False
166,missense,YPD+IAA,0.0,-3.3265057390147623,False
166,synonymous,Actinomycin_D+IAA,0.0,-0.2040805807302123,False
166,synonymous,Cobalt_Chloride+IAA,0.0,-0.5301333785122647,False
166,synonymous,Galactose+IAA,0.0,-0.9857183766658714,False
166,synonymous,MMS+IAA,0.0,-0.18853251434373952,False
166,synonymous,Rapamycin+IAA,0.0,-0.5967487967089464,False
166,synonymous,Sorbitol+IAA,0.0,-0.40749997007690836,False
166,synonymous,YPD,0.0,-11.161382576362369,False
166,synonymous,YPD+IAA,0.0,-2.482461837386066,False
167,missense,Actinomycin_D+IAA,0.0,0.13554252601541739,False
167,missense,Cobalt_Chloride+IAA,0.0,0.3825714251462716,False
167,missense,Galactose+IAA,0.0,0.1641217619214276,False
167,missense,MMS+IAA,0.0,-0.4671755568324363,False
167,missense,Rapamycin+IAA,0.0,0.9660147147469659,False
167,missense,Sorbitol+IAA,0.0,-0.4112262314510546,False
167,missense,YPD,0.0,-11.123882550255923,False
167,missense,YPD+IAA,0.0,-11.103136015879947,False
167,synonymous,Actinomycin_D+IAA,0.0,-1.2330869252924654,False
167,synonymous,Cobalt_Chloride+IAA,0.0,-0.11683706967113207,False
167,synonymous,Galactose+IAA,0.0,-0.5682537124421824,False
167,synonymous,MMS+IAA,0.0,-0.06936173658728464,False
167,synonymous,Rapamycin+IAA,0.0,0.21336185280023784,False
167,synonymous,Sorbitol+IAA,0.0,-0.8184354317934176,False
167,synonymous,YPD,0.0,-11.34381195261493,False
167,synonymous,YPD+IAA,0.0,-1.563527828546527,False
168,missense,Actinomycin_D+IAA,0.0,-0.04213719993611279,False
168,missense,Cobalt_Chloride+IAA,0.0,-0.6753650774775918,False
168,missense,Galactose+IAA,0.0,-0.21147529276686522,False
168,missense,MMS+IAA,0.0,-0.06776801214398567,False
168,missense,Rapamycin+IAA,0.0,-0.587134771193168,False
168,missense,Sorbitol+IAA,0.0,-0.8237707491996444,False
168,missense,YPD,0.0,-10.852309973989009,False
168,missense,YPD+IAA,0.0,-4.038278301289969,False
168,synonymous,Actinomycin_D+IAA,0.0,-0.33863874269630934,False
168,synonymous,Cobalt_Chloride+IAA,0.0,-0.8332343691841789,False
168,synonymous,Galactose+IAA,0.0,-0.8202576295693736,False
168,synonymous,MMS+IAA,0.0,-0.1461910939729723,False
168,synonymous,Rapamycin+IAA,0.0,-0.36629492486633775,False
168,synonymous,Sorbitol+IAA,0.0,-0.7190975622831157,False
168,synonymous,YPD,0.0,-11.217483476035163,False
168,synonymous,YPD+IAA,0.0,-2.160182536971049,False
169,missense,Actinomycin_D+IAA,0.0,0.14397080808997584,False
169,missense,Cobalt_Chloride+IAA,0.0,-1.9218360124410359,False
169,missense,Galactose+IAA,0.0,0.17120170028624856,False
169,missense,MMS+IAA,0.0,0.15953603195997776,False
169,missense,Rapamycin+IAA,0.0,-0.5034675402826626,False
169,missense,Sorbitol+IAA,0.0,-1.1585531345107267,False
169,missense,YPD,0.0,-10.803468769477304,False
169,missense,YPD+IAA,0.0,-2.763256166087571,False
169,synonymous,Actinomycin_D+IAA,0.0,-2.106749636537669,False
169,synonymous,Cobalt_Chloride+IAA,0.0,0.0017406345940142091,False
169,synonymous,Galactose+IAA,0.0,-1.679384476461298,False
169,synonymous,MMS+IAA,0.0,-1.3807919907632764,False
169,synonymous,Rapamycin+IAA,0.0,-0.8084378957263775,False
169,synonymous,Sorbitol+IAA,0.0,-1.4763676856122943,False
169,synonymous,YPD,0.0,-10.862358963332175,False
169,synonymous,YPD+IAA,0.0,-4.8599452649108805,False
170,missense,Actinomycin_D+IAA,0.0,0.2238400285582416,False
170,missense,Cobalt_Chloride+IAA,0.0,0.08060787562714752,False
170,missense,Galactose+IAA,0.0,-0.20109399970886263,False
170,missense,MMS+IAA,0.0,0.03507419074664364,False
170,missense,Rapamycin+IAA,0.0,-1.4150224780353582,False
170,missense,Sorbitol+IAA,0.0,-0.6508233424544245,False
170,missense,YPD,0.0,-10.915913102117166,False
170,missense,YPD+IAA,0.0,-2.9098514668401023,False
170,synonymous,Actinomycin_D+IAA,0.0,-0.29162192786450053,False
170,synonymous,Cobalt_Chloride+IAA,0.0,0.11424861241684435,False
170,synonymous,Galactose+IAA,0.0,-0.341707337028287,False
170,synonymous,MMS+IAA,0.0,-0.157939645074082,False
170,synonymous,Rapamycin+IAA,0.0,0.05701999371745472,False
170,synonymous,Sorbitol+IAA,0.0,-0.174516702731472,False
170,synonymous,YPD,0.0,-3.564388792407775,False
170,synonymous,YPD+IAA,0.0,-1.7768621316685531,False
171,missense,Actinomycin_D+IAA,0.0,-0.3932226211479872,False
171,missense,Cobalt_Chloride+IAA,0.0,-0.16178347862244893,False
171,missense,Galactose+IAA,0.0,-0.2543773366616115,False
171,missense,MMS+IAA,0.0,-0.053505658200126045,False
171,missense,Rapamycin+IAA,0.0,0.023164872547396666,False
171,missense,Sorbitol+IAA,0.0,-0.3377220637099146,False
171,missense,YPD,0.0,-11.603018043312439,False
171,missense,YPD+IAA,0.0,-1.7779209416593142,False
171,synonymous,Actinomycin_D+IAA,0.0,-1.7030812991641568,False
171,synonymous,Cobalt_Chloride+IAA,0.0,-1.5356791027188748,False
171,synonymous,Galactose+IAA,0.0,-1.4378747016610003,False
171,synonymous,MMS+IAA,0.0,0.22150695698324924,False
171,synonymous,Rapamycin+IAA,0.0,-1.9127711829990466,False
171,synonymous,Sorbitol+IAA,0.0,-1.71513388071683,False
171,synonymous,YPD,0.0,-10.822250261648305,False
171,synonymous,YPD+IAA,0.0,-2.572792474730614,False
172,missense,Actinomycin_D+IAA,0.0,0.5855393978332962,False
172,missense,Cobalt_Chloride+IAA,0.0,-1.7221231781541637,False
172,missense,Galactose+IAA,0.0,-0.2444358383512342,False
172,missense,MMS+IAA,0.0,-0.013243313512664659,False
172,missense,Rapamycin+IAA,0.0,-0.7353187699709214,False
172,missense,Sorbitol+IAA,0.0,-0.0145067621300811,False
172,missense,YPD,0.0,-11.672360477722828,False
172,missense,YPD+IAA,0.0,-4.833825990400952,False
172,synonymous,Actinomycin_D+IAA,0.0,0.0668076918194478,False
172,synonymous,Cobalt_Chloride+IAA,0.0,-0.053105259263448716,False
172,synonymous,Galactose+IAA,0.0,-0.18865892593196287,False
172,synonymous,MMS+IAA,0.0,0.060948521035755106,False
172,synonymous,Rapamycin+IAA,0.0,-0.9145226132691386,False
172,synonymous,Sorbitol+IAA,0.0,-0.12827515231176123,False
172,synonymous,YPD,0.0,-11.095006553703136,False
172,synonymous,YPD+IAA,0.0,-1.1859925400741105,False
173,missense,Actinomycin_D+IAA,0.0,-0.6897889828326529,False
173,missense,Cobalt_Chloride+IAA,0.0,-0.8812204894084397,False
173,missense,Galactose+IAA,0.0,-1.4016424038034812,False
173,missense,MMS+IAA,0.0,-0.09363116323466614,False
173,missense,Rapamycin+IAA,0.0,-1.0864601668185594,False
173,missense,Sorbitol+IAA,0.0,0.005098665488213783,False
173,missense,YPD,0.0,-8.731108654655891,False
173,missense,YPD+IAA,0.0,-1.7395338581673514,False
173,synonymous,Actinomycin_D+IAA,0.0,-0.8553785800047746,False
173,synonymous,Cobalt_Chloride+IAA,0.0,-0.057365830184643814,False
173,synonymous,Galactose+IAA,0.0,-0.5100915351963984,False
173,synonymous,MMS+IAA,0.0,-0.17279073701767056,False
173,synonymous,Rapamycin+IAA,0.0,0.053632133852389,False
173,synonymous,Sorbitol+IAA,0.0,-0.27085706646709223,False
173,synonymous,YPD,0.0,-11.8447885431171,False
173,synonymous,YPD+IAA,0.0,-1.1405272685633663,False
174,missense,Actinomycin_D+IAA,0.0,-0.532464768421833,False
174,missense,Cobalt_Chloride+IAA,0.0,-0.057686799116478386,False
174,missense,Galactose+IAA,0.0,-0.21533989830368577,False
174,missense,MMS+IAA,0.0,-0.0043312401750356735,False
174,missense,Rapamycin+IAA,0.0,0.2251049682191558,False
174,missense,Sorbitol+IAA,0.0,-0.5062161651590996,False
174,missense,YPD,0.0,-7.484062136444756,False
174,missense,YPD+IAA,0.0,-2.2193043049107963,False
174,synonymous,Actinomycin_D+IAA,0.0,-0.2130594122505331,False
174,synonymous,Cobalt_Chloride+IAA,0.0,0.04872960482280474,False
174,synonymous,Galactose+IAA,0.0,0.03226053150901959,False
174,synonymous,MMS+IAA,0.0,-0.08922186100991986,False
174,synonymous,Rapamycin+IAA,0.0,0.09936691828202145,False
174,synonymous,Sorbitol+IAA,0.0,-0.2642911286682255,False
174,synonymous,YPD,0.0,-12.008042270920424,False
174,synonymous,YPD+IAA,0.0,-1.0032428627988823,False
175,missense,Actinomycin_D+IAA,0.0,-0.3552130517202064,False
175,missense,Cobalt_Chloride+IAA,0.0,-1.0116524203737252,False
175,missense,Galactose+IAA,0.0,-1.3735464158806843,False
175,missense,MMS+IAA,0.0,-0.3371426848260722,False
175,missense,Rapamycin+IAA,0.0,-1.0188767395995768,False
175,missense,Sorbitol+IAA,0.0,-0.8012831008979606,False
175,missense,YPD,0.0,-11.500931710885169,False
175,missense,YPD+IAA,0.0,-1.939875809395332,False
175,synonymous,Actinomycin_D+IAA,0.0,0.4103919455785295,False
175,synonymous,Cobalt_Chloride+IAA,0.0,-1.0657314330610552,False
175,synonymous,Galactose+IAA,0.0,-0.2528488376849523,False
175,synonymous,MMS+IAA,0.0,-0.22843459119404852,False
175,synonymous,Rapamycin+IAA,0.0,-0.5436552159031425,False
175,synonymous,Sorbitol+IAA,0.0,-0.6421403055623062,False
175,synonymous,YPD,0.0,-10.912655046787556,False
175,synonymous,YPD+IAA,0.0,-2.671053871468272,False
176,missense,Actinomycin_D+IAA,0.0,-0.5482295797919773,False
176,missense,Cobalt_Chloride+IAA,0.0,-3.3037440788294026,False
176,missense,Galactose+IAA,0.0,-2.0061871478321716,False
176,missense,MMS+IAA,0.0,-0.21226117287966983,False
176,missense,Rapamycin+IAA,0.0,-1.2356421079018327,False
176,missense,Sorbitol+IAA,0.0,-1.4223763248235126,False
176,missense,YPD,0.0,-11.329078415540064,False
176,missense,YPD+IAA,0.0,-2.1269800567938533,False
176,synonymous,Actinomycin_D+IAA,0.0,-0.19927784117523176,False
176,synonymous,Cobalt_Chloride+IAA,0.0,-0.5053119676217469,False
176,synonymous,Galactose+IAA,0.0,-1.0814571128153945,False
176,synonymous,MMS+IAA,0.0,-0.011125940607150395,False
176,synonymous,Rapamycin+IAA,0.0,-0.7578018555516318,False
176,synonymous,Sorbitol+IAA,0.0,-1.336005422026652,False
176,synonymous,YPD,0.0,-7.017251624711541,False
176,synonymous,YPD+IAA,0.0,-4.414107888157227,False
177,missense,Actinomycin_D+IAA,0.0,-6.846435182977076,False
177,missense,Cobalt_Chloride+IAA,0.0,-3.86737035870984,False
177,missense,Galactose+IAA,0.0,-10.897311531144588,False
177,missense,MMS+IAA,0.0,-3.9600101636005833,False
177,missense,Rapamycin+IAA,0.0,-7.551020222666245,False
177,missense,Sorbitol+IAA,0.0,-4.188169075493569,False
177,missense,YPD,0.0,-13.660170590876284,True
177,missense,YPD+IAA,0.0,-7.909213622147545,False
177,synonymous,Actinomycin_D+IAA,0.0,-0.49868806931744725,False
177,synonymous,Cobalt_Chloride+IAA,0.0,-0.5309211893067326,False
177,synonymous,Galactose+IAA,0.0,-0.622543259492689,False
177,synonymous,MMS+IAA,0.0,0.14132908263926494,False
177,synonymous,Rapamycin+IAA,0.0,0.2912339229289878,False
177,synonymous,Sorbitol+IAA,0.0,-0.23749498842085048,False
177,synonymous,YPD,0.0,-11.268430650925987,False
177,synonymous,YPD+IAA,0.0,-2.886607859540752,False
178,missense,Actinomycin_D+IAA,0.0,0.10118298597428757,False
178,missense,Cobalt_Chloride+IAA,0.0,0.31800544293714544,False
178,missense,Galactose+IAA,0.0,-3.471904017006728,False
178,missense,MMS+IAA,0.0,-3.3811083451464334,False
178,missense,Rapamycin+IAA,0.0,-0.13982637362532999,False
178,missense,Sorbitol+IAA,0.0,-0.6036937106589526,False
178,missense,YPD,0.0,-11.172649060379507,False
178,missense,YPD+IAA,0.0,-3.5477317181203776,False
178,synonymous,Actinomycin_D+IAA,0.0,-0.3169010332043315,False
178,synonymous,Cobalt_Chloride+IAA,0.0,-0.844170823047329,False
178,synonymous,Galactose+IAA,0.0,-3.3460957761419143,False
178,synonymous,MMS+IAA,0.0,-0.9375475908237835,False
178,synonymous,Rapamycin+IAA,0.0,-0.031040288276440405,False
178,synonymous,Sorbitol+IAA,0.0,-0.15235813987242738,False
178,synonymous,YPD,0.0,-10.729016022682671,False
178,synonymous,YPD+IAA,0.0,-5.05658922600787,False
179,missense,Actinomycin_D+IAA,0.0,-2.2526837708466116,False
179,missense,Cobalt_Chloride+IAA,0.0,0.20987515562605008,False
179,missense,Galactose+IAA,0.0,-0.31515012070833903,False
179,missense,MMS+IAA,0.0,-0.7687977594427737,False
179,missense,Rapamycin+IAA,0.0,0.10253051716128116,False
179,missense,Sorbitol+IAA,0.0,-1.2249196556688136,False
179,missense,YPD,0.0,-11.153967596090927,False
179,missense,YPD+IAA,0.0,-2.677122123185051,False
179,synonymous,Actinomycin_D+IAA,0.0,-0.2641323833363398,False
179,synonymous,Cobalt_Chloride+IAA,0.0,-0.6778889626623228,False
179,synonymous,Galactose+IAA,0.0,-0.6806986120135731,False
179,synonymous,MMS+IAA,0.0,-0.24073691970799527,False
179,synonymous,Rapamycin+IAA,0.0,-5.0156840781721295,False
179,synonymous,Sorbitol+IAA,0.0,-3.541002848541954,False
179,synonymous,YPD,0.0,-12.991168006922345,False
179,synonymous,YPD+IAA,0.0,-7.339054100596491,False
180,missense,Actinomycin_D+IAA,0.0,-0.35822435611228653,False
180,missense,Cobalt_Chloride+IAA,0.0,-0.6168309620682616,False
180,missense,Galactose+IAA,0.0,-0.45355335875314123,False
180,missense,MMS+IAA,0.0,-0.4996169391810361,False
180,missense,Rapamycin+IAA,0.0,-0.5827800262756413,False
180,missense,Sorbitol+IAA,0.0,-0.3687181586119993,False
180,missense,YPD,0.0,-11.908098635739295,False
180,missense,YPD+IAA,0.0,-1.513240823252627,False
180,synonymous,Actinomycin_D+IAA,0.0,-0.5127380424347133,False
180,synonymous,Cobalt_Chloride+IAA,0.0,-0.742008943141678,False
180,synonymous,Galactose+IAA,0.0,-0.30643137661260456,False
180,synonymous,MMS+IAA,0.0,-0.20404421614623572,False
180,synonymous,Rapamycin+IAA,0.0,-0.36753041974051887,False
180,synonymous,Sorbitol+IAA,0.0,-0.1369554302676093,False
180,synonymous,YPD,0.0,-2.7915630636080304,False
180,synonymous,YPD+IAA,0.0,-1.7864026361596883,False
181,missense,Actinomycin_D+IAA,0.0,-4.820309965956879,False
181,missense,Cobalt_Chloride+IAA,0.0,-3.9993357480924905,False
181,missense,Galactose+IAA,0.0,-4.3155792820789864,False
181,missense,MMS+IAA,0.0,-4.582091242766908,False
181,missense,Rapamycin+IAA,0.0,-3.991942148059893,False
181,missense,Sorbitol+IAA,0.0,-4.724874503564784,False
181,missense,YPD,0.0,-10.976755971872928,False
181,missense,YPD+IAA,0.0,-5.625783070810626,False
181,synonymous,Actinomycin_D+IAA,0.0,-0.2712427587939673,False
181,synonymous,Cobalt_Chloride+IAA,0.0,0.021226630569838742,False
181,synonymous,Galactose+IAA,0.0,-1.420695583379416,False
181,synonymous,MMS+IAA,0.0,-1.1303062953039842,False
181,synonymous,Rapamycin+IAA,0.0,0.21466715620569057,False
181,synonymous,Sorbitol+IAA,0.0,0.024444827952004092,False
181,synonymous,YPD,0.0,-11.150377973750395,False
181,synonymous,YPD+IAA,0.0,-2.0995955531252597,False
182,missense,Actinomycin_D+IAA,0.0,-4.231753192393277,False
182,missense,Cobalt_Chloride+IAA,0.0,-3.9940862863638005,False
182,missense,Galactose+IAA,0.0,-3.8910585927615067,False
182,missense,MMS+IAA,0.0,-2.9081484816986314,False
182,missense,Rapamycin+IAA,0.0,-4.111714281054848,False
182,missense,Sorbitol+IAA,0.0,-3.140176499147472,False
182,missense,YPD,0.0,-11.783349859597738,False
182,missense,YPD+IAA,0.0,-5.766639995227848,False
182,synonymous,Actinomycin_D+IAA,0.0,-4.328147768587537,False
182,synonymous,Cobalt_Chloride+IAA,0.0,-4.148446597518054,False
182,synonymous,Galactose+IAA,0.0,-3.981990159594646,False
182,synonymous,MMS+IAA,0.0,-3.894608397263363,False
182,synonymous,Rapamycin+IAA,0.0,-4.049330736867568,False
182,synonymous,Sorbitol+IAA,0.0,-4.299149614388719,False
182,synonymous,YPD,0.0,-11.285523982077487,False
182,synonymous,YPD+IAA,0.0,-4.577849798087439,False
183,missense,Actinomycin_D+IAA,0.0,-1.0515129890072055,False
183,missense,Cobalt_Chloride+IAA,0.0,-2.122705843142954,False
183,missense,Galactose+IAA,0.0,-0.872803039596062,False
183,missense,MMS+IAA,0.0,-0.20211907872718884,False
183,missense,Rapamycin+IAA,0.0,-0.3882164485708499,False
183,missense,Sorbitol+IAA,0.0,-1.1353236936580755,False
183,missense,YPD,0.0,-10.798970565247565,False
183,missense,YPD+IAA,0.0,-2.6690501174357704,False
183,synonymous,Actinomycin_D+IAA,0.0,0.029459732989688885,False
183,synonymous,Cobalt_Chloride+IAA,0.0,-0.25061472225468306,False
183,synonymous,Galactose+IAA,0.0,-0.15217859980864284,False
183,synonymous,MMS+IAA,0.0,0.0811613815927884,False
183,synonymous,Rapamycin+IAA,0.0,-0.21591984921200102,False
183,synonymous,Sorbitol+IAA,0.0,0.04019065223911201,False
183,synonymous,YPD,0.0,-11.6348719421609,False
183,synonymous,YPD+IAA,0.0,-1.0448866604421985,False
184,missense,Actinomycin_D+IAA,0.0,-0.7405608517316175,False
184,missense,Cobalt_Chloride+IAA,0.0,-0.42157620307486965,False
184,missense,Galactose+IAA,0.0,-0.4661177446787934,False
184,missense,MMS+IAA,0.0,-0.3259788918198772,False
184,missense,Rapamycin+IAA,0.0,-0.17262620460781342,False
184,missense,Sorbitol+IAA,0.0,-0.771406449240259,False
184,missense,YPD,0.0,-11.625646804107749,False
184,missense,YPD+IAA,0.0,-2.5223068684419547,False
184,synonymous,Actinomycin_D+IAA,0.0,-1.9070756476341864,False
184,synonymous,Cobalt_Chloride+IAA,0.0,-1.133614910429536,False
184,synonymous,Galactose+IAA,0.0,-2.0630481751040204,False
184,synonymous,MMS+IAA,0.0,-0.28233815682853053,False
184,synonymous,Rapamycin+IAA,0.0,0.00112026064720599,False
184,synonymous,Sorbitol+IAA,0.0,-0.5240490062939085,False
184,synonymous,YPD,0.0,-10.375416117037394,False
184,synonymous,YPD+IAA,0.0,-2.8940277152030567,False
185,missense,Actinomycin_D+IAA,0.0,-0.711314159285351,False
185,missense,Cobalt_Chloride+IAA,0.0,-1.652496305191947,False
185,missense,Galactose+IAA,0.0,-1.5694734449074053,False
185,missense,MMS+IAA,0.0,-0.14083207766073735,False
185,missense,Rapamycin+IAA,0.0,-0.45115606236180505,False
185,missense,Sorbitol+IAA,0.0,-0.5597459212466008,False
185,missense,YPD,0.0,-11.183897528791052,False
185,missense,YPD+IAA,0.0,-3.0283656376088683,False
185,synonymous,Actinomycin_D+IAA,0.0,-1.299323165331321,False
185,synonymous,Cobalt_Chloride+IAA,0.0,-1.188049629980837,False
185,synonymous,Galactose+IAA,0.0,-0.7805372494387841,False
185,synonymous,MMS+IAA,0.0,-0.5249804405659332,False
185,synonymous,Rapamycin+IAA,0.0,-0.2213531096895609,False
185,synonymous,Sorbitol+IAA,0.0,-1.087659066570399,False
185,synonymous,YPD,0.0,-11.128173771168488,False
185,synonymous,YPD+IAA,0.0,-3.6380235033098147,False
186,missense,Actinomycin_D+IAA,0.0,-0.14169031814701594,False
186,missense,Cobalt_Chloride+IAA,0.0,-0.3270349088207758,False
186,missense,Galactose+IAA,0.0,-0.16280793547376873,False
186,missense,MMS+IAA,0.0,-0.08739381202771444,False
186,missense,Rapamycin+IAA,0.0,0.04631813901771199,False
186,missense,Sorbitol+IAA,0.0,-0.3606775557656804,False
186,missense,YPD,0.0,-11.859221115649696,False
186,missense,YPD+IAA,0.0,-1.2885581435688573,False
186,synonymous,Actinomycin_D+IAA,0.0,-1.5338747672474022,False
186,synonymous,Cobalt_Chloride+IAA,0.0,-0.8462362848996614,False
186,synonymous,Galactose+IAA,0.0,-0.257077180343978,False
186,synonymous,MMS+IAA,0.0,-0.6511515109998641,False
186,synonymous,Rapamycin+IAA,0.0,-0.07580882044509193,False
186,synonymous,Sorbitol+IAA,0.0,-0.5304580621876186,False
186,synonymous,YPD,0.0,-10.996013050272682,False
186,synonymous,YPD+IAA,0.0,-2.593260581685323,False
187,missense,Actinomycin_D+IAA,0.0,-1.9058779223746503,False
187,missense,Cobalt_Chloride+IAA,0.0,-1.060946616622137,False
187,missense,Galactose+IAA,0.0,-0.48590248059443314,False
187,missense,MMS+IAA,0.0,-0.2739946563382156,False
187,missense,Rapamycin+IAA,0.0,-0.9612019357238438,False
187,missense,Sorbitol+IAA,0.0,-0.24584102264716734,False
187,missense,YPD,0.0,-8.363525829526946,False
187,missense,YPD+IAA,0.0,-2.6963386723252367,False
187,synonymous,Actinomycin_D+IAA,0.0,-0.3767422260216147,False
187,synonymous,Cobalt_Chloride+IAA,0.0,-0.2509353576537877,False
187,synonymous,Galactose+IAA,0.0,-0.7474890120295227,False
187,synonymous,MMS+IAA,0.0,0.05868457618592941,False
187,synonymous,Rapamycin+IAA,0.0,0.05827851190846861,False
187,synonymous,Sorbitol+IAA,0.0,-0.590662416862436,False
187,synonymous,YPD,0.0,-11.364032155527754,False
187,synonymous,YPD+IAA,0.0,-1.9508779398240226,False
188,missense,Actinomycin_D+IAA,0.0,-1.5872324218990508,False
188,missense,Cobalt_Chloride+IAA,0.0,-1.53413404296374,False
188,missense,Galactose+IAA,0.0,-1.9534813544613658,False
188,missense,MMS+IAA,0.0,-1.1550633115353688,False
188,missense,Rapamycin+IAA,0.0,-0.9622848147821157,False
188,missense,Sorbitol+IAA,0.0,-0.8773570508308249,False
188,missense,YPD,0.0,-10.978975883301576,False
188,missense,YPD+IAA,0.0,-2.8129269584130374,False
188,synonymous,Actinomycin_D+IAA,0.0,-7.377483655125215,False
188,synonymous,Cobalt_Chloride+IAA,0.0,-0.06748194926073449,False
188,synonymous,Galactose+IAA,0.0,-1.6145388771301548,False
188,synonymous,MMS+IAA,0.0,-0.5449374555870907,False
188,synonymous,Rapamycin+IAA,0.0,-0.3683405261859832,False
188,synonymous,Sorbitol+IAA,0.0,-6.339729957877622,False
188,synonymous,YPD,0.0,-10.501885198908276,False
188,synonymous,YPD+IAA,0.0,-6.92299781206896,False
189,missense,Actinomycin_D+IAA,0.0,-0.21593985730144197,False
189,missense,Cobalt_Chloride+IAA,0.0,-0.5430655625296981,False
189,missense,Galactose+IAA,0.0,-0.10099563182570526,False
189,missense,MMS+IAA,0.0,-0.2587602668009111,False
189,missense,Rapamycin+IAA,0.0,-0.76961679126659,False
189,missense,Sorbitol+IAA,0.0,-0.2433818267870564,False
189,missense,YPD,0.0,-8.316264197084214,False
189,missense,YPD+IAA,0.0,-6.167230404817592,False
190,missense,Actinomycin_D+IAA,0.0,-0.5864571996186048,False
190,missense,Cobalt_Chloride+IAA,0.0,-1.3151317893862724,False
190,missense,Galactose+IAA,0.0,-2.085781076297107,False
190,missense,MMS+IAA,0.0,-0.5314561100375649,False
190,missense,Rapamycin+IAA,0.0,-1.987609408734546,False
190,missense,Sorbitol+IAA,0.0,-1.4076492925889141,False
190,missense,YPD,0.0,-11.190239088643915,False
190,missense,YPD+IAA,0.0,-3.4561870334973164,False
190,synonymous,Actinomycin_D+IAA,0.0,-0.34427126386199425,False
190,synonymous,Cobalt_Chloride+IAA,0.0,-1.184098570350875,False
190,synonymous,Galactose+IAA,0.0,-2.1008714704006155,False
190,synonymous,MMS+IAA,0.0,-0.6179653618945701,False
190,synonymous,Rapamycin+IAA,0.0,-1.3622335447574188,False
190,synonymous,Sorbitol+IAA,0.0,-0.41194282626196055,False
190,synonymous,YPD,0.0,-10.644311431593314,False
190,synonymous,YPD+IAA,0.0,-3.852392603866679,False
191,missense,Actinomycin_D+IAA,0.0,-0.704472109658456,False
191,missense,Cobalt_Chloride+IAA,0.0,-1.5669648848164621,False
191,missense,Galactose+IAA,0.0,-0.7698176187562078,False
191,missense,MMS+IAA,0.0,-0.19492355247886067,False
191,missense,Rapamycin+IAA,0.0,-0.8340315082889974,False
191,missense,Sorbitol+IAA,0.0,-1.7347277639970358,False
191,missense,YPD,0.0,-6.472254558012209,False
191,missense,YPD+IAA,0.0,-2.2476967851101537,False
191,synonymous,Actinomycin_D+IAA,0.0,-0.8130529508195405,False
191,synonymous,Cobalt_Chloride+IAA,0.0,-0.11268191101842362,False
191,synonymous,Galactose+IAA,0.0,-0.3458329802564501,False
191,synonymous,MMS+IAA,0.0,-0.1079739497823437,False
191,synonymous,Rapamycin+IAA,0.0,-0.6675057200997719,False
191,synonymous,Sorbitol+IAA,0.0,-0.368563102371523,False
191,synonymous,YPD,0.0,-8.359357284365773,False
191,synonymous,YPD+IAA,0.0,-1.7158179109880831,False
192,missense,Actinomycin_D+IAA,0.0,-1.924105499627635,False
192,missense,Cobalt_Chloride+IAA,0.0,-1.0856356648578949,False
192,missense,Galactose+IAA,0.0,-0.9686666631204056,False
192,missense,MMS+IAA,0.0,-0.4933038383343875,False
192,missense,Rapamycin+IAA,0.0,-0.9523412975928673,False
192,missense,Sorbitol+IAA,0.0,-0.41508875255463396,False
192,missense,YPD,0.0,-12.414888763333385,False
192,missense,YPD+IAA,0.0,-1.4581892551777775,False
192,synonymous,Actinomycin_D+IAA,0.0,-0.4914608846831438,False
192,synonymous,Cobalt_Chloride+IAA,0.0,-0.7403899629627848,False
192,synonymous,Galactose+IAA,0.0,-0.2155195181951722,False
192,synonymous,MMS+IAA,0.0,-0.030639493414745242,False
192,synonymous,Rapamycin+IAA,0.0,-0.3755928657946166,False
192,synonymous,Sorbitol+IAA,0.0,-0.2887729205405303,False
192,synonymous,YPD,0.0,-8.867835206489078,False
192,synonymous,YPD+IAA,0.0,-1.892550321640423,False
193,missense,Actinomycin_D+IAA,0.0,-0.8212205880780602,False
193,missense,Cobalt_Chloride+IAA,0.0,-1.3090671092829507,False
193,missense,Galactose+IAA,0.0,-0.01280783524211301,False
193,missense,MMS+IAA,0.0,-0.3020304169143179,False
193,missense,Rapamycin+IAA,0.0,-0.6191092287144342,False
193,missense,Sorbitol+IAA,0.0,-0.31372506501227915,False
193,missense,YPD,0.0,-10.597557220517585,False
193,missense,YPD+IAA,0.0,-4.205769770826188,False
193,synonymous,Actinomycin_D+IAA,0.0,-0.37162263646399074,False
193,synonymous,Cobalt_Chloride+IAA,0.0,-1.6637896415418947,False
193,synonymous,Galactose+IAA,0.0,-3.427328836094725,False
193,synonymous,MMS+IAA,0.0,-0.18003540493067585,False
193,synonymous,Rapamycin+IAA,0.0,-0.5030442557405066,False
193,synonymous,Sorbitol+IAA,0.0,-0.5714868027196099,False
193,synonymous,YPD,0.0,-11.585829552196486,False
193,synonymous,YPD+IAA,0.0,-3.390391346925415,False
194,missense,Actinomycin_D+IAA,0.0,-1.1905469529727242,False
194,missense,Cobalt_Chloride+IAA,0.0,-5.201512380589248,False
194,missense,Galactose+IAA,0.0,-1.722220569106899,False
194,missense,MMS+IAA,0.0,-0.9478245409726083,False
194,missense,Rapamycin+IAA,0.0,-2.4871745501072104,False
194,missense,Sorbitol+IAA,0.0,-2.24668127098238,False
194,missense,YPD,0.0,-11.31474834827031,False
194,missense,YPD+IAA,0.0,-9.785322892124363,False
194,synonymous,Actinomycin_D+IAA,0.0,-0.8128398377170944,False
194,synonymous,Cobalt_Chloride+IAA,0.0,-0.10359033042779335,False
194,synonymous,Galactose+IAA,0.0,-0.1475430849774129,False
194,synonymous,MMS+IAA,0.0,-0.34842507751446805,False
194,synonymous,Rapamycin+IAA,0.0,-0.9391079463950953,False
194,synonymous,Sorbitol+IAA,0.0,-0.9768703189617284,False
194,synonymous,YPD,0.0,-10.896369748543053,False
194,synonymous,YPD+IAA,0.0,-2.033522631118169,False
195,missense,Actinomycin_D+IAA,0.0,-0.2503335348890355,False
195,missense,Cobalt_Chloride+IAA,0.0,0.0047479970040659744,False
195,missense,Galactose+IAA,0.0,-0.5590585456594757,False
195,missense,MMS+IAA,0.0,-0.057503266853609306,False
195,missense,Rapamycin+IAA,0.0,-0.15685797904893042,False
195,missense,Sorbitol+IAA,0.0,-0.10522845585267573,False
195,missense,YPD,0.0,-11.09316887804515,False
195,missense,YPD+IAA,0.0,-1.3175207214858058,False
195,synonymous,Actinomycin_D+IAA,0.0,-0.13561654577574314,False
195,synonymous,Cobalt_Chloride+IAA,0.0,0.12575019535756682,False
195,synonymous,Galactose+IAA,0.0,0.07450214743672225,False
195,synonymous,MMS+IAA,0.0,0.11978744622706802,False
195,synonymous,Rapamycin+IAA,0.0,0.08718820155941075,False
195,synonymous,Sorbitol+IAA,0.0,-0.11115952309854754,False
195,synonymous,YPD,0.0,-11.41141272594052,False
195,synonymous,YPD+IAA,0.0,-3.4551339170919424,False
196,missense,Actinomycin_D+IAA,0.0,-0.9374989404763714,False
196,missense,Cobalt_Chloride+IAA,0.0,-0.08495034727556296,False
196,missense,Galactose+IAA,0.0,-0.16560807902366456,False
196,missense,MMS+IAA,0.0,0.06313680633501541,False
196,missense,Rapamycin+IAA,0.0,0.2060215567315876,False
196,missense,Sorbitol+IAA,0.0,-1.7494337030196379,False
196,missense,YPD,0.0,-10.816970193656369,False
196,missense,YPD+IAA,0.0,-0.8870405280932302,False
196,synonymous,Actinomycin_D+IAA,0.0,-0.5210379018571824,False
196,synonymous,Cobalt_Chloride+IAA,0.0,-1.3315486312983407,False
196,synonymous,Galactose+IAA,0.0,-0.2031698925355508,False
196,synonymous,MMS+IAA,0.0,-0.1543302293675174,False
196,synonymous,Rapamycin+IAA,0.0,-0.296060095308947,False
196,synonymous,Sorbitol+IAA,0.0,-0.12430142612444676,False
196,synonymous,YPD,0.0,-10.918718141041689,False
196,synonymous,YPD+IAA,0.0,-1.2499916420884039,False
197,missense,Actinomycin_D+IAA,0.0,-0.2258336743594361,False
197,missense,Cobalt_Chloride+IAA,0.0,0.011087933374305447,False
197,missense,Galactose+IAA,0.0,0.07616609537605308,False
197,missense,MMS+IAA,0.0,0.012789195862582247,False
197,missense,Rapamycin+IAA,0.0,0.05040729690480547,False
197,missense,Sorbitol+IAA,0.0,-0.24164744285590706,False
197,missense,YPD,0.0,-11.406000699904443,False
197,missense,YPD+IAA,0.0,-1.4281208003560035,False
197,synonymous,Actinomycin_D+IAA,0.0,-0.49951365211649656,False
197,synonymous,Cobalt_Chloride+IAA,0.0,-0.7496744404197042,False
197,synonymous,Galactose+IAA,0.0,0.03410217331178004,False
197,synonymous,MMS+IAA,0.0,0.06282699912555843,False
197,synonymous,Rapamycin+IAA,0.0,-0.44365384033011773,False
197,synonymous,Sorbitol+IAA,0.0,-0.27524493255039517,False
197,synonymous,YPD,0.0,-11.384505459782606,False
197,synonymous,YPD+IAA,0.0,-2.2597146507634136,False
198,missense,Actinomycin_D+IAA,0.0,0.031445835675306656,False
198,missense,Cobalt_Chloride+IAA,0.0,-0.43761117646247233,False
198,missense,Galactose+IAA,0.0,-0.15831790688371805,False
198,missense,MMS+IAA,0.0,-0.6355522021251906,False
198,missense,Rapamycin+IAA,0.0,-0.6203281438247106,False
198,missense,Sorbitol+IAA,0.0,-0.4206027428748446,False
198,missense,YPD,0.0,-10.97172000312022,False
198,missense,YPD+IAA,0.0,-1.930873505623118,False
198,synonymous,Actinomycin_D+IAA,0.0,-1.615274528595753,False
198,synonymous,Cobalt_Chloride+IAA,0.0,-1.6599465931886639,False
198,synonymous,Galactose+IAA,0.0,-0.681137424822349,False
198,synonymous,MMS+IAA,0.0,-0.9850167079267643,False
198,synonymous,Rapamycin+IAA,0.0,-1.431079817030733,False
198,synonymous,Sorbitol+IAA,0.0,-2.16841685423948,False
198,synonymous,YPD,0.0,-11.415661921914287,False
198,synonymous,YPD+IAA,0.0,-6.656766065315155,False
199,missense,Actinomycin_D+IAA,0.0,-1.5767589078874888,False
199,missense,Cobalt_Chloride+IAA,0.0,-0.33491420827176005,False
199,missense,Galactose+IAA,0.0,-0.8852330299405428,False
199,missense,MMS+IAA,0.0,-0.460138954382043,False
199,missense,Rapamycin+IAA,0.0,-0.22865515596721642,False
199,missense,Sorbitol+IAA,0.0,-0.131118850912971,False
199,missense,YPD,0.0,-12.084334093729883,False
199,missense,YPD+IAA,0.0,-2.469752798523964,False
199,synonymous,Actinomycin_D+IAA,0.0,-0.1914364484657076,False
199,synonymous,Cobalt_Chloride+IAA,0.0,-0.12091209700984891,False
199,synonymous,Galactose+IAA,0.0,-0.044984874613789944,False
199,synonymous,MMS+IAA,0.0,-0.03469144277176369,False
199,synonymous,Rapamycin+IAA,0.0,0.2556288238835372,False
199,synonymous,Sorbitol+IAA,0.0,-0.18038509176388187,False
199,synonymous,YPD,0.0,-11.234083158290499,False
199,synonymous,YPD+IAA,0.0,-0.9505892940486216,False
200,PTC,Actinomycin_D+IAA,0.0,-29.197987455158557,True
200,PTC,Cobalt_Chloride+IAA,0.0,-30.783096409332522,True
200,PTC,Galactose+IAA,0.0,-30.783096409332522,True
200,PTC,MMS+IAA,0.0,-30.783096409332522,True
200,PTC,Rapamycin+IAA,0.0,-30.783096409332522,True
200,PTC,Sorbitol+IAA,0.0,-30.783096409332522,True
200,PTC,YPD,0.0,-12.0071328773684,False
200,PTC,YPD+IAA,0.0,-30.783096409332522,True
200,missense,Actinomycin_D+IAA,0.0,-0.752721842206443,False
200,missense,Cobalt_Chloride+IAA,0.0,-1.7877863943350776,False
200,missense,Galactose+IAA,0.0,-1.0537461149939518,False
200,missense,MMS+IAA,0.0,-0.8963013951056991,False
200,missense,Rapamycin+IAA,0.0,-1.5320481209766423,False
200,missense,Sorbitol+IAA,0.0,0.25860791193250643,False
200,missense,YPD,0.0,-11.162619294935672,False
200,missense,YPD+IAA,0.0,-4.4048613689315435,False
200,synonymous,Actinomycin_D+IAA,0.0,-0.9473143895190628,False
200,synonymous,Cobalt_Chloride+IAA,0.0,-1.0120272141020148,False
200,synonymous,Galactose+IAA,0.0,-1.1307014770785717,False
200,synonymous,MMS+IAA,0.0,-0.8606671144341406,False
200,synonymous,Rapamycin+IAA,0.0,-0.7952956142931958,False
200,synonymous,Sorbitol+IAA,0.0,-1.2247419819996368,False
200,synonymous,YPD,0.0,-10.919621578792533,False
200,synonymous,YPD+IAA,0.0,-3.3527516632582945,False
201,missense,Actinomycin_D+IAA,0.0,0.19878187314303628,False
201,missense,Cobalt_Chloride+IAA,0.0,-0.05637536233478645,False
201,missense,Galactose+IAA,0.0,0.11571373727947762,False
201,missense,MMS+IAA,0.0,-0.037260369168106044,False
201,missense,Rapamycin+IAA,0.0,-0.5153413833709634,False
201,missense,Sorbitol+IAA,0.0,0.028013389739983095,False
201,missense,YPD,0.0,-9.936251839589808,False
201,missense,YPD+IAA,0.0,-2.2640471096587182,False
201,synonymous,Actinomycin_D+IAA,0.0,-0.2787764835186446,False
201,synonymous,Cobalt_Chloride+IAA,0.0,-0.36980378699035715,False
201,synonymous,Galactose+IAA,0.0,-0.6245557307130581,False
201,synonymous,MMS+IAA,0.0,-0.12410407236949088,False
201,synonymous,Rapamycin+IAA,0.0,-0.20564223577361262,False
201,synonymous,Sorbitol+IAA,0.0,-0.051676532777761464,False
201,synonymous,YPD,0.0,-11.187097038777626,False
201,synonymous,YPD+IAA,0.0,-1.3966388743307003,False
202,missense,Actinomycin_D+IAA,0.0,-1.2309623962828973,False
202,missense,Cobalt_Chloride+IAA,0.0,-0.521143142869293,False
202,missense,Galactose+IAA,0.0,-0.46721664262087814,False
202,missense,MMS+IAA,0.0,-0.06811319177773359,False
202,missense,Rapamycin+IAA,0.0,-0.3790016040461937,False
202,missense,Sorbitol+IAA,0.0,-0.43690508861912836,False
202,missense,YPD,0.0,-11.440967693688702,False
202,missense,YPD+IAA,0.0,-2.7835646267890586,False
202,synonymous,Actinomycin_D+IAA,0.0,-0.42749806983797806,False
202,synonymous,Cobalt_Chloride+IAA,0.0,-1.595171468453201,False
202,synonymous,Galactose+IAA,0.0,-1.0096774237665662,False
202,synonymous,MMS+IAA,0.0,-0.5402291024837336,False
202,synonymous,Rapamycin+IAA,0.0,-0.6169533531649571,False
202,synonymous,Sorbitol+IAA,0.0,-0.42856333981312433,False
202,synonymous,YPD,0.0,-11.373680194936053,False
202,synonymous,YPD+IAA,0.0,-3.547412173880886,False
203,missense,Actinomycin_D+IAA,0.0,-0.4218064914938906,False
203,missense,Cobalt_Chloride+IAA,0.0,-0.3046267990473816,False
203,missense,Galactose+IAA,0.0,-0.22307769179755998,False
203,missense,MMS+IAA,0.0,-0.29252384407789056,False
203,missense,Rapamycin+IAA,0.0,0.0684887878507713,False
203,missense,Sorbitol+IAA,0.0,-0.22082829177050706,False
203,missense,YPD,0.0,-11.475178273020298,False
203,missense,YPD+IAA,0.0,-2.79541377248182,False
203,synonymous,Actinomycin_D+IAA,0.0,-1.1649369247749888,False
203,synonymous,Cobalt_Chloride+IAA,0.0,-0.3599118004244369,False
203,synonymous,Galactose+IAA,0.0,-0.2783806291282409,False
203,synonymous,MMS+IAA,0.0,-0.27557197875549344,False
203,synonymous,Rapamycin+IAA,0.0,-0.034970338901083094,False
203,synonymous,Sorbitol+IAA,0.0,-0.7960922909979153,False
203,synonymous,YPD,0.0,-10.17823755276975,False
203,synonymous,YPD+IAA,0.0,-2.5826122164552525,False
204,missense,Actinomycin_D+IAA,0.0,-0.2231725050044415,False
204,missense,Cobalt_Chloride+IAA,0.0,-1.938179248107386,False
204,missense,Galactose+IAA,0.0,-3.844390252831307,False
204,missense,MMS+IAA,0.0,-0.36390965783971335,False
204,missense,Rapamycin+IAA,0.0,-0.9720629784657994,False
204,missense,Sorbitol+IAA,0.0,0.4432713395906463,False
204,missense,YPD,0.0,-10.482137302309408,False
204,missense,YPD+IAA,0.0,-2.7410274541890063,False
204,synonymous,Actinomycin_D+IAA,0.0,-0.5858017245758312,False
204,synonymous,Cobalt_Chloride+IAA,0.0,0.9990584630885059,False
204,synonymous,Galactose+IAA,0.0,-1.3990696346638576,False
204,synonymous,MMS+IAA,0.0,0.25263470788129255,False
204,synonymous,Rapamycin+IAA,0.0,0.15760916925768123,False
204,synonymous,Sorbitol+IAA,0.0,-0.22835506994276447,False
204,synonymous,YPD,0.0,-10.614813644344562,False
204,synonymous,YPD+IAA,0.0,-0.5343757309343586,False
205,missense,Actinomycin_D+IAA,0.0,-0.06366721632896064,False
205,missense,Cobalt_Chloride+IAA,0.0,-0.46896411203359745,False
205,missense,Galactose+IAA,0.0,-0.49712606141635285,False
205,missense,MMS+IAA,0.0,-0.05772421619668448,False
205,missense,Rapamycin+IAA,0.0,-0.8299525577975304,False
205,missense,Sorbitol+IAA,0.0,-1.9456429409556428,False
205,missense,YPD,0.0,-9.229169345256178,False
205,missense,YPD+IAA,0.0,-3.164125188601901,False
205,synonymous,Actinomycin_D+IAA,0.0,0.1942644653709673,False
205,synonymous,Cobalt_Chloride+IAA,0.0,-0.3601341066866926,False
205,synonymous,Galactose+IAA,0.0,-0.05466414566285423,False
205,synonymous,MMS+IAA,0.0,0.03692898500648308,False
205,synonymous,Rapamycin+IAA,0.0,-0.04392766426924504,False
205,synonymous,Sorbitol+IAA,0.0,0.1453119312885315,False
205,synonymous,YPD,0.0,-11.298330877858918,False
205,synonymous,YPD+IAA,0.0,-1.7535589156803761,False
206,missense,Actinomycin_D+IAA,0.0,-0.4770838658349742,False
206,missense,Cobalt_Chloride+IAA,0.0,-1.4403157861136642,False
206,missense,Galactose+IAA,0.0,-1.0555458166111897,False
206,missense,MMS+IAA,0.0,-0.3248750483729181,False
206,missense,Rapamycin+IAA,0.0,-0.7296201825076611,False
206,missense,Sorbitol+IAA,0.0,-0.46850820917344954,False
206,missense,YPD,0.0,-9.389052656718189,False
206,missense,YPD+IAA,0.0,-2.596304101520292,False
206,synonymous,Actinomycin_D+IAA,0.0,-2.1920427071632487,False
206,synonymous,Cobalt_Chloride+IAA,0.0,0.22454804817099572,False
206,synonymous,Galactose+IAA,0.0,-2.195368651031726,False
206,synonymous,MMS+IAA,0.0,0.18972542755281846,False
206,synonymous,Rapamycin+IAA,0.0,-0.533321322960374,False
206,synonymous,Sorbitol+IAA,0.0,-1.2715743368327304,False
206,synonymous,YPD,0.0,-11.100714733133463,False
206,synonymous,YPD+IAA,0.0,-4.194348757722088,False
207,missense,Actinomycin_D+IAA,0.0,-0.2282891289880175,False
207,missense,Cobalt_Chloride+IAA,0.0,0.0907178606647689,False
207,missense,Galactose+IAA,0.0,-0.14328027918881925,False
207,missense,MMS+IAA,0.0,0.09176801903422431,False
207,missense,Rapamycin+IAA,0.0,-0.1627922332433933,False
207,missense,Sorbitol+IAA,0.0,0.020582652994000823,False
207,missense,YPD,0.0,-10.947701763043213,False
207,missense,YPD+IAA,0.0,-1.1605440241482488,False
207,synonymous,Actinomycin_D+IAA,0.0,-0.760533327125169,False
207,synonymous,Cobalt_Chloride+IAA,0.0,-0.9072854171565142,False
207,synonymous,Galactose+IAA,0.0,-1.3941463882967418,False
207,synonymous,MMS+IAA,0.0,-0.019877318867534664,False
207,synonymous,Rapamycin+IAA,0.0,-0.20404893888995002,False
207,synonymous,Sorbitol+IAA,0.0,-0.5219358840469069,False
207,synonymous,YPD,0.0,-6.896469136412895,False
207,synonymous,YPD+IAA,0.0,-2.1520583532750632,False
208,missense,Actinomycin_D+IAA,0.0,-0.3601678310553041,False
208,missense,Cobalt_Chloride+IAA,0.0,-0.7483823306204042,False
208,missense,Galactose+IAA,0.0,-0.8895691433517375,False
208,missense,MMS+IAA,0.0,-0.028241566102875638,False
208,missense,Rapamycin+IAA,0.0,-0.4626590538982754,False
208,missense,Sorbitol+IAA,0.0,-1.0587935102464026,False
208,missense,YPD,0.0,-11.420405887210608,False
208,missense,YPD+IAA,0.0,-4.244851705227864,False
208,synonymous,Actinomycin_D+IAA,0.0,-0.12048863038536518,False
208,synonymous,Cobalt_Chloride+IAA,0.0,0.022266726072125334,False
208,synonymous,Galactose+IAA,0.0,-0.22839444441816392,False
208,synonymous,MMS+IAA,0.0,-0.046368505601657194,False
208,synonymous,Rapamycin+IAA,0.0,-0.2575462863585982,False
208,synonymous,Sorbitol+IAA,0.0,-0.06750016123684664,False
208,synonymous,YPD,0.0,-3.1687483884755463,False
208,synonymous,YPD+IAA,0.0,-1.167319703411772,False
209,missense,Actinomycin_D+IAA,0.0,-7.752012809959633,False
209,missense,Cobalt_Chloride+IAA,0.0,-3.4388841456587573,False
209,missense,Galactose+IAA,0.0,-10.609600084292232,False
209,missense,MMS+IAA,0.0,-1.2330582005959474,False
209,missense,Rapamycin+IAA,0.0,-3.4877826458030503,False
209,missense,Sorbitol+IAA,0.0,-9.288945086108537,False
209,missense,YPD,0.0,-10.148973503347877,False
209,missense,YPD+IAA,0.0,-6.441337311994626,False
209,synonymous,Actinomycin_D+IAA,0.0,-0.7624433157580792,False
209,synonymous,Cobalt_Chloride+IAA,0.0,-0.6089103579997786,False
209,synonymous,Galactose+IAA,0.0,-1.5840267458636754,False
209,synonymous,MMS+IAA,0.0,-0.1714219408175427,False
209,synonymous,Rapamycin+IAA,0.0,0.10588815920767239,False
209,synonymous,Sorbitol+IAA,0.0,-0.9570164395763914,False
209,synonymous,YPD,0.0,-10.938541003160239,False
209,synonymous,YPD+IAA,0.0,-9.058526344463537,False
210,missense,Actinomycin_D+IAA,0.0,-1.0168646069110063,False
210,missense,Cobalt_Chloride+IAA,0.0,-1.1513308453592908,False
210,missense,Galactose+IAA,0.0,-0.7172259873800745,False
210,missense,MMS+IAA,0.0,-0.7178683553526916,False
210,missense,Rapamycin+IAA,0.0,-0.7237609099008667,False
210,missense,Sorbitol+IAA,0.0,-1.071666472866269,False
210,missense,YPD,0.0,-11.792169261090617,False
210,missense,YPD+IAA,0.0,-5.215929278691048,False
210,synonymous,Actinomycin_D+IAA,0.0,-3.056342673344757,False
210,synonymous,Cobalt_Chloride+IAA,0.0,-1.316086395851082,False
210,synonymous,Galactose+IAA,0.0,-2.784767386103862,False
210,synonymous,MMS+IAA,0.0,-0.27529822648294566,False
210,synonymous,Rapamycin+IAA,0.0,-0.3067972491620715,False
210,synonymous,Sorbitol+IAA,0.0,-0.4626042076151253,False
210,synonymous,YPD,0.0,-12.987467571210928,False
210,synonymous,YPD+IAA,0.0,-1.684790157469654,False
211,missense,Actinomycin_D+IAA,0.0,-0.6233178103912798,False
211,missense,Cobalt_Chloride+IAA,0.0,-0.40528244350882076,False
211,missense,Galactose+IAA,0.0,-0.3633159316205913,False
211,missense,MMS+IAA,0.0,-0.27024091734884126,False
211,missense,Rapamycin+IAA,0.0,0.37605014974414097,False
211,missense,Sorbitol+IAA,0.0,0.14699531264874907,False
211,missense,YPD,0.0,-11.509265767094247,False
211,missense,YPD+IAA,0.0,-2.132281714657184,False
211,synonymous,Actinomycin_D+IAA,0.0,-1.5954668434880275,False
211,synonymous,Cobalt_Chloride+IAA,0.0,-1.9267811185737052,False
211,synonymous,Galactose+IAA,0.0,-0.8970057364947123,False
211,synonymous,MMS+IAA,0.0,-1.3386654037650105,False
211,synonymous,Rapamycin+IAA,0.0,-1.4123222115634588,False
211,synonymous,Sorbitol+IAA,0.0,-0.8681038132227725,False
211,synonymous,YPD,0.0,-10.775096352939157,False
211,synonymous,YPD+IAA,0.0,-5.198627512458897,False
212,missense,Actinomycin_D+IAA,0.0,-1.1045596518555894,False
212,missense,Cobalt_Chloride+IAA,0.0,-1.099277048171325,False
212,missense,Galactose+IAA,0.0,-0.44635106709083633,False
212,missense,MMS+IAA,0.0,-0.26850034291825225,False
212,missense,Rapamycin+IAA,0.0,-0.15834066253403825,False
212,missense,Sorbitol+IAA,0.0,-0.45872441429169786,False
212,missense,YPD,0.0,-11.741467985094602,False
212,missense,YPD+IAA,0.0,-2.281854667058507,False
212,synonymous,Actinomycin_D+IAA,0.0,-2.5663371938646704,False
212,synonymous,Cobalt_Chloride+IAA,0.0,-5.292633288478241,False
212,synonymous,Galactose+IAA,0.0,-2.7692875808618966,False
212,synonymous,MMS+IAA,0.0,0.2596733608711215,False
212,synonymous,Rapamycin+IAA,0.0,-0.37022004422460547,False
212,synonymous,Sorbitol+IAA,0.0,-13.32330303468538,True
212,synonymous,YPD,0.0,-10.920913672783016,False
212,synonymous,YPD+IAA,0.0,-3.103676811241834,False
213,missense,Actinomycin_D+IAA,0.0,-0.8002009194620827,False
213,missense,Cobalt_Chloride+IAA,0.0,-1.0874833513124849,False
213,missense,Galactose+IAA,0.0,-0.4658876261104631,False
213,missense,MMS+IAA,0.0,0.2283290331690136,False
213,missense,Rapamycin+IAA,0.0,-0.11961017844568159,False
213,missense,Sorbitol+IAA,0.0,-0.5725665243772489,False
213,missense,YPD,0.0,-11.005986461260255,False
213,missense,YPD+IAA,0.0,-2.747155636991673,False
214,missense,Actinomycin_D+IAA,0.0,0.2890597957065031,False
214,missense,Cobalt_Chloride+IAA,0.0,-1.1108866388956333,False
214,missense,Galactose+IAA,0.0,-0.1457034712219321,False
214,missense,MMS+IAA,0.0,-0.2949806584151699,False
214,missense,Rapamycin+IAA,0.0,-2.409324428915889,False
214,missense,Sorbitol+IAA,0.0,-0.09555316835026977,False
214,missense,YPD,0.0,-11.250335579935152,False
214,missense,YPD+IAA,0.0,-2.611211702725382,False
214,synonymous,Actinomycin_D+IAA,0.0,-0.47201179799340653,False
214,synonymous,Cobalt_Chloride+IAA,0.0,-0.6826219478411987,False
214,synonymous,Galactose+IAA,0.0,0.5075901497456333,False
214,synonymous,MMS+IAA,0.0,0.028305529957216913,False
214,synonymous,Rapamycin+IAA,0.0,-0.04848315893092128,False
214,synonymous,Sorbitol+IAA,0.0,-0.33541148042015495,False
214,synonymous,YPD,0.0,-10.969589911502087,False
214,synonymous,YPD+IAA,0.0,-3.7423557469268913,False
215,missense,Actinomycin_D+IAA,0.0,0.014833957753012494,False
215,missense,Cobalt_Chloride+IAA,0.0,-0.01468838945526562,False
215,missense,Galactose+IAA,0.0,-0.13734576137156768,False
215,missense,MMS+IAA,0.0,0.1274232670108307,False
215,missense,Rapamycin+IAA,0.0,-0.08779978580996524,False
215,missense,Sorbitol+IAA,0.0,-0.19157481838052448,False
215,missense,YPD,0.0,-11.331752866865056,False
215,missense,YPD+IAA,0.0,-1.030184664802956,False
215,synonymous,Actinomycin_D+IAA,0.0,-0.6395296434497355,False
215,synonymous,Cobalt_Chloride+IAA,0.0,-1.3216506846872593,False
215,synonymous,Galactose+IAA,0.0,-0.06852325476858359,False
215,synonymous,MMS+IAA,0.0,-0.042517303268607164,False
215,synonymous,Rapamycin+IAA,0.0,-0.9016890193133508,False
215,synonymous,Sorbitol+IAA,0.0,-1.2198086957923646,False
215,synonymous,YPD,0.0,-8.304711789864395,False
215,synonymous,YPD+IAA,0.0,-4.6525212216046885,False
216,missense,Actinomycin_D+IAA,0.0,-0.39337225845673673,False
216,missense,Cobalt_Chloride+IAA,0.0,-0.8299647598472686,False
216,missense,Galactose+IAA,0.0,-1.1778961456687775,False
216,missense,MMS+IAA,0.0,-0.7156432250760371,False
216,missense,Rapamycin+IAA,0.0,-0.21066844961534414,False
216,missense,Sorbitol+IAA,0.0,-0.9694629139527519,False
216,missense,YPD,0.0,-11.410435733603984,False
216,missense,YPD+IAA,0.0,-3.7845806935891466,False
216,synonymous,Actinomycin_D+IAA,0.0,0.012907295932949547,False
216,synonymous,Cobalt_Chloride+IAA,0.0,0.26075398734241856,False
216,synonymous,Galactose+IAA,0.0,0.16846755935964047,False
216,synonymous,MMS+IAA,0.0,0.055818098045922436,False
216,synonymous,Rapamycin+IAA,0.0,-0.14599509513252296,False
216,synonymous,Sorbitol+IAA,0.0,-0.14578134040897317,False
216,synonymous,YPD,0.0,-11.706290197355756,False
216,synonymous,YPD+IAA,0.0,-1.711842609388461,False
217,missense,Actinomycin_D+IAA,0.0,0.23312308923372965,False
217,missense,Cobalt_Chloride+IAA,0.0,-1.620364765496463,False
217,missense,Galactose+IAA,0.0,-0.2172505999739717,False
217,missense,MMS+IAA,0.0,-0.057704951978916445,False
217,missense,Rapamycin+IAA,0.0,-0.9562706558189862,False
217,missense,Sorbitol+IAA,0.0,-0.4994189968160453,False
217,missense,YPD,0.0,-11.54315192938899,False
217,missense,YPD+IAA,0.0,-3.0345855386378022,False
217,synonymous,Actinomycin_D+IAA,0.0,0.1422156651192916,False
217,synonymous,Cobalt_Chloride+IAA,0.0,-0.24925107726129075,False
217,synonymous,Galactose+IAA,0.0,0.033299988196427925,False
217,synonymous,MMS+IAA,0.0,0.10938960717723298,False
217,synonymous,Rapamycin+IAA,0.0,0.3087856024446394,False
217,synonymous,Sorbitol+IAA,0.0,-0.05936096671703427,False
217,synonymous,YPD,0.0,-10.975276022200879,False
217,synonymous,YPD+IAA,0.0,-1.87067828427523,False
218,missense,Actinomycin_D+IAA,0.0,-0.05755041357567939,False
218,missense,Cobalt_Chloride+IAA,0.0,-0.06161862444597009,False
218,missense,Galactose+IAA,0.0,-0.3166942440084622,False
218,missense,MMS+IAA,0.0,-0.36186964612882805,False
218,missense,Rapamycin+IAA,0.0,-0.8836779812763722,False
218,missense,Sorbitol+IAA,0.0,-0.45451027667249977,False
218,missense,YPD,0.0,-10.736074004132066,False
218,missense,YPD+IAA,0.0,-6.208816540987679,False
218,synonymous,Actinomycin_D+IAA,0.0,-10.480369390137536,False
218,synonymous,Cobalt_Chloride+IAA,0.0,-21.40834595256001,True
218,synonymous,Galactose+IAA,0.0,-11.602333508138823,False
218,synonymous,MMS+IAA,0.0,-9.628002865723175,False
218,synonymous,Rapamycin+IAA,0.0,0.0446428113567152,False
218,synonymous,Sorbitol+IAA,0.0,-3.2169187941076527,False
218,synonymous,YPD,0.0,-10.135135847330856,False
218,synonymous,YPD+IAA,0.0,-20.05072151977289,True
219,missense,Actinomycin_D+IAA,0.0,0.19106146760420695,False
219,missense,Cobalt_Chloride+IAA,0.0,-0.09593298605222793,False
219,missense,Galactose+IAA,0.0,0.14622588729001923,False
219,missense,MMS+IAA,0.0,-0.11001285088407071,False
219,missense,Rapamycin+IAA,0.0,0.04667599582534906,False
219,missense,Sorbitol+IAA,0.0,-0.060681002891140284,False
219,missense,YPD,0.0,-11.595424307694735,False
219,missense,YPD+IAA,0.0,-0.6231648569510329,False
219,synonymous,Actinomycin_D+IAA,0.0,0.39565895230469794,False
219,synonymous,Cobalt_Chloride+IAA,0.0,-0.3742722669286853,False
219,synonymous,Galactose+IAA,0.0,-0.34019413383596175,False
219,synonymous,MMS+IAA,0.0,0.0422054872627661,False
219,synonymous,Rapamycin+IAA,0.0,-0.6190042077813244,False
219,synonymous,Sorbitol+IAA,0.0,0.20243295481525178,False
219,synonymous,YPD,0.0,-11.459960233916478,False
219,synonymous,YPD+IAA,0.0,-1.5388846682378936,False
220,missense,Actinomycin_D+IAA,0.0,-0.5895928615802796,False
220,missense,Cobalt_Chloride+IAA,0.0,-1.554900314231175,False
220,missense,Galactose+IAA,0.0,-0.5021811363002241,False
220,missense,MMS+IAA,0.0,-1.7649176016140624,False
220,missense,Rapamycin+IAA,0.0,-1.7257145058617265,False
220,missense,Sorbitol+IAA,0.0,-1.350727452547362,False
220,missense,YPD,0.0,-12.2200513745455,False
220,missense,YPD+IAA,0.0,-1.7963440454815256,False
220,synonymous,Actinomycin_D+IAA,0.0,-0.9975933130038922,False
220,synonymous,Cobalt_Chloride+IAA,0.0,-1.6467533688175446,False
220,synonymous,Galactose+IAA,0.0,-0.2631309623841512,False
220,synonymous,MMS+IAA,0.0,-0.7371790746014,False
220,synonymous,Rapamycin+IAA,0.0,-1.5886634921733735,False
220,synonymous,Sorbitol+IAA,0.0,-1.2089267491256657,False
220,synonymous,YPD,0.0,-10.546861768984288,False
220,synonymous,YPD+IAA,0.0,-1.862600596197927,False
221,missense,Actinomycin_D+IAA,0.0,-10.809377872287307,False
221,missense,Cobalt_Chloride+IAA,0.0,-10.355980460275779,False
221,missense,Galactose+IAA,0.0,-10.397719571484991,False
221,missense,MMS+IAA,0.0,0.12001435328563251,False
221,missense,Rapamycin+IAA,0.0,-0.21613961493393663,False
221,missense,Sorbitol+IAA,0.0,-1.9234095891143068,False
221,missense,YPD,0.0,-20.486962368660105,True
221,missense,YPD+IAA,0.0,-9.838204866332795,False
221,synonymous,Actinomycin_D+IAA,0.0,-0.7654999488666158,False
221,synonymous,Cobalt_Chloride+IAA,0.0,-0.6985065117063272,False
221,synonymous,Galactose+IAA,0.0,-0.4661561488263139,False
221,synonymous,MMS+IAA,0.0,0.12124088814235233,False
221,synonymous,Rapamycin+IAA,0.0,0.17897920163185285,False
221,synonymous,Sorbitol+IAA,0.0,-0.08939295154559741,False
221,synonymous,YPD,0.0,-11.857487824142362,False
221,synonymous,YPD+IAA,0.0,-1.1725211869188328,False
222,missense,Actinomycin_D+IAA,0.0,-0.701833280672562,False
222,missense,Cobalt_Chloride+IAA,0.0,-0.2796338254057942,False
222,missense,Galactose+IAA,0.0,-0.020031570136658485,False
222,missense,MMS+IAA,0.0,-0.25401364134772564,False
222,missense,Rapamycin+IAA,0.0,0.22868203887721517,False
222,missense,Sorbitol+IAA,0.0,-0.7843421511292851,False
222,missense,YPD,0.0,-11.130250736785007,False
222,missense,YPD+IAA,0.0,-4.902170490873019,False
222,synonymous,Actinomycin_D+IAA,0.0,-3.016037785311252,False
222,synonymous,Cobalt_Chloride+IAA,0.0,-1.727755955405944,False
222,synonymous,Galactose+IAA,0.0,-0.1373057465848784,False
222,synonymous,MMS+IAA,0.0,-0.20403447228540042,False
222,synonymous,Rapamycin+IAA,0.0,-0.7130740851713462,False
222,synonymous,Sorbitol+IAA,0.0,-0.003262652245259623,False
222,synonymous,YPD,0.0,-10.851804975876593,False
222,synonymous,YPD+IAA,0.0,-2.3307461188744063,False
223,synonymous,Actinomycin_D+IAA,0.0,-0.24013735206350342,False
223,synonymous,Cobalt_Chloride+IAA,0.0,0.14775739403353352,False
223,synonymous,Galactose+IAA,0.0,-1.5283058581245004,False
223,synonymous,MMS+IAA,0.0,-0.13187749063347665,False
223,synonymous,Rapamycin+IAA,0.0,0.41147389933485384,False
223,synonymous,Sorbitol+IAA,0.0,-0.326102907858684,False
223,synonymous,YPD,0.0,-11.365147887820864,False
223,synonymous,YPD+IAA,0.0,-0.841109593873976,False
224,missense,Actinomycin_D+IAA,0.0,-0.644595048564649,False
224,missense,Cobalt_Chloride+IAA,0.0,-0.1559473895843707,False
224,missense,Galactose+IAA,0.0,-0.14142210114435153,False
224,missense,MMS+IAA,0.0,-0.1333248925402525,False
224,missense,Rapamycin+IAA,0.0,-0.0627508241656792,False
224,missense,Sorbitol+IAA,0.0,-0.5055673101253038,False
224,missense,YPD,0.0,-11.23916450217462,False
224,missense,YPD+IAA,0.0,-0.6747798744744553,False
224,synonymous,Actinomycin_D+IAA,0.0,-0.0018942386259332249,False
224,synonymous,Cobalt_Chloride+IAA,0.0,-0.3391859769341135,False
224,synonymous,Galactose+IAA,0.0,-1.1073814516161418,False
224,synonymous,MMS+IAA,0.0,0.06438121434777852,False
224,synonymous,Rapamycin+IAA,0.0,-0.24936624266190918,False
224,synonymous,Sorbitol+IAA,0.0,0.18331419476442332,False
224,synonymous,YPD,0.0,-11.188514751846533,False
224,synonymous,YPD+IAA,0.0,-1.0871874191372033,False
225,missense,Actinomycin_D+IAA,0.0,-12.225373195517188,False
225,missense,Cobalt_Chloride+IAA,0.0,-1.7746231307774902,False
225,missense,Galactose+IAA,0.0,-11.287103725137309,False
225,missense,MMS+IAA,0.0,-0.03763584192947865,False
225,missense,Rapamycin+IAA,0.0,-2.7739086037233593,False
225,missense,Sorbitol+IAA,0.0,-0.37691615681408147,False
225,missense,YPD,0.0,-9.722857190226884,False
225,missense,YPD+IAA,0.0,-10.051130475200834,False
226,missense,Actinomycin_D+IAA,0.0,-4.000314538557492,False
226,missense,Cobalt_Chloride+IAA,0.0,-4.2443123741652435,False
226,missense,Galactose+IAA,0.0,-5.550485176700542,False
226,missense,MMS+IAA,0.0,-5.350331816393499,False
226,missense,Rapamycin+IAA,0.0,-5.437715377010087,False
226,missense,Sorbitol+IAA,0.0,-5.659199668293069,False
226,missense,YPD,0.0,-11.16994057442645,False
226,missense,YPD+IAA,0.0,-6.206426837105637,False
226,synonymous,Actinomycin_D+IAA,0.0,-1.811057052095129,False
226,synonymous,Cobalt_Chloride+IAA,0.0,-1.3667827624973623,False
226,synonymous,Galactose+IAA,0.0,-0.7660402321270324,False
226,synonymous,MMS+IAA,0.0,-0.3096457473728097,False
226,synonymous,Rapamycin+IAA,0.0,-0.5474702015696724,False
226,synonymous,Sorbitol+IAA,0.0,-0.5458820817291922,False
226,synonymous,YPD,0.0,-6.089382074854674,False
226,synonymous,YPD+IAA,0.0,-3.939900631090074,False
227,missense,Actinomycin_D+IAA,0.0,-0.3882110568417542,False
227,missense,Cobalt_Chloride+IAA,0.0,-1.455204152627442,False
227,missense,Galactose+IAA,0.0,-0.6247689396195462,False
227,missense,MMS+IAA,0.0,-0.24899479607970368,False
227,missense,Rapamycin+IAA,0.0,-0.10243385182429077,False
227,missense,Sorbitol+IAA,0.0,-0.6351397463348433,False
227,missense,YPD,0.0,-10.919924674370325,False
227,missense,YPD+IAA,0.0,-3.452608521932896,False
228,missense,Actinomycin_D+IAA,0.0,-0.3994578770928454,False
228,missense,Cobalt_Chloride+IAA,0.0,-0.9233096983908177,False
228,missense,Galactose+IAA,0.0,-0.4639516225517108,False
228,missense,MMS+IAA,0.0,-1.04065786686762,False
228,missense,Rapamycin+IAA,0.0,-0.6655068895225856,False
228,missense,Sorbitol+IAA,0.0,0.2870018952465958,False
228,missense,YPD,0.0,-11.216319412019628,False
228,missense,YPD+IAA,0.0,-1.1315122837680303,False
228,synonymous,Actinomycin_D+IAA,0.0,-2.8199110521065793,False
228,synonymous,Cobalt_Chloride+IAA,0.0,-0.8831052336604013,False
228,synonymous,Galactose+IAA,0.0,-3.84036998401078,False
228,synonymous,MMS+IAA,0.0,-0.5843245489773907,False
228,synonymous,Rapamycin+IAA,0.0,-0.5494007894974413,False
228,synonymous,Sorbitol+IAA,0.0,-1.2148592505074616,False
228,synonymous,YPD,0.0,-11.650434392247604,False
228,synonymous,YPD+IAA,0.0,-3.0294541051526482,False
229,missense,Actinomycin_D+IAA,0.0,-1.036934891864164,False
229,missense,Cobalt_Chloride+IAA,0.0,0.8054338747629977,False
229,missense,Galactose+IAA,0.0,-0.2819327254421779,False
229,missense,MMS+IAA,0.0,-0.7262923035418203,False
229,missense,Rapamycin+IAA,0.0,-0.04315762638116807,False
229,missense,Sorbitol+IAA,0.0,-0.22014487297726704,False
229,missense,YPD,0.0,-10.59507376558739,False
229,missense,YPD+IAA,0.0,-0.6086298327645158,False
230,missense,Actinomycin_D+IAA,0.0,-10.536113194166818,False
230,missense,Cobalt_Chloride+IAA,0.0,0.6135019768217538,False
230,missense,Galactose+IAA,0.0,-0.040804151670974405,False
230,missense,MMS+IAA,0.0,1.015316938954309,False
230,missense,Rapamycin+IAA,0.0,0.8974574759550127,False
230,missense,Sorbitol+IAA,0.0,0.8227300918424513,False
230,missense,YPD,0.0,-9.921761344007605,False
230,missense,YPD+IAA,0.0,-1.9385424591438474,False
231,missense,Actinomycin_D+IAA,0.0,-0.08606305996009352,False
231,missense,Cobalt_Chloride+IAA,0.0,0.17320393328783784,False
231,missense,Galactose+IAA,0.0,0.14835381159421007,False
231,missense,MMS+IAA,0.0,0.127682513057726,False
231,missense,Rapamycin+IAA,0.0,-0.015268207574823852,False
231,missense,Sorbitol+IAA,0.0,0.05392604589201191,False
231,missense,YPD,0.0,-11.375442255805533,False
231,missense,YPD+IAA,0.0,-1.7094199209559031,False
231,synonymous,Actinomycin_D+IAA,0.0,-2.040553435675578,False
231,synonymous,Cobalt_Chloride+IAA,0.0,-0.37823339740911116,False
231,synonymous,Galactose+IAA,0.0,-2.482470272959001,False
231,synonymous,MMS+IAA,0.0,-2.1782646195627877,False
231,synonymous,Rapamycin+IAA,0.0,-0.0782666262770566,False
231,synonymous,Sorbitol+IAA,0.0,-1.7575219712991597,False
231,synonymous,YPD,0.0,-10.968586828329713,False
231,synonymous,YPD+IAA,0.0,-5.032350310867372,False
232,missense,Actinomycin_D+IAA,0.0,-0.36017172254881274,False
232,missense,Cobalt_Chloride+IAA,0.0,-0.8051890909122168,False
232,missense,Galactose+IAA,0.0,-2.4322389501360835,False
232,missense,MMS+IAA,0.0,0.06390133324952499,False
232,missense,Rapamycin+IAA,0.0,0.11545615759838361,False
232,missense,Sorbitol+IAA,0.0,-1.0890526845758557,False
232,missense,YPD,0.0,-11.08433427729973,False
232,missense,YPD+IAA,0.0,-1.1342972136931546,False
232,synonymous,Actinomycin_D+IAA,0.0,-6.076319694354413,False
232,synonymous,Cobalt_Chloride+IAA,0.0,-7.378114017158726,False
232,synonymous,Galactose+IAA,0.0,-3.4422736828606637,False
232,synonymous,MMS+IAA,0.0,-0.07371719960777959,False
232,synonymous,Rapamycin+IAA,0.0,-2.6166316074025415,False
232,synonymous,Sorbitol+IAA,0.0,-1.9400146420144961,False
232,synonymous,YPD,0.0,-10.777901725881133,False
232,synonymous,YPD+IAA,0.0,-5.980919971544235,False
233,missense,Actinomycin_D+IAA,0.0,-1.553276050159512,False
233,missense,Cobalt_Chloride+IAA,0.0,-0.29079842599466116,False
233,missense,Galactose+IAA,0.0,-1.037198585294332,False
233,missense,MMS+IAA,0.0,-0.1308943642573665,False
233,missense,Rapamycin+IAA,0.0,-1.1547378629535914,False
233,missense,Sorbitol+IAA,0.0,0.018320915856078288,False
233,missense,YPD,0.0,-10.893728926311377,False
233,missense,YPD+IAA,0.0,-1.4041747043619976,False
233,synonymous,Actinomycin_D+IAA,0.0,-1.8273244270653362,False
233,synonymous,Cobalt_Chloride+IAA,0.0,-0.4056394080454953,False
233,synonymous,Galactose+IAA,0.0,-0.33067302112772917,False
233,synonymous,MMS+IAA,0.0,0.17733272971135838,False
233,synonymous,Rapamycin+IAA,0.0,-4.352714477816244,False
233,synonymous,Sorbitol+IAA,0.0,-4.234259694382237,False
233,synonymous,YPD,0.0,-11.614589197587513,False
233,synonymous,YPD+IAA,0.0,-5.40301431275504,False
234,missense,Actinomycin_D+IAA,0.0,-0.3568081587556523,False
234,missense,Cobalt_Chloride+IAA,0.0,0.07526157190456845,False
234,missense,Galactose+IAA,0.0,-0.35571089232155445,False
234,missense,MMS+IAA,0.0,-0.33488311942824495,False
234,missense,Rapamycin+IAA,0.0,-2.154307867485874,False
234,missense,Sorbitol+IAA,0.0,0.3533263509317213,False
234,missense,YPD,0.0,-11.102628496189014,False
234,missense,YPD+IAA,0.0,-1.0047353771065664,False
234,synonymous,Actinomycin_D+IAA,0.0,-0.9331514328807331,False
234,synonymous,Cobalt_Chloride+IAA,0.0,-5.899292790151071,False
234,synonymous,Galactose+IAA,0.0,-2.8875852759617318,False
234,synonymous,MMS+IAA,0.0,-0.41339777276474743,False
234,synonymous,Rapamycin+IAA,0.0,-3.151313569573079,False
234,synonymous,Sorbitol+IAA,0.0,-2.7002311057399875,False
234,synonymous,YPD,0.0,-11.828464196207745,False
234,synonymous,YPD+IAA,0.0,-10.902840308595529,False
235,missense,Actinomycin_D+IAA,0.0,-0.9466799543276538,False
235,missense,Cobalt_Chloride+IAA,0.0,-0.9641357338731619,False
235,missense,Galactose+IAA,0.0,-1.706333566201623,False
235,missense,MMS+IAA,0.0,-1.014273636543372,False
235,missense,Rapamycin+IAA,0.0,0.17861878790043503,False
235,missense,Sorbitol+IAA,0.0,-0.7643971165068387,False
235,missense,YPD,0.0,-11.558701751834338,False
235,missense,YPD+IAA,0.0,-1.531884750165008,False
235,synonymous,Actinomycin_D+IAA,0.0,-0.8156455705072206,False
235,synonymous,Cobalt_Chloride+IAA,0.0,-0.9641273811417925,False
235,synonymous,Galactose+IAA,0.0,-0.4550177545380581,False
235,synonymous,MMS+IAA,0.0,-0.07470264034189425,False
235,synonymous,Rapamycin+IAA,0.0,-0.4299459141756218,False
235,synonymous,Sorbitol+IAA,0.0,-0.3129110910318185,False
235,synonymous,YPD,0.0,-9.311249271313347,False
235,synonymous,YPD+IAA,0.0,-2.620857457257922,False
236,missense,Actinomycin_D+IAA,0.0,0.0858655776948612,False
236,missense,Cobalt_Chloride+IAA,0.0,-1.8579849748848738,False
236,missense,Galactose+IAA,0.0,-0.3811953299167457,False
236,missense,MMS+IAA,0.0,-0.23694273766931,False
236,missense,Rapamycin+IAA,0.0,-0.6252776828836226,False
236,missense,Sorbitol+IAA,0.0,0.017374275184829854,False
236,missense,YPD,0.0,-11.540455145952315,False
236,missense,YPD+IAA,0.0,-1.9061046676018474,False
236,synonymous,Actinomycin_D+IAA,0.0,-0.20175852617658743,False
236,synonymous,Cobalt_Chloride+IAA,0.0,-0.2953248717425824,False
236,synonymous,Galactose+IAA,0.0,-0.47978778843481124,False
236,synonymous,MMS+IAA,0.0,-0.2077536119848137,False
236,synonymous,Rapamycin+IAA,0.0,-0.30963007304129897,False
236,synonymous,Sorbitol+IAA,0.0,-0.27250344360848633,False
236,synonymous,YPD,0.0,-5.122143989203137,False
236,synonymous,YPD+IAA,0.0,-2.3720639315253216,False
237,missense,Actinomycin_D+IAA,0.0,-0.6353020563643655,False
237,missense,Cobalt_Chloride+IAA,0.0,-0.38334470666136816,False
237,missense,Galactose+IAA,0.0,-0.780015492370699,False
237,missense,MMS+IAA,0.0,-1.0072774824993178,False
237,missense,Rapamycin+IAA,0.0,-2.53162084474126,False
237,missense,Sorbitol+IAA,0.0,-0.2725107498551933,False
237,missense,YPD,0.0,-12.272698752538744,False
237,missense,YPD+IAA,0.0,-5.003512286255347,False
237,synonymous,Actinomycin_D+IAA,0.0,-1.0296102745004354,False
237,synonymous,Cobalt_Chloride+IAA,0.0,-0.8292899101694909,False
237,synonymous,Galactose+IAA,0.0,-0.9904515669128415,False
237,synonymous,MMS+IAA,0.0,-1.4156265250258226,False
237,synonymous,Rapamycin+IAA,0.0,-1.288824069831334,False
237,synonymous,Sorbitol+IAA,0.0,-0.3867684993346971,False
237,synonymous,YPD,0.0,-10.914905017425603,False
237,synonymous,YPD+IAA,0.0,-0.9730231742787107,False
238,missense,Actinomycin_D+IAA,0.0,-11.013260480447027,False
238,missense,Cobalt_Chloride+IAA,0.0,-11.057634337762279,False
238,missense,Galactose+IAA,0.0,-0.8355122664294434,False
238,missense,MMS+IAA,0.0,-10.537909606759404,False
238,missense,Rapamycin+IAA,0.0,-1.040227319417158,False
238,missense,Sorbitol+IAA,0.0,-9.873734377203835,False
238,missense,YPD,0.0,-9.843285794691182,False
238,missense,YPD+IAA,0.0,-9.944511021779586,False
238,synonymous,Actinomycin_D+IAA,0.0,-0.24700464632404087,False
238,synonymous,Cobalt_Chloride+IAA,0.0,0.4459693465314123,False
238,synonymous,Galactose+IAA,0.0,0.05935800547071618,False
238,synonymous,MMS+IAA,0.0,0.10006036706736025,False
238,synonymous,Rapamycin+IAA,0.0,0.3281386262324659,False
238,synonymous,Sorbitol+IAA,0.0,-0.23454484434089556,False
238,synonymous,YPD,0.0,-11.499418838361843,False
238,synonymous,YPD+IAA,0.0,-0.8439606545738827,False
239,missense,Actinomycin_D+IAA,0.0,-1.5787362608307904,False
239,missense,Cobalt_Chloride+IAA,0.0,-1.7799754493029025,False
239,missense,Galactose+IAA,0.0,0.10514114749277788,False
239,missense,MMS+IAA,0.0,0.3224948677537019,False
239,missense,Rapamycin+IAA,0.0,0.29266730823001064,False
239,missense,Sorbitol+IAA,0.0,-1.6961409004492038,False
239,missense,YPD,0.0,-10.836293495220382,False
239,missense,YPD+IAA,0.0,-3.7242558496483147,False
239,synonymous,Actinomycin_D+IAA,0.0,0.6573063074619367,False
239,synonymous,Cobalt_Chloride+IAA,0.0,-0.9278353463084033,False
239,synonymous,Galactose+IAA,0.0,-0.20558899517334833,False
239,synonymous,MMS+IAA,0.0,0.16805675613259038,False
239,synonymous,Rapamycin+IAA,0.0,-0.9676059239648915,False
239,synonymous,Sorbitol+IAA,0.0,0.23376182857824257,False
239,synonymous,YPD,0.0,-12.225287775577609,False
239,synonymous,YPD+IAA,0.0,-1.0897383040742612,False
240,missense,Actinomycin_D+IAA,0.0,-0.17721935325129834,False
240,missense,Cobalt_Chloride+IAA,0.0,0.09741796383795565,False
240,missense,Galactose+IAA,0.0,0.1496113471823236,False
240,missense,MMS+IAA,0.0,-0.20277062289858597,False
240,missense,Rapamycin+IAA,0.0,0.33402335327677274,False
240,missense,Sorbitol+IAA,0.0,-0.12170360164615132,False
240,missense,YPD,0.0,-10.766556691126791,False
240,missense,YPD+IAA,0.0,-1.147090552983266,False
240,synonymous,Actinomycin_D+IAA,0.0,-0.2799073703570966,False
240,synonymous,Cobalt_Chloride+IAA,0.0,-0.946140500111388,False
240,synonymous,Galactose+IAA,0.0,-0.9781763610667253,False
240,synonymous,MMS+IAA,0.0,-0.36641870907651364,False
240,synonymous,Rapamycin+IAA,0.0,-0.1786144912038077,False
240,synonymous,Sorbitol+IAA,0.0,-1.8508352382979014,False
240,synonymous,YPD,0.0,-12.1900376203862,False
240,synonymous,YPD+IAA,0.0,-1.6229263774038767,False
241,missense,Actinomycin_D+IAA,0.0,-0.395057217705118,False
241,missense,Cobalt_Chloride+IAA,0.0,-0.09733993225028982,False
241,missense,Galactose+IAA,0.0,0.4795227346584288,False
241,missense,MMS+IAA,0.0,0.17425218837864995,False
241,missense,Rapamycin+IAA,0.0,-2.0996646764181404,False
241,missense,Sorbitol+IAA,0.0,0.035193034288360465,False
241,missense,YPD,0.0,-10.700881172413219,False
241,missense,YPD+IAA,0.0,-1.293355427235678,False
241,synonymous,Actinomycin_D+IAA,0.0,-0.31288322705405497,False
241,synonymous,Cobalt_Chloride+IAA,0.0,0.37937893870219264,False
241,synonymous,Galactose+IAA,0.0,0.184161538181414,False
241,synonymous,MMS+IAA,0.0,0.08820673051369864,False
241,synonymous,Rapamycin+IAA,0.0,-1.1595108488860055,False
241,synonymous,Sorbitol+IAA,0.0,0.31405685783493265,False
241,synonymous,YPD,0.0,-11.597344062302021,False
241,synonymous,YPD+IAA,0.0,-1.437011191165583,False
242,missense,Actinomycin_D+IAA,0.0,-0.25206489648952735,False
242,missense,Cobalt_Chloride+IAA,0.0,-0.49860583858640894,False
242,missense,Galactose+IAA,0.0,-1.2483317265709124,False
242,missense,MMS+IAA,0.0,-1.6258495317916233,False
242,missense,Rapamycin+IAA,0.0,0.29440480186680706,False
242,missense,Sorbitol+IAA,0.0,-1.1865846981286603,False
242,missense,YPD,0.0,-12.71898780080105,False
242,missense,YPD+IAA,0.0,-2.341483382517353,False
242,synonymous,Actinomycin_D+IAA,0.0,-6.36946456984624,False
242,synonymous,Cobalt_Chloride+IAA,0.0,-1.5546787681181833,False
242,synonymous,Galactose+IAA,0.0,-1.5361746952346496,False
242,synonymous,MMS+IAA,0.0,0.03667196551588957,False
242,synonymous,Rapamycin+IAA,0.0,-1.9331252277136766,False
242,synonymous,Sorbitol+IAA,0.0,-2.2698579692335383,False
242,synonymous,YPD,0.0,-12.081456115076325,False
242,synonymous,YPD+IAA,0.0,-5.617685340075739,False
243,missense,Actinomycin_D+IAA,0.0,-0.030777997393184625,False
243,missense,Cobalt_Chloride+IAA,0.0,-0.2357667031155126,False
243,missense,Galactose+IAA,0.0,0.12306787421292566,False
243,missense,MMS+IAA,0.0,-0.062340131962044604,False
243,missense,Rapamycin+IAA,0.0,-0.23942498497166778,False
243,missense,Sorbitol+IAA,0.0,-0.2429170771601329,False
243,missense,YPD,0.0,-11.34408679682167,False
243,missense,YPD+IAA,0.0,-1.8594810562571555,False
244,missense,Actinomycin_D+IAA,0.0,0.4999582250588027,False
244,missense,Cobalt_Chloride+IAA,0.0,-1.1449244930291211,False
244,missense,Galactose+IAA,0.0,-0.9321477140560965,False
244,missense,MMS+IAA,0.0,0.0016378825542186096,False
244,missense,Rapamycin+IAA,0.0,0.2836679452067658,False
244,missense,Sorbitol+IAA,0.0,-0.29699760435070927,False
244,missense,YPD,0.0,-11.579554450421192,False
244,missense,YPD+IAA,0.0,-1.93036251145509,False
244,synonymous,Actinomycin_D+IAA,0.0,-9.843114844878107,False
244,synonymous,Cobalt_Chloride+IAA,0.0,-0.42216303033412345,False
244,synonymous,Galactose+IAA,0.0,-10.817296821658694,False
244,synonymous,MMS+IAA,0.0,-10.179531754069831,False
244,synonymous,Rapamycin+IAA,0.0,-10.371464665119511,False
244,synonymous,Sorbitol+IAA,0.0,-0.23823600423453684,False
244,synonymous,YPD,0.0,-10.68129330879091,False
244,synonymous,YPD+IAA,0.0,-10.749706878036596,False
245,synonymous,Actinomycin_D+IAA,0.0,-2.9318701563729155,False
245,synonymous,Cobalt_Chloride+IAA,0.0,-1.7952335734775002,False
245,synonymous,Galactose+IAA,0.0,-2.686320222498653,False
245,synonymous,MMS+IAA,0.0,-2.577186351075502,False
245,synonymous,Rapamycin+IAA,0.0,-2.2320192366656326,False
245,synonymous,Sorbitol+IAA,0.0,-2.7642163025290927,False
245,synonymous,YPD,0.0,-11.913138984396696,False
245,synonymous,YPD+IAA,0.0,-3.3620748312098203,False
247,missense,Actinomycin_D+IAA,0.0,-0.8918377997281274,False
247,missense,Cobalt_Chloride+IAA,0.0,-0.1458582766734157,False
247,missense,Galactose+IAA,0.0,-0.7567481134917741,False
247,missense,MMS+IAA,0.0,-0.3113334692128942,False
247,missense,Rapamycin+IAA,0.0,-0.9265675125657878,False
247,missense,Sorbitol+IAA,0.0,-0.9784301536471207,False
247,missense,YPD,0.0,-5.491022167405408,False
247,missense,YPD+IAA,0.0,-1.1931655162736976,False
247,synonymous,Actinomycin_D+IAA,0.0,0.09219572974047126,False
247,synonymous,Cobalt_Chloride+IAA,0.0,-0.4958742137976332,False
247,synonymous,Galactose+IAA,0.0,-0.2990137738792541,False
247,synonymous,MMS+IAA,0.0,0.19864523804924397,False
247,synonymous,Rapamycin+IAA,0.0,0.37117749317863485,False
247,synonymous,Sorbitol+IAA,0.0,0.16110745749988256,False
247,synonymous,YPD,0.0,-10.166434665655832,False
247,synonymous,YPD+IAA,0.0,-1.4589915367724764,False
248,missense,Actinomycin_D+IAA,0.0,0.3070170774953266,False
248,missense,Cobalt_Chloride+IAA,0.0,-0.25395335478734016,False
248,missense,Galactose+IAA,0.0,-0.08931598147987142,False
248,missense,MMS+IAA,0.0,0.17137794211201612,False
248,missense,Rapamycin+IAA,0.0,0.06240736080909739,False
248,missense,Sorbitol+IAA,0.0,-0.7026055032994897,False
248,missense,YPD,0.0,-11.17572993248854,False
248,missense,YPD+IAA,0.0,-11.130749574111231,False
251,missense,Actinomycin_D+IAA,0.0,-0.16904518518889594,False
251,missense,Cobalt_Chloride+IAA,0.0,-0.5710842652019266,False
251,missense,Galactose+IAA,0.0,-0.1178360638704814,False
251,missense,MMS+IAA,0.0,0.12687314657672813,False
251,missense,Rapamycin+IAA,0.0,0.08646932922468256,False
251,missense,Sorbitol+IAA,0.0,-0.1619414755461822,False
251,missense,YPD,0.0,-12.204307693216126,False
251,missense,YPD+IAA,0.0,-1.072943029833856,False
251,synonymous,Actinomycin_D+IAA,0.0,-6.435564520350019,False
251,synonymous,Cobalt_Chloride+IAA,0.0,-3.05221115406259,False
251,synonymous,Galactose+IAA,0.0,-3.155641232524383,False
251,synonymous,MMS+IAA,0.0,-1.725134823588321,False
251,synonymous,Rapamycin+IAA,0.0,-1.1288188023510106,False
251,synonymous,Sorbitol+IAA,0.0,-3.2917752866892287,False
251,synonymous,YPD,0.0,-10.904365024132797,False
251,synonymous,YPD+IAA,0.0,-9.79402113024902,False
252,missense,Actinomycin_D+IAA,0.0,-10.285884290746415,False
252,missense,Cobalt_Chloride+IAA,0.0,-9.417420053128948,False
252,missense,Galactose+IAA,0.0,-20.857417276533265,True
252,missense,MMS+IAA,0.0,-11.195693838618457,False
252,missense,Rapamycin+IAA,0.0,0.41703594345131084,False
252,missense,Sorbitol+IAA,0.0,-0.8288318428097001,False
252,missense,YPD,0.0,-22.05468360217999,True
252,missense,YPD+IAA,0.0,-9.775186104492095,False
253,missense,Actinomycin_D+IAA,0.0,-11.72795584078457,False
253,missense,Cobalt_Chloride+IAA,0.0,-15.255655894063663,True
253,missense,Galactose+IAA,0.0,-7.709955144453296,False
253,missense,MMS+IAA,0.0,0.17760608310449366,False
253,missense,Rapamycin+IAA,0.0,-0.7719802008514207,False
253,missense,Sorbitol+IAA,0.0,-0.5273561156390956,False
253,missense,YPD,0.0,-10.343166780945323,False
253,missense,YPD+IAA,0.0,-5.2457865313486565,False
253,synonymous,Actinomycin_D+IAA,0.0,0.05036459408402484,False
253,synonymous,Cobalt_Chloride+IAA,0.0,-0.717777913755495,False
253,synonymous,Galactose+IAA,0.0,-0.5142566736950738,False
253,synonymous,MMS+IAA,0.0,-0.12882541724807162,False
253,synonymous,Rapamycin+IAA,0.0,-1.6124045819897268,False
253,synonymous,Sorbitol+IAA,0.0,-1.286041121010431,False
253,synonymous,YPD,0.0,-11.117202500402833,False
253,synonymous,YPD+IAA,0.0,-1.1962367555924496,False
254,missense,Actinomycin_D+IAA,0.0,-0.1124177213756697,False
254,missense,Cobalt_Chloride+IAA,0.0,-2.12050370240914,False
254,missense,Galactose+IAA,0.0,0.1412561837861925,False
254,missense,MMS+IAA,0.0,0.6276472419852336,False
254,missense,Rapamycin+IAA,0.0,0.6159607758061717,False
254,missense,Sorbitol+IAA,0.0,0.2529443909004302,False
254,missense,YPD,0.0,-10.16540515299081,False
254,missense,YPD+IAA,0.0,-10.189451491175086,False
254,synonymous,Actinomycin_D+IAA,0.0,-0.9834980251770864,False
254,synonymous,Cobalt_Chloride+IAA,0.0,0.16212127226083428,False
254,synonymous,Galactose+IAA,0.0,-1.6509255377466392,False
254,synonymous,MMS+IAA,0.0,-0.4602185441692641,False
254,synonymous,Rapamycin+IAA,0.0,-1.4033624157308022,False
254,synonymous,Sorbitol+IAA,0.0,-0.2411621721155828,False
254,synonymous,YPD,0.0,-10.833233536556627,False
254,synonymous,YPD+IAA,0.0,-2.1458169412874692,False
255,missense,Actinomycin_D+IAA,0.0,-0.8109492459429852,False
255,missense,Cobalt_Chloride+IAA,0.0,-1.5435289673468067,False
255,missense,Galactose+IAA,0.0,-0.6059046566654841,False
255,missense,MMS+IAA,0.0,-0.9269618289215014,False
255,missense,Rapamycin+IAA,0.0,0.17391604063288663,False
255,missense,Sorbitol+IAA,0.0,-1.0772764503008896,False
255,missense,YPD,0.0,-11.364948024986008,False
255,missense,YPD+IAA,0.0,-2.0443497435008653,False
255,synonymous,Actinomycin_D+IAA,0.0,-2.4332303405998315,False
255,synonymous,Cobalt_Chloride+IAA,0.0,-0.9492655917728061,False
255,synonymous,Galactose+IAA,0.0,-0.7623460097525577,False
255,synonymous,MMS+IAA,0.0,-0.6174519119753659,False
255,synonymous,Rapamycin+IAA,0.0,-1.320441299255983,False
255,synonymous,Sorbitol+IAA,0.0,-1.2612556367520351,False
255,synonymous,YPD,0.0,-11.19828881723477,False
255,synonymous,YPD+IAA,0.0,-3.840828988233291,False
256,missense,Actinomycin_D+IAA,0.0,-0.13502195114271456,False
256,missense,Cobalt_Chloride+IAA,0.0,-0.03828115813165043,False
256,missense,Galactose+IAA,0.0,0.15768229380994483,False
256,missense,MMS+IAA,0.0,0.2223608274158071,False
256,missense,Rapamycin+IAA,0.0,-0.24249246027587718,False
256,missense,Sorbitol+IAA,0.0,-0.2866741344258283,False
256,missense,YPD,0.0,-11.081491697323823,False
256,missense,YPD+IAA,0.0,-0.6396411154053324,False
256,synonymous,Actinomycin_D+IAA,0.0,-0.3951200926549696,False
256,synonymous,Cobalt_Chloride+IAA,0.0,-0.015373551109499534,False
256,synonymous,Galactose+IAA,0.0,-0.06290286015619481,False
256,synonymous,MMS+IAA,0.0,-0.01633163351482551,False
256,synonymous,Rapamycin+IAA,0.0,0.202280805827786,False
256,synonymous,Sorbitol+IAA,0.0,-0.07482376502411356,False
256,synonymous,YPD,0.0,-11.579290085733358,False
256,synonymous,YPD+IAA,0.0,0.1298895363142256,False
257,missense,Actinomycin_D+IAA,0.0,-1.1198379966288028,False
257,missense,Cobalt_Chloride+IAA,0.0,0.15562200373543797,False
257,missense,Galactose+IAA,0.0,-2.824658049517533,False
257,missense,MMS+IAA,0.0,-0.46132668983384073,False
257,missense,Rapamycin+IAA,0.0,0.6519855334502322,False
257,missense,Sorbitol+IAA,0.0,-0.016997247518641508,False
257,missense,YPD,0.0,-11.17570818192925,False
257,missense,YPD+IAA,0.0,-3.813349472780678,False
257,synonymous,Actinomycin_D+IAA,0.0,-1.63609443639041,False
257,synonymous,Cobalt_Chloride+IAA,0.0,-0.17543327087203292,False
257,synonymous,Galactose+IAA,0.0,-8.361875564172845,False
257,synonymous,MMS+IAA,0.0,0.01422376273529237,False
257,synonymous,Rapamycin+IAA,0.0,0.6887779874686533,False
257,synonymous,Sorbitol+IAA,0.0,-3.5767356111926842,False
257,synonymous,YPD,0.0,-10.097597502244794,False
257,synonymous,YPD+IAA,0.0,-6.865606342386072,False
258,missense,Actinomycin_D+IAA,0.0,-0.7164537173388527,False
258,missense,Cobalt_Chloride+IAA,0.0,-0.34604945462987996,False
258,missense,Galactose+IAA,0.0,-0.3833676237119261,False
258,missense,MMS+IAA,0.0,-0.11116737720823841,False
258,missense,Rapamycin+IAA,0.0,-0.23489838650035896,False
258,missense,Sorbitol+IAA,0.0,-0.5498466196168111,False
258,missense,YPD,0.0,-11.769308572909706,False
258,missense,YPD+IAA,0.0,-1.5282202968123257,False
258,synonymous,Actinomycin_D+IAA,0.0,-0.3154630511095318,False
258,synonymous,Cobalt_Chloride+IAA,0.0,0.18682419513406645,False
258,synonymous,Galactose+IAA,0.0,-0.17368212271340672,False
258,synonymous,MMS+IAA,0.0,0.2047525115330061,False
258,synonymous,Rapamycin+IAA,0.0,-0.03326219917267168,False
258,synonymous,Sorbitol+IAA,0.0,-0.27548048598396674,False
258,synonymous,YPD,0.0,-11.237859323505788,False
258,synonymous,YPD+IAA,0.0,-1.6094993562472726,False
259,missense,Actinomycin_D+IAA,0.0,-0.09034238535807244,False
259,missense,Cobalt_Chloride+IAA,0.0,0.032326230944854185,False
259,missense,Galactose+IAA,0.0,-0.3795949002952257,False
259,missense,MMS+IAA,0.0,-0.07057435945642683,False
259,missense,Rapamycin+IAA,0.0,-0.179415534242849,False
259,missense,Sorbitol+IAA,0.0,0.01532907779024612,False
259,missense,YPD,0.0,-10.909802332901268,False
259,missense,YPD+IAA,0.0,-1.1246874592470877,False
259,synonymous,Actinomycin_D+IAA,0.0,0.11726189127151745,False
259,synonymous,Cobalt_Chloride+IAA,0.0,-1.1374033515195614,False
259,synonymous,Galactose+IAA,0.0,-0.35100512116224525,False
259,synonymous,MMS+IAA,0.0,-0.030881828131851988,False
259,synonymous,Rapamycin+IAA,0.0,-0.38484924397068776,False
259,synonymous,Sorbitol+IAA,0.0,0.019151597988503296,False
259,synonymous,YPD,0.0,-11.391467810526965,False
259,synonymous,YPD+IAA,0.0,-0.9194608042268049,False
260,missense,Actinomycin_D+IAA,0.0,-0.015899109774914513,False
260,missense,Cobalt_Chloride+IAA,0.0,-2.550254723900698,False
260,missense,Galactose+IAA,0.0,-0.4891283712973314,False
260,missense,MMS+IAA,0.0,-0.05474316562781047,False
260,missense,Rapamycin+IAA,0.0,0.34267568683201666,False
260,missense,Sorbitol+IAA,0.0,-0.5522830195338093,False
260,missense,YPD,0.0,-10.274134155050819,False
260,missense,YPD+IAA,0.0,-7.370124453152012,False
260,synonymous,Actinomycin_D+IAA,0.0,-0.5146649428104921,False
260,synonymous,Cobalt_Chloride+IAA,0.0,-0.17759906334745854,False
260,synonymous,Galactose+IAA,0.0,-0.03053327630320468,False
260,synonymous,MMS+IAA,0.0,-0.062256862684717126,False
260,synonymous,Rapamycin+IAA,0.0,0.29021615538037315,False
260,synonymous,Sorbitol+IAA,0.0,-0.15135168762421822,False
260,synonymous,YPD,0.0,-11.976189131134928,False
260,synonymous,YPD+IAA,0.0,-1.3570875033186451,False
261,missense,Actinomycin_D+IAA,0.0,-0.19669426058848588,False
261,missense,Cobalt_Chloride+IAA,0.0,-0.5334704671365869,False
261,missense,Galactose+IAA,0.0,-0.19003477440133923,False
261,missense,MMS+IAA,0.0,0.01780649406791501,False
261,missense,Rapamycin+IAA,0.0,-0.14485504560698872,False
261,missense,Sorbitol+IAA,0.0,-0.5059249669121105,False
261,missense,YPD,0.0,-11.250522256678007,False
261,missense,YPD+IAA,0.0,-3.5937786981873385,False
261,synonymous,Actinomycin_D+IAA,0.0,-1.3520507293552266,False
261,synonymous,Cobalt_Chloride+IAA,0.0,-1.029464611979513,False
261,synonymous,Galactose+IAA,0.0,-1.8512259876715806,False
261,synonymous,MMS+IAA,0.0,-2.1396236366461387,False
261,synonymous,Rapamycin+IAA,0.0,-0.5946121784585218,False
261,synonymous,Sorbitol+IAA,0.0,-1.0674839803058729,False
261,synonymous,YPD,0.0,-10.9708088106317,False
261,synonymous,YPD+IAA,0.0,-1.7583667416767996,False
262,missense,Actinomycin_D+IAA,0.0,-8.35761267718153,False
262,missense,Cobalt_Chloride+IAA,0.0,-1.6587714102660538,False
262,missense,Galactose+IAA,0.0,-5.182117752893015,False
262,missense,MMS+IAA,0.0,-0.7774006912044823,False
262,missense,Rapamycin+IAA,0.0,-5.102648333651559,False
262,missense,Sorbitol+IAA,0.0,-2.934022153249381,False
262,missense,YPD,0.0,-10.248029266511702,False
262,missense,YPD+IAA,0.0,-14.093167507835712,True
262,synonymous,Actinomycin_D+IAA,0.0,-0.032569672147368826,False
262,synonymous,Cobalt_Chloride+IAA,0.0,-0.6611951747367748,False
262,synonymous,Galactose+IAA,0.0,-0.19404901141145767,False
262,synonymous,MMS+IAA,0.0,-0.08453334601427714,False
262,synonymous,Rapamycin+IAA,0.0,-0.4733231404465854,False
262,synonymous,Sorbitol+IAA,0.0,-0.21036247682507037,False
262,synonymous,YPD,0.0,-4.151105349004057,False
262,synonymous,YPD+IAA,0.0,-0.7229156047531883,False
263,missense,Actinomycin_D+IAA,0.0,-0.8258808975346208,False
263,missense,Cobalt_Chloride+IAA,0.0,0.029376457571931646,False
263,missense,Galactose+IAA,0.0,-0.39683469849190167,False
263,missense,MMS+IAA,0.0,0.23069554740982393,False
263,missense,Rapamycin+IAA,0.0,-0.57055845097167,False
263,missense,Sorbitol+IAA,0.0,0.011479000425914883,False
263,missense,YPD,0.0,-11.269058446118454,False
263,missense,YPD+IAA,0.0,-0.9467739039289436,False
263,synonymous,Actinomycin_D+IAA,0.0,-3.5458209532432052,False
263,synonymous,Cobalt_Chloride+IAA,0.0,-3.602191561265478,False
263,synonymous,Galactose+IAA,0.0,-2.428067104559052,False
263,synonymous,MMS+IAA,0.0,-0.4222653303712373,False
263,synonymous,Rapamycin+IAA,0.0,-0.3172878672443117,False
263,synonymous,Sorbitol+IAA,0.0,-0.8193291304089108,False
263,synonymous,YPD,0.0,-11.154134830787678,False
263,synonymous,YPD+IAA,0.0,-8.18570989306354,False
264,missense,Actinomycin_D+IAA,0.0,-0.007015773985480848,False
264,missense,Cobalt_Chloride+IAA,0.0,0.14700278776235765,False
264,missense,Galactose+IAA,0.0,0.02460406502616608,False
264,missense,MMS+IAA,0.0,0.2389174186839674,False
264,missense,Rapamycin+IAA,0.0,-0.1505559225299875,False
264,missense,Sorbitol+IAA,0.0,0.04792241909866855,False
264,missense,YPD,0.0,-11.649257829003899,False
264,missense,YPD+IAA,0.0,-1.8903780158785086,False
264,synonymous,Actinomycin_D+IAA,0.0,-0.24122750526421147,False
264,synonymous,Cobalt_Chloride+IAA,0.0,0.3941863789325298,False
264,synonymous,Galactose+IAA,0.0,-0.11141130264606763,False
264,synonymous,MMS+IAA,0.0,0.08710172228253496,False
264,synonymous,Rapamycin+IAA,0.0,-0.6244317196384416,False
264,synonymous,Sorbitol+IAA,0.0,-0.1463947700119757,False
264,synonymous,YPD,0.0,-10.650768670951209,False
264,synonymous,YPD+IAA,0.0,-3.1008643943551073,False
265,missense,Actinomycin_D+IAA,0.0,0.12179951173928402,False
265,missense,Cobalt_Chloride+IAA,0.0,-0.34294702652839926,False
265,missense,Galactose+IAA,0.0,-0.34863560448344216,False
265,missense,MMS+IAA,0.0,0.13733029106777045,False
265,missense,Rapamycin+IAA,0.0,-0.3604598480897329,False
265,missense,Sorbitol+IAA,0.0,0.23780933352323477,False
265,missense,YPD,0.0,-3.2629954458977144,False
265,missense,YPD+IAA,0.0,-1.3437570392596203,False
265,synonymous,Actinomycin_D+IAA,0.0,-4.355375545181736,False
265,synonymous,Cobalt_Chloride+IAA,0.0,-0.2734049646940618,False
265,synonymous,Galactose+IAA,0.0,-0.5647396841273938,False
265,synonymous,MMS+IAA,0.0,0.10781377065644077,False
265,synonymous,Rapamycin+IAA,0.0,-0.7761891780132749,False
265,synonymous,Sorbitol+IAA,0.0,-0.20665782488823153,False
265,synonymous,YPD,0.0,-11.083138004852229,False
265,synonymous,YPD+IAA,0.0,-9.721724097682294,False
266,missense,Actinomycin_D+IAA,0.0,-0.64881285871903,False
266,missense,Cobalt_Chloride+IAA,0.0,-1.2961156704982906,False
266,missense,Galactose+IAA,0.0,-1.4350608730151544,False
266,missense,MMS+IAA,0.0,-0.6068366372042515,False
266,missense,Rapamycin+IAA,0.0,-0.09020559745149496,False
266,missense,Sorbitol+IAA,0.0,-1.260120396420758,False
266,missense,YPD,0.0,-11.007501063960792,False
266,missense,YPD+IAA,0.0,-2.122412030567277,False
266,synonymous,Actinomycin_D+IAA,0.0,-0.30090269117323565,False
266,synonymous,Cobalt_Chloride+IAA,0.0,0.12375109868281733,False
266,synonymous,Galactose+IAA,0.0,-0.18563335034157752,False
266,synonymous,MMS+IAA,0.0,0.0006632603046905402,False
266,synonymous,Rapamycin+IAA,0.0,0.11215462333496631,False
266,synonymous,Sorbitol+IAA,0.0,-0.11868457230807974,False
266,synonymous,YPD,0.0,-4.331339614043805,False
266,synonymous,YPD+IAA,0.0,-2.3896803116535956,False
267,missense,Actinomycin_D+IAA,0.0,-0.1750588095015677,False
267,missense,Cobalt_Chloride+IAA,0.0,-0.37856295420570524,False
267,missense,Galactose+IAA,0.0,0.08378759458023606,False
267,missense,MMS+IAA,0.0,0.11512663739491058,False
267,missense,Rapamycin+IAA,0.0,0.04117746650122235,False
267,missense,Sorbitol+IAA,0.0,-0.17994386407659374,False
267,missense,YPD,0.0,-11.122360740996712,False
267,missense,YPD+IAA,0.0,-1.763383852426324,False
267,synonymous,Actinomycin_D+IAA,0.0,-0.8664459125439999,False
267,synonymous,Cobalt_Chloride+IAA,0.0,-0.9624602669592239,False
267,synonymous,Galactose+IAA,0.0,-1.17974577527552,False
267,synonymous,MMS+IAA,0.0,-0.29660434276588793,False
267,synonymous,Rapamycin+IAA,0.0,-0.4095448135918079,False
267,synonymous,Sorbitol+IAA,0.0,-0.32237802312621433,False
267,synonymous,YPD,0.0,-11.376650295642063,False
267,synonymous,YPD+IAA,0.0,-3.3583673677977917,False
268,missense,Actinomycin_D+IAA,0.0,-0.19016668619282984,False
268,missense,Cobalt_Chloride+IAA,0.0,-0.0831901246050019,False
268,missense,Galactose+IAA,0.0,-0.05279234933159504,False
268,missense,MMS+IAA,0.0,0.07266930310062489,False
268,missense,Rapamycin+IAA,0.0,-0.06467790809213264,False
268,missense,Sorbitol+IAA,0.0,-0.8179978013066779,False
268,missense,YPD,0.0,-11.307896150595901,False
268,missense,YPD+IAA,0.0,-1.9648327622014965,False
268,synonymous,Actinomycin_D+IAA,0.0,-0.39869239394495554,False
268,synonymous,Cobalt_Chloride+IAA,0.0,-0.1558913795799597,False
268,synonymous,Galactose+IAA,0.0,-0.20466548114647695,False
268,synonymous,MMS+IAA,0.0,-0.004276887200517592,False
268,synonymous,Rapamycin+IAA,0.0,-0.09176229979192811,False
268,synonymous,Sorbitol+IAA,0.0,-0.318511097931597,False
268,synonymous,YPD,0.0,-11.52954662315236,False
268,synonymous,YPD+IAA,0.0,-3.31951385849418,False
269,missense,Actinomycin_D+IAA,0.0,-0.627379744786412,False
269,missense,Cobalt_Chloride+IAA,0.0,-0.043484714952632744,False
269,missense,Galactose+IAA,0.0,-0.13723590459347204,False
269,missense,MMS+IAA,0.0,-0.27427588890742316,False
269,missense,Rapamycin+IAA,0.0,0.009273397116928081,False
269,missense,Sorbitol+IAA,0.0,-0.29301568544086326,False
269,missense,YPD,0.0,-4.830167392432525,False
269,missense,YPD+IAA,0.0,-2.0203149988702083,False
269,synonymous,Actinomycin_D+IAA,0.0,0.18635210304635796,False
269,synonymous,Cobalt_Chloride+IAA,0.0,-0.1487236141070379,False
269,synonymous,Galactose+IAA,0.0,0.07928901354554253,False
269,synonymous,MMS+IAA,0.0,0.017606271673474602,False
269,synonymous,Rapamycin+IAA,0.0,-0.2571409120870771,False
269,synonymous,Sorbitol+IAA,0.0,0.19226400142518635,False
269,synonymous,YPD,0.0,-11.591811850548487,False
269,synonymous,YPD+IAA,0.0,-1.423495771202546,False
270,missense,Actinomycin_D+IAA,0.0,0.27285840437818715,False
270,missense,Cobalt_Chloride+IAA,0.0,-1.4647727142935296,False
270,missense,Galactose+IAA,0.0,-0.2562360694993612,False
270,missense,MMS+IAA,0.0,0.12319638463599601,False
270,missense,Rapamycin+IAA,0.0,-0.5085669708767978,False
270,missense,Sorbitol+IAA,0.0,0.25407556296286066,False
270,missense,YPD,0.0,-11.17401127760601,False
270,missense,YPD+IAA,0.0,-1.1616156353840361,False
270,synonymous,Actinomycin_D+IAA,0.0,-1.5238783860061944,False
270,synonymous,Cobalt_Chloride+IAA,0.0,-1.5751790379298807,False
270,synonymous,Galactose+IAA,0.0,-0.16525766017198107,False
270,synonymous,MMS+IAA,0.0,0.11275705578194671,False
270,synonymous,Rapamycin+IAA,0.0,0.12480329201365181,False
270,synonymous,Sorbitol+IAA,0.0,-0.04117036046503998,False
270,synonymous,YPD,0.0,-11.596610119499976,False
270,synonymous,YPD+IAA,0.0,-2.7817957370238986,False
271,missense,Actinomycin_D+IAA,0.0,-1.3584555300577799,False
271,missense,Cobalt_Chloride+IAA,0.0,-1.5152257388966721,False
271,missense,Galactose+IAA,0.0,-2.9357392246203635,False
271,missense,MMS+IAA,0.0,-1.734456853347268,False
271,missense,Rapamycin+IAA,0.0,-0.7294082485374981,False
271,missense,Sorbitol+IAA,0.0,-1.892516201810184,False
271,missense,YPD,0.0,-10.711513552467721,False
271,missense,YPD+IAA,0.0,-2.7883508432778377,False
272,missense,Actinomycin_D+IAA,0.0,-0.17137450218742586,False
272,missense,Cobalt_Chloride+IAA,0.0,-0.4114570335284664,False
272,missense,Galactose+IAA,0.0,-0.233878773397354,False
272,missense,MMS+IAA,0.0,-0.050707042427666216,False
272,missense,Rapamycin+IAA,0.0,0.1042440550677225,False
272,missense,Sorbitol+IAA,0.0,0.1297527648866309,False
272,missense,YPD,0.0,-11.45183205579295,False
272,missense,YPD+IAA,0.0,-1.369595042288125,False
272,synonymous,Actinomycin_D+IAA,0.0,0.15015762372890512,False
272,synonymous,Cobalt_Chloride+IAA,0.0,-0.47081678616373734,False
272,synonymous,Galactose+IAA,0.0,-0.011863181771890628,False
272,synonymous,MMS+IAA,0.0,0.02759551902343261,False
272,synonymous,Rapamycin+IAA,0.0,-0.20004340105026966,False
272,synonymous,Sorbitol+IAA,0.0,0.13020303055358518,False
272,synonymous,YPD,0.0,-11.258987174204686,False
272,synonymous,YPD+IAA,0.0,-1.1213930004456685,False
273,missense,Actinomycin_D+IAA,0.0,-0.30887650943836625,False
273,missense,Cobalt_Chloride+IAA,0.0,0.3588441466605615,False
273,missense,Galactose+IAA,0.0,-0.6214047893809653,False
273,missense,MMS+IAA,0.0,-0.068768328037744,False
273,missense,Rapamycin+IAA,0.0,0.2862521481878596,False
273,missense,Sorbitol+IAA,0.0,0.1538901268493666,False
273,missense,YPD,0.0,-10.79566646603389,False
273,missense,YPD+IAA,0.0,-0.9477468005615324,False
273,synonymous,Actinomycin_D+IAA,0.0,-0.33821456202404754,False
273,synonymous,Cobalt_Chloride+IAA,0.0,-0.1820413723527826,False
273,synonymous,Galactose+IAA,0.0,0.01667197642189694,False
273,synonymous,MMS+IAA,0.0,0.10034285972271705,False
273,synonymous,Rapamycin+IAA,0.0,-0.10138090514889374,False
273,synonymous,Sorbitol+IAA,0.0,0.024931203733261194,False
273,synonymous,YPD,0.0,-9.148704208208823,False
273,synonymous,YPD+IAA,0.0,-1.8605612515462011,False
274,missense,Actinomycin_D+IAA,0.0,-0.5183069187094295,False
274,missense,Cobalt_Chloride+IAA,0.0,-0.2696343953141886,False
274,missense,Galactose+IAA,0.0,-1.5541184738743858,False
274,missense,MMS+IAA,0.0,0.03525733300173231,False
274,missense,Rapamycin+IAA,0.0,0.38508176183486803,False
274,missense,Sorbitol+IAA,0.0,-0.44298688803688235,False
274,missense,YPD,0.0,-11.860346739307055,False
274,missense,YPD+IAA,0.0,-0.9287440550803611,False
274,synonymous,Actinomycin_D+IAA,0.0,-0.17290503671933466,False
274,synonymous,Cobalt_Chloride+IAA,0.0,-0.20756659389068344,False
274,synonymous,Galactose+IAA,0.0,0.019903308404998633,False
274,synonymous,MMS+IAA,0.0,-0.14780565161635636,False
274,synonymous,Rapamycin+IAA,0.0,-0.3599575490287393,False
274,synonymous,Sorbitol+IAA,0.0,0.15773749804540035,False
274,synonymous,YPD,0.0,-11.850042838802121,False
274,synonymous,YPD+IAA,0.0,-0.8078100607551891,False
275,missense,Actinomycin_D+IAA,0.0,-9.85106384450433,False
275,missense,Cobalt_Chloride+IAA,0.0,-21.075891830996103,True
275,missense,Galactose+IAA,0.0,-0.41343864812382947,False
275,missense,MMS+IAA,0.0,-21.51811583575963,True
275,missense,Rapamycin+IAA,0.0,0.6785558318351729,False
275,missense,Sorbitol+IAA,0.0,-9.421997393242787,False
275,missense,YPD,0.0,-19.700135096675762,True
275,missense,YPD+IAA,0.0,-9.77235711805719,False
275,synonymous,Actinomycin_D+IAA,0.0,-0.36872402110603275,False
275,synonymous,Cobalt_Chloride+IAA,0.0,-0.732371852935,False
275,synonymous,Galactose+IAA,0.0,-0.29148323971551204,False
275,synonymous,MMS+IAA,0.0,-0.36514060623247657,False
275,synonymous,Rapamycin+IAA,0.0,-0.7352714801948038,False
275,synonymous,Sorbitol+IAA,0.0,0.23002589513274763,False
275,synonymous,YPD,0.0,-11.619382659486764,False
275,synonymous,YPD+IAA,0.0,-1.5793457558920063,False
276,missense,Actinomycin_D+IAA,0.0,-0.2913342090374288,False
276,missense,Cobalt_Chloride+IAA,0.0,-0.03453256145106273,False
276,missense,Galactose+IAA,0.0,-0.24368515933408996,False
276,missense,MMS+IAA,0.0,0.052668218268724414,False
276,missense,Rapamycin+IAA,0.0,0.2625790398223392,False
276,missense,Sorbitol+IAA,0.0,0.02038345843834086,False
276,missense,YPD,0.0,-11.50398286409503,False
276,missense,YPD+IAA,0.0,-0.5251177369167495,False
277,missense,Actinomycin_D+IAA,0.0,0.41074311095312294,False
277,missense,Cobalt_Chloride+IAA,0.0,-0.8200283932407417,False
277,missense,Galactose+IAA,0.0,-0.39723118900882315,False
277,missense,MMS+IAA,0.0,-0.1218342903410449,False
277,missense,Rapamycin+IAA,0.0,-0.8404727149323155,False
277,missense,Sorbitol+IAA,0.0,-0.00775208495744354,False
277,missense,YPD,0.0,-11.935964952397619,False
277,missense,YPD+IAA,0.0,-1.3254121828663108,False
277,synonymous,Actinomycin_D+IAA,0.0,-4.230199255794447,False
277,synonymous,Cobalt_Chloride+IAA,0.0,-3.9841606845524162,False
277,synonymous,Galactose+IAA,0.0,-4.680338968579173,False
277,synonymous,MMS+IAA,0.0,-0.6845732453120918,False
277,synonymous,Rapamycin+IAA,0.0,-10.615889331512761,False
277,synonymous,Sorbitol+IAA,0.0,0.13859339599892034,False
277,synonymous,YPD,0.0,-16.775380568872112,True
277,synonymous,YPD+IAA,0.0,-10.012416663613456,False
278,missense,Actinomycin_D+IAA,0.0,-10.207234411794213,False
278,missense,Cobalt_Chloride+IAA,0.0,-8.938116586057511,False
278,missense,Galactose+IAA,0.0,-8.662151052479333,False
278,missense,MMS+IAA,0.0,-19.51662692521579,True
278,missense,Rapamycin+IAA,0.0,-0.13393986488243184,False
278,missense,Sorbitol+IAA,0.0,-9.651730336435847,False
278,missense,YPD,0.0,-10.383022887629938,False
278,missense,YPD+IAA,0.0,0.05536536886248227,False
278,synonymous,Actinomycin_D+IAA,0.0,0.2116043950766209,False
278,synonymous,Cobalt_Chloride+IAA,0.0,-0.13191758917523064,False
278,synonymous,Galactose+IAA,0.0,-0.5436681260740759,False
278,synonymous,MMS+IAA,0.0,0.021021187297486636,False
278,synonymous,Rapamycin+IAA,0.0,-0.20528966529497292,False
278,synonymous,Sorbitol+IAA,0.0,0.005767804361478756,False
278,synonymous,YPD,0.0,-10.451570703675253,False
278,synonymous,YPD+IAA,0.0,-5.650714993014404,False
279,missense,Actinomycin_D+IAA,0.0,-0.8373961938284209,False
279,missense,Cobalt_Chloride+IAA,0.0,-0.059297195251857795,False
279,missense,Galactose+IAA,0.0,-0.4222713314553948,False
279,missense,MMS+IAA,0.0,0.029273451885634193,False
279,missense,Rapamycin+IAA,0.0,-1.283286083145768,False
279,missense,Sorbitol+IAA,0.0,0.1059127004552073,False
279,missense,YPD,0.0,-11.022691588362022,False
279,missense,YPD+IAA,0.0,-1.464944953498131,False
279,synonymous,Actinomycin_D+IAA,0.0,-1.0153884673032456,False
279,synonymous,Cobalt_Chloride+IAA,0.0,-1.3230811642381826,False
279,synonymous,Galactose+IAA,0.0,-1.697779951069389,False
279,synonymous,MMS+IAA,0.0,-0.09311477991365558,False
279,synonymous,Rapamycin+IAA,0.0,-0.04640090487731765,False
279,synonymous,Sorbitol+IAA,0.0,-0.11404873315858381,False
279,synonymous,YPD,0.0,-11.26370472784123,False
279,synonymous,YPD+IAA,0.0,-2.8092781332395136,False
280,missense,Actinomycin_D+IAA,0.0,-0.5733809830191294,False
280,missense,Cobalt_Chloride+IAA,0.0,-0.3594684371713547,False
280,missense,Galactose+IAA,0.0,-1.4136638252838505,False
280,missense,MMS+IAA,0.0,0.1783157347845081,False
280,missense,Rapamycin+IAA,0.0,-0.9358420334977678,False
280,missense,Sorbitol+IAA,0.0,-0.2943313870384056,False
280,missense,YPD,0.0,-10.9928088049828,False
280,missense,YPD+IAA,0.0,-2.081780915725579,False
280,synonymous,Actinomycin_D+IAA,0.0,0.40690791822992584,False
280,synonymous,Cobalt_Chloride+IAA,0.0,-1.9087632789117783,False
280,synonymous,Galactose+IAA,0.0,-0.48341180336049544,False
280,synonymous,MMS+IAA,0.0,-0.023203697806765334,False
280,synonymous,Rapamycin+IAA,0.0,-1.1942518566667117,False
280,synonymous,Sorbitol+IAA,0.0,-1.8532005889803116,False
280,synonymous,YPD,0.0,-10.958134631652833,False
280,synonymous,YPD+IAA,0.0,-10.463919468881603,False
281,missense,Actinomycin_D+IAA,0.0,-1.7306225433707247,False
281,missense,Cobalt_Chloride+IAA,0.0,-8.899787349823102,False
281,missense,Galactose+IAA,0.0,-3.566446432381366,False
281,missense,MMS+IAA,0.0,-0.9197536422582209,False
281,missense,Rapamycin+IAA,0.0,-2.1236342558067194,False
281,missense,Sorbitol+IAA,0.0,0.02611550197123493,False
281,missense,YPD,0.0,-11.407403998037346,False
281,missense,YPD+IAA,0.0,-7.985097665616082,False
281,synonymous,Actinomycin_D+IAA,0.0,0.39682942584826036,False
281,synonymous,Cobalt_Chloride+IAA,0.0,-0.36697335606150955,False
281,synonymous,Galactose+IAA,0.0,-0.31369575599682803,False
281,synonymous,MMS+IAA,0.0,0.011060481408947755,False
281,synonymous,Rapamycin+IAA,0.0,-0.7271357967532416,False
281,synonymous,Sorbitol+IAA,0.0,0.06075946629514538,False
281,synonymous,YPD,0.0,-11.364019667153537,False
281,synonymous,YPD+IAA,0.0,-1.7734005745608838,False
282,missense,Actinomycin_D+IAA,0.0,-0.03623158697258743,False
282,missense,Cobalt_Chloride+IAA,0.0,0.21472907112462092,False
282,missense,Galactose+IAA,0.0,-0.265164385417297,False
282,missense,MMS+IAA,0.0,-0.16111259650979984,False
282,missense,Rapamycin+IAA,0.0,0.5292619479494736,False
282,missense,Sorbitol+IAA,0.0,-1.1824651535759512,False
282,missense,YPD,0.0,-11.934010487229326,False
282,missense,YPD+IAA,0.0,-10.578864110765371,False
282,synonymous,Actinomycin_D+IAA,0.0,0.011626156067092056,False
282,synonymous,Cobalt_Chloride+IAA,0.0,-0.18307653363567716,False
282,synonymous,Galactose+IAA,0.0,-1.0091793790566477,False
282,synonymous,MMS+IAA,0.0,0.16595940172921048,False
282,synonymous,Rapamycin+IAA,0.0,0.3947229843689826,False
282,synonymous,Sorbitol+IAA,0.0,-0.828951430724438,False
282,synonymous,YPD,0.0,-11.724943518259767,False
282,synonymous,YPD+IAA,0.0,-1.126126440478506,False
283,missense,Actinomycin_D+IAA,0.0,-2.1821080449709456,False
283,missense,Cobalt_Chloride+IAA,0.0,-1.9149015822789712,False
283,missense,Galactose+IAA,0.0,-2.489731169622353,False
283,missense,MMS+IAA,0.0,-0.2172034836991447,False
283,missense,Rapamycin+IAA,0.0,-0.5121592795434641,False
283,missense,Sorbitol+IAA,0.0,-1.3986037451152837,False
283,missense,YPD,0.0,-10.657924967573008,False
283,missense,YPD+IAA,0.0,-4.678157141584672,False
283,synonymous,Actinomycin_D+IAA,0.0,-0.44645651341403086,False
283,synonymous,Cobalt_Chloride+IAA,0.0,-0.9687108012943547,False
283,synonymous,Galactose+IAA,0.0,0.16620962094272976,False
283,synonymous,MMS+IAA,0.0,0.1027518405149538,False
283,synonymous,Rapamycin+IAA,0.0,-0.4016727255960701,False
283,synonymous,Sorbitol+IAA,0.0,-0.43008008632066325,False
283,synonymous,YPD,0.0,-11.694299215036128,False
283,synonymous,YPD+IAA,0.0,-1.9590858687647095,False
284,missense,Actinomycin_D+IAA,0.0,-0.03863547923862955,False
284,missense,Cobalt_Chloride+IAA,0.0,0.2970320425380753,False
284,missense,Galactose+IAA,0.0,0.06205657826622362,False
284,missense,MMS+IAA,0.0,-0.04238612769225755,False
284,missense,Rapamycin+IAA,0.0,0.2554930432391225,False
284,missense,Sorbitol+IAA,0.0,0.1770488661496829,False
284,missense,YPD,0.0,-11.898972098882211,False
284,missense,YPD+IAA,0.0,-0.9107859821525148,False
284,synonymous,Actinomycin_D+IAA,0.0,-1.2572191020551677,False
284,synonymous,Cobalt_Chloride+IAA,0.0,-1.4601867945897151,False
284,synonymous,Galactose+IAA,0.0,-1.3533723649538845,False
284,synonymous,MMS+IAA,0.0,-0.05967711832482074,False
284,synonymous,Rapamycin+IAA,0.0,0.09183091983497055,False
284,synonymous,Sorbitol+IAA,0.0,-0.985396923267773,False
284,synonymous,YPD,0.0,-11.544549877514735,False
284,synonymous,YPD+IAA,0.0,-2.704994906081831,False
285,missense,Actinomycin_D+IAA,0.0,-20.11425024672176,True
285,missense,Cobalt_Chloride+IAA,0.0,-19.953620507639233,True
285,missense,Galactose+IAA,0.0,-10.129735896876443,False
285,missense,MMS+IAA,0.0,-3.4344484225397203,False
285,missense,Rapamycin+IAA,0.0,-30.13146597033124,True
285,missense,Sorbitol+IAA,0.0,-20.295156358039737,True
285,missense,YPD,0.0,-30.13146597033124,True
285,missense,YPD+IAA,0.0,-19.93476796968446,True
285,synonymous,Actinomycin_D+IAA,0.0,-0.1705653363445295,False
285,synonymous,Cobalt_Chloride+IAA,0.0,-0.9486051928755621,False
285,synonymous,Galactose+IAA,0.0,-0.3299638431231675,False
285,synonymous,MMS+IAA,0.0,-0.1546166522028038,False
285,synonymous,Rapamycin+IAA,0.0,-1.098485554551221,False
285,synonymous,Sorbitol+IAA,0.0,-0.3525303070479896,False
285,synonymous,YPD,0.0,-11.672134084025036,False
285,synonymous,YPD+IAA,0.0,-1.8687623605283767,False
286,synonymous,Actinomycin_D+IAA,0.0,-0.5903886007923924,False
286,synonymous,Cobalt_Chloride+IAA,0.0,-5.257273061887336,False
286,synonymous,Galactose+IAA,0.0,-1.7433357343029061,False
286,synonymous,MMS+IAA,0.0,-0.0541774035367158,False
286,synonymous,Rapamycin+IAA,0.0,-0.8777573131292635,False
286,synonymous,Sorbitol+IAA,0.0,-2.770131775511024,False
286,synonymous,YPD,0.0,-10.468387888069635,False
286,synonymous,YPD+IAA,0.0,-4.674989032934016,False
287,missense,Actinomycin_D+IAA,0.0,-0.9439882352909774,False
287,missense,Cobalt_Chloride+IAA,0.0,0.09123361174801743,False
287,missense,Galactose+IAA,0.0,-0.5813226923912181,False
287,missense,MMS+IAA,0.0,-10.597216032168038,False
287,missense,Rapamycin+IAA,0.0,-0.04705383307797185,False
287,missense,Sorbitol+IAA,0.0,-0.12355574008638195,False
287,missense,YPD,0.0,-10.889447916144862,False
287,missense,YPD+IAA,0.0,-1.5549700651883323,False
288,missense,Actinomycin_D+IAA,0.0,0.23519062952940334,False
288,missense,Cobalt_Chloride+IAA,0.0,-0.8582475399586115,False
288,missense,Galactose+IAA,0.0,-0.11435124368076448,False
288,missense,MMS+IAA,0.0,0.20811062582243262,False
288,missense,Rapamycin+IAA,0.0,-0.6814280893426163,False
288,missense,Sorbitol+IAA,0.0,0.1796357974081299,False
288,missense,YPD,0.0,-11.28927733771158,False
288,missense,YPD+IAA,0.0,-1.1542694437998884,False
288,synonymous,Actinomycin_D+IAA,0.0,-1.147924681001676,False
288,synonymous,Cobalt_Chloride+IAA,0.0,-0.33733722731753607,False
288,synonymous,Galactose+IAA,0.0,-0.2749613949701076,False
288,synonymous,MMS+IAA,0.0,-0.08010762166284897,False
288,synonymous,Rapamycin+IAA,0.0,0.04527176245367675,False
288,synonymous,Sorbitol+IAA,0.0,-1.3415159746758045,False
288,synonymous,YPD,0.0,-11.226272653968048,False
288,synonymous,YPD+IAA,0.0,-6.8236411985738545,False
289,missense,Actinomycin_D+IAA,0.0,-0.7597169101520683,False
289,missense,Cobalt_Chloride+IAA,0.0,0.08081482580207743,False
289,missense,Galactose+IAA,0.0,-0.3929675310174852,False
289,missense,MMS+IAA,0.0,0.16552288918446606,False
289,missense,Rapamycin+IAA,0.0,-0.018150223824225962,False
289,missense,Sorbitol+IAA,0.0,-0.26281374401978896,False
289,missense,YPD,0.0,-11.897841672602702,False
289,missense,YPD+IAA,0.0,-1.4587238305749342,False
290,missense,Actinomycin_D+IAA,0.0,-0.4294000315696982,False
290,missense,Cobalt_Chloride+IAA,0.0,-0.38294706035866766,False
290,missense,Galactose+IAA,0.0,-0.37797829778624814,False
290,missense,MMS+IAA,0.0,-0.3495442764624078,False
290,missense,Rapamycin+IAA,0.0,0.13611301317341945,False
290,missense,Sorbitol+IAA,0.0,-0.19086091149083295,False
290,missense,YPD,0.0,-11.147452605983045,False
290,missense,YPD+IAA,0.0,-1.8827872663679883,False
290,synonymous,Actinomycin_D+IAA,0.0,0.0335441364543352,False
290,synonymous,Cobalt_Chloride+IAA,0.0,0.8414217748716216,False
290,synonymous,Galactose+IAA,0.0,-3.2233975146627336,False
290,synonymous,MMS+IAA,0.0,0.3103078598245792,False
290,synonymous,Rapamycin+IAA,0.0,0.37111474976730957,False
290,synonymous,Sorbitol+IAA,0.0,-0.31435500824365814,False
290,synonymous,YPD,0.0,-10.512216884447364,False
290,synonymous,YPD+IAA,0.0,-5.452173752458788,False
291,missense,Actinomycin_D+IAA,0.0,-0.6624963330012815,False
291,missense,Cobalt_Chloride+IAA,0.0,-1.7325444203543283,False
291,missense,Galactose+IAA,0.0,-0.9197593466003803,False
291,missense,MMS+IAA,0.0,0.12074108230555856,False
291,missense,Rapamycin+IAA,0.0,-0.3258848130103192,False
291,missense,Sorbitol+IAA,0.0,-1.3696907478226792,False
291,missense,YPD,0.0,-6.4512654037801,False
291,missense,YPD+IAA,0.0,-1.5029086393859843,False
291,synonymous,Actinomycin_D+IAA,0.0,-1.2368160600261022,False
291,synonymous,Cobalt_Chloride+IAA,0.0,-0.007419123318541161,False
291,synonymous,Galactose+IAA,0.0,-0.02443569203032591,False
291,synonymous,MMS+IAA,0.0,-0.38520371455766017,False
291,synonymous,Rapamycin+IAA,0.0,0.2515107441959939,False
291,synonymous,Sorbitol+IAA,0.0,-0.5338255393107345,False
291,synonymous,YPD,0.0,-11.100004947356501,False
291,synonymous,YPD+IAA,0.0,-1.5505452605711225,False
292,synonymous,Actinomycin_D+IAA,0.0,-0.14778178306661768,False
292,synonymous,Cobalt_Chloride+IAA,0.0,-6.94789481784465,False
292,synonymous,Galactose+IAA,0.0,-3.2866382687964464,False
292,synonymous,MMS+IAA,0.0,0.10821265305210517,False
292,synonymous,Rapamycin+IAA,0.0,0.7215811927658841,False
292,synonymous,Sorbitol+IAA,0.0,-0.06372158342256963,False
292,synonymous,YPD,0.0,-10.150449996413432,False
292,synonymous,YPD+IAA,0.0,-1.0416317684938163,False
293,missense,Actinomycin_D+IAA,0.0,-0.5048162146323578,False
293,missense,Cobalt_Chloride+IAA,0.0,-0.05773627002868258,False
293,missense,Galactose+IAA,0.0,-0.6184762160297868,False
293,missense,MMS+IAA,0.0,-0.2914973975276747,False
293,missense,Rapamycin+IAA,0.0,0.1411299372461278,False
293,missense,Sorbitol+IAA,0.0,-0.4338682426315118,False
293,missense,YPD,0.0,-11.39915113455458,False
293,missense,YPD+IAA,0.0,-1.0110456981736602,False
293,synonymous,Actinomycin_D+IAA,0.0,-0.2136798009421231,False
293,synonymous,Cobalt_Chloride+IAA,0.0,-0.43627140496248273,False
293,synonymous,Galactose+IAA,0.0,-0.32140244945601765,False
293,synonymous,MMS+IAA,0.0,-0.10393678659618417,False
293,synonymous,Rapamycin+IAA,0.0,0.10976116463540724,False
293,synonymous,Sorbitol+IAA,0.0,-0.14872319820683225,False
293,synonymous,YPD,0.0,-11.681014162895368,False
293,synonymous,YPD+IAA,0.0,-1.2208640829182502,False
294,missense,Actinomycin_D+IAA,0.0,-1.0576871183635075,False
294,missense,Cobalt_Chloride+IAA,0.0,-0.7971671216869906,False
294,missense,Galactose+IAA,0.0,-0.38286340829344584,False
294,missense,MMS+IAA,0.0,-0.4484089028458744,False
294,missense,Rapamycin+IAA,0.0,-0.7551539298807204,False
294,missense,Sorbitol+IAA,0.0,-1.6521285110819406,False
294,missense,YPD,0.0,-11.076196334644248,False
294,missense,YPD+IAA,0.0,-4.215668354191297,False
294,synonymous,Actinomycin_D+IAA,0.0,-1.2912699006889885,False
294,synonymous,Cobalt_Chloride+IAA,0.0,-1.9266331936125398,False
294,synonymous,Galactose+IAA,0.0,-0.6998704771364366,False
294,synonymous,MMS+IAA,0.0,-0.23334707756493547,False
294,synonymous,Rapamycin+IAA,0.0,0.007650260661018338,False
294,synonymous,Sorbitol+IAA,0.0,-1.4737440986924872,False
294,synonymous,YPD,0.0,-9.753117570700434,False
294,synonymous,YPD+IAA,0.0,-3.39163911303928,False
295,missense,Actinomycin_D+IAA,0.0,-3.71136571062218,False
295,missense,Cobalt_Chloride+IAA,0.0,-2.3959907431725638,False
295,missense,Galactose+IAA,0.0,-5.952862422246291,False
295,missense,MMS+IAA,0.0,-0.8156418330227133,False
295,missense,Rapamycin+IAA,0.0,-1.2352755272533276,False
295,missense,Sorbitol+IAA,0.0,-2.216518650145925,False
295,missense,YPD,0.0,-12.363993568553905,False
295,missense,YPD+IAA,0.0,-5.683964287597064,False
296,missense,Actinomycin_D+IAA,0.0,-0.738823793339301,False
296,missense,Cobalt_Chloride+IAA,0.0,-8.992352202369148,False
296,missense,Galactose+IAA,0.0,-6.358825152636861,False
296,missense,MMS+IAA,0.0,-6.957698904297758,False
296,missense,Rapamycin+IAA,0.0,0.30022696586142816,False
296,missense,Sorbitol+IAA,0.0,-0.5033571903661349,False
296,missense,YPD,0.0,-10.46020924669066,False
296,missense,YPD+IAA,0.0,-11.982891230875733,False
296,synonymous,Actinomycin_D+IAA,0.0,-0.3668093038113654,False
296,synonymous,Cobalt_Chloride+IAA,0.0,0.09560231615965153,False
296,synonymous,Galactose+IAA,0.0,-0.19522570845813828,False
296,synonymous,MMS+IAA,0.0,-0.08271635140664657,False
296,synonymous,Rapamycin+IAA,0.0,0.16931655549582475,False
296,synonymous,Sorbitol+IAA,0.0,0.15886425616605915,False
296,synonymous,YPD,0.0,-11.697408964921456,False
296,synonymous,YPD+IAA,0.0,-0.9675652156035435,False
297,missense,Actinomycin_D+IAA,0.0,-2.666387494063246,False
297,missense,Cobalt_Chloride+IAA,0.0,-1.3011120407158454,False
297,missense,Galactose+IAA,0.0,-0.021010358127287042,False
297,missense,MMS+IAA,0.0,-3.1887977173218904,False
297,missense,Rapamycin+IAA,0.0,-0.22529967895953526,False
297,missense,Sorbitol+IAA,0.0,-0.8262587709496234,False
297,missense,YPD,0.0,-12.37569470843109,False
297,missense,YPD+IAA,0.0,-4.769189132451545,False
297,synonymous,Actinomycin_D+IAA,0.0,-0.202477252251285,False
297,synonymous,Cobalt_Chloride+IAA,0.0,-0.34194209635078265,False
297,synonymous,Galactose+IAA,0.0,0.4082092137053045,False
297,synonymous,MMS+IAA,0.0,-0.13099091747812497,False
297,synonymous,Rapamycin+IAA,0.0,-0.4692959866883437,False
297,synonymous,Sorbitol+IAA,0.0,-0.14119683941958044,False
297,synonymous,YPD,0.0,-11.151545981302155,False
297,synonymous,YPD+IAA,0.0,-2.720442952841539,False
298,missense,Actinomycin_D+IAA,0.0,-0.36729183017870554,False
298,missense,Cobalt_Chloride+IAA,0.0,-0.20565765376087655,False
298,missense,Galactose+IAA,0.0,-0.6230029648200599,False
298,missense,MMS+IAA,0.0,-0.5023130358893794,False
298,missense,Rapamycin+IAA,0.0,0.18002885432455668,False
298,missense,Sorbitol+IAA,0.0,-0.2671547313021802,False
298,missense,YPD,0.0,-11.53507089871458,False
298,missense,YPD+IAA,0.0,-2.30709115289679,False
298,synonymous,Actinomycin_D+IAA,0.0,-0.3136075242986671,False
298,synonymous,Cobalt_Chloride+IAA,0.0,-0.5494879711927261,False
298,synonymous,Galactose+IAA,0.0,-0.722794542655481,False
298,synonymous,MMS+IAA,0.0,-0.04782342156399529,False
298,synonymous,Rapamycin+IAA,0.0,-0.2705325404374298,False
298,synonymous,Sorbitol+IAA,0.0,-0.05600173816406488,False
298,synonymous,YPD,0.0,-11.12172564258414,False
298,synonymous,YPD+IAA,0.0,-2.3321104057166853,False
299,missense,Actinomycin_D+IAA,0.0,-1.502480420365027,False
299,missense,Cobalt_Chloride+IAA,0.0,-1.146694382787368,False
299,missense,Galactose+IAA,0.0,-3.616149166958484,False
299,missense,MMS+IAA,0.0,-1.0946618310235667,False
299,missense,Rapamycin+IAA,0.0,-3.424713238026945,False
299,missense,Sorbitol+IAA,0.0,-2.5496212158485974,False
299,missense,YPD,0.0,-11.073428400380617,False
299,missense,YPD+IAA,0.0,-3.530440591396539,False
299,synonymous,Actinomycin_D+IAA,0.0,-0.3316236026556384,False
299,synonymous,Cobalt_Chloride+IAA,0.0,-1.5952076638988626,False
299,synonymous,Galactose+IAA,0.0,-1.5262200887197672,False
299,synonymous,MMS+IAA,0.0,-0.8775300048604894,False
299,synonymous,Rapamycin+IAA,0.0,-2.8302413209696553,False
299,synonymous,Sorbitol+IAA,0.0,-2.2384038201508965,False
299,synonymous,YPD,0.0,-10.963066918398475,False
299,synonymous,YPD+IAA,0.0,-4.4127720700371595,False
300,PTC,Actinomycin_D+IAA,0.0,-30.728252843624627,True
300,PTC,Cobalt_Chloride+IAA,0.0,-30.728252843624627,True
300,PTC,Galactose+IAA,0.0,-30.728252843624627,True
300,PTC,MMS+IAA,0.0,-30.728252843624627,True
300,PTC,Rapamycin+IAA,0.0,-30.728252843624627,True
300,PTC,Sorbitol+IAA,0.0,-30.728252843624627,True
300,PTC,YPD,0.0,-9.344568872991545,False
300,PTC,YPD+IAA,0.0,-30.728252843624627,True
300,missense,Actinomycin_D+IAA,0.0,-0.03381214920073029,False
300,missense,Cobalt_Chloride+IAA,0.0,-0.2993760427946037,False
300,missense,Galactose+IAA,0.0,-0.15681302555956128,False
300,missense,MMS+IAA,0.0,0.034187225525538115,False
300,missense,Rapamycin+IAA,0.0,0.07447176894891383,False
300,missense,Sorbitol+IAA,0.0,0.03704680789364613,False
300,missense,YPD,0.0,-11.374639713759265,False
300,missense,YPD+IAA,0.0,-2.3982993148266956,False
300,synonymous,Actinomycin_D+IAA,0.0,0.09615247878378323,False
300,synonymous,Cobalt_Chloride+IAA,0.0,-0.11435987005545956,False
300,synonymous,Galactose+IAA,0.0,-0.22279032939277502,False
300,synonymous,MMS+IAA,0.0,0.037397353901614215,False
300,synonymous,Rapamycin+IAA,0.0,-0.10076156492292113,False
300,synonymous,Sorbitol+IAA,0.0,0.09948976670252364,False
300,synonymous,YPD,0.0,-11.267585210197817,False
300,synonymous,YPD+IAA,0.0,-0.881582314282109,False
301,missense,Actinomycin_D+IAA,0.0,0.1296450452400354,False
301,missense,Cobalt_Chloride+IAA,0.0,0.10159296723723407,False
301,missense,Galactose+IAA,0.0,0.05952902355247469,False
301,missense,MMS+IAA,0.0,-0.11580144620145157,False
301,missense,Rapamycin+IAA,0.0,-0.520128354181198,False
301,missense,Sorbitol+IAA,0.0,0.07195941619930286,False
301,missense,YPD,0.0,-3.143755232799309,False
301,missense,YPD+IAA,0.0,-0.8689506350174573,False
301,synonymous,Actinomycin_D+IAA,0.0,-0.2936632637051442,False
301,synonymous,Cobalt_Chloride+IAA,0.0,-3.736318956024,False
301,synonymous,Galactose+IAA,0.0,-0.011805227455069345,False
301,synonymous,MMS+IAA,0.0,-0.4153506009586406,False
301,synonymous,Rapamycin+IAA,0.0,-0.27072201037865906,False
301,synonymous,Sorbitol+IAA,0.0,-0.5805180673577116,False
301,synonymous,YPD,0.0,-10.5890498909101,False
301,synonymous,YPD+IAA,0.0,-2.054263867258017,False
302,missense,Actinomycin_D+IAA,0.0,0.1530856308485129,False
302,missense,Cobalt_Chloride+IAA,0.0,-3.888667375397268,False
302,missense,Galactose+IAA,0.0,-4.842470080519522,False
302,missense,MMS+IAA,0.0,-0.5355133654890097,False
302,missense,Rapamycin+IAA,0.0,-0.07069492812349921,False
302,missense,Sorbitol+IAA,0.0,-1.5919297948014512,False
302,missense,YPD,0.0,-11.933888565392667,False
302,missense,YPD+IAA,0.0,-2.5264310660769964,False
302,synonymous,Actinomycin_D+IAA,0.0,-10.037222806698068,False
302,synonymous,Cobalt_Chloride+IAA,0.0,-19.610316995190452,True
302,synonymous,Galactose+IAA,0.0,-2.734700620406864,False
302,synonymous,MMS+IAA,0.0,0.5320687897887688,False
302,synonymous,Rapamycin+IAA,0.0,-2.235978958346215,False
302,synonymous,Sorbitol+IAA,0.0,-8.93937915042158,False
302,synonymous,YPD,0.0,-10.194922859746685,False
302,synonymous,YPD+IAA,0.0,-0.1132958410369895,False
303,missense,Actinomycin_D+IAA,0.0,0.15632269860146966,False
303,missense,Cobalt_Chloride+IAA,0.0,-0.10296192456187518,False
303,missense,Galactose+IAA,0.0,-0.263138090179366,False
303,missense,MMS+IAA,0.0,-0.1162497128733295,False
303,missense,Rapamycin+IAA,0.0,-1.4066319888621563,False
303,missense,Sorbitol+IAA,0.0,0.28612354404568696,False
303,missense,YPD,0.0,-11.170552194389861,False
303,missense,YPD+IAA,0.0,-1.1134034062481841,False
303,synonymous,Actinomycin_D+IAA,0.0,-0.18792950936843614,False
303,synonymous,Cobalt_Chloride+IAA,0.0,-0.2848086851572743,False
303,synonymous,Galactose+IAA,0.0,-0.027697539874034817,False
303,synonymous,MMS+IAA,0.0,0.19819894971713184,False
303,synonymous,Rapamycin+IAA,0.0,-0.12320219496472411,False
303,synonymous,Sorbitol+IAA,0.0,-0.20887525436330381,False
303,synonymous,YPD,0.0,-10.919766743506004,False
303,synonymous,YPD+IAA,0.0,-5.492524524131124,False
304,missense,Actinomycin_D+IAA,0.0,-6.6554136757262965,False
304,missense,Cobalt_Chloride+IAA,0.0,-6.176007405875784,False
304,missense,Galactose+IAA,0.0,-6.782926438823407,False
304,missense,MMS+IAA,0.0,-5.958143068114623,False
304,missense,Rapamycin+IAA,0.0,-8.168201781585081,False
304,missense,Sorbitol+IAA,0.0,-3.386466208879525,False
304,missense,YPD,0.0,-8.59369609267216,False
304,missense,YPD+IAA,0.0,-5.368557628329895,False
304,synonymous,Actinomycin_D+IAA,0.0,-0.7650726073062013,False
304,synonymous,Cobalt_Chloride+IAA,0.0,-0.47002359129593985,False
304,synonymous,Galactose+IAA,0.0,-0.564095558130196,False
304,synonymous,MMS+IAA,0.0,-0.3966472109378038,False
304,synonymous,Rapamycin+IAA,0.0,-0.5574382995972776,False
304,synonymous,Sorbitol+IAA,0.0,-1.3080149030012658,False
304,synonymous,YPD,0.0,-6.569144258421978,False
304,synonymous,YPD+IAA,0.0,-1.5504563758138592,False
305,missense,Actinomycin_D+IAA,0.0,-0.8519968019273907,False
305,missense,Cobalt_Chloride+IAA,0.0,-0.6745750866763509,False
305,missense,Galactose+IAA,0.0,-0.1253730702594183,False
305,missense,MMS+IAA,0.0,-1.422548809357987,False
305,missense,Rapamycin+IAA,0.0,-8.253080753514698,False
305,missense,Sorbitol+IAA,0.0,-0.0245823622745998,False
305,missense,YPD,0.0,-11.144679375398578,False
305,missense,YPD+IAA,0.0,-2.0033268267849373,False
305,synonymous,Actinomycin_D+IAA,0.0,-0.5029822438459105,False
305,synonymous,Cobalt_Chloride+IAA,0.0,0.006461462553950517,False
305,synonymous,Galactose+IAA,0.0,-0.9224264760210602,False
305,synonymous,MMS+IAA,0.0,-0.13565852278757595,False
305,synonymous,Rapamycin+IAA,0.0,0.06829227688943997,False
305,synonymous,Sorbitol+IAA,0.0,-0.391556522157807,False
305,synonymous,YPD,0.0,-9.113621936665384,False
305,synonymous,YPD+IAA,0.0,-1.4333395845477814,False
306,missense,Actinomycin_D+IAA,0.0,-1.0957291231597286,False
306,missense,Cobalt_Chloride+IAA,0.0,-0.06009438557298043,False
306,missense,Galactose+IAA,0.0,-0.9142055865825456,False
306,missense,MMS+IAA,0.0,-0.45807419237202307,False
306,missense,Rapamycin+IAA,0.0,-3.0267554074144165,False
306,missense,Sorbitol+IAA,0.0,0.1958499553899826,False
306,missense,YPD,0.0,-11.233987363377175,False
306,missense,YPD+IAA,0.0,-1.9229409070007333,False
306,synonymous,Actinomycin_D+IAA,0.0,-2.1544422480222982,False
306,synonymous,Cobalt_Chloride+IAA,0.0,-0.6144010026691542,False
306,synonymous,Galactose+IAA,0.0,-2.265159070664127,False
306,synonymous,MMS+IAA,0.0,-1.539342592669141,False
306,synonymous,Rapamycin+IAA,0.0,-0.5507650674763924,False
306,synonymous,Sorbitol+IAA,0.0,-2.017937882434029,False
306,synonymous,YPD,0.0,-11.561580633195264,False
306,synonymous,YPD+IAA,0.0,-6.394220844509776,False
307,missense,Actinomycin_D+IAA,0.0,-0.04509017856371384,False
307,missense,Cobalt_Chloride+IAA,0.0,0.14433691279149502,False
307,missense,Galactose+IAA,0.0,-0.2223983418615192,False
307,missense,MMS+IAA,0.0,-0.3438779091894399,False
307,missense,Rapamycin+IAA,0.0,-1.0756574376605175,False
307,missense,Sorbitol+IAA,0.0,-0.14245277987998564,False
307,missense,YPD,0.0,-11.709421353779803,False
307,missense,YPD+IAA,0.0,-1.0979646921200965,False
307,synonymous,Actinomycin_D+IAA,0.0,-0.15419417143153497,False
307,synonymous,Cobalt_Chloride+IAA,0.0,-0.30312350306264474,False
307,synonymous,Galactose+IAA,0.0,-0.591834040855366,False
307,synonymous,MMS+IAA,0.0,0.07856359437106267,False
307,synonymous,Rapamycin+IAA,0.0,-0.15415177026750715,False
307,synonymous,Sorbitol+IAA,0.0,0.02769798639255396,False
307,synonymous,YPD,0.0,-11.415625602164049,False
307,synonymous,YPD+IAA,0.0,-1.8343074297091815,False
308,missense,Actinomycin_D+IAA,0.0,-0.44702229118591646,False
308,missense,Cobalt_Chloride+IAA,0.0,0.23145125570648886,False
308,missense,Galactose+IAA,0.0,-0.44731330911756795,False
308,missense,MMS+IAA,0.0,-0.06352890188467501,False
308,missense,Rapamycin+IAA,0.0,-1.0078426608731261,False
308,missense,Sorbitol+IAA,0.0,0.008790005700700886,False
308,missense,YPD,0.0,-11.848559017992821,False
308,missense,YPD+IAA,0.0,-1.5508749111470819,False
308,synonymous,Actinomycin_D+IAA,0.0,-2.2347956563354447,False
308,synonymous,Cobalt_Chloride+IAA,0.0,-1.9617670452779745,False
308,synonymous,Galactose+IAA,0.0,-2.025045351506391,False
308,synonymous,MMS+IAA,0.0,-1.3748902204981202,False
308,synonymous,Rapamycin+IAA,0.0,-2.003410606218694,False
308,synonymous,Sorbitol+IAA,0.0,-0.04686057783892375,False
308,synonymous,YPD,0.0,-11.955831202286024,False
308,synonymous,YPD+IAA,0.0,-3.275365606092169,False
309,missense,Actinomycin_D+IAA,0.0,-0.8218592825851906,False
309,missense,Cobalt_Chloride+IAA,0.0,0.39891753577573297,False
309,missense,Galactose+IAA,0.0,-0.29299372950875274,False
309,missense,MMS+IAA,0.0,-0.8326967522159338,False
309,missense,Rapamycin+IAA,0.0,-5.719213507310336,False
309,missense,Sorbitol+IAA,0.0,0.14204271866668108,False
309,missense,YPD,0.0,-11.473928563372207,False
309,missense,YPD+IAA,0.0,-1.6609269184730053,False
309,synonymous,Actinomycin_D+IAA,0.0,-1.583542294679949,False
309,synonymous,Cobalt_Chloride+IAA,0.0,-1.0471077960043795,False
309,synonymous,Galactose+IAA,0.0,-0.022937568758966423,False
309,synonymous,MMS+IAA,0.0,-0.21235437774921023,False
309,synonymous,Rapamycin+IAA,0.0,-0.01904451612870007,False
309,synonymous,Sorbitol+IAA,0.0,-1.177632026969116,False
309,synonymous,YPD,0.0,-11.121149712535134,False
309,synonymous,YPD+IAA,0.0,-2.99234476488848,False
310,missense,Actinomycin_D+IAA,0.0,-3.174123843844747,False
310,missense,Cobalt_Chloride+IAA,0.0,-5.379918440827565,False
310,missense,Galactose+IAA,0.0,-4.81626364578997,False
310,missense,MMS+IAA,0.0,-1.2497027324617012,False
310,missense,Rapamycin+IAA,0.0,-1.5437422466056199,False
310,missense,Sorbitol+IAA,0.0,-3.31590311262998,False
310,missense,YPD,0.0,-10.555966572286293,False
310,missense,YPD+IAA,0.0,-4.872322758278299,False
310,synonymous,Actinomycin_D+IAA,0.0,-0.5349249621809243,False
310,synonymous,Cobalt_Chloride+IAA,0.0,0.006360298057877056,False
310,synonymous,Galactose+IAA,0.0,-0.32662351469588025,False
310,synonymous,MMS+IAA,0.0,-0.03335509484926657,False
310,synonymous,Rapamycin+IAA,0.0,0.2921360557725152,False
310,synonymous,Sorbitol+IAA,0.0,0.035107738741771484,False
310,synonymous,YPD,0.0,-11.242530107327433,False
310,synonymous,YPD+IAA,0.0,-4.4641338546226255,False
311,missense,Actinomycin_D+IAA,0.0,-1.2814779458758978,False
311,missense,Cobalt_Chloride+IAA,0.0,-0.343938264969399,False
311,missense,Galactose+IAA,0.0,-1.0696766617446882,False
311,missense,MMS+IAA,0.0,-1.459342766197653,False
311,missense,Rapamycin+IAA,0.0,-7.909091516893995,False
311,missense,Sorbitol+IAA,0.0,-0.28201757040317776,False
311,missense,YPD,0.0,-10.964471258343599,False
311,missense,YPD+IAA,0.0,-3.5333899261319304,False
311,synonymous,Actinomycin_D+IAA,0.0,-1.026632737977731,False
311,synonymous,Cobalt_Chloride+IAA,0.0,-0.2706403109044048,False
311,synonymous,Galactose+IAA,0.0,-1.0132771557909306,False
311,synonymous,MMS+IAA,0.0,-0.33260587413274373,False
311,synonymous,Rapamycin+IAA,0.0,-1.1114269346963705,False
311,synonymous,Sorbitol+IAA,0.0,-0.9524994288947729,False
311,synonymous,YPD,0.0,-10.778255384743348,False
311,synonymous,YPD+IAA,0.0,-3.045575111559901,False
312,missense,Actinomycin_D+IAA,0.0,-0.30690435550345474,False
312,missense,Cobalt_Chloride+IAA,0.0,-0.12967891279062707,False
312,missense,Galactose+IAA,0.0,0.15737133708279485,False
312,missense,MMS+IAA,0.0,0.1293441029969534,False
312,missense,Rapamycin+IAA,0.0,-0.053163808963225215,False
312,missense,Sorbitol+IAA,0.0,0.03304090803659079,False
312,missense,YPD,0.0,-11.433622508742019,False
312,missense,YPD+IAA,0.0,-0.7076094012894479,False
312,synonymous,Actinomycin_D+IAA,0.0,-0.2242389784257576,False
312,synonymous,Cobalt_Chloride+IAA,0.0,-0.4312144130337306,False
312,synonymous,Galactose+IAA,0.0,0.0662946549265943,False
312,synonymous,MMS+IAA,0.0,0.20061134460323615,False
312,synonymous,Rapamycin+IAA,0.0,-2.198970698208927,False
312,synonymous,Sorbitol+IAA,0.0,-1.4311137246002017,False
312,synonymous,YPD,0.0,-11.190198642858835,False
312,synonymous,YPD+IAA,0.0,-2.442330875970622,False
313,missense,Actinomycin_D+IAA,0.0,-0.2271951421374809,False
313,missense,Cobalt_Chloride+IAA,0.0,-0.3953498564058656,False
313,missense,Galactose+IAA,0.0,-0.21536310447914575,False
313,missense,MMS+IAA,0.0,-0.1854518409779022,False
313,missense,Rapamycin+IAA,0.0,-0.044247990715936714,False
313,missense,Sorbitol+IAA,0.0,-0.2767016467989318,False
313,missense,YPD,0.0,-11.008135066306314,False
313,missense,YPD+IAA,0.0,-1.1434662856356983,False
313,synonymous,Actinomycin_D+IAA,0.0,-0.019078657899444816,False
313,synonymous,Cobalt_Chloride+IAA,0.0,-1.706428483045893,False
313,synonymous,Galactose+IAA,0.0,-0.6913029359418669,False
313,synonymous,MMS+IAA,0.0,-0.42402243239547127,False
313,synonymous,Rapamycin+IAA,0.0,-0.46575381082851797,False
313,synonymous,Sorbitol+IAA,0.0,-0.3735334269119081,False
313,synonymous,YPD,0.0,-11.058981858772562,False
313,synonymous,YPD+IAA,0.0,-2.882043808149954,False
314,missense,Actinomycin_D+IAA,0.0,-1.288549405948537,False
314,missense,Cobalt_Chloride+IAA,0.0,-1.1375516411325353,False
314,missense,Galactose+IAA,0.0,-2.5678777172918825,False
314,missense,MMS+IAA,0.0,-1.1656685397413076,False
314,missense,Rapamycin+IAA,0.0,0.11289036959558894,False
314,missense,Sorbitol+IAA,0.0,-0.24493600903097654,False
314,missense,YPD,0.0,-11.921621718288007,False
314,missense,YPD+IAA,0.0,-2.807474663008745,False
314,synonymous,Actinomycin_D+IAA,0.0,-3.6306030408137215,False
314,synonymous,Cobalt_Chloride+IAA,0.0,-1.7836606817297473,False
314,synonymous,Galactose+IAA,0.0,-2.5135925666802796,False
314,synonymous,MMS+IAA,0.0,-0.1314652863649486,False
314,synonymous,Rapamycin+IAA,0.0,-0.4379752290150943,False
314,synonymous,Sorbitol+IAA,0.0,-0.46037763716037594,False
314,synonymous,YPD,0.0,-10.606825720705993,False
314,synonymous,YPD+IAA,0.0,-6.686187566104815,False
315,missense,Actinomycin_D+IAA,0.0,-0.18362799017411233,False
315,missense,Cobalt_Chloride+IAA,0.0,-0.25091907866992036,False
315,missense,Galactose+IAA,0.0,-0.24367766118785744,False
315,missense,MMS+IAA,0.0,-0.16607846236885246,False
315,missense,Rapamycin+IAA,0.0,-0.910632853341699,False
315,missense,Sorbitol+IAA,0.0,0.2226755956066028,False
315,missense,YPD,0.0,-11.342581236384722,False
315,missense,YPD+IAA,0.0,-1.1147397573393343,False
315,synonymous,Actinomycin_D+IAA,0.0,-0.170345589691671,False
315,synonymous,Cobalt_Chloride+IAA,0.0,-0.942579801423348,False
315,synonymous,Galactose+IAA,0.0,-0.6074948169357568,False
315,synonymous,MMS+IAA,0.0,-0.11957792783753035,False
315,synonymous,Rapamycin+IAA,0.0,-0.46299067764685714,False
315,synonymous,Sorbitol+IAA,0.0,-0.43151669157976535,False
315,synonymous,YPD,0.0,-5.4812607411421705,False
315,synonymous,YPD+IAA,0.0,-1.8124951073094464,False
316,missense,Actinomycin_D+IAA,0.0,-0.577252969555602,False
316,missense,Cobalt_Chloride+IAA,0.0,-0.5332607054885482,False
316,missense,Galactose+IAA,0.0,-0.034711226864956056,False
316,missense,MMS+IAA,0.0,0.25278994834931384,False
316,missense,Rapamycin+IAA,0.0,-0.9475682150220056,False
316,missense,Sorbitol+IAA,0.0,-0.2298242545505962,False
316,missense,YPD,0.0,-11.327628175835281,False
316,missense,YPD+IAA,0.0,-1.5566651685804997,False
316,synonymous,Actinomycin_D+IAA,0.0,-0.45350387372652917,False
316,synonymous,Cobalt_Chloride+IAA,0.0,-0.40175095992286153,False
316,synonymous,Galactose+IAA,0.0,-0.21501990472144175,False
316,synonymous,MMS+IAA,0.0,-0.42202118598674626,False
316,synonymous,Rapamycin+IAA,0.0,-0.0448869251461513,False
316,synonymous,Sorbitol+IAA,0.0,-0.3016812532840536,False
316,synonymous,YPD,0.0,-5.425139226265065,False
316,synonymous,YPD+IAA,0.0,-2.441010779443321,False
317,missense,Actinomycin_D+IAA,0.0,-1.5340758740698635,False
317,missense,Cobalt_Chloride+IAA,0.0,-0.5390384725524037,False
317,missense,Galactose+IAA,0.0,-0.007922739440481205,False
317,missense,MMS+IAA,0.0,-0.8339438376996645,False
317,missense,Rapamycin+IAA,0.0,-2.884774578338881,False
317,missense,Sorbitol+IAA,0.0,0.28233442161149414,False
317,missense,YPD,0.0,-10.96592411722182,False
317,missense,YPD+IAA,0.0,-1.1918830512352,False
317,synonymous,Actinomycin_D+IAA,0.0,0.22387967838720055,False
317,synonymous,Cobalt_Chloride+IAA,0.0,-0.43846438637805496,False
317,synonymous,Galactose+IAA,0.0,-0.0870476250393377,False
317,synonymous,MMS+IAA,0.0,0.018618191666770485,False
317,synonymous,Rapamycin+IAA,0.0,-0.3014357665219198,False
317,synonymous,Sorbitol+IAA,0.0,-0.10267361286765511,False
317,synonymous,YPD,0.0,-11.822977475406109,False
317,synonymous,YPD+IAA,0.0,-1.3388118001054148,False
318,missense,Actinomycin_D+IAA,0.0,0.18698929648842033,False
318,missense,Cobalt_Chloride+IAA,0.0,-0.03248395802203201,False
318,missense,Galactose+IAA,0.0,-0.19575472174804553,False
318,missense,MMS+IAA,0.0,0.2370056872590988,False
318,missense,Rapamycin+IAA,0.0,-0.03994073250396169,False
318,missense,Sorbitol+IAA,0.0,0.05180828254893568,False
318,missense,YPD,0.0,-7.491987109868384,False
318,missense,YPD+IAA,0.0,-3.633132157574398,False
318,synonymous,Actinomycin_D+IAA,0.0,-0.488865791601546,False
318,synonymous,Cobalt_Chloride+IAA,0.0,-0.02463923642607169,False
318,synonymous,Galactose+IAA,0.0,-0.14443086104008857,False
318,synonymous,MMS+IAA,0.0,-1.3415286584091808,False
318,synonymous,Rapamycin+IAA,0.0,0.7070716436387513,False
318,synonymous,Sorbitol+IAA,0.0,-0.7661096347998811,False
318,synonymous,YPD,0.0,-10.698220950379978,False
318,synonymous,YPD+IAA,0.0,-11.183677311358974,False
319,synonymous,Actinomycin_D+IAA,0.0,-0.44094120326878766,False
319,synonymous,Cobalt_Chloride+IAA,0.0,-0.15554890572162178,False
319,synonymous,Galactose+IAA,0.0,-0.11290167654975264,False
319,synonymous,MMS+IAA,0.0,0.03988874214444781,False
319,synonymous,Rapamycin+IAA,0.0,0.08622382461077616,False
319,synonymous,Sorbitol+IAA,0.0,-0.17871850988227939,False
319,synonymous,YPD,0.0,-5.434642221263743,False
319,synonymous,YPD+IAA,0.0,-1.6117536428021002,False
320,missense,Actinomycin_D+IAA,0.0,-0.5004595860465887,False
320,missense,Cobalt_Chloride+IAA,0.0,-0.14788731612631756,False
320,missense,Galactose+IAA,0.0,0.0410600934716124,False
320,missense,MMS+IAA,0.0,0.14126182512816465,False
320,missense,Rapamycin+IAA,0.0,-0.5496687625567495,False
320,missense,Sorbitol+IAA,0.0,-0.3839792609822324,False
320,missense,YPD,0.0,-11.412061552656237,False
320,missense,YPD+IAA,0.0,-2.743176766938714,False
320,synonymous,Actinomycin_D+IAA,0.0,-0.6680202387568215,False
320,synonymous,Cobalt_Chloride+IAA,0.0,-0.3421032496520786,False
320,synonymous,Galactose+IAA,0.0,-0.603647739954672,False
320,synonymous,MMS+IAA,0.0,-0.17123776234526536,False
320,synonymous,Rapamycin+IAA,0.0,-0.405376726801359,False
320,synonymous,Sorbitol+IAA,0.0,-0.4267055985372463,False
320,synonymous,YPD,0.0,-11.326300266540038,False
320,synonymous,YPD+IAA,0.0,-2.894021145430739,False
321,missense,Actinomycin_D+IAA,0.0,-1.1774146186104522,False
321,missense,Cobalt_Chloride+IAA,0.0,-0.9912336238709981,False
321,missense,Galactose+IAA,0.0,-0.7930850579420512,False
321,missense,MMS+IAA,0.0,-0.7529506077845477,False
321,missense,Rapamycin+IAA,0.0,-1.57540880058462,False
321,missense,Sorbitol+IAA,0.0,-1.3528680787500238,False
321,missense,YPD,0.0,-10.66445971451856,False
321,missense,YPD+IAA,0.0,-1.1473871760063503,False
321,synonymous,Actinomycin_D+IAA,0.0,-0.13164716409922653,False
321,synonymous,Cobalt_Chloride+IAA,0.0,0.1944499715799395,False
321,synonymous,Galactose+IAA,0.0,-0.11882951656235104,False
321,synonymous,MMS+IAA,0.0,-0.15813636324081673,False
321,synonymous,Rapamycin+IAA,0.0,0.08739892717348023,False
321,synonymous,Sorbitol+IAA,0.0,-0.5194771569761125,False
321,synonymous,YPD,0.0,-11.599397914981816,False
321,synonymous,YPD+IAA,0.0,-3.326179103822971,False
322,missense,Actinomycin_D+IAA,0.0,-2.0320044660534426,False
322,missense,Cobalt_Chloride+IAA,0.0,-2.246064573774605,False
322,missense,Galactose+IAA,0.0,-2.8254573744239613,False
322,missense,MMS+IAA,0.0,-1.1688965552713022,False
322,missense,Rapamycin+IAA,0.0,-2.1218030330823563,False
322,missense,Sorbitol+IAA,0.0,-2.043693085622358,False
322,missense,YPD,0.0,-10.89341206456252,False
322,missense,YPD+IAA,0.0,-4.000028358328997,False
322,synonymous,Actinomycin_D+IAA,0.0,0.17946352365997525,False
322,synonymous,Cobalt_Chloride+IAA,0.0,-0.23017241019801368,False
322,synonymous,Galactose+IAA,0.0,-0.45012164857196024,False
322,synonymous,MMS+IAA,0.0,0.15556264042613693,False
322,synonymous,Rapamycin+IAA,0.0,-2.0407198824552895,False
322,synonymous,Sorbitol+IAA,0.0,0.10550311958935595,False
322,synonymous,YPD,0.0,-10.895860091114693,False
322,synonymous,YPD+IAA,0.0,-0.7740332400695423,False
323,missense,Actinomycin_D+IAA,0.0,-4.311026421208614,False
323,missense,Cobalt_Chloride+IAA,0.0,0.17832017747737292,False
323,missense,Galactose+IAA,0.0,-0.30216722090764814,False
323,missense,MMS+IAA,0.0,0.0675001319288311,False
323,missense,Rapamycin+IAA,0.0,-1.2769557011862775,False
323,missense,Sorbitol+IAA,0.0,-1.3861696509242933,False
323,missense,YPD,0.0,-10.485207009577197,False
323,missense,YPD+IAA,0.0,-2.304051263971639,False
323,synonymous,Actinomycin_D+IAA,0.0,-0.10573494900342657,False
323,synonymous,Cobalt_Chloride+IAA,0.0,-0.4369375769764691,False
323,synonymous,Galactose+IAA,0.0,-0.02773778879375325,False
323,synonymous,MMS+IAA,0.0,-0.0418918995666777,False
323,synonymous,Rapamycin+IAA,0.0,-0.1491494072152771,False
323,synonymous,Sorbitol+IAA,0.0,-0.4748742251708112,False
323,synonymous,YPD,0.0,-11.355749381212357,False
323,synonymous,YPD+IAA,0.0,-2.177720164409698,False
324,missense,Actinomycin_D+IAA,0.0,-1.0032576874469668,False
324,missense,Cobalt_Chloride+IAA,0.0,-0.5808132859226863,False
324,missense,Galactose+IAA,0.0,-1.2027644457255702,False
324,missense,MMS+IAA,0.0,-0.14780251413730996,False
324,missense,Rapamycin+IAA,0.0,-0.8653774502569079,False
324,missense,Sorbitol+IAA,0.0,-0.44819034934300367,False
324,missense,YPD,0.0,-9.924925959755672,False
324,missense,YPD+IAA,0.0,-2.170821172399675,False
325,missense,Actinomycin_D+IAA,0.0,-0.2869474008334022,False
325,missense,Cobalt_Chloride+IAA,0.0,-0.7838940092035416,False
325,missense,Galactose+IAA,0.0,-1.3201986525179843,False
325,missense,MMS+IAA,0.0,-0.2060070573034311,False
325,missense,Rapamycin+IAA,0.0,-0.18487247922415756,False
325,missense,Sorbitol+IAA,0.0,-0.3474025153548299,False
325,missense,YPD,0.0,-11.436094103582931,False
325,missense,YPD+IAA,0.0,-2.0338653460156366,False
325,synonymous,Actinomycin_D+IAA,0.0,-0.6034190548440502,False
325,synonymous,Cobalt_Chloride+IAA,0.0,-0.4471868513294074,False
325,synonymous,Galactose+IAA,0.0,-0.2555655835692745,False
325,synonymous,MMS+IAA,0.0,-0.08752622225656216,False
325,synonymous,Rapamycin+IAA,0.0,-0.4777653840107052,False
325,synonymous,Sorbitol+IAA,0.0,-0.7271526936028303,False
325,synonymous,YPD,0.0,-10.85109901661458,False
325,synonymous,YPD+IAA,0.0,-2.9952667807312534,False
326,missense,Actinomycin_D+IAA,0.0,-0.8645306872624042,False
326,missense,Cobalt_Chloride+IAA,0.0,-0.23968343083940957,False
326,missense,Galactose+IAA,0.0,0.12466954553128004,False
326,missense,MMS+IAA,0.0,0.012004860356927013,False
326,missense,Rapamycin+IAA,0.0,0.27355963391465954,False
326,missense,Sorbitol+IAA,0.0,-0.058785164560067604,False
326,missense,YPD,0.0,-11.293851535684055,False
326,missense,YPD+IAA,0.0,-1.9809821719906398,False
326,synonymous,Actinomycin_D+IAA,0.0,-1.8986662710060465,False
326,synonymous,Cobalt_Chloride+IAA,0.0,-0.5974517586646634,False
326,synonymous,Galactose+IAA,0.0,-1.492170770378028,False
326,synonymous,MMS+IAA,0.0,0.27120528792033316,False
326,synonymous,Rapamycin+IAA,0.0,-0.0016021636883097401,False
326,synonymous,Sorbitol+IAA,0.0,-0.3267721892466549,False
326,synonymous,YPD,0.0,-13.14776013804561,False
326,synonymous,YPD+IAA,0.0,-1.115679601981674,False
327,missense,Actinomycin_D+IAA,0.0,-0.06452908794545469,False
327,missense,Cobalt_Chloride+IAA,0.0,-1.9314484380564023,False
327,missense,Galactose+IAA,0.0,-1.2198871646132332,False
327,missense,MMS+IAA,0.0,-0.11711919209269354,False
327,missense,Rapamycin+IAA,0.0,-0.038484494520796726,False
327,missense,Sorbitol+IAA,0.0,0.2911778381957784,False
327,missense,YPD,0.0,-11.027845623970292,False
327,missense,YPD+IAA,0.0,-2.2591179026269335,False
327,synonymous,Actinomycin_D+IAA,0.0,-0.15631792454982715,False
327,synonymous,Cobalt_Chloride+IAA,0.0,-0.36231909322669903,False
327,synonymous,Galactose+IAA,0.0,0.20129395554710433,False
327,synonymous,MMS+IAA,0.0,-0.06638645748097678,False
327,synonymous,Rapamycin+IAA,0.0,0.005450964258195949,False
327,synonymous,Sorbitol+IAA,0.0,0.14596910086586323,False
327,synonymous,YPD,0.0,-0.8135399225310123,False
327,synonymous,YPD+IAA,0.0,-0.8125006010757293,False
328,missense,Actinomycin_D+IAA,0.0,-0.50614261647549,False
328,missense,Cobalt_Chloride+IAA,0.0,0.37737502353025515,False
328,missense,Galactose+IAA,0.0,0.515100157747385,False
328,missense,MMS+IAA,0.0,0.39231674490914675,False
328,missense,Rapamycin+IAA,0.0,0.4379839354648179,False
328,missense,Sorbitol+IAA,0.0,0.27300975466887345,False
328,missense,YPD,0.0,-10.765102207660352,False
328,missense,YPD+IAA,0.0,-1.0159347366319884,False
328,synonymous,Actinomycin_D+IAA,0.0,-4.116499184473256,False
328,synonymous,Cobalt_Chloride+IAA,0.0,-2.633360021808578,False
328,synonymous,Galactose+IAA,0.0,-0.9804841239561377,False
328,synonymous,MMS+IAA,0.0,-0.07324098592911488,False
328,synonymous,Rapamycin+IAA,0.0,-3.1717626513967594,False
328,synonymous,Sorbitol+IAA,0.0,-1.330757806442964,False
328,synonymous,YPD,0.0,-10.37644417541412,False
328,synonymous,YPD+IAA,0.0,-13.986096025169072,True
329,missense,Actinomycin_D+IAA,0.0,-0.32570594886784154,False
329,missense,Cobalt_Chloride+IAA,0.0,0.1250022104023246,False
329,missense,Galactose+IAA,0.0,-2.6882556700170728,False
329,missense,MMS+IAA,0.0,0.39982544383796226,False
329,missense,Rapamycin+IAA,0.0,-0.20457726399430656,False
329,missense,Sorbitol+IAA,0.0,-0.10703371469804167,False
329,missense,YPD,0.0,-10.705654406847145,False
329,missense,YPD+IAA,0.0,-1.8213656186978984,False
329,synonymous,Actinomycin_D+IAA,0.0,-0.6331383706790553,False
329,synonymous,Cobalt_Chloride+IAA,0.0,0.10633289870098367,False
329,synonymous,Galactose+IAA,0.0,0.08626051505358805,False
329,synonymous,MMS+IAA,0.0,0.3124901440720045,False
329,synonymous,Rapamycin+IAA,0.0,0.21325802329447727,False
329,synonymous,Sorbitol+IAA,0.0,-0.11663492924157673,False
329,synonymous,YPD,0.0,-11.455510471807623,False
329,synonymous,YPD+IAA,0.0,-2.01394534667223,False
330,missense,Actinomycin_D+IAA,0.0,-1.4303354562492827,False
330,missense,Cobalt_Chloride+IAA,0.0,-0.3329165430591428,False
330,missense,Galactose+IAA,0.0,0.21636259268250327,False
330,missense,MMS+IAA,0.0,-0.19297316035733297,False
330,missense,Rapamycin+IAA,0.0,1.1644917235387535,False
330,missense,Sorbitol+IAA,0.0,-0.4949677747662745,False
330,missense,YPD,0.0,-10.887613541436078,False
330,missense,YPD+IAA,0.0,-10.83081847009745,False
330,synonymous,Actinomycin_D+IAA,0.0,0.7436245508446089,False
330,synonymous,Cobalt_Chloride+IAA,0.0,-3.239982744635942,False
330,synonymous,Galactose+IAA,0.0,-0.2989178019152878,False
330,synonymous,MMS+IAA,0.0,-0.15430361210616445,False
330,synonymous,Rapamycin+IAA,0.0,-2.563854960902612,False
330,synonymous,Sorbitol+IAA,0.0,-4.6946597933679195,False
330,synonymous,YPD,0.0,-10.84433430683859,False
330,synonymous,YPD+IAA,0.0,-10.992958203421736,False
331,missense,Actinomycin_D+IAA,0.0,-0.20945310089744315,False
331,missense,Cobalt_Chloride+IAA,0.0,-0.3291614488313665,False
331,missense,Galactose+IAA,0.0,-0.05191060531837014,False
331,missense,MMS+IAA,0.0,0.0015160156501464847,False
331,missense,Rapamycin+IAA,0.0,0.009927616833335231,False
331,missense,Sorbitol+IAA,0.0,-0.17363096621011007,False
331,missense,YPD,0.0,-10.111494501990114,False
331,missense,YPD+IAA,0.0,-1.8128967909584044,False
331,synonymous,Actinomycin_D+IAA,0.0,-0.33769651438213527,False
331,synonymous,Cobalt_Chloride+IAA,0.0,-0.29339161434183886,False
331,synonymous,Galactose+IAA,0.0,-0.7797229935048237,False
331,synonymous,MMS+IAA,0.0,-0.19750483267127475,False
331,synonymous,Rapamycin+IAA,0.0,-2.7726444014576996,False
331,synonymous,Sorbitol+IAA,0.0,-0.46559785939904,False
331,synonymous,YPD,0.0,-11.05586817807514,False
331,synonymous,YPD+IAA,0.0,-2.079801802225988,False
332,missense,Actinomycin_D+IAA,0.0,-0.10280844816299549,False
332,missense,Cobalt_Chloride+IAA,0.0,-0.18461678751903998,False
332,missense,Galactose+IAA,0.0,0.5197532642544971,False
332,missense,MMS+IAA,0.0,0.08363771057874475,False
332,missense,Rapamycin+IAA,0.0,-0.03037983894734195,False
332,missense,Sorbitol+IAA,0.0,-0.08710574414301563,False
332,missense,YPD,0.0,-10.893201277492404,False
332,missense,YPD+IAA,0.0,-1.9142104259005817,False
332,synonymous,Actinomycin_D+IAA,0.0,0.2860502122011619,False
332,synonymous,Cobalt_Chloride+IAA,0.0,0.016330254072524097,False
332,synonymous,Galactose+IAA,0.0,-0.08754097204932547,False
332,synonymous,MMS+IAA,0.0,-0.19689310827073422,False
332,synonymous,Rapamycin+IAA,0.0,-0.38754826333173575,False
332,synonymous,Sorbitol+IAA,0.0,-0.11788431716886012,False
332,synonymous,YPD,0.0,-11.477017057146126,False
332,synonymous,YPD+IAA,0.0,-2.4543621775188025,False
333,missense,Actinomycin_D+IAA,0.0,-1.744085378874792,False
333,missense,Cobalt_Chloride+IAA,0.0,-0.9829419762296374,False
333,missense,Galactose+IAA,0.0,-0.5852892204816221,False
333,missense,MMS+IAA,0.0,0.06246763281182693,False
333,missense,Rapamycin+IAA,0.0,0.1138721097414168,False
333,missense,Sorbitol+IAA,0.0,-0.36039267703676353,False
333,missense,YPD,0.0,-11.231047361712132,False
333,missense,YPD+IAA,0.0,-3.0964238540751676,False
334,missense,Actinomycin_D+IAA,0.0,-0.15552228888770897,False
334,missense,Cobalt_Chloride+IAA,0.0,-0.031718091756492525,False
334,missense,Galactose+IAA,0.0,0.03511742085053555,False
334,missense,MMS+IAA,0.0,0.04438738689453775,False
334,missense,Rapamycin+IAA,0.0,-0.050788261560834685,False
334,missense,Sorbitol+IAA,0.0,0.0706670479703555,False
334,missense,YPD,0.0,-2.9070263299080676,False
334,missense,YPD+IAA,0.0,-1.249248892417863,False
334,synonymous,Actinomycin_D+IAA,0.0,-4.284389783877032,False
334,synonymous,Cobalt_Chloride+IAA,0.0,-10.814324148721989,False
334,synonymous,Galactose+IAA,0.0,-0.34952952771319423,False
334,synonymous,MMS+IAA,0.0,0.05442181068063705,False
334,synonymous,Rapamycin+IAA,0.0,-2.018610514580676,False
334,synonymous,Sorbitol+IAA,0.0,0.12150079404376753,False
334,synonymous,YPD,0.0,-10.363726112527035,False
334,synonymous,YPD+IAA,0.0,-5.674200596972376,False
335,missense,Actinomycin_D+IAA,0.0,-1.2215962506812117,False
335,missense,Cobalt_Chloride+IAA,0.0,-0.30014383009786094,False
335,missense,Galactose+IAA,0.0,-0.8378544882348354,False
335,missense,MMS+IAA,0.0,-1.5240443993930708,False
335,missense,Rapamycin+IAA,0.0,-1.365088717318212,False
335,missense,Sorbitol+IAA,0.0,-1.401420357293163,False
335,missense,YPD,0.0,-10.747682253470924,False
335,missense,YPD+IAA,0.0,-2.3103219111759237,False
335,synonymous,Actinomycin_D+IAA,0.0,-0.08084714929864315,False
335,synonymous,Cobalt_Chloride+IAA,0.0,0.3363835221388857,False
335,synonymous,Galactose+IAA,0.0,0.10590270819592786,False
335,synonymous,MMS+IAA,0.0,-0.005871679543535132,False
335,synonymous,Rapamycin+IAA,0.0,0.18717659754173324,False
335,synonymous,Sorbitol+IAA,0.0,0.009422898059229187,False
335,synonymous,YPD,0.0,-12.055911623574238,False
335,synonymous,YPD+IAA,0.0,-1.2109819278010807,False
336,missense,Actinomycin_D+IAA,0.0,0.43979661779785767,False
336,missense,Cobalt_Chloride+IAA,0.0,-0.7136109636240351,False
336,missense,Galactose+IAA,0.0,-0.591052985502484,False
336,missense,MMS+IAA,0.0,-0.38301779221054244,False
336,missense,Rapamycin+IAA,0.0,0.2221042929938381,False
336,missense,Sorbitol+IAA,0.0,-0.3252494310997559,False
336,missense,YPD,0.0,-9.002966020552513,False
336,missense,YPD+IAA,0.0,-2.4979261458597555,False
336,synonymous,Actinomycin_D+IAA,0.0,-4.011143803376831,False
336,synonymous,Cobalt_Chloride+IAA,0.0,-0.402624003996023,False
336,synonymous,Galactose+IAA,0.0,-1.4943744393053657,False
336,synonymous,MMS+IAA,0.0,0.3380019140070026,False
336,synonymous,Rapamycin+IAA,0.0,-2.6303994409161837,False
336,synonymous,Sorbitol+IAA,0.0,-2.008539312037605,False
336,synonymous,YPD,0.0,-10.597525164707704,False
336,synonymous,YPD+IAA,0.0,-4.3239113861324645,False
337,missense,Actinomycin_D+IAA,0.0,-0.24957251801717817,False
337,missense,Cobalt_Chloride+IAA,0.0,-0.36523703163761717,False
337,missense,Galactose+IAA,0.0,0.1073023113454699,False
337,missense,MMS+IAA,0.0,0.03213462480210228,False
337,missense,Rapamycin+IAA,0.0,0.28019877832251044,False
337,missense,Sorbitol+IAA,0.0,-0.09931509175429991,False
337,missense,YPD,0.0,-10.912055623734535,False
337,missense,YPD+IAA,0.0,-2.144526796249939,False
337,synonymous,Actinomycin_D+IAA,0.0,-0.08407456600105047,False
337,synonymous,Cobalt_Chloride+IAA,0.0,-0.03504940270018666,False
337,synonymous,Galactose+IAA,0.0,-0.7312963061431226,False
337,synonymous,MMS+IAA,0.0,0.026791634240017518,False
337,synonymous,Rapamycin+IAA,0.0,0.2918354595874606,False
337,synonymous,Sorbitol+IAA,0.0,-0.7608624257740948,False
337,synonymous,YPD,0.0,-11.406075636927874,False
337,synonymous,YPD+IAA,0.0,-3.7907813169076996,False
338,missense,Actinomycin_D+IAA,0.0,0.5330494872423195,False
338,missense,Cobalt_Chloride+IAA,0.0,-0.28393718354148906,False
338,missense,Galactose+IAA,0.0,0.09390120257645847,False
338,missense,MMS+IAA,0.0,0.06985628400718796,False
338,missense,Rapamycin+IAA,0.0,0.06806877903455691,False
338,missense,Sorbitol+IAA,0.0,0.004265485933310691,False
338,missense,YPD,0.0,-1.6852760246228295,False
338,missense,YPD+IAA,0.0,-1.1641565744028708,False
338,synonymous,Actinomycin_D+IAA,0.0,-0.1937671588338342,False
338,synonymous,Cobalt_Chloride+IAA,0.0,-0.10199210486853062,False
338,synonymous,Galactose+IAA,0.0,-0.1773886289594321,False
338,synonymous,MMS+IAA,0.0,-0.08278801589417079,False
338,synonymous,Rapamycin+IAA,0.0,-0.11800604309580107,False
338,synonymous,Sorbitol+IAA,0.0,-0.03410145810750839,False
338,synonymous,YPD,0.0,-11.604651616161592,False
338,synonymous,YPD+IAA,0.0,-0.9238622084829108,False
339,missense,Actinomycin_D+IAA,0.0,-30.114488247430504,True
339,missense,Cobalt_Chloride+IAA,0.0,-33.87801174835246,True
339,missense,Galactose+IAA,0.0,-33.87801174835246,True
339,missense,MMS+IAA,0.0,-30.36289805828625,True
339,missense,Rapamycin+IAA,0.0,-33.87801174835246,True
339,missense,Sorbitol+IAA,0.0,-30.313157371463227,True
339,missense,YPD,0.0,-11.273463455363883,False
339,missense,YPD+IAA,0.0,-30.252109727426323,True
339,synonymous,Actinomycin_D+IAA,0.0,-2.51384923532226,False
339,synonymous,Cobalt_Chloride+IAA,0.0,-3.254650881867771,False
339,synonymous,Galactose+IAA,0.0,-3.8713384881056014,False
339,synonymous,MMS+IAA,0.0,-2.336975830037705,False
339,synonymous,Rapamycin+IAA,0.0,-0.8617809266837915,False
339,synonymous,Sorbitol+IAA,0.0,-2.6636526775294787,False
339,synonymous,YPD,0.0,-11.716298728523588,False
339,synonymous,YPD+IAA,0.0,-5.557241958586244,False
340,missense,Actinomycin_D+IAA,0.0,-34.72013439846681,True
340,missense,Cobalt_Chloride+IAA,0.0,-31.059175278039366,True
340,missense,Galactose+IAA,0.0,-28.719130505221813,True
340,missense,MMS+IAA,0.0,-31.85189615156515,True
340,missense,Rapamycin+IAA,0.0,-32.09644793005863,True
340,missense,Sorbitol+IAA,0.0,-9.433797768847192,False
340,missense,YPD,0.0,-9.126814570921981,False
340,missense,YPD+IAA,0.0,-34.72013439846681,True
340,synonymous,Actinomycin_D+IAA,0.0,-2.0158917160048753,False
340,synonymous,Cobalt_Chloride+IAA,0.0,-1.7213667612293087,False
340,synonymous,Galactose+IAA,0.0,-0.4962389255819462,False
340,synonymous,MMS+IAA,0.0,-0.24425664227234722,False
340,synonymous,Rapamycin+IAA,0.0,-0.21126817314938054,False
340,synonymous,Sorbitol+IAA,0.0,-0.2860094909652823,False
340,synonymous,YPD,0.0,-11.245568814964903,False
340,synonymous,YPD+IAA,0.0,-1.1815983536619035,False
341,missense,Actinomycin_D+IAA,0.0,-3.118187951381644,False
341,missense,Cobalt_Chloride+IAA,0.0,-2.113204414732857,False
341,missense,Galactose+IAA,0.0,-2.3723046749618724,False
341,missense,MMS+IAA,0.0,-2.621283286784796,False
341,missense,Rapamycin+IAA,0.0,-2.319758556593733,False
341,missense,Sorbitol+IAA,0.0,-2.5195543360651707,False
341,missense,YPD,0.0,-11.524178075950271,False
341,missense,YPD+IAA,0.0,-3.575045572542618,False
341,synonymous,Actinomycin_D+IAA,0.0,0.023558813927510483,False
341,synonymous,Cobalt_Chloride+IAA,0.0,-0.5239533606926333,False
341,synonymous,Galactose+IAA,0.0,-0.27816519349034036,False
341,synonymous,MMS+IAA,0.0,-0.1608968891807249,False
341,synonymous,Rapamycin+IAA,0.0,-0.26720747557215047,False
341,synonymous,Sorbitol+IAA,0.0,-0.30333028918458976,False
341,synonymous,YPD,0.0,-4.025867166471378,False
341,synonymous,YPD+IAA,0.0,-1.396286191610827,False
342,missense,Actinomycin_D+IAA,0.0,-28.851002983937395,True
342,missense,Cobalt_Chloride+IAA,0.0,-23.820609038463203,True
342,missense,Galactose+IAA,0.0,-30.891604320749433,True
342,missense,MMS+IAA,0.0,-30.713860960269738,True
342,missense,Rapamycin+IAA,0.0,-28.869354016129915,True
342,missense,Sorbitol+IAA,0.0,-29.558073395741292,True
342,missense,YPD,0.0,-10.863144060944244,False
342,missense,YPD+IAA,0.0,-28.293000334246695,True
343,missense,Actinomycin_D+IAA,0.0,-0.5238750310657676,False
343,missense,Cobalt_Chloride+IAA,0.0,-0.33522037424148654,False
343,missense,Galactose+IAA,0.0,-0.08486708401821993,False
343,missense,MMS+IAA,0.0,-0.392741495670254,False
343,missense,Rapamycin+IAA,0.0,0.1705916740217734,False
343,missense,Sorbitol+IAA,0.0,-1.2415499493302875,False
343,missense,YPD,0.0,-11.908868584807779,False
343,missense,YPD+IAA,0.0,-2.204231808313608,False
343,synonymous,Actinomycin_D+IAA,0.0,-0.20733305052263876,False
343,synonymous,Cobalt_Chloride+IAA,0.0,-0.5812455182703719,False
343,synonymous,Galactose+IAA,0.0,-0.5213900357380216,False
343,synonymous,MMS+IAA,0.0,-0.2613358067650933,False
343,synonymous,Rapamycin+IAA,0.0,-0.18599820029731728,False
343,synonymous,Sorbitol+IAA,0.0,-0.5305700119247301,False
343,synonymous,YPD,0.0,-11.13444853442361,False
343,synonymous,YPD+IAA,0.0,-2.5792142265252584,False
344,missense,Actinomycin_D+IAA,0.0,-6.627905227557328,False
344,missense,Cobalt_Chloride+IAA,0.0,-0.9044690206669009,False
344,missense,Galactose+IAA,0.0,-4.147689824779389,False
344,missense,MMS+IAA,0.0,-3.4205723488746784,False
344,missense,Rapamycin+IAA,0.0,-8.344677681866722,False
344,missense,Sorbitol+IAA,0.0,-1.825876955849426,False
344,missense,YPD,0.0,-11.195472567480298,False
344,missense,YPD+IAA,0.0,-8.14759420418447,False
344,synonymous,Actinomycin_D+IAA,0.0,-0.8962788073454704,False
344,synonymous,Cobalt_Chloride+IAA,0.0,-1.4107824879067223,False
344,synonymous,Galactose+IAA,0.0,-0.1097074265642127,False
344,synonymous,MMS+IAA,0.0,-0.16447323857009394,False
344,synonymous,Rapamycin+IAA,0.0,-0.14545964110993526,False
344,synonymous,Sorbitol+IAA,0.0,-0.18149296296926087,False
344,synonymous,YPD,0.0,-10.754437716370491,False
344,synonymous,YPD+IAA,0.0,-5.3361961900598125,False
345,missense,Actinomycin_D+IAA,0.0,0.2300850089257371,False
345,missense,Cobalt_Chloride+IAA,0.0,-4.076977309372207,False
345,missense,Galactose+IAA,0.0,-3.2567640612891857,False
345,missense,MMS+IAA,0.0,-1.0171956007900327,False
345,missense,Rapamycin+IAA,0.0,-0.5921004511472486,False
345,missense,Sorbitol+IAA,0.0,-4.96105708275273,False
345,missense,YPD,0.0,-10.662676849483761,False
345,missense,YPD+IAA,0.0,-5.8059491756809685,False
345,synonymous,Actinomycin_D+IAA,0.0,-2.279240217281561,False
345,synonymous,Cobalt_Chloride+IAA,0.0,-3.1164018552581365,False
345,synonymous,Galactose+IAA,0.0,-2.5049569437760124,False
345,synonymous,MMS+IAA,0.0,-2.2497849647666732,False
345,synonymous,Rapamycin+IAA,0.0,-2.1186439238256627,False
345,synonymous,Sorbitol+IAA,0.0,-2.731821109834565,False
345,synonymous,YPD,0.0,-11.590860559070263,False
345,synonymous,YPD+IAA,0.0,-3.956453298619841,False
346,missense,Actinomycin_D+IAA,0.0,0.3659866489048578,False
346,missense,Cobalt_Chloride+IAA,0.0,-0.45528704071581994,False
346,missense,Galactose+IAA,0.0,0.12233050984577956,False
346,missense,MMS+IAA,0.0,-0.20922144934284012,False
346,missense,Rapamycin+IAA,0.0,0.4193471129697233,False
346,missense,Sorbitol+IAA,0.0,-0.3562069555401734,False
346,missense,YPD,0.0,-4.958769575792438,False
346,missense,YPD+IAA,0.0,-2.5489921668968565,False
346,synonymous,Actinomycin_D+IAA,0.0,-3.4664383098262097,False
346,synonymous,Cobalt_Chloride+IAA,0.0,-6.725742059361266,False
346,synonymous,Galactose+IAA,0.0,-1.9877128382307914,False
346,synonymous,MMS+IAA,0.0,0.12786167486053285,False
346,synonymous,Rapamycin+IAA,0.0,-5.5679326488929775,False
346,synonymous,Sorbitol+IAA,0.0,-2.564666351390363,False
346,synonymous,YPD,0.0,-11.799037482254485,False
346,synonymous,YPD+IAA,0.0,-13.427243440002757,True
347,missense,Actinomycin_D+IAA,0.0,-0.6890592221687171,False
347,missense,Cobalt_Chloride+IAA,0.0,-2.216125005653788,False
347,missense,Galactose+IAA,0.0,-0.5333958983677182,False
347,missense,MMS+IAA,0.0,-0.0904737585890896,False
347,missense,Rapamycin+IAA,0.0,-0.6645992878638288,False
347,missense,Sorbitol+IAA,0.0,-0.8177313618626998,False
347,missense,YPD,0.0,-11.267979416862325,False
347,missense,YPD+IAA,0.0,-1.9919379294755013,False
347,synonymous,Actinomycin_D+IAA,0.0,-0.515011641086773,False
347,synonymous,Cobalt_Chloride+IAA,0.0,-0.05039778553816438,False
347,synonymous,Galactose+IAA,0.0,-0.29746613162149543,False
347,synonymous,MMS+IAA,0.0,0.08627819719187792,False
347,synonymous,Rapamycin+IAA,0.0,0.044328486065212606,False
347,synonymous,Sorbitol+IAA,0.0,-0.11139974852105806,False
347,synonymous,YPD,0.0,-11.255687000594335,False
347,synonymous,YPD+IAA,0.0,-1.3181171272499819,False
348,missense,Actinomycin_D+IAA,0.0,-0.014403610895697666,False
348,missense,Cobalt_Chloride+IAA,0.0,-0.10759145950558066,False
348,missense,Galactose+IAA,0.0,-0.5279629901263931,False
348,missense,MMS+IAA,0.0,-0.045534989032190325,False
348,missense,Rapamycin+IAA,0.0,0.4536892171679472,False
348,missense,Sorbitol+IAA,0.0,0.018141166517910957,False
348,missense,YPD,0.0,-10.966899389410136,False
348,missense,YPD+IAA,0.0,-1.1055618570990398,False
348,synonymous,Actinomycin_D+IAA,0.0,-0.6264744105585758,False
348,synonymous,Cobalt_Chloride+IAA,0.0,-0.524676570506756,False
348,synonymous,Galactose+IAA,0.0,-0.6869302833796729,False
348,synonymous,MMS+IAA,0.0,-0.6753502768295395,False
348,synonymous,Rapamycin+IAA,0.0,0.05765503057586658,False
348,synonymous,Sorbitol+IAA,0.0,-0.3681807771290924,False
348,synonymous,YPD,0.0,-11.208541281586953,False
348,synonymous,YPD+IAA,0.0,-2.2676796598828566,False
349,missense,Actinomycin_D+IAA,0.0,-0.231236475668692,False
349,missense,Cobalt_Chloride+IAA,0.0,0.07532127359672965,False
349,missense,Galactose+IAA,0.0,0.10338500707985206,False
349,missense,MMS+IAA,0.0,-0.02036377831588851,False
349,missense,Rapamycin+IAA,0.0,-0.24230458002239283,False
349,missense,Sorbitol+IAA,0.0,-0.10401162741922267,False
349,missense,YPD,0.0,-11.42856368106892,False
349,missense,YPD+IAA,0.0,-2.5385168086407415,False
349,synonymous,Actinomycin_D+IAA,0.0,-1.3222327427063338,False
349,synonymous,Cobalt_Chloride+IAA,0.0,-0.4610023888672431,False
349,synonymous,Galactose+IAA,0.0,-2.2673834239700104,False
349,synonymous,MMS+IAA,0.0,-0.32190048065964877,False
349,synonymous,Rapamycin+IAA,0.0,-0.6221160235464932,False
349,synonymous,Sorbitol+IAA,0.0,-0.9025762327545838,False
349,synonymous,YPD,0.0,-10.138524671568671,False
349,synonymous,YPD+IAA,0.0,-3.767678105757705,False
350,missense,Actinomycin_D+IAA,0.0,-0.4230557537394943,False
350,missense,Cobalt_Chloride+IAA,0.0,0.009912177386902856,False
350,missense,Galactose+IAA,0.0,-0.26479831905387935,False
350,missense,MMS+IAA,0.0,-0.17519692268923354,False
350,missense,Rapamycin+IAA,0.0,-0.0012946670621353787,False
350,missense,Sorbitol+IAA,0.0,-0.5120200487276545,False
350,missense,YPD,0.0,-9.70751676930391,False
350,missense,YPD+IAA,0.0,-1.7337265043388492,False
350,synonymous,Actinomycin_D+IAA,0.0,-1.5435449403553974,False
350,synonymous,Cobalt_Chloride+IAA,0.0,-1.2402125500288372,False
350,synonymous,Galactose+IAA,0.0,-1.335226969972882,False
350,synonymous,MMS+IAA,0.0,-0.6858616836826195,False
350,synonymous,Rapamycin+IAA,0.0,-1.2930454839487422,False
350,synonymous,Sorbitol+IAA,0.0,-1.8814664122222982,False
350,synonymous,YPD,0.0,-10.990530759655156,False
350,synonymous,YPD+IAA,0.0,-2.7391374492525267,False
351,missense,Actinomycin_D+IAA,0.0,-0.7792910089721573,False
351,missense,Cobalt_Chloride+IAA,0.0,-0.6550906914064997,False
351,missense,Galactose+IAA,0.0,-1.2935439538007287,False
351,missense,MMS+IAA,0.0,-0.912689055294793,False
351,missense,Rapamycin+IAA,0.0,0.04879174972557518,False
351,missense,Sorbitol+IAA,0.0,-1.1021910558857446,False
351,missense,YPD,0.0,-10.772403009827611,False
351,missense,YPD+IAA,0.0,-2.2241972078987193,False
351,synonymous,Actinomycin_D+IAA,0.0,-0.29483434764332517,False
351,synonymous,Cobalt_Chloride+IAA,0.0,-1.1674779757292642,False
351,synonymous,Galactose+IAA,0.0,0.0362704341561045,False
351,synonymous,MMS+IAA,0.0,0.06440799505318867,False
351,synonymous,Rapamycin+IAA,0.0,0.2531108724708156,False
351,synonymous,Sorbitol+IAA,0.0,-0.23109631600219668,False
351,synonymous,YPD,0.0,-10.964845086034426,False
351,synonymous,YPD+IAA,0.0,-1.7758296372275584,False
352,missense,Actinomycin_D+IAA,0.0,-0.9680015585234099,False
352,missense,Cobalt_Chloride+IAA,0.0,-0.2238804522943751,False
352,missense,Galactose+IAA,0.0,-1.7163866105823955,False
352,missense,MMS+IAA,0.0,-0.9782779925735886,False
352,missense,Rapamycin+IAA,0.0,-4.932956350619013,False
352,missense,Sorbitol+IAA,0.0,0.12872384301006812,False
352,missense,YPD,0.0,-11.953170496702073,False
352,missense,YPD+IAA,0.0,-2.4200529760263607,False
352,synonymous,Actinomycin_D+IAA,0.0,-0.6886426805220771,False
352,synonymous,Cobalt_Chloride+IAA,0.0,-1.0664160210197446,False
352,synonymous,Galactose+IAA,0.0,-0.8158735487797103,False
352,synonymous,MMS+IAA,0.0,-1.185883471926782,False
352,synonymous,Rapamycin+IAA,0.0,-0.27234137200514447,False
352,synonymous,Sorbitol+IAA,0.0,-0.29822511783211797,False
352,synonymous,YPD,0.0,-11.17329388167155,False
352,synonymous,YPD+IAA,0.0,-3.5394319356346413,False
353,missense,Actinomycin_D+IAA,0.0,-0.6485182964456725,False
353,missense,Cobalt_Chloride+IAA,0.0,0.08739080633215256,False
353,missense,Galactose+IAA,0.0,-0.4109465900223172,False
353,missense,MMS+IAA,0.0,-0.4039217413814104,False
353,missense,Rapamycin+IAA,0.0,-1.3137829956046658,False
353,missense,Sorbitol+IAA,0.0,-0.504068801442468,False
353,missense,YPD,0.0,-11.953579988075596,False
353,missense,YPD+IAA,0.0,-2.1531160321889558,False
353,synonymous,Actinomycin_D+IAA,0.0,-1.441916369119549,False
353,synonymous,Cobalt_Chloride+IAA,0.0,-0.7425872811258538,False
353,synonymous,Galactose+IAA,0.0,-0.06877017721575363,False
353,synonymous,MMS+IAA,0.0,-0.1682144896035464,False
353,synonymous,Rapamycin+IAA,0.0,-0.40839253454836577,False
353,synonymous,Sorbitol+IAA,0.0,-1.4404450160797357,False
353,synonymous,YPD,0.0,-10.5338732081633,False
353,synonymous,YPD+IAA,0.0,-3.959781525735983,False
354,missense,Actinomycin_D+IAA,0.0,-3.5628109768347986,False
354,missense,Cobalt_Chloride+IAA,0.0,-5.226129747892911,False
354,missense,Galactose+IAA,0.0,-2.7588236674511744,False
354,missense,MMS+IAA,0.0,0.030467976918300672,False
354,missense,Rapamycin+IAA,0.0,-0.7549742754863898,False
354,missense,Sorbitol+IAA,0.0,-0.18882855098109674,False
354,missense,YPD,0.0,-10.373657665128517,False
354,missense,YPD+IAA,0.0,-0.7334244678157259,False
354,synonymous,Actinomycin_D+IAA,0.0,-0.40848087706074154,False
354,synonymous,Cobalt_Chloride+IAA,0.0,-0.2807747785220862,False
354,synonymous,Galactose+IAA,0.0,-0.5564550063580554,False
354,synonymous,MMS+IAA,0.0,-0.15381795063666437,False
354,synonymous,Rapamycin+IAA,0.0,-1.026748443895106,False
354,synonymous,Sorbitol+IAA,0.0,-0.3417867709540838,False
354,synonymous,YPD,0.0,-11.050644368044527,False
354,synonymous,YPD+IAA,0.0,-2.3962280090896644,False
355,missense,Actinomycin_D+IAA,0.0,-4.201988388539997,False
355,missense,Cobalt_Chloride+IAA,0.0,-0.3106823046515833,False
355,missense,Galactose+IAA,0.0,0.08628121128266993,False
355,missense,MMS+IAA,0.0,-0.5587138327223338,False
355,missense,Rapamycin+IAA,0.0,-0.0016362642027001745,False
355,missense,Sorbitol+IAA,0.0,0.051126949695330985,False
355,missense,YPD,0.0,-5.426204714896769,False
355,missense,YPD+IAA,0.0,-3.3921070860682585,False
355,synonymous,Actinomycin_D+IAA,0.0,-0.33912391950634035,False
355,synonymous,Cobalt_Chloride+IAA,0.0,-0.4403973535287944,False
355,synonymous,Galactose+IAA,0.0,0.005934305583358817,False
355,synonymous,MMS+IAA,0.0,0.08623021794833446,False
355,synonymous,Rapamycin+IAA,0.0,-0.06647170412184868,False
355,synonymous,Sorbitol+IAA,0.0,-0.9585516401507573,False
355,synonymous,YPD,0.0,-11.220939407100367,False
355,synonymous,YPD+IAA,0.0,-1.6291536443406218,False
356,missense,Actinomycin_D+IAA,0.0,-1.0199389034764559,False
356,missense,Cobalt_Chloride+IAA,0.0,-1.4334320286931512,False
356,missense,Galactose+IAA,0.0,-1.8440178382129317,False
356,missense,MMS+IAA,0.0,-0.5443915393528783,False
356,missense,Rapamycin+IAA,0.0,-4.019276199168847,False
356,missense,Sorbitol+IAA,0.0,-1.1094778046336984,False
356,missense,YPD,0.0,-11.327060164465667,False
356,missense,YPD+IAA,0.0,-2.0871759121610216,False
356,synonymous,Actinomycin_D+IAA,0.0,-0.03162767985361525,False
356,synonymous,Cobalt_Chloride+IAA,0.0,0.04240208086643873,False
356,synonymous,Galactose+IAA,0.0,-1.1758310725944736,False
356,synonymous,MMS+IAA,0.0,-2.0915371380960517,False
356,synonymous,Rapamycin+IAA,0.0,0.7967034298175569,False
356,synonymous,Sorbitol+IAA,0.0,-0.03903595540903453,False
356,synonymous,YPD,0.0,-10.118527424455104,False
356,synonymous,YPD+IAA,0.0,-0.8714978227084054,False
357,missense,Actinomycin_D+IAA,0.0,0.061114364034892114,False
357,missense,Cobalt_Chloride+IAA,0.0,-0.12350710915351648,False
357,missense,Galactose+IAA,0.0,-0.7316152669389608,False
357,missense,MMS+IAA,0.0,0.0001094679116578105,False
357,missense,Rapamycin+IAA,0.0,-0.059338785851683236,False
357,missense,Sorbitol+IAA,0.0,-0.6272289671740577,False
357,missense,YPD,0.0,-10.911114284056946,False
357,missense,YPD+IAA,0.0,-0.31357265002393137,False
358,missense,Actinomycin_D+IAA,0.0,-2.3474844517008076,False
358,missense,Cobalt_Chloride+IAA,0.0,-2.1910009502088106,False
358,missense,Galactose+IAA,0.0,-2.3013928329582556,False
358,missense,MMS+IAA,0.0,-1.8887626533758495,False
358,missense,Rapamycin+IAA,0.0,-1.7921957934841752,False
358,missense,Sorbitol+IAA,0.0,-1.810640630904162,False
358,missense,YPD,0.0,-10.941688158078792,False
358,missense,YPD+IAA,0.0,-3.688250987763244,False
358,synonymous,Actinomycin_D+IAA,0.0,-1.3163697717075629,False
358,synonymous,Cobalt_Chloride+IAA,0.0,-1.6332279930904776,False
358,synonymous,Galactose+IAA,0.0,-2.057466592942825,False
358,synonymous,MMS+IAA,0.0,-1.6273393467885222,False
358,synonymous,Rapamycin+IAA,0.0,-0.2613682786416898,False
358,synonymous,Sorbitol+IAA,0.0,-2.0974033160339967,False
358,synonymous,YPD,0.0,-11.181636773793619,False
358,synonymous,YPD+IAA,0.0,-2.9431288809254994,False
359,missense,Actinomycin_D+IAA,0.0,-16.615910394984105,True
359,missense,Cobalt_Chloride+IAA,0.0,-0.8230039601313949,False
359,missense,Galactose+IAA,0.0,-0.4124013420629225,False
359,missense,MMS+IAA,0.0,-1.573250022643856,False
359,missense,Rapamycin+IAA,0.0,-9.33019477953794,False
359,missense,Sorbitol+IAA,0.0,-0.3514343313852303,False
359,missense,YPD,0.0,-11.28335895149741,False
359,missense,YPD+IAA,0.0,-6.35425001867225,False
359,synonymous,Actinomycin_D+IAA,0.0,-1.1968415998701762,False
359,synonymous,Cobalt_Chloride+IAA,0.0,-0.6433756045164097,False
359,synonymous,Galactose+IAA,0.0,-1.4924450060477925,False
359,synonymous,MMS+IAA,0.0,-0.36926786841854453,False
359,synonymous,Rapamycin+IAA,0.0,-0.7455707465470316,False
359,synonymous,Sorbitol+IAA,0.0,-0.4433627715186836,False
359,synonymous,YPD,0.0,-10.005098412608357,False
359,synonymous,YPD+IAA,0.0,-3.830730931367029,False
360,missense,Actinomycin_D+IAA,0.0,-0.7737571661522128,False
360,missense,Cobalt_Chloride+IAA,0.0,-0.69194085570806,False
360,missense,Galactose+IAA,0.0,-0.692792782531356,False
360,missense,MMS+IAA,0.0,-0.34985067637445544,False
360,missense,Rapamycin+IAA,0.0,-0.6698821159577348,False
360,missense,Sorbitol+IAA,0.0,-0.6339862532966933,False
360,missense,YPD,0.0,-11.510048702215215,False
360,missense,YPD+IAA,0.0,-2.5466063103549743,False
360,synonymous,Actinomycin_D+IAA,0.0,-0.5369455037248171,False
360,synonymous,Cobalt_Chloride+IAA,0.0,-0.27043181501782476,False
360,synonymous,Galactose+IAA,0.0,-0.1494722352999177,False
360,synonymous,MMS+IAA,0.0,-0.32222717917599986,False
360,synonymous,Rapamycin+IAA,0.0,-0.33475906330778504,False
360,synonymous,Sorbitol+IAA,0.0,-0.7079423058844855,False
360,synonymous,YPD,0.0,-8.583148633275163,False
360,synonymous,YPD+IAA,0.0,-1.7145358878663826,False
361,missense,Actinomycin_D+IAA,0.0,-1.131398204929517,False
361,missense,Cobalt_Chloride+IAA,0.0,-3.756599448664283,False
361,missense,Galactose+IAA,0.0,-2.9602830175582815,False
361,missense,MMS+IAA,0.0,-1.2332303993600384,False
361,missense,Rapamycin+IAA,0.0,-0.5358262892000727,False
361,missense,Sorbitol+IAA,0.0,-0.14913435003255507,False
361,missense,YPD,0.0,-10.598429212193048,False
361,missense,YPD+IAA,0.0,-4.971491748629233,False
361,synonymous,Actinomycin_D+IAA,0.0,-0.4693991356491989,False
361,synonymous,Cobalt_Chloride+IAA,0.0,-2.273598519906282,False
361,synonymous,Galactose+IAA,0.0,-0.6858987558122673,False
361,synonymous,MMS+IAA,0.0,-1.1438173487274308,False
361,synonymous,Rapamycin+IAA,0.0,0.03195049472416466,False
361,synonymous,Sorbitol+IAA,0.0,-1.1850315546728971,False
361,synonymous,YPD,0.0,-10.696277730398625,False
361,synonymous,YPD+IAA,0.0,-3.2213980270004074,False
362,missense,Actinomycin_D+IAA,0.0,-0.5003172418642933,False
362,missense,Cobalt_Chloride+IAA,0.0,-0.46737090650737295,False
362,missense,Galactose+IAA,0.0,-0.16364209002564067,False
362,missense,MMS+IAA,0.0,0.018222456306309018,False
362,missense,Rapamycin+IAA,0.0,-0.21960126342519587,False
362,missense,Sorbitol+IAA,0.0,-0.3786683393302396,False
362,missense,YPD,0.0,-4.6284818118977125,False
362,missense,YPD+IAA,0.0,-2.0137797826081396,False
362,synonymous,Actinomycin_D+IAA,0.0,-1.7506075779221362,False
362,synonymous,Cobalt_Chloride+IAA,0.0,-2.464419040347586,False
362,synonymous,Galactose+IAA,0.0,-1.9632863662646254,False
362,synonymous,MMS+IAA,0.0,-1.1136171030533357,False
362,synonymous,Rapamycin+IAA,0.0,-1.973464735689591,False
362,synonymous,Sorbitol+IAA,0.0,-1.0261417669673958,False
362,synonymous,YPD,0.0,-10.587978398029746,False
362,synonymous,YPD+IAA,0.0,-5.402097594753282,False
363,missense,Actinomycin_D+IAA,0.0,-1.2636738117218724,False
363,missense,Cobalt_Chloride+IAA,0.0,-0.3968573964810084,False
363,missense,Galactose+IAA,0.0,-3.851159268726777,False
363,missense,MMS+IAA,0.0,-0.24631503458874818,False
363,missense,Rapamycin+IAA,0.0,0.21188211164230172,False
363,missense,Sorbitol+IAA,0.0,-2.3950881385750615,False
363,missense,YPD,0.0,-10.687672943435949,False
363,missense,YPD+IAA,0.0,-4.09972956473464,False
364,missense,Actinomycin_D+IAA,0.0,-1.0401291893061604,False
364,missense,Cobalt_Chloride+IAA,0.0,0.32362894339188847,False
364,missense,Galactose+IAA,0.0,-0.5691432937145577,False
364,missense,MMS+IAA,0.0,-0.8864186153914796,False
364,missense,Rapamycin+IAA,0.0,-0.36944159625730294,False
364,missense,Sorbitol+IAA,0.0,-1.0969779651303775,False
364,missense,YPD,0.0,-10.870185770505234,False
364,missense,YPD+IAA,0.0,-1.0423871641246532,False
364,synonymous,Actinomycin_D+IAA,0.0,0.614268884092085,False
364,synonymous,Cobalt_Chloride+IAA,0.0,-0.7570569858385414,False
364,synonymous,Galactose+IAA,0.0,0.12323319769996402,False
364,synonymous,MMS+IAA,0.0,-0.5336358388804675,False
364,synonymous,Rapamycin+IAA,0.0,-0.47375116091020825,False
364,synonymous,Sorbitol+IAA,0.0,-0.8591349954968324,False
364,synonymous,YPD,0.0,-11.159533611208815,False
364,synonymous,YPD+IAA,0.0,-0.9840990967007016,False
365,missense,Actinomycin_D+IAA,0.0,-0.2675465832650759,False
365,missense,Cobalt_Chloride+IAA,0.0,-0.9018999529798764,False
365,missense,Galactose+IAA,0.0,-1.2744892105426762,False
365,missense,MMS+IAA,0.0,-0.6185450002123829,False
365,missense,Rapamycin+IAA,0.0,-0.769075445874944,False
365,missense,Sorbitol+IAA,0.0,-1.1146403653128585,False
365,missense,YPD,0.0,-10.937360363174378,False
365,missense,YPD+IAA,0.0,-2.8573089710621606,False
365,synonymous,Actinomycin_D+IAA,0.0,-0.33094345620400756,False
365,synonymous,Cobalt_Chloride+IAA,0.0,0.015021933887400434,False
365,synonymous,Galactose+IAA,0.0,0.17640384105603873,False
365,synonymous,MMS+IAA,0.0,0.056405715109015646,False
365,synonymous,Rapamycin+IAA,0.0,0.1194985546050528,False
365,synonymous,Sorbitol+IAA,0.0,-0.08021642233058661,False
365,synonymous,YPD,0.0,-7.675212848734944,False
365,synonymous,YPD+IAA,0.0,-0.8404680775294608,False
366,missense,Actinomycin_D+IAA,0.0,0.09450411055398439,False
366,missense,Cobalt_Chloride+IAA,0.0,-0.4001694260744503,False
366,missense,Galactose+IAA,0.0,-0.205763004231544,False
366,missense,MMS+IAA,0.0,-0.13177033825692278,False
366,missense,Rapamycin+IAA,0.0,-1.9750349869822046,False
366,missense,Sorbitol+IAA,0.0,0.328849936326281,False
366,missense,YPD,0.0,-7.869533231743402,False
366,missense,YPD+IAA,0.0,-1.8254774731549932,False
366,synonymous,Actinomycin_D+IAA,0.0,-1.5520932244672658,False
366,synonymous,Cobalt_Chloride+IAA,0.0,-0.831283154392696,False
366,synonymous,Galactose+IAA,0.0,-1.303266962214373,False
366,synonymous,MMS+IAA,0.0,-0.4396630817489509,False
366,synonymous,Rapamycin+IAA,0.0,-0.8042853958999728,False
366,synonymous,Sorbitol+IAA,0.0,-0.4441313851101801,False
366,synonymous,YPD,0.0,-5.65533867802031,False
366,synonymous,YPD+IAA,0.0,-2.2258999047992476,False
367,missense,Actinomycin_D+IAA,0.0,0.035971914756709064,False
367,missense,Cobalt_Chloride+IAA,0.0,-1.6274521594651676,False
367,missense,Galactose+IAA,0.0,-1.558118800169053,False
367,missense,MMS+IAA,0.0,-0.8973226250115145,False
367,missense,Rapamycin+IAA,0.0,0.7443002960322453,False
367,missense,Sorbitol+IAA,0.0,-1.6553564709864041,False
367,missense,YPD,0.0,-11.006034088763831,False
367,missense,YPD+IAA,0.0,-4.862412321415255,False
367,synonymous,Actinomycin_D+IAA,0.0,-0.5698578337907844,False
367,synonymous,Cobalt_Chloride+IAA,0.0,-0.3649682012681628,False
367,synonymous,Galactose+IAA,0.0,-0.3218707434561956,False
367,synonymous,MMS+IAA,0.0,-0.8843158813735923,False
367,synonymous,Rapamycin+IAA,0.0,-0.42817630026915293,False
367,synonymous,Sorbitol+IAA,0.0,-0.38827910151183614,False
367,synonymous,YPD,0.0,-11.193164346197484,False
367,synonymous,YPD+IAA,0.0,-2.4433315891676215,False
368,missense,Actinomycin_D+IAA,0.0,-3.2245449931187564,False
368,missense,Cobalt_Chloride+IAA,0.0,-3.548455277345354,False
368,missense,Galactose+IAA,0.0,-4.460242824743624,False
368,missense,MMS+IAA,0.0,-0.9217047738634015,False
368,missense,Rapamycin+IAA,0.0,-4.508269068640464,False
368,missense,Sorbitol+IAA,0.0,-1.7240942886696016,False
368,missense,YPD,0.0,-11.749136453403278,False
368,missense,YPD+IAA,0.0,-10.103987603531532,False
368,synonymous,Actinomycin_D+IAA,0.0,-0.5168398707211311,False
368,synonymous,Cobalt_Chloride+IAA,0.0,-0.18812215671393817,False
368,synonymous,Galactose+IAA,0.0,-0.7144836641668788,False
368,synonymous,MMS+IAA,0.0,-0.3636658868965046,False
368,synonymous,Rapamycin+IAA,0.0,-0.02426815334589981,False
368,synonymous,Sorbitol+IAA,0.0,-0.9823274222857048,False
368,synonymous,YPD,0.0,-11.24111330434728,False
368,synonymous,YPD+IAA,0.0,-2.4865749899005274,False
369,missense,Actinomycin_D+IAA,0.0,-1.6435785062498796,False
369,missense,Cobalt_Chloride+IAA,0.0,-0.49412453495117414,False
369,missense,Galactose+IAA,0.0,-2.03027945059663,False
369,missense,MMS+IAA,0.0,-2.5572565795591085,False
369,missense,Rapamycin+IAA,0.0,-4.853930617733734,False
369,missense,Sorbitol+IAA,0.0,-0.6458588017216412,False
369,missense,YPD,0.0,-11.406998852242408,False
369,missense,YPD+IAA,0.0,-6.119595154839113,False
369,synonymous,Actinomycin_D+IAA,0.0,-0.4044850945346864,False
369,synonymous,Cobalt_Chloride+IAA,0.0,-0.8771316857996362,False
369,synonymous,Galactose+IAA,0.0,-1.940558475924721,False
369,synonymous,MMS+IAA,0.0,-0.7479936669563056,False
369,synonymous,Rapamycin+IAA,0.0,-1.44834858256006,False
369,synonymous,Sorbitol+IAA,0.0,-2.9876248342918315,False
369,synonymous,YPD,0.0,-11.288088254460314,False
369,synonymous,YPD+IAA,0.0,-5.47803694749142,False
370,missense,Actinomycin_D+IAA,0.0,-2.092435689717682,False
370,missense,Cobalt_Chloride+IAA,0.0,-2.8998323086347577,False
370,missense,Galactose+IAA,0.0,-3.6608510987899274,False
370,missense,MMS+IAA,0.0,-1.6983724196388272,False
370,missense,Rapamycin+IAA,0.0,-2.8004148754528253,False
370,missense,Sorbitol+IAA,0.0,-0.3483741170620139,False
370,missense,YPD,0.0,-12.021621910838208,False
370,missense,YPD+IAA,0.0,-4.278351830838087,False
370,synonymous,Actinomycin_D+IAA,0.0,0.2794135378705276,False
370,synonymous,Cobalt_Chloride+IAA,0.0,-1.6103942215966867,False
370,synonymous,Galactose+IAA,0.0,-2.8621362524766902,False
370,synonymous,MMS+IAA,0.0,-1.6263863998776704,False
370,synonymous,Rapamycin+IAA,0.0,-0.35260350111364375,False
370,synonymous,Sorbitol+IAA,0.0,-1.6393490273914781,False
370,synonymous,YPD,0.0,-10.731979288121744,False
370,synonymous,YPD+IAA,0.0,-6.791176609798283,False
371,missense,Actinomycin_D+IAA,0.0,-0.1648393872478118,False
371,missense,Cobalt_Chloride+IAA,0.0,-3.127046987525619,False
371,missense,Galactose+IAA,0.0,-1.7164821581940983,False
371,missense,MMS+IAA,0.0,-1.3331564730812704,False
371,missense,Rapamycin+IAA,0.0,-0.344703285282353,False
371,missense,Sorbitol+IAA,0.0,-1.2899903798946915,False
371,missense,YPD,0.0,-11.578017466067461,False
371,missense,YPD+IAA,0.0,-3.0444751016417344,False
371,synonymous,Actinomycin_D+IAA,0.0,-1.0315245212047457,False
371,synonymous,Cobalt_Chloride+IAA,0.0,-4.17283084856452,False
371,synonymous,Galactose+IAA,0.0,-3.6845641060115524,False
371,synonymous,MMS+IAA,0.0,-1.1126743187340453,False
371,synonymous,Rapamycin+IAA,0.0,-1.4936242264216761,False
371,synonymous,Sorbitol+IAA,0.0,-1.9974607283483754,False
371,synonymous,YPD,0.0,-11.749487655043831,False
371,synonymous,YPD+IAA,0.0,-4.097652394833925,False
372,missense,Actinomycin_D+IAA,0.0,-0.5799279080350398,False
372,missense,Cobalt_Chloride+IAA,0.0,-4.645569668530859,False
372,missense,Galactose+IAA,0.0,-2.2387704231174546,False
372,missense,MMS+IAA,0.0,0.14737571975398583,False
372,missense,Rapamycin+IAA,0.0,-0.8520015935788811,False
372,missense,Sorbitol+IAA,0.0,-0.1614244437688071,False
372,missense,YPD,0.0,-10.671241015988944,False
372,missense,YPD+IAA,0.0,-4.265343416839155,False
372,synonymous,Actinomycin_D+IAA,0.0,-1.1592126996581646,False
372,synonymous,Cobalt_Chloride+IAA,0.0,-3.3388730924194614,False
372,synonymous,Galactose+IAA,0.0,-7.38507011502265,False
372,synonymous,MMS+IAA,0.0,-0.18966901152883986,False
372,synonymous,Rapamycin+IAA,0.0,-3.1093411912110867,False
372,synonymous,Sorbitol+IAA,0.0,-3.5008738431570876,False
372,synonymous,YPD,0.0,-10.419773575645895,False
372,synonymous,YPD+IAA,0.0,-1.8777819444751627,False
373,missense,Actinomycin_D+IAA,0.0,-0.8006049293767135,False
373,missense,Cobalt_Chloride+IAA,0.0,-0.4610716219246009,False
373,missense,Galactose+IAA,0.0,-0.112818253354861,False
373,missense,MMS+IAA,0.0,-0.14345596671383906,False
373,missense,Rapamycin+IAA,0.0,-0.049392600995330105,False
373,missense,Sorbitol+IAA,0.0,0.006298745765787892,False
373,missense,YPD,0.0,-12.177302953891422,False
373,missense,YPD+IAA,0.0,-2.9077049863546898,False
373,synonymous,Actinomycin_D+IAA,0.0,0.025541999555120855,False
373,synonymous,Cobalt_Chloride+IAA,0.0,-5.1837099925147205,False
373,synonymous,Galactose+IAA,0.0,-2.135938468443052,False
373,synonymous,MMS+IAA,0.0,-1.9952252351373938,False
373,synonymous,Rapamycin+IAA,0.0,-2.9317899476530838,False
373,synonymous,Sorbitol+IAA,0.0,-3.752358286553102,False
373,synonymous,YPD,0.0,-10.939628456592871,False
373,synonymous,YPD+IAA,0.0,-2.971998724776113,False
374,missense,Actinomycin_D+IAA,0.0,0.48426172628127073,False
374,missense,Cobalt_Chloride+IAA,0.0,-0.6556277183643912,False
374,missense,Galactose+IAA,0.0,-0.09016160040236311,False
374,missense,MMS+IAA,0.0,0.049312657256301684,False
374,missense,Rapamycin+IAA,0.0,-0.2450563530715503,False
374,missense,Sorbitol+IAA,0.0,0.032776345239781575,False
374,missense,YPD,0.0,-12.186529004548976,False
374,missense,YPD+IAA,0.0,-1.1351886900892203,False
374,synonymous,Actinomycin_D+IAA,0.0,-0.27503071047131816,False
374,synonymous,Cobalt_Chloride+IAA,0.0,-0.024356984816809354,False
374,synonymous,Galactose+IAA,0.0,0.06528595089678471,False
374,synonymous,MMS+IAA,0.0,0.05854143388849387,False
374,synonymous,Rapamycin+IAA,0.0,0.3719166057791494,False
374,synonymous,Sorbitol+IAA,0.0,-0.1211718697119997,False
374,synonymous,YPD,0.0,-11.581889450228907,False
374,synonymous,YPD+IAA,0.0,-1.2784298901950244,False
375,missense,Actinomycin_D+IAA,0.0,0.33960841806817815,False
375,missense,Cobalt_Chloride+IAA,0.0,-1.2917620183004415,False
375,missense,Galactose+IAA,0.0,0.03156065955602644,False
375,missense,MMS+IAA,0.0,-0.07543122009995987,False
375,missense,Rapamycin+IAA,0.0,0.036167799109228925,False
375,missense,Sorbitol+IAA,0.0,-1.947289523938781,False
375,missense,YPD,0.0,-10.737332271823295,False
375,missense,YPD+IAA,0.0,-3.9385143735531774,False
375,synonymous,Actinomycin_D+IAA,0.0,-0.7127707387464888,False
375,synonymous,Cobalt_Chloride+IAA,0.0,-6.990658325828975,False
375,synonymous,Galactose+IAA,0.0,-0.696978060315694,False
375,synonymous,MMS+IAA,0.0,0.04291811905049933,False
375,synonymous,Rapamycin+IAA,0.0,-1.5375039980626566,False
375,synonymous,Sorbitol+IAA,0.0,-0.13737461439336285,False
375,synonymous,YPD,0.0,-14.16536866502231,True
375,synonymous,YPD+IAA,0.0,-4.595167340332668,False
376,missense,Actinomycin_D+IAA,0.0,-11.106214770276909,False
376,missense,Cobalt_Chloride+IAA,0.0,-1.7624072551593666,False
376,missense,Galactose+IAA,0.0,-2.0910656639740677,False
376,missense,MMS+IAA,0.0,-2.982430068811821,False
376,missense,Rapamycin+IAA,0.0,-8.183762642098895,False
376,missense,Sorbitol+IAA,0.0,-5.924396354461591,False
376,missense,YPD,0.0,-11.616215468189637,False
376,missense,YPD+IAA,0.0,-12.894235471513792,False
376,synonymous,Actinomycin_D+IAA,0.0,-5.801770159739606,False
376,synonymous,Cobalt_Chloride+IAA,0.0,-2.6318148158740904,False
376,synonymous,Galactose+IAA,0.0,-0.004375218246778695,False
376,synonymous,MMS+IAA,0.0,-0.5420923556736983,False
376,synonymous,Rapamycin+IAA,0.0,-5.554594868620348,False
376,synonymous,Sorbitol+IAA,0.0,-7.996898154147112,False
376,synonymous,YPD,0.0,-12.026239358574236,False
376,synonymous,YPD+IAA,0.0,-7.0736533889749875,False
377,missense,Actinomycin_D+IAA,0.0,-0.48387587161379897,False
377,missense,Cobalt_Chloride+IAA,0.0,-0.34886838707941126,False
377,missense,Galactose+IAA,0.0,-0.8849365598976222,False
377,missense,MMS+IAA,0.0,-0.2937162336980979,False
377,missense,Rapamycin+IAA,0.0,-1.4880829322459994,False
377,missense,Sorbitol+IAA,0.0,-1.424610621805655,False
377,missense,YPD,0.0,-11.245599461942454,False
377,missense,YPD+IAA,0.0,-2.4082332995095714,False
377,synonymous,Actinomycin_D+IAA,0.0,-5.77670411377291,False
377,synonymous,Cobalt_Chloride+IAA,0.0,-1.0628747870083206,False
377,synonymous,Galactose+IAA,0.0,-4.249496078539837,False
377,synonymous,MMS+IAA,0.0,-0.13114547459883047,False
377,synonymous,Rapamycin+IAA,0.0,-1.1814149020176632,False
377,synonymous,Sorbitol+IAA,0.0,-3.131261167921088,False
377,synonymous,YPD,0.0,-10.639521157512737,False
377,synonymous,YPD+IAA,0.0,-4.006455918078662,False
378,synonymous,Actinomycin_D+IAA,0.0,-0.002277800116000497,False
378,synonymous,Cobalt_Chloride+IAA,0.0,0.26963233439649426,False
378,synonymous,Galactose+IAA,0.0,-0.3497352263007263,False
378,synonymous,MMS+IAA,0.0,-0.05990831323222431,False
378,synonymous,Rapamycin+IAA,0.0,0.1428143292861908,False
378,synonymous,Sorbitol+IAA,0.0,-0.15090470987762,False
378,synonymous,YPD,0.0,-11.146381923058193,False
378,synonymous,YPD+IAA,0.0,-1.3826933624419897,False
379,missense,Actinomycin_D+IAA,0.0,-1.3623004373340721,False
379,missense,Cobalt_Chloride+IAA,0.0,0.06809715290694456,False
379,missense,Galactose+IAA,0.0,-0.1497578966550463,False
379,missense,MMS+IAA,0.0,-0.07999678317386683,False
379,missense,Rapamycin+IAA,0.0,-0.418688104678536,False
379,missense,Sorbitol+IAA,0.0,-0.9273562279177935,False
379,missense,YPD,0.0,-11.09360781892624,False
379,missense,YPD+IAA,0.0,-1.8501498446377578,False
379,synonymous,Actinomycin_D+IAA,0.0,-1.9743393815767887,False
379,synonymous,Cobalt_Chloride+IAA,0.0,-3.07857282088774,False
379,synonymous,Galactose+IAA,0.0,-2.809052667715455,False
379,synonymous,MMS+IAA,0.0,-0.4552238258336047,False
379,synonymous,Rapamycin+IAA,0.0,-1.6375054382297787,False
379,synonymous,Sorbitol+IAA,0.0,-0.8838868324885021,False
379,synonymous,YPD,0.0,-11.017755717711019,False
379,synonymous,YPD+IAA,0.0,-5.024997679708177,False
380,missense,Actinomycin_D+IAA,0.0,-15.698272251238029,True
380,missense,Cobalt_Chloride+IAA,0.0,-8.99366046380669,False
380,missense,Galactose+IAA,0.0,-11.157246638573216,False
380,missense,MMS+IAA,0.0,-10.8176176370851,False
380,missense,Rapamycin+IAA,0.0,-12.952405584556487,False
380,missense,Sorbitol+IAA,0.0,-8.037820778564514,False
380,missense,YPD,0.0,-10.58862184295709,False
380,missense,YPD+IAA,0.0,-15.364232333950502,True
380,synonymous,Actinomycin_D+IAA,0.0,-0.697763928160378,False
380,synonymous,Cobalt_Chloride+IAA,0.0,-1.3100462024198734,False
380,synonymous,Galactose+IAA,0.0,-0.7409247962302097,False
380,synonymous,MMS+IAA,0.0,-0.27503311465738,False
380,synonymous,Rapamycin+IAA,0.0,-1.2044565433598282,False
380,synonymous,Sorbitol+IAA,0.0,-0.7961379728323178,False
380,synonymous,YPD,0.0,-11.094292060830044,False
380,synonymous,YPD+IAA,0.0,-1.1696470410781634,False
381,missense,Actinomycin_D+IAA,0.0,-1.7916448569999872,False
381,missense,Cobalt_Chloride+IAA,0.0,-0.8758899206434969,False
381,missense,Galactose+IAA,0.0,-1.458013658314113,False
381,missense,MMS+IAA,0.0,-1.3857775072471508,False
381,missense,Rapamycin+IAA,0.0,-1.3412252151958564,False
381,missense,Sorbitol+IAA,0.0,-1.4177789616833771,False
381,missense,YPD,0.0,-11.761650541368828,False
381,missense,YPD+IAA,0.0,-2.151345060755888,False
381,synonymous,Actinomycin_D+IAA,0.0,-7.20917669568894,False
381,synonymous,Cobalt_Chloride+IAA,0.0,-1.6284954570427197,False
381,synonymous,Galactose+IAA,0.0,-0.6467354109525332,False
381,synonymous,MMS+IAA,0.0,-2.2662672493881115,False
381,synonymous,Rapamycin+IAA,0.0,-5.249480762525055,False
381,synonymous,Sorbitol+IAA,0.0,-3.347661296788432,False
381,synonymous,YPD,0.0,-10.352002673093509,False
381,synonymous,YPD+IAA,0.0,-5.716872086175121,False
382,missense,Actinomycin_D+IAA,0.0,-0.9734921150393175,False
382,missense,Cobalt_Chloride+IAA,0.0,-0.9104219580575963,False
382,missense,Galactose+IAA,0.0,-0.25098968042250325,False
382,missense,MMS+IAA,0.0,-0.3015237061038416,False
382,missense,Rapamycin+IAA,0.0,-7.384373819861956,False
382,missense,Sorbitol+IAA,0.0,0.600788375705151,False
382,missense,YPD,0.0,-7.547474526617663,False
382,missense,YPD+IAA,0.0,-5.006747588481494,False
382,synonymous,Actinomycin_D+IAA,0.0,-0.7013871404696198,False
382,synonymous,Cobalt_Chloride+IAA,0.0,-0.6050219069063235,False
382,synonymous,Galactose+IAA,0.0,-0.6854322615060281,False
382,synonymous,MMS+IAA,0.0,-0.03329619212550001,False
382,synonymous,Rapamycin+IAA,0.0,-1.1237522515832312,False
382,synonymous,Sorbitol+IAA,0.0,-0.43956090997537717,False
382,synonymous,YPD,0.0,-11.030507219424145,False
382,synonymous,YPD+IAA,0.0,-4.487500697232754,False
383,missense,Actinomycin_D+IAA,0.0,-12.348365268847301,False
383,missense,Cobalt_Chloride+IAA,0.0,-0.7949640803053482,False
383,missense,Galactose+IAA,0.0,1.048316579402687,False
383,missense,MMS+IAA,0.0,-0.5352439252688097,False
383,missense,Rapamycin+IAA,0.0,-0.3765608173316143,False
383,missense,Sorbitol+IAA,0.0,0.3346963365792626,False
383,missense,YPD,0.0,-10.113363742096324,False
383,missense,YPD+IAA,0.0,3.1618713229451236,False
383,synonymous,Actinomycin_D+IAA,0.0,-1.7572173763079004,False
383,synonymous,Cobalt_Chloride+IAA,0.0,-3.6000859172364126,False
383,synonymous,Galactose+IAA,0.0,-0.5532438368577842,False
383,synonymous,MMS+IAA,0.0,-0.49752539479085195,False
383,synonymous,Rapamycin+IAA,0.0,-0.5441883988823585,False
383,synonymous,Sorbitol+IAA,0.0,-0.33902675147726574,False
383,synonymous,YPD,0.0,-13.925588523527123,True
383,synonymous,YPD+IAA,0.0,-8.544188697265863,False
384,missense,Actinomycin_D+IAA,0.0,0.48121634834238525,False
384,missense,Cobalt_Chloride+IAA,0.0,0.023360490042688323,False
384,missense,Galactose+IAA,0.0,0.1784277654285959,False
384,missense,MMS+IAA,0.0,0.07480531457535808,False
384,missense,Rapamycin+IAA,0.0,0.5270919652511145,False
384,missense,Sorbitol+IAA,0.0,-0.21920715951830624,False
384,missense,YPD,0.0,-11.704423256864489,False
384,missense,YPD+IAA,0.0,-0.732323607721832,False
384,synonymous,Actinomycin_D+IAA,0.0,-3.72329130057406,False
384,synonymous,Cobalt_Chloride+IAA,0.0,0.6790353167579173,False
384,synonymous,Galactose+IAA,0.0,-1.6086145023524834,False
384,synonymous,MMS+IAA,0.0,-0.10332781777517766,False
384,synonymous,Rapamycin+IAA,0.0,0.2730216219353366,False
384,synonymous,Sorbitol+IAA,0.0,-1.9713124363824062,False
384,synonymous,YPD,0.0,-10.999146457811378,False
384,synonymous,YPD+IAA,0.0,-2.3874040132173127,False
385,missense,Actinomycin_D+IAA,0.0,-0.9676019960412063,False
385,missense,Cobalt_Chloride+IAA,0.0,-2.3260131438436473,False
385,missense,Galactose+IAA,0.0,-2.1575114649273,False
385,missense,MMS+IAA,0.0,-1.6979179985444268,False
385,missense,Rapamycin+IAA,0.0,-1.2917811995323605,False
385,missense,Sorbitol+IAA,0.0,-1.205004763403837,False
385,missense,YPD,0.0,-7.836010419724126,False
385,missense,YPD+IAA,0.0,-3.2426996743744017,False
385,synonymous,Actinomycin_D+IAA,0.0,-0.33887628109303614,False
385,synonymous,Cobalt_Chloride+IAA,0.0,-1.0472647949713112,False
385,synonymous,Galactose+IAA,0.0,-0.1530552531553105,False
385,synonymous,MMS+IAA,0.0,-0.29537009611778936,False
385,synonymous,Rapamycin+IAA,0.0,-0.2703578035461467,False
385,synonymous,Sorbitol+IAA,0.0,-0.4348250954073899,False
385,synonymous,YPD,0.0,-11.427357281238207,False
385,synonymous,YPD+IAA,0.0,-2.7175335167977805,False
386,missense,Actinomycin_D+IAA,0.0,-0.8146075123484104,False
386,missense,Cobalt_Chloride+IAA,0.0,-0.42288499022932424,False
386,missense,Galactose+IAA,0.0,-0.48297194370907715,False
386,missense,MMS+IAA,0.0,-1.068073629488796,False
386,missense,Rapamycin+IAA,0.0,-7.165650188108853,False
386,missense,Sorbitol+IAA,0.0,0.28489017716388104,False
386,missense,YPD,0.0,-10.85681489980808,False
386,missense,YPD+IAA,0.0,-3.540553697815543,False
386,synonymous,Actinomycin_D+IAA,0.0,-1.128583567063266,False
386,synonymous,Cobalt_Chloride+IAA,0.0,-1.76733570912146,False
386,synonymous,Galactose+IAA,0.0,-2.7360654652408964,False
386,synonymous,MMS+IAA,0.0,-0.8128006772141004,False
386,synonymous,Rapamycin+IAA,0.0,-1.8838066643606266,False
386,synonymous,Sorbitol+IAA,0.0,-1.029033580752615,False
386,synonymous,YPD,0.0,-11.048668615203802,False
386,synonymous,YPD+IAA,0.0,-7.403466966643714,False
387,missense,Actinomycin_D+IAA,0.0,-2.0313962746489684,False
387,missense,Cobalt_Chloride+IAA,0.0,-0.8703187174827871,False
387,missense,Galactose+IAA,0.0,-1.762142202813398,False
387,missense,MMS+IAA,0.0,-0.5429137394522457,False
387,missense,Rapamycin+IAA,0.0,-0.38694485465068623,False
387,missense,Sorbitol+IAA,0.0,-1.5464814862961396,False
387,missense,YPD,0.0,-10.837053821259843,False
387,missense,YPD+IAA,0.0,-4.741242980365219,False
387,synonymous,Actinomycin_D+IAA,0.0,-1.346147636044456,False
387,synonymous,Cobalt_Chloride+IAA,0.0,-1.6252785130032534,False
387,synonymous,Galactose+IAA,0.0,-0.3868573462251054,False
387,synonymous,MMS+IAA,0.0,-0.32826964737478903,False
387,synonymous,Rapamycin+IAA,0.0,0.14668740665034682,False
387,synonymous,Sorbitol+IAA,0.0,-0.6302231957404153,False
387,synonymous,YPD,0.0,-11.376485113171393,False
387,synonymous,YPD+IAA,0.0,-1.0731188586238332,False
388,missense,Actinomycin_D+IAA,0.0,0.01751246774034783,False
388,missense,Cobalt_Chloride+IAA,0.0,-0.23156733575642138,False
388,missense,Galactose+IAA,0.0,-0.40984509372489614,False
388,missense,MMS+IAA,0.0,-0.08094510226467082,False
388,missense,Rapamycin+IAA,0.0,0.3512976416927551,False
388,missense,Sorbitol+IAA,0.0,-0.26656003231397746,False
388,missense,YPD,0.0,-11.129567242881846,False
388,missense,YPD+IAA,0.0,-1.1198114638465662,False
388,synonymous,Actinomycin_D+IAA,0.0,-2.3122588785272598,False
388,synonymous,Cobalt_Chloride+IAA,0.0,-1.9850349843387283,False
388,synonymous,Galactose+IAA,0.0,-1.372732461294958,False
388,synonymous,MMS+IAA,0.0,-0.41324000122474974,False
388,synonymous,Rapamycin+IAA,0.0,-0.4550111588912599,False
388,synonymous,Sorbitol+IAA,0.0,-0.5289939928469205,False
388,synonymous,YPD,0.0,-10.808716420813445,False
388,synonymous,YPD+IAA,0.0,-2.821642418593003,False
389,missense,Actinomycin_D+IAA,0.0,-0.1568818509715418,False
389,missense,Cobalt_Chloride+IAA,0.0,-0.2509014800156084,False
389,missense,Galactose+IAA,0.0,0.0024907195012723636,False
389,missense,MMS+IAA,0.0,0.041753267183658294,False
389,missense,Rapamycin+IAA,0.0,-0.5376392113468886,False
389,missense,Sorbitol+IAA,0.0,-0.14921130911921587,False
389,missense,YPD,0.0,-3.670655461267457,False
389,missense,YPD+IAA,0.0,-2.3052288191147916,False
389,synonymous,Actinomycin_D+IAA,0.0,-0.1514729329174841,False
389,synonymous,Cobalt_Chloride+IAA,0.0,-0.5200124266564027,False
389,synonymous,Galactose+IAA,0.0,-0.6355684556908592,False
389,synonymous,MMS+IAA,0.0,-0.27622159695150234,False
389,synonymous,Rapamycin+IAA,0.0,-0.3693489433553314,False
389,synonymous,Sorbitol+IAA,0.0,-0.18015671275924575,False
389,synonymous,YPD,0.0,-11.393058694446466,False
389,synonymous,YPD+IAA,0.0,-3.082863230881888,False
390,missense,Actinomycin_D+IAA,0.0,0.007664159944809644,False
390,missense,Cobalt_Chloride+IAA,0.0,-1.84921093841583,False
390,missense,Galactose+IAA,0.0,-2.0544957362326097,False
390,missense,MMS+IAA,0.0,-0.07268459683668453,False
390,missense,Rapamycin+IAA,0.0,-0.5027483497781395,False
390,missense,Sorbitol+IAA,0.0,-0.6464322311881322,False
390,missense,YPD,0.0,-10.975233540270422,False
390,missense,YPD+IAA,0.0,-1.7325973504855268,False
390,synonymous,Actinomycin_D+IAA,0.0,-0.9611329712280076,False
390,synonymous,Cobalt_Chloride+IAA,0.0,-1.1386609069629263,False
390,synonymous,Galactose+IAA,0.0,-1.0953563631889036,False
390,synonymous,MMS+IAA,0.0,-0.9474613908295657,False
390,synonymous,Rapamycin+IAA,0.0,-0.8356965156904027,False
390,synonymous,Sorbitol+IAA,0.0,-0.7501665053103447,False
390,synonymous,YPD,0.0,-8.813508110251446,False
390,synonymous,YPD+IAA,0.0,-3.128498176693032,False
391,missense,Actinomycin_D+IAA,0.0,-0.5797233995435737,False
391,missense,Cobalt_Chloride+IAA,0.0,-0.34153259778431583,False
391,missense,Galactose+IAA,0.0,-1.3987653140122442,False
391,missense,MMS+IAA,0.0,-0.0823387751788507,False
391,missense,Rapamycin+IAA,0.0,-0.6622565707585985,False
391,missense,Sorbitol+IAA,0.0,-0.09685808652845579,False
391,missense,YPD,0.0,-11.10548604866807,False
391,missense,YPD+IAA,0.0,-4.278400895973504,False
391,synonymous,Actinomycin_D+IAA,0.0,-0.095872339481617,False
391,synonymous,Cobalt_Chloride+IAA,0.0,-0.17907505658826803,False
391,synonymous,Galactose+IAA,0.0,-0.5446986905173117,False
391,synonymous,MMS+IAA,0.0,-0.7332624150091744,False
391,synonymous,Rapamycin+IAA,0.0,0.05945542520031528,False
391,synonymous,Sorbitol+IAA,0.0,-0.8620369084743659,False
391,synonymous,YPD,0.0,-11.040948608069645,False
391,synonymous,YPD+IAA,0.0,-2.531618112399885,False
392,missense,Actinomycin_D+IAA,0.0,-0.8906300010744969,False
392,missense,Cobalt_Chloride+IAA,0.0,-1.6471793754073354,False
392,missense,Galactose+IAA,0.0,-0.17522204386809415,False
392,missense,MMS+IAA,0.0,-0.694358654064563,False
392,missense,Rapamycin+IAA,0.0,-1.3185833279959365,False
392,missense,Sorbitol+IAA,0.0,-1.0066858911807912,False
392,missense,YPD,0.0,-10.777887664127359,False
392,missense,YPD+IAA,0.0,-4.593527176258333,False
392,synonymous,Actinomycin_D+IAA,0.0,-0.4438120201061328,False
392,synonymous,Cobalt_Chloride+IAA,0.0,-0.4929963089741662,False
392,synonymous,Galactose+IAA,0.0,-0.9127282385222995,False
392,synonymous,MMS+IAA,0.0,0.017683665341696922,False
392,synonymous,Rapamycin+IAA,0.0,-0.16544341268198054,False
392,synonymous,Sorbitol+IAA,0.0,-0.6340949274413338,False
392,synonymous,YPD,0.0,-11.772839087543652,False
392,synonymous,YPD+IAA,0.0,-2.249926110491261,False
393,missense,Actinomycin_D+IAA,0.0,-0.9869270886507261,False
393,missense,Cobalt_Chloride+IAA,0.0,-1.200501456261249,False
393,missense,Galactose+IAA,0.0,-0.9570613933013282,False
393,missense,MMS+IAA,0.0,-0.1659393208013502,False
393,missense,Rapamycin+IAA,0.0,-0.59326945823166,False
393,missense,Sorbitol+IAA,0.0,-0.7595451189039256,False
393,missense,YPD,0.0,-11.401004288721783,False
393,missense,YPD+IAA,0.0,-2.4495966869674404,False
393,synonymous,Actinomycin_D+IAA,0.0,-0.5281870591579023,False
393,synonymous,Cobalt_Chloride+IAA,0.0,-0.3477553211921455,False
393,synonymous,Galactose+IAA,0.0,-0.6922277204237695,False
393,synonymous,MMS+IAA,0.0,-0.05010918241306569,False
393,synonymous,Rapamycin+IAA,0.0,-0.030406008321335557,False
393,synonymous,Sorbitol+IAA,0.0,-0.246765986477116,False
393,synonymous,YPD,0.0,-11.556436813390434,False
393,synonymous,YPD+IAA,0.0,-1.3930865891768778,False
394,missense,Actinomycin_D+IAA,0.0,-0.20939655227296675,False
394,missense,Cobalt_Chloride+IAA,0.0,-1.8757547387458158,False
394,missense,Galactose+IAA,0.0,-0.10887492319465748,False
394,missense,MMS+IAA,0.0,0.13005064523000584,False
394,missense,Rapamycin+IAA,0.0,-0.030738852476991558,False
394,missense,Sorbitol+IAA,0.0,-0.43437419174338837,False
394,missense,YPD,0.0,-11.606916012726323,False
394,missense,YPD+IAA,0.0,-2.996694487760698,False
394,synonymous,Actinomycin_D+IAA,0.0,0.2023418555084768,False
394,synonymous,Cobalt_Chloride+IAA,0.0,-0.5312102898353265,False
394,synonymous,Galactose+IAA,0.0,-0.1485478704470129,False
394,synonymous,MMS+IAA,0.0,0.03752037231099033,False
394,synonymous,Rapamycin+IAA,0.0,-0.6193896006135877,False
394,synonymous,Sorbitol+IAA,0.0,-0.14111117867231032,False
394,synonymous,YPD,0.0,-10.772973193082676,False
394,synonymous,YPD+IAA,0.0,-2.226280549534527,False
395,missense,Actinomycin_D+IAA,0.0,-1.8257611645574554,False
395,missense,Cobalt_Chloride+IAA,0.0,-1.294650291083718,False
395,missense,Galactose+IAA,0.0,-3.0354498098345926,False
395,missense,MMS+IAA,0.0,-0.21528536421608957,False
395,missense,Rapamycin+IAA,0.0,-1.1511708621272212,False
395,missense,Sorbitol+IAA,0.0,-0.7739402714169671,False
395,missense,YPD,0.0,-11.299944402595726,False
395,missense,YPD+IAA,0.0,-1.7962212902386399,False
395,synonymous,Actinomycin_D+IAA,0.0,-0.45805247737280147,False
395,synonymous,Cobalt_Chloride+IAA,0.0,-0.4759560422454633,False
395,synonymous,Galactose+IAA,0.0,-0.12067747627667334,False
395,synonymous,MMS+IAA,0.0,-0.3859190986038502,False
395,synonymous,Rapamycin+IAA,0.0,-0.1994932709675337,False
395,synonymous,Sorbitol+IAA,0.0,-0.15630424509591623,False
395,synonymous,YPD,0.0,-11.164802434560338,False
395,synonymous,YPD+IAA,0.0,-1.037194905784551,False
396,missense,Actinomycin_D+IAA,0.0,-0.24985005084698603,False
396,missense,Cobalt_Chloride+IAA,0.0,-0.20068509520931208,False
396,missense,Galactose+IAA,0.0,-0.35279490361746013,False
396,missense,MMS+IAA,0.0,-0.11709829010948919,False
396,missense,Rapamycin+IAA,0.0,-0.08768507281116864,False
396,missense,Sorbitol+IAA,0.0,-0.250489370800541,False
396,missense,YPD,0.0,-7.761737485579991,False
396,missense,YPD+IAA,0.0,-1.3549485821373246,False
396,synonymous,Actinomycin_D+IAA,0.0,-0.08931377855380182,False
396,synonymous,Cobalt_Chloride+IAA,0.0,-0.4881578057301514,False
396,synonymous,Galactose+IAA,0.0,-0.12418187584436319,False
396,synonymous,MMS+IAA,0.0,0.10525701238178628,False
396,synonymous,Rapamycin+IAA,0.0,-0.13694091746071183,False
396,synonymous,Sorbitol+IAA,0.0,-0.1277838724761,False
396,synonymous,YPD,0.0,-7.067771858960089,False
396,synonymous,YPD+IAA,0.0,-1.0267387984433871,False
397,missense,Actinomycin_D+IAA,0.0,-1.3869789501318612,False
397,missense,Cobalt_Chloride+IAA,0.0,-0.6876877354111918,False
397,missense,Galactose+IAA,0.0,-0.623732671012643,False
397,missense,MMS+IAA,0.0,-0.6653767948851795,False
397,missense,Rapamycin+IAA,0.0,-0.2380107408055136,False
397,missense,Sorbitol+IAA,0.0,-1.2980496786520623,False
397,missense,YPD,0.0,-11.191822762348284,False
397,missense,YPD+IAA,0.0,-3.5532962878796526,False
397,synonymous,Actinomycin_D+IAA,0.0,-0.6332945337822471,False
397,synonymous,Cobalt_Chloride+IAA,0.0,-0.1172385884732251,False
397,synonymous,Galactose+IAA,0.0,-0.0799800732688552,False
397,synonymous,MMS+IAA,0.0,0.1270555022236643,False
397,synonymous,Rapamycin+IAA,0.0,0.1333540540709873,False
397,synonymous,Sorbitol+IAA,0.0,-0.02124082729661428,False
397,synonymous,YPD,0.0,-3.0931600020067753,False
397,synonymous,YPD+IAA,0.0,-1.5402933516009778,False
398,missense,Actinomycin_D+IAA,0.0,-1.0144651930709294,False
398,missense,Cobalt_Chloride+IAA,0.0,-1.79869231266916,False
398,missense,Galactose+IAA,0.0,-1.6582501650069894,False
398,missense,MMS+IAA,0.0,-0.3199551896674815,False
398,missense,Rapamycin+IAA,0.0,-0.9446962462879013,False
398,missense,Sorbitol+IAA,0.0,-0.9340777284227901,False
398,missense,YPD,0.0,-10.975951289174711,False
398,missense,YPD+IAA,0.0,-4.337631314634897,False
398,synonymous,Actinomycin_D+IAA,0.0,-1.9368966024296268,False
398,synonymous,Cobalt_Chloride+IAA,0.0,-0.3943764040461707,False
398,synonymous,Galactose+IAA,0.0,-3.61862949945609,False
398,synonymous,MMS+IAA,0.0,-0.16899596510402434,False
398,synonymous,Rapamycin+IAA,0.0,0.2964065617270147,False
398,synonymous,Sorbitol+IAA,0.0,-3.1385337115578733,False
398,synonymous,YPD,0.0,-10.89612644123489,False
398,synonymous,YPD+IAA,0.0,-6.321142258654189,False
399,missense,Actinomycin_D+IAA,0.0,-1.3619549549248353,False
399,missense,Cobalt_Chloride+IAA,0.0,-0.45271441535766366,False
399,missense,Galactose+IAA,0.0,-1.7088572303383953,False
399,missense,MMS+IAA,0.0,-1.033005565391423,False
399,missense,Rapamycin+IAA,0.0,0.1058755884907029,False
399,missense,Sorbitol+IAA,0.0,-0.7628558219238408,False
399,missense,YPD,0.0,-11.381090956480708,False
399,missense,YPD+IAA,0.0,-5.702020165777417,False
399,synonymous,Actinomycin_D+IAA,0.0,0.018421735875026532,False
399,synonymous,Cobalt_Chloride+IAA,0.0,-0.08244982180474941,False
399,synonymous,Galactose+IAA,0.0,0.08509939203633793,False
399,synonymous,MMS+IAA,0.0,0.041180733931465145,False
399,synonymous,Rapamycin+IAA,0.0,-0.3055489171014561,False
399,synonymous,Sorbitol+IAA,0.0,-0.04992464683430135,False
399,synonymous,YPD,0.0,-11.526305365267092,False
399,synonymous,YPD+IAA,0.0,-0.665330946178267,False
400,missense,Actinomycin_D+IAA,0.0,-0.6763452457972798,False
400,missense,Cobalt_Chloride+IAA,0.0,-0.13840005639942182,False
400,missense,Galactose+IAA,0.0,-0.5088061483718482,False
400,missense,MMS+IAA,0.0,0.038292161934128266,False
400,missense,Rapamycin+IAA,0.0,0.3118410272457458,False
400,missense,Sorbitol+IAA,0.0,0.039665525659720875,False
400,missense,YPD,0.0,-11.722974481422503,False
400,missense,YPD+IAA,0.0,-1.9281509187702879,False
400,synonymous,Actinomycin_D+IAA,0.0,-2.123386080276496,False
400,synonymous,Cobalt_Chloride+IAA,0.0,-1.1532687039413836,False
400,synonymous,Galactose+IAA,0.0,-0.6723522275023142,False
400,synonymous,MMS+IAA,0.0,0.0011487810490694173,False
400,synonymous,Rapamycin+IAA,0.0,-0.11545996499422886,False
400,synonymous,Sorbitol+IAA,0.0,-0.5363017131250374,False
400,synonymous,YPD,0.0,-11.479624565583645,False
400,synonymous,YPD+IAA,0.0,-2.1279172664586175,False
401,synonymous,Actinomycin_D+IAA,0.0,-0.4080640110098069,False
401,synonymous,Cobalt_Chloride+IAA,0.0,-0.2282673925136781,False
401,synonymous,Galactose+IAA,0.0,0.13289518433468156,False
401,synonymous,MMS+IAA,0.0,0.22346447888052495,False
401,synonymous,Rapamycin+IAA,0.0,0.45404148026781155,False
401,synonymous,Sorbitol+IAA,0.0,-0.0023173913531377485,False
401,synonymous,YPD,0.0,-5.714276423895075,False
401,synonymous,YPD+IAA,0.0,-2.4337203506863774,False
402,missense,Actinomycin_D+IAA,0.0,-3.110357828125602,False
402,missense,Cobalt_Chloride+IAA,0.0,-0.8251174093281763,False
402,missense,Galactose+IAA,0.0,-0.5296918421280414,False
402,missense,MMS+IAA,0.0,-0.2529666940227324,False
402,missense,Rapamycin+IAA,0.0,-1.1972051342432568,False
402,missense,Sorbitol+IAA,0.0,-1.0050337508066878,False
402,missense,YPD,0.0,-11.036463409550423,False
402,missense,YPD+IAA,0.0,-3.9050725448438905,False
402,synonymous,Actinomycin_D+IAA,0.0,-0.2043486123725847,False
402,synonymous,Cobalt_Chloride+IAA,0.0,0.15652623616858982,False
402,synonymous,Galactose+IAA,0.0,-0.0250234133341336,False
402,synonymous,MMS+IAA,0.0,-0.03388996622971152,False
402,synonymous,Rapamycin+IAA,0.0,0.15382441778139966,False
402,synonymous,Sorbitol+IAA,0.0,-0.054854298568925645,False
402,synonymous,YPD,0.0,-11.232469576655873,False
402,synonymous,YPD+IAA,0.0,-2.7249174425895863,False
403,missense,Actinomycin_D+IAA,0.0,-25.23956790091298,True
403,missense,Cobalt_Chloride+IAA,0.0,-3.6616853383683186,False
403,missense,Galactose+IAA,0.0,-15.067083092995773,True
403,missense,MMS+IAA,0.0,-8.773888261195607,False
403,missense,Rapamycin+IAA,0.0,-29.82535311699277,True
403,missense,Sorbitol+IAA,0.0,-1.6579224662746028,False
403,missense,YPD,0.0,-10.704851951445903,False
403,missense,YPD+IAA,0.0,-28.18846662185738,True
403,synonymous,Actinomycin_D+IAA,0.0,-0.19561671416369827,False
403,synonymous,Cobalt_Chloride+IAA,0.0,0.046550667247740464,False
403,synonymous,Galactose+IAA,0.0,0.013758099951359692,False
403,synonymous,MMS+IAA,0.0,-0.15330124786171276,False
403,synonymous,Rapamycin+IAA,0.0,0.10941581443341877,False
403,synonymous,Sorbitol+IAA,0.0,-0.09201182506656266,False
403,synonymous,YPD,0.0,-9.9602600264149,False
403,synonymous,YPD+IAA,0.0,-1.207713985497799,False
404,missense,Actinomycin_D+IAA,0.0,-1.6532441855742608,False
404,missense,Cobalt_Chloride+IAA,0.0,-0.21398810064272886,False
404,missense,Galactose+IAA,0.0,0.06119480578116163,False
404,missense,MMS+IAA,0.0,-0.2077659990582478,False
404,missense,Rapamycin+IAA,0.0,-0.3462595700200333,False
404,missense,Sorbitol+IAA,0.0,-0.19008221608376455,False
404,missense,YPD,0.0,-11.103248970870851,False
404,missense,YPD+IAA,0.0,-3.9596624286729276,False
404,synonymous,Actinomycin_D+IAA,0.0,-0.5752940075385043,False
404,synonymous,Cobalt_Chloride+IAA,0.0,0.07735394631632266,False
404,synonymous,Galactose+IAA,0.0,-0.10591558109217224,False
404,synonymous,MMS+IAA,0.0,-0.09767267172707837,False
404,synonymous,Rapamycin+IAA,0.0,0.22372835783781295,False
404,synonymous,Sorbitol+IAA,0.0,-0.13881455729791078,False
404,synonymous,YPD,0.0,-11.061319212535352,False
404,synonymous,YPD+IAA,0.0,-2.8088582021439827,False
405,missense,Actinomycin_D+IAA,0.0,-0.6575408562425804,False
405,missense,Cobalt_Chloride+IAA,0.0,-1.5228586216666729,False
405,missense,Galactose+IAA,0.0,-1.1408308453689215,False
405,missense,MMS+IAA,0.0,-0.5853782994560053,False
405,missense,Rapamycin+IAA,0.0,-0.7699580013608145,False
405,missense,Sorbitol+IAA,0.0,0.7022330370366737,False
405,missense,YPD,0.0,-0.8079171422613218,False
405,missense,YPD+IAA,0.0,-1.0504552952764208,False
405,synonymous,Actinomycin_D+IAA,0.0,-13.760373601421762,True
405,synonymous,Cobalt_Chloride+IAA,0.0,-6.056365081476752,False
405,synonymous,Galactose+IAA,0.0,-0.8198683174996427,False
405,synonymous,MMS+IAA,0.0,0.3565594012219614,False
405,synonymous,Rapamycin+IAA,0.0,-3.471131558244118,False
405,synonymous,Sorbitol+IAA,0.0,-0.8277370137228143,False
405,synonymous,YPD,0.0,-13.314934429302605,True
405,synonymous,YPD+IAA,0.0,-10.60052522231662,False
406,missense,Actinomycin_D+IAA,0.0,-32.08706370056794,True
406,missense,Cobalt_Chloride+IAA,0.0,-28.32501658534161,True
406,missense,Galactose+IAA,0.0,-32.08706370056794,True
406,missense,MMS+IAA,0.0,-32.08706370056794,True
406,missense,Rapamycin+IAA,0.0,-32.08706370056794,True
406,missense,Sorbitol+IAA,0.0,-11.72499698338093,False
406,missense,YPD,0.0,-10.769696431267421,False
406,missense,YPD+IAA,0.0,-30.95383388548374,True
406,synonymous,Actinomycin_D+IAA,0.0,-0.2946515409451539,False
406,synonymous,Cobalt_Chloride+IAA,0.0,0.08604195556819956,False
406,synonymous,Galactose+IAA,0.0,0.039807374349902,False
406,synonymous,MMS+IAA,0.0,0.0345407984533541,False
406,synonymous,Rapamycin+IAA,0.0,0.0140737435805388,False
406,synonymous,Sorbitol+IAA,0.0,0.2730503314447716,False
406,synonymous,YPD,0.0,-11.967938791710864,False
406,synonymous,YPD+IAA,0.0,-0.8395778911219337,False
407,missense,Actinomycin_D+IAA,0.0,-0.6421920916716128,False
407,missense,Cobalt_Chloride+IAA,0.0,-0.8853316471787419,False
407,missense,Galactose+IAA,0.0,-0.33038023337164957,False
407,missense,MMS+IAA,0.0,-0.3263499253110718,False
407,missense,Rapamycin+IAA,0.0,-0.8951917828728871,False
407,missense,Sorbitol+IAA,0.0,-0.48325052378822064,False
407,missense,YPD,0.0,-11.53484404049668,False
407,missense,YPD+IAA,0.0,-2.923575310533521,False
407,synonymous,Actinomycin_D+IAA,0.0,0.009592785102675241,False
407,synonymous,Cobalt_Chloride+IAA,0.0,-0.6462921306978425,False
407,synonymous,Galactose+IAA,0.0,-0.7448297973374562,False
407,synonymous,MMS+IAA,0.0,-10.010151409478537,False
407,synonymous,Rapamycin+IAA,0.0,-0.2632528001144934,False
407,synonymous,Sorbitol+IAA,0.0,0.9209010363390989,False
407,synonymous,YPD,0.0,-10.795826821656654,False
407,synonymous,YPD+IAA,0.0,-2.895290443952044,False
408,missense,Actinomycin_D+IAA,0.0,0.690889972486474,False
408,missense,Cobalt_Chloride+IAA,0.0,-0.9423557866118795,False
408,missense,Galactose+IAA,0.0,0.4864384078318416,False
408,missense,MMS+IAA,0.0,0.15148176307922837,False
408,missense,Rapamycin+IAA,0.0,-0.19774723398531488,False
408,missense,Sorbitol+IAA,0.0,-0.2739382023043282,False
408,missense,YPD,0.0,-11.023861917880897,False
408,missense,YPD+IAA,0.0,-1.146618583417384,False
408,synonymous,Actinomycin_D+IAA,0.0,-0.33324725322578963,False
408,synonymous,Cobalt_Chloride+IAA,0.0,-0.8550753807372278,False
408,synonymous,Galactose+IAA,0.0,-1.1501158256182276,False
408,synonymous,MMS+IAA,0.0,-0.374816395207796,False
408,synonymous,Rapamycin+IAA,0.0,-1.9557558588380972,False
408,synonymous,Sorbitol+IAA,0.0,0.10903153765899905,False
408,synonymous,YPD,0.0,-11.483374153882346,False
408,synonymous,YPD+IAA,0.0,-2.4527269720162783,False
409,missense,Actinomycin_D+IAA,0.0,-32.177106657634994,True
409,missense,Cobalt_Chloride+IAA,0.0,-2.00682537379438,False
409,missense,Galactose+IAA,0.0,-20.070794021571007,True
409,missense,MMS+IAA,0.0,-19.60592377424725,True
409,missense,Rapamycin+IAA,0.0,-32.177106657634994,True
409,missense,Sorbitol+IAA,0.0,-1.8222341366457935,False
409,missense,YPD,0.0,-11.532206878635662,False
409,missense,YPD+IAA,0.0,-28.67960830031258,True
409,synonymous,Actinomycin_D+IAA,0.0,-11.468895931631408,False
409,synonymous,Cobalt_Chloride+IAA,0.0,-9.704732843735867,False
409,synonymous,Galactose+IAA,0.0,-21.40381292899648,True
409,synonymous,MMS+IAA,0.0,-20.269801282062154,True
409,synonymous,Rapamycin+IAA,0.0,-19.93963967456369,True
409,synonymous,Sorbitol+IAA,0.0,-10.76713208641873,False
409,synonymous,YPD,0.0,-20.34062601680165,True
409,synonymous,YPD+IAA,0.0,-21.64114760968875,True
410,synonymous,Actinomycin_D+IAA,0.0,-0.4233345607993576,False
410,synonymous,Cobalt_Chloride+IAA,0.0,-0.02247243265654342,False
410,synonymous,Galactose+IAA,0.0,-0.009783329361145371,False
410,synonymous,MMS+IAA,0.0,0.06729259112230619,False
410,synonymous,Rapamycin+IAA,0.0,0.319257962995975,False
410,synonymous,Sorbitol+IAA,0.0,-0.1766154813086327,False
410,synonymous,YPD,0.0,-12.346450893718986,False
410,synonymous,YPD+IAA,0.0,-1.255457985192684,False
411,missense,Actinomycin_D+IAA,0.0,-1.9256437581724613,False
411,missense,Cobalt_Chloride+IAA,0.0,-3.7821879897081354,False
411,missense,Galactose+IAA,0.0,0.6164482110041116,False
411,missense,MMS+IAA,0.0,-1.3984528293616354,False
411,missense,Rapamycin+IAA,0.0,-8.893166394652878,False
411,missense,Sorbitol+IAA,0.0,-3.2635025735297387,False
411,missense,YPD,0.0,-7.023336400360549,False
411,missense,YPD+IAA,0.0,-8.584198802279241,False
411,synonymous,Actinomycin_D+IAA,0.0,-0.12665866366557196,False
411,synonymous,Cobalt_Chloride+IAA,0.0,-0.05812992710351792,False
411,synonymous,Galactose+IAA,0.0,-0.10693130045132952,False
411,synonymous,MMS+IAA,0.0,-0.1712976721804023,False
411,synonymous,Rapamycin+IAA,0.0,0.10903335518367016,False
411,synonymous,Sorbitol+IAA,0.0,-0.15203524264709697,False
411,synonymous,YPD,0.0,-11.686302945145892,False
411,synonymous,YPD+IAA,0.0,-0.787740211140083,False
412,missense,Actinomycin_D+IAA,0.0,0.19125052658460842,False
412,missense,Cobalt_Chloride+IAA,0.0,0.1753279674573747,False
412,missense,Galactose+IAA,0.0,-3.3150613737166763,False
412,missense,MMS+IAA,0.0,0.2548428424607194,False
412,missense,Rapamycin+IAA,0.0,0.4817343776234975,False
412,missense,Sorbitol+IAA,0.0,0.029915716435671792,False
412,missense,YPD,0.0,-11.279858330224092,False
412,missense,YPD+IAA,0.0,-11.343994565381443,False
412,synonymous,Actinomycin_D+IAA,0.0,0.037345998514251647,False
412,synonymous,Cobalt_Chloride+IAA,0.0,-0.41388912406729633,False
412,synonymous,Galactose+IAA,0.0,-0.38473209455354335,False
412,synonymous,MMS+IAA,0.0,-0.030510024309765158,False
412,synonymous,Rapamycin+IAA,0.0,-0.5059929435592514,False
412,synonymous,Sorbitol+IAA,0.0,0.10779004692391714,False
412,synonymous,YPD,0.0,-11.26958733617063,False
412,synonymous,YPD+IAA,0.0,-1.1584422115704287,False
413,missense,Actinomycin_D+IAA,0.0,-10.355540036564904,False
413,missense,Cobalt_Chloride+IAA,0.0,-2.8632779333468443,False
413,missense,Galactose+IAA,0.0,-3.2346565883688014,False
413,missense,MMS+IAA,0.0,-1.987255029684498,False
413,missense,Rapamycin+IAA,0.0,-3.8351176322016927,False
413,missense,Sorbitol+IAA,0.0,-0.7226355038494608,False
413,missense,YPD,0.0,-11.215353003573389,False
413,missense,YPD+IAA,0.0,-9.096868471579096,False
413,synonymous,Actinomycin_D+IAA,0.0,-0.539687976955708,False
413,synonymous,Cobalt_Chloride+IAA,0.0,0.14226294630698083,False
413,synonymous,Galactose+IAA,0.0,-2.242208403691824,False
413,synonymous,MMS+IAA,0.0,-1.80283565982251,False
413,synonymous,Rapamycin+IAA,0.0,-0.5749400589445919,False
413,synonymous,Sorbitol+IAA,0.0,-1.0761432760005323,False
413,synonymous,YPD,0.0,-11.97666874836066,False
413,synonymous,YPD+IAA,0.0,-1.1323036699622782,False
414,synonymous,Actinomycin_D+IAA,0.0,-0.3379250184415321,False
414,synonymous,Cobalt_Chloride+IAA,0.0,0.01236009177013115,False
414,synonymous,Galactose+IAA,0.0,0.17274579243903682,False
414,synonymous,MMS+IAA,0.0,-0.43884390075140156,False
414,synonymous,Rapamycin+IAA,0.0,0.007990040541136409,False
414,synonymous,Sorbitol+IAA,0.0,0.15115412138804554,False
414,synonymous,YPD,0.0,-11.294869723318655,False
414,synonymous,YPD+IAA,0.0,-0.9049954059412048,False
415,missense,Actinomycin_D+IAA,0.0,-0.8596429117502783,False
415,missense,Cobalt_Chloride+IAA,0.0,-1.9161043459880922,False
415,missense,Galactose+IAA,0.0,0.028927081347703023,False
415,missense,MMS+IAA,0.0,0.017970884910475177,False
415,missense,Rapamycin+IAA,0.0,0.6107693519365059,False
415,missense,Sorbitol+IAA,0.0,-0.23214416309250327,False
415,missense,YPD,0.0,-11.181704868548115,False
415,missense,YPD+IAA,0.0,-13.020262515238457,False
415,synonymous,Actinomycin_D+IAA,0.0,0.018900383422671238,False
415,synonymous,Cobalt_Chloride+IAA,0.0,-0.3972600831871924,False
415,synonymous,Galactose+IAA,0.0,0.38535420582600427,False
415,synonymous,MMS+IAA,0.0,-0.024644513839565743,False
415,synonymous,Rapamycin+IAA,0.0,0.35633050614812156,False
415,synonymous,Sorbitol+IAA,0.0,-0.1269265227989596,False
415,synonymous,YPD,0.0,-11.006324094100517,False
415,synonymous,YPD+IAA,0.0,-0.7002641121146074,False
416,missense,Actinomycin_D+IAA,0.0,-0.07308247598479964,False
416,missense,Cobalt_Chloride+IAA,0.0,-0.028133224108483807,False
416,missense,Galactose+IAA,0.0,0.002695101774218698,False
416,missense,MMS+IAA,0.0,0.12249236557639887,False
416,missense,Rapamycin+IAA,0.0,-0.5973409935665865,False
416,missense,Sorbitol+IAA,0.0,0.026931267000854405,False
416,missense,YPD,0.0,-5.311672376658149,False
416,missense,YPD+IAA,0.0,0.6054282701478132,False
417,missense,Actinomycin_D+IAA,0.0,0.14840875424067385,False
417,missense,Cobalt_Chloride+IAA,0.0,-0.2969958993543386,False
417,missense,Galactose+IAA,0.0,-0.08434837237002567,False
417,missense,MMS+IAA,0.0,-0.1685977257302014,False
417,missense,Rapamycin+IAA,0.0,0.1270156959212364,False
417,missense,Sorbitol+IAA,0.0,-0.12454500129422602,False
417,missense,YPD,0.0,-0.8456166393012957,False
417,missense,YPD+IAA,0.0,-0.43407100873934246,False
417,synonymous,Actinomycin_D+IAA,0.0,-0.26324354878319806,False
417,synonymous,Cobalt_Chloride+IAA,0.0,-14.262598171552714,True
417,synonymous,Galactose+IAA,0.0,-6.819729193008451,False
417,synonymous,MMS+IAA,0.0,0.18627911994046617,False
417,synonymous,Rapamycin+IAA,0.0,0.14116263334193835,False
417,synonymous,Sorbitol+IAA,0.0,0.19675747343732622,False
417,synonymous,YPD,0.0,-11.447905741359486,False
417,synonymous,YPD+IAA,0.0,-7.167442085897531,False
418,missense,Actinomycin_D+IAA,0.0,-32.834675433818134,True
418,missense,Cobalt_Chloride+IAA,0.0,-1.8551813483830002,False
418,missense,Galactose+IAA,0.0,-4.483557623922378,False
418,missense,MMS+IAA,0.0,-4.885214322749132,False
418,missense,Rapamycin+IAA,0.0,-33.46134388378795,True
418,missense,Sorbitol+IAA,0.0,-3.1920809863385577,False
418,missense,YPD,0.0,-11.189061000120466,False
418,missense,YPD+IAA,0.0,-6.8507073995422,False
418,synonymous,Actinomycin_D+IAA,0.0,-0.3785684666452043,False
418,synonymous,Cobalt_Chloride+IAA,0.0,0.47732348904347077,False
418,synonymous,Galactose+IAA,0.0,-0.9609403031617967,False
418,synonymous,MMS+IAA,0.0,0.12666434382133876,False
418,synonymous,Rapamycin+IAA,0.0,-0.6871528950212851,False
418,synonymous,Sorbitol+IAA,0.0,-0.050678090605506626,False
418,synonymous,YPD,0.0,-10.606098647330962,False
418,synonymous,YPD+IAA,0.0,-2.2823068255195746,False
419,synonymous,Actinomycin_D+IAA,0.0,-0.3609343336247108,False
419,synonymous,Cobalt_Chloride+IAA,0.0,0.14097613638638617,False
419,synonymous,Galactose+IAA,0.0,-0.06020700413362645,False
419,synonymous,MMS+IAA,0.0,0.04109933538391983,False
419,synonymous,Rapamycin+IAA,0.0,0.22965885266189923,False
419,synonymous,Sorbitol+IAA,0.0,-0.133094105116657,False
419,synonymous,YPD,0.0,-11.887840783303366,False
419,synonymous,YPD+IAA,0.0,-1.1181266361473812,False
420,missense,Actinomycin_D+IAA,0.0,-0.11550311666192223,False
420,missense,Cobalt_Chloride+IAA,0.0,-0.7332496775175865,False
420,missense,Galactose+IAA,0.0,-0.018558657673697902,False
420,missense,MMS+IAA,0.0,-0.5746695161771278,False
420,missense,Rapamycin+IAA,0.0,-0.0808222776234837,False
420,missense,Sorbitol+IAA,0.0,-0.1056187731214171,False
420,missense,YPD,0.0,-10.820264908132033,False
420,missense,YPD+IAA,0.0,-1.9885667577302946,False
420,synonymous,Actinomycin_D+IAA,0.0,-0.145389214700675,False
420,synonymous,Cobalt_Chloride+IAA,0.0,0.10831064032538779,False
420,synonymous,Galactose+IAA,0.0,-0.03702296337584906,False
420,synonymous,MMS+IAA,0.0,0.10942135488181937,False
420,synonymous,Rapamycin+IAA,0.0,0.1822390409959715,False
420,synonymous,Sorbitol+IAA,0.0,-0.08873912036335864,False
420,synonymous,YPD,0.0,-1.4089736387355665,False
420,synonymous,YPD+IAA,0.0,-1.068088897419872,False
421,missense,Actinomycin_D+IAA,0.0,-33.40398203022449,True
421,missense,Cobalt_Chloride+IAA,0.0,-33.40398203022449,True
421,missense,Galactose+IAA,0.0,-33.40398203022449,True
421,missense,MMS+IAA,0.0,-24.13547276546519,True
421,missense,Rapamycin+IAA,0.0,-33.40398203022449,True
421,missense,Sorbitol+IAA,0.0,-3.3409640504457716,False
421,missense,YPD,0.0,-11.002532729888761,False
421,missense,YPD+IAA,0.0,-23.30950447565573,True
423,synonymous,Actinomycin_D+IAA,0.0,-10.11779186748521,False
423,synonymous,Cobalt_Chloride+IAA,0.0,-10.69395541453681,False
423,synonymous,Galactose+IAA,0.0,-20.3025732656816,True
423,synonymous,MMS+IAA,0.0,-10.556547882121407,False
423,synonymous,Rapamycin+IAA,0.0,-20.575017073200495,True
423,synonymous,Sorbitol+IAA,0.0,-11.961096101940692,False
423,synonymous,YPD,0.0,-9.700712591921006,False
423,synonymous,YPD+IAA,0.0,-9.787605823308503,False
424,missense,Actinomycin_D+IAA,0.0,-0.28109963349789097,False
424,missense,Cobalt_Chloride+IAA,0.0,0.2748120197732868,False
424,missense,Galactose+IAA,0.0,0.20100787479382065,False
424,missense,MMS+IAA,0.0,-0.35780511941663207,False
424,missense,Rapamycin+IAA,0.0,0.28162747370355495,False
424,missense,Sorbitol+IAA,0.0,-0.37292459266596706,False
424,missense,YPD,0.0,-11.75471705657502,False
424,missense,YPD+IAA,0.0,-1.0919537276628586,False
426,missense,Actinomycin_D+IAA,0.0,-3.3822709173973546,False
426,missense,Cobalt_Chloride+IAA,0.0,-0.13175467658262258,False
426,missense,Galactose+IAA,0.0,-0.7304711428036318,False
426,missense,MMS+IAA,0.0,-0.5550823875479132,False
426,missense,Rapamycin+IAA,0.0,-0.35401672642932736,False
426,missense,Sorbitol+IAA,0.0,-1.0107640670402884,False
426,missense,YPD,0.0,-11.173227858518503,False
426,missense,YPD+IAA,0.0,-1.030805542806705,False
426,synonymous,Actinomycin_D+IAA,0.0,-30.498236507472026,True
426,synonymous,Cobalt_Chloride+IAA,0.0,0.08432976286344988,False
426,synonymous,Galactose+IAA,0.0,0.18524825866397154,False
426,synonymous,MMS+IAA,0.0,-1.642641149358367,False
426,synonymous,Rapamycin+IAA,0.0,-20.62429194050415,True
426,synonymous,Sorbitol+IAA,0.0,-0.27772906057376623,False
426,synonymous,YPD,0.0,-9.49336072034501,False
426,synonymous,YPD+IAA,0.0,-20.471603417598306,True
427,missense,Actinomycin_D+IAA,0.0,-2.9197248236054483,False
427,missense,Cobalt_Chloride+IAA,0.0,-4.621729931674603,False
427,missense,Galactose+IAA,0.0,-3.7066769138766125,False
427,missense,MMS+IAA,0.0,-2.0421808702245943,False
427,missense,Rapamycin+IAA,0.0,-1.5799091011121555,False
427,missense,Sorbitol+IAA,0.0,-3.3488588955665124,False
427,missense,YPD,0.0,-11.268091927220581,False
427,missense,YPD+IAA,0.0,-5.0346199848430535,False
427,synonymous,Actinomycin_D+IAA,0.0,-0.09798710328905375,False
427,synonymous,Cobalt_Chloride+IAA,0.0,-0.14642505732864117,False
427,synonymous,Galactose+IAA,0.0,-0.45747616017089415,False
427,synonymous,MMS+IAA,0.0,-0.28522364835536246,False
427,synonymous,Rapamycin+IAA,0.0,0.06239421137792771,False
427,synonymous,Sorbitol+IAA,0.0,-0.0015459992503081446,False
427,synonymous,YPD,0.0,-11.401589449557697,False
427,synonymous,YPD+IAA,0.0,-3.613576391499584,False
428,missense,Actinomycin_D+IAA,0.0,-31.162945074223273,True
428,missense,Cobalt_Chloride+IAA,0.0,-31.162945074223273,True
428,missense,Galactose+IAA,0.0,-31.162945074223273,True
428,missense,MMS+IAA,0.0,-31.162945074223273,True
428,missense,Rapamycin+IAA,0.0,-31.162945074223273,True
428,missense,Sorbitol+IAA,0.0,-31.162945074223273,True
428,missense,YPD,0.0,-11.124665800174046,False
428,missense,YPD+IAA,0.0,-31.162945074223273,True
428,synonymous,Actinomycin_D+IAA,0.0,0.046654798131680685,False
428,synonymous,Cobalt_Chloride+IAA,0.0,-0.8818807509640074,False
428,synonymous,Galactose+IAA,0.0,-0.5834711559724518,False
428,synonymous,MMS+IAA,0.0,-0.060798657662594235,False
428,synonymous,Rapamycin+IAA,0.0,-0.2665503171232766,False
428,synonymous,Sorbitol+IAA,0.0,-0.10340264241861385,False
428,synonymous,YPD,0.0,-11.469848148884275,False
428,synonymous,YPD+IAA,0.0,-1.9365381313679981,False
429,missense,Actinomycin_D+IAA,0.0,0.38335368738359776,False
429,missense,Cobalt_Chloride+IAA,0.0,-0.3159001874756052,False
429,missense,Galactose+IAA,0.0,-0.322694131787507,False
429,missense,MMS+IAA,0.0,-0.042012164603904285,False
429,missense,Rapamycin+IAA,0.0,0.08532366841785598,False
429,missense,Sorbitol+IAA,0.0,-0.31425525288016093,False
429,missense,YPD,0.0,-11.730166261006135,False
429,missense,YPD+IAA,0.0,-1.4648658432915111,False
429,synonymous,Actinomycin_D+IAA,0.0,-0.3216545441524225,False
429,synonymous,Cobalt_Chloride+IAA,0.0,0.09824572276259712,False
429,synonymous,Galactose+IAA,0.0,-0.05352176740743191,False
429,synonymous,MMS+IAA,0.0,0.023005699800177505,False
429,synonymous,Rapamycin+IAA,0.0,0.1506790196137815,False
429,synonymous,Sorbitol+IAA,0.0,-0.0755329291409119,False
429,synonymous,YPD,0.0,-11.663048527203168,False
429,synonymous,YPD+IAA,0.0,-1.4867276770328948,False
430,missense,Actinomycin_D+IAA,0.0,-32.63368753110641,True
430,missense,Cobalt_Chloride+IAA,0.0,-30.837702045453344,True
430,missense,Galactose+IAA,0.0,-32.63368753110641,True
430,missense,MMS+IAA,0.0,-32.63368753110641,True
430,missense,Rapamycin+IAA,0.0,-32.63368753110641,True
430,missense,Sorbitol+IAA,0.0,-3.4327936376556103,False
430,missense,YPD,0.0,-11.678209695430485,False
430,missense,YPD+IAA,0.0,-32.63368753110641,True
430,synonymous,Actinomycin_D+IAA,0.0,0.45615459690587107,False
430,synonymous,Cobalt_Chloride+IAA,0.0,-1.0481779393803305,False
430,synonymous,Galactose+IAA,0.0,0.19576188101541211,False
430,synonymous,MMS+IAA,0.0,0.4437973609663627,False
430,synonymous,Rapamycin+IAA,0.0,-1.1102112929260972,False
430,synonymous,Sorbitol+IAA,0.0,0.48964377584692415,False
430,synonymous,YPD,0.0,-11.22290776813491,False
430,synonymous,YPD+IAA,0.0,-0.7715552834423784,False
431,missense,Actinomycin_D+IAA,0.0,0.4507288098090612,False
431,missense,Cobalt_Chloride+IAA,0.0,-2.5294017085439875,False
431,missense,Galactose+IAA,0.0,0.3648755226246689,False
431,missense,MMS+IAA,0.0,-0.17698723522633697,False
431,missense,Rapamycin+IAA,0.0,0.764774599949057,False
431,missense,Sorbitol+IAA,0.0,-0.3901870982874469,False
431,missense,YPD,0.0,-10.395537906073672,False
431,missense,YPD+IAA,0.0,-8.169824903653076,False
432,missense,Actinomycin_D+IAA,0.0,0.12779561617545387,False
432,missense,Cobalt_Chloride+IAA,0.0,-0.08949808850829487,False
432,missense,Galactose+IAA,0.0,-0.6694047300141525,False
432,missense,MMS+IAA,0.0,0.07327502000449954,False
432,missense,Rapamycin+IAA,0.0,0.6114039895094313,False
432,missense,Sorbitol+IAA,0.0,-0.2229712490260045,False
432,missense,YPD,0.0,-11.234260545276912,False
432,missense,YPD+IAA,0.0,-2.1349844367732023,False
432,synonymous,Actinomycin_D+IAA,0.0,-0.2847181171348011,False
432,synonymous,Cobalt_Chloride+IAA,0.0,-0.622008556434754,False
432,synonymous,Galactose+IAA,0.0,-0.2741905837202882,False
432,synonymous,MMS+IAA,0.0,-0.17702484075009406,False
432,synonymous,Rapamycin+IAA,0.0,-0.5449756112436716,False
432,synonymous,Sorbitol+IAA,0.0,-0.031668772271590054,False
432,synonymous,YPD,0.0,-7.269664914294408,False
432,synonymous,YPD+IAA,0.0,-1.7041058648458953,False
433,missense,Actinomycin_D+IAA,0.0,-0.005448895406577497,False
433,missense,Cobalt_Chloride+IAA,0.0,-0.7515907265773732,False
433,missense,Galactose+IAA,0.0,-1.1069125781940603,False
433,missense,MMS+IAA,0.0,-0.30860374659583545,False
433,missense,Rapamycin+IAA,0.0,0.6008794700045222,False
433,missense,Sorbitol+IAA,0.0,-0.349388632325129,False
433,missense,YPD,0.0,-11.5107155977907,False
433,missense,YPD+IAA,0.0,-1.6641865776900708,False
433,synonymous,Actinomycin_D+IAA,0.0,-0.4794598590222275,False
433,synonymous,Cobalt_Chloride+IAA,0.0,-0.7061774525018535,False
433,synonymous,Galactose+IAA,0.0,-1.5326361740516357,False
433,synonymous,MMS+IAA,0.0,-0.6277437539694737,False
433,synonymous,Rapamycin+IAA,0.0,-0.8906134077950433,False
433,synonymous,Sorbitol+IAA,0.0,-0.44835249568576413,False
433,synonymous,YPD,0.0,-11.733586815187058,False
433,synonymous,YPD+IAA,0.0,-0.8759795569170488,False
434,missense,Actinomycin_D+IAA,0.0,-0.8000850717578528,False
434,missense,Cobalt_Chloride+IAA,0.0,-1.5881245676587845,False
434,missense,Galactose+IAA,0.0,-5.534257833283495,False
434,missense,MMS+IAA,0.0,-1.7336641266667416,False
434,missense,Rapamycin+IAA,0.0,1.0092534027194047,False
434,missense,Sorbitol+IAA,0.0,-0.5601685259819831,False
434,missense,YPD,0.0,-11.226380048624584,False
434,missense,YPD+IAA,0.0,-2.7389293901442886,False
434,synonymous,Actinomycin_D+IAA,0.0,-0.179276615025834,False
434,synonymous,Cobalt_Chloride+IAA,0.0,-0.4800391862448464,False
434,synonymous,Galactose+IAA,0.0,-0.03758632758836471,False
434,synonymous,MMS+IAA,0.0,-0.015115258297683908,False
434,synonymous,Rapamycin+IAA,0.0,-0.12723850851125187,False
434,synonymous,Sorbitol+IAA,0.0,-0.21765341224708332,False
434,synonymous,YPD,0.0,-11.452996956097367,False
434,synonymous,YPD+IAA,0.0,-2.1255921377388023,False
435,missense,Actinomycin_D+IAA,0.0,-1.776742753432294,False
435,missense,Cobalt_Chloride+IAA,0.0,-1.4679113108457047,False
435,missense,Galactose+IAA,0.0,-1.469266093739767,False
435,missense,MMS+IAA,0.0,-1.631010562717207,False
435,missense,Rapamycin+IAA,0.0,-1.6719370681197516,False
435,missense,Sorbitol+IAA,0.0,-1.4900843615256736,False
435,missense,YPD,0.0,-10.748636045462291,False
435,missense,YPD+IAA,0.0,-3.2633348198516416,False
435,synonymous,Actinomycin_D+IAA,0.0,-1.5664559096276778,False
435,synonymous,Cobalt_Chloride+IAA,0.0,-0.9609031054690517,False
435,synonymous,Galactose+IAA,0.0,-1.4984760995032083,False
435,synonymous,MMS+IAA,0.0,-1.2031076511355059,False
435,synonymous,Rapamycin+IAA,0.0,-6.190747753447008,False
435,synonymous,Sorbitol+IAA,0.0,-1.21186267913608,False
435,synonymous,YPD,0.0,-11.160700472495513,False
435,synonymous,YPD+IAA,0.0,-4.495024290506163,False
436,missense,Actinomycin_D+IAA,0.0,0.5190383554174791,False
436,missense,Cobalt_Chloride+IAA,0.0,-1.0606788997035441,False
436,missense,Galactose+IAA,0.0,-0.3483482383859416,False
436,missense,MMS+IAA,0.0,-0.10631590881002746,False
436,missense,Rapamycin+IAA,0.0,-0.15739362535763404,False
436,missense,Sorbitol+IAA,0.0,-0.44417939143067064,False
436,missense,YPD,0.0,-9.154189099808507,False
436,missense,YPD+IAA,0.0,-1.5117246918120104,False
436,synonymous,Actinomycin_D+IAA,0.0,-0.13988879332873058,False
436,synonymous,Cobalt_Chloride+IAA,0.0,-0.0005441359599155875,False
436,synonymous,Galactose+IAA,0.0,-0.3395255729717997,False
436,synonymous,MMS+IAA,0.0,-0.01135189702027781,False
436,synonymous,Rapamycin+IAA,0.0,0.11428298687571732,False
436,synonymous,Sorbitol+IAA,0.0,-0.07246075901235206,False
436,synonymous,YPD,0.0,-11.619542177510251,False
436,synonymous,YPD+IAA,0.0,-1.9415431583623117,False
437,missense,Actinomycin_D+IAA,0.0,0.8310780347484267,False
437,missense,Cobalt_Chloride+IAA,0.0,-1.2344494959699883,False
437,missense,Galactose+IAA,0.0,-1.171910449958046,False
437,missense,MMS+IAA,0.0,-0.03368528730146248,False
437,missense,Rapamycin+IAA,0.0,0.053152753773869826,False
437,missense,Sorbitol+IAA,0.0,-0.09273656861297956,False
437,missense,YPD,0.0,-11.372383355051229,False
437,missense,YPD+IAA,0.0,-2.3840954370681566,False
437,synonymous,Actinomycin_D+IAA,0.0,-0.5130983917509119,False
437,synonymous,Cobalt_Chloride+IAA,0.0,-0.31594892023386617,False
437,synonymous,Galactose+IAA,0.0,-0.35009851624178423,False
437,synonymous,MMS+IAA,0.0,-0.3069400775906145,False
437,synonymous,Rapamycin+IAA,0.0,-0.3634920467470547,False
437,synonymous,Sorbitol+IAA,0.0,-0.3750204640095087,False
437,synonymous,YPD,0.0,-11.539868315688645,False
437,synonymous,YPD+IAA,0.0,-2.18579540232505,False
438,missense,Actinomycin_D+IAA,0.0,-0.3908692687386361,False
438,missense,Cobalt_Chloride+IAA,0.0,-0.13516910314073668,False
438,missense,Galactose+IAA,0.0,0.021788197712764416,False
438,missense,MMS+IAA,0.0,-0.05530550472357007,False
438,missense,Rapamycin+IAA,0.0,-0.003635870021142097,False
438,missense,Sorbitol+IAA,0.0,-0.4302159550773115,False
438,missense,YPD,0.0,-8.952342082300504,False
438,missense,YPD+IAA,0.0,-1.1536461306204313,False
438,synonymous,Actinomycin_D+IAA,0.0,0.23012137761465018,False
438,synonymous,Cobalt_Chloride+IAA,0.0,-1.2836290814232423,False
438,synonymous,Galactose+IAA,0.0,-1.3340593690615241,False
438,synonymous,MMS+IAA,0.0,0.3729427856572286,False
438,synonymous,Rapamycin+IAA,0.0,-0.3648910362038013,False
438,synonymous,Sorbitol+IAA,0.0,-0.17546247518355568,False
438,synonymous,YPD,0.0,-10.629044140508446,False
438,synonymous,YPD+IAA,0.0,-1.3306506690420477,False
439,missense,Actinomycin_D+IAA,0.0,-4.050881519010799,False
439,missense,Cobalt_Chloride+IAA,0.0,-1.043884677290529,False
439,missense,Galactose+IAA,0.0,-3.5001479257579025,False
439,missense,MMS+IAA,0.0,-1.3519144800295477,False
439,missense,Rapamycin+IAA,0.0,0.33439537067052744,False
439,missense,Sorbitol+IAA,0.0,-1.6425085192705955,False
439,missense,YPD,0.0,-11.943774654996155,False
439,missense,YPD+IAA,0.0,-9.686858132648014,False
439,synonymous,Actinomycin_D+IAA,0.0,-0.15628352710931268,False
439,synonymous,Cobalt_Chloride+IAA,0.0,-0.8448335440905519,False
439,synonymous,Galactose+IAA,0.0,-0.5715197043252676,False
439,synonymous,MMS+IAA,0.0,-0.1334018809600347,False
439,synonymous,Rapamycin+IAA,0.0,-0.3289963144588502,False
439,synonymous,Sorbitol+IAA,0.0,-0.1340279067012255,False
439,synonymous,YPD,0.0,-11.465570970708676,False
439,synonymous,YPD+IAA,0.0,-1.4934313120270872,False
440,missense,Actinomycin_D+IAA,0.0,0.48471282339163013,False
440,missense,Cobalt_Chloride+IAA,0.0,-0.5279629717152151,False
440,missense,Galactose+IAA,0.0,-0.8670795717534691,False
440,missense,MMS+IAA,0.0,0.10474912663851675,False
440,missense,Rapamycin+IAA,0.0,0.5471933711482604,False
440,missense,Sorbitol+IAA,0.0,-0.7505368799107222,False
440,missense,YPD,0.0,-10.825768388997595,False
440,missense,YPD+IAA,0.0,-0.17810270944675663,False
440,synonymous,Actinomycin_D+IAA,0.0,-0.1915541586686115,False
440,synonymous,Cobalt_Chloride+IAA,0.0,-0.012511542637695841,False
440,synonymous,Galactose+IAA,0.0,-0.21067119554720506,False
440,synonymous,MMS+IAA,0.0,0.27377701609971195,False
440,synonymous,Rapamycin+IAA,0.0,-0.7385875014316559,False
440,synonymous,Sorbitol+IAA,0.0,0.23818426947194907,False
440,synonymous,YPD,0.0,-10.868479611537628,False
440,synonymous,YPD+IAA,0.0,-1.194944047084382,False
441,missense,Actinomycin_D+IAA,0.0,-0.5283427893146738,False
441,missense,Cobalt_Chloride+IAA,0.0,0.11971217293578168,False
441,missense,Galactose+IAA,0.0,0.17932750010424245,False
441,missense,MMS+IAA,0.0,0.012386565693152286,False
441,missense,Rapamycin+IAA,0.0,0.15993509189455407,False
441,missense,Sorbitol+IAA,0.0,-0.1969858838667242,False
441,missense,YPD,0.0,-3.7405659375888862,False
441,missense,YPD+IAA,0.0,-2.3771127627003823,False
441,synonymous,Actinomycin_D+IAA,0.0,0.30010948875008503,False
441,synonymous,Cobalt_Chloride+IAA,0.0,-4.523579247613402,False
441,synonymous,Galactose+IAA,0.0,-2.1680986380540785,False
441,synonymous,MMS+IAA,0.0,-2.156138196437987,False
441,synonymous,Rapamycin+IAA,0.0,-3.2835145342137118,False
441,synonymous,Sorbitol+IAA,0.0,-2.0727220938331317,False
441,synonymous,YPD,0.0,-10.696198454080696,False
441,synonymous,YPD+IAA,0.0,-12.185489965143088,False
442,missense,Actinomycin_D+IAA,0.0,-0.1841627488584175,False
442,missense,Cobalt_Chloride+IAA,0.0,-0.84280916489609,False
442,missense,Galactose+IAA,0.0,-0.10126516189226742,False
442,missense,MMS+IAA,0.0,-0.20689341771706438,False
442,missense,Rapamycin+IAA,0.0,-1.2105698561011946,False
442,missense,Sorbitol+IAA,0.0,-0.5531239138627693,False
442,missense,YPD,0.0,-12.033063226709036,False
442,missense,YPD+IAA,0.0,-2.1108970929846507,False
442,synonymous,Actinomycin_D+IAA,0.0,0.25395331070668475,False
442,synonymous,Cobalt_Chloride+IAA,0.0,0.40010864866446744,False
442,synonymous,Galactose+IAA,0.0,-0.10116030345744292,False
442,synonymous,MMS+IAA,0.0,0.08722604728915348,False
442,synonymous,Rapamycin+IAA,0.0,0.3406494603571136,False
442,synonymous,Sorbitol+IAA,0.0,-0.2801670052849726,False
442,synonymous,YPD,0.0,-10.989742996044365,False
442,synonymous,YPD+IAA,0.0,-0.8801962203069731,False
443,missense,Actinomycin_D+IAA,0.0,-5.834230818470876,False
443,missense,Cobalt_Chloride+IAA,0.0,0.2009661279666292,False
443,missense,Galactose+IAA,0.0,-1.594090930157695,False
443,missense,MMS+IAA,0.0,-0.8138959236446635,False
443,missense,Rapamycin+IAA,0.0,-6.615462246524806,False
443,missense,Sorbitol+IAA,0.0,-0.7470022357423403,False
443,missense,YPD,0.0,-10.562893728469405,False
443,missense,YPD+IAA,0.0,-4.692346411135106,False
443,synonymous,Actinomycin_D+IAA,0.0,-0.5311620025334632,False
443,synonymous,Cobalt_Chloride+IAA,0.0,-0.42305926453908627,False
443,synonymous,Galactose+IAA,0.0,-0.3291950647992287,False
443,synonymous,MMS+IAA,0.0,0.04668906539917381,False
443,synonymous,Rapamycin+IAA,0.0,-0.030782447236622712,False
443,synonymous,Sorbitol+IAA,0.0,-0.1929821109164134,False
443,synonymous,YPD,0.0,-11.257844926715574,False
443,synonymous,YPD+IAA,0.0,-0.8645771896575264,False
444,missense,Actinomycin_D+IAA,0.0,-29.73882948966945,True
444,missense,Cobalt_Chloride+IAA,0.0,-19.904365045542665,True
444,missense,Galactose+IAA,0.0,-16.391124965466023,True
444,missense,MMS+IAA,0.0,-34.99528615935071,True
444,missense,Rapamycin+IAA,0.0,-34.99528615935071,True
444,missense,Sorbitol+IAA,0.0,-2.5331278919186277,False
444,missense,YPD,0.0,-11.658207809103349,False
444,missense,YPD+IAA,0.0,-24.06663622782886,True
444,synonymous,Actinomycin_D+IAA,0.0,0.31333196705252253,False
444,synonymous,Cobalt_Chloride+IAA,0.0,-1.4331254710560826,False
444,synonymous,Galactose+IAA,0.0,0.07524027704583248,False
444,synonymous,MMS+IAA,0.0,0.32218147934252617,False
444,synonymous,Rapamycin+IAA,0.0,-1.3794876174534068,False
444,synonymous,Sorbitol+IAA,0.0,0.43369567825124744,False
444,synonymous,YPD,0.0,-10.879118986272966,False
444,synonymous,YPD+IAA,0.0,-0.574934615738441,False
445,missense,Actinomycin_D+IAA,0.0,-35.503568340237884,True
445,missense,Cobalt_Chloride+IAA,0.0,-16.60739811083241,True
445,missense,Galactose+IAA,0.0,-25.82658515981458,True
445,missense,MMS+IAA,0.0,-19.743833255939798,True
445,missense,Rapamycin+IAA,0.0,-35.503568340237884,True
445,missense,Sorbitol+IAA,0.0,-5.134797021786002,False
445,missense,YPD,0.0,-11.86965914373228,False
445,missense,YPD+IAA,0.0,-27.653453678652472,True
445,synonymous,Actinomycin_D+IAA,0.0,-0.5637054456080911,False
445,synonymous,Cobalt_Chloride+IAA,0.0,0.3881744977911443,False
445,synonymous,Galactose+IAA,0.0,0.0907325710474895,False
445,synonymous,MMS+IAA,0.0,0.1371465175051439,False
445,synonymous,Rapamycin+IAA,0.0,0.16852424760698437,False
445,synonymous,Sorbitol+IAA,0.0,-0.41346140560531464,False
445,synonymous,YPD,0.0,-11.58866589571646,False
445,synonymous,YPD+IAA,0.0,-1.814412672795249,False
447,missense,Actinomycin_D+IAA,0.0,-1.0698558734713728,False
447,missense,Cobalt_Chloride+IAA,0.0,0.05170552024065357,False
447,missense,Galactose+IAA,0.0,-0.23883552711996148,False
447,missense,MMS+IAA,0.0,-1.0047252449757558,False
447,missense,Rapamycin+IAA,0.0,0.18550020997042704,False
447,missense,Sorbitol+IAA,0.0,-2.173770843497739,False
447,missense,YPD,0.0,-10.817159952218997,False
447,missense,YPD+IAA,0.0,-1.7673839829564586,False
447,synonymous,Actinomycin_D+IAA,0.0,-0.9470650873977153,False
447,synonymous,Cobalt_Chloride+IAA,0.0,-0.10188132574516652,False
447,synonymous,Galactose+IAA,0.0,-0.2859205933673334,False
447,synonymous,MMS+IAA,0.0,0.08128443247696569,False
447,synonymous,Rapamycin+IAA,0.0,-0.14565601910057394,False
447,synonymous,Sorbitol+IAA,0.0,-0.23456509068146564,False
447,synonymous,YPD,0.0,-11.575757305549628,False
447,synonymous,YPD+IAA,0.0,-2.222865014090003,False
448,missense,Actinomycin_D+IAA,0.0,-1.14675069809624,False
448,missense,Cobalt_Chloride+IAA,0.0,-0.47844960415634186,False
448,missense,Galactose+IAA,0.0,-0.08594331358530578,False
448,missense,MMS+IAA,0.0,0.06838049274910042,False
448,missense,Rapamycin+IAA,0.0,-1.7958011000203353,False
448,missense,Sorbitol+IAA,0.0,0.05895404062692601,False
448,missense,YPD,0.0,-11.60315582373778,False
448,missense,YPD+IAA,0.0,-2.2354611924125685,False
448,synonymous,Actinomycin_D+IAA,0.0,0.4094069902976722,False
448,synonymous,Cobalt_Chloride+IAA,0.0,-0.6712925514078016,False
448,synonymous,Galactose+IAA,0.0,-0.05017326078145451,False
448,synonymous,MMS+IAA,0.0,0.04435768414023034,False
448,synonymous,Rapamycin+IAA,0.0,-0.6996002165491054,False
448,synonymous,Sorbitol+IAA,0.0,0.11325247506344438,False
448,synonymous,YPD,0.0,-12.307192301004227,False
448,synonymous,YPD+IAA,0.0,-1.0374220675629464,False
449,missense,Actinomycin_D+IAA,0.0,-0.3596347910535913,False
449,missense,Cobalt_Chloride+IAA,0.0,-0.8362534369916571,False
449,missense,Galactose+IAA,0.0,-0.025171172697204137,False
449,missense,MMS+IAA,0.0,0.16261999932732907,False
449,missense,Rapamycin+IAA,0.0,-0.19417213779981868,False
449,missense,Sorbitol+IAA,0.0,-0.5585632692121782,False
449,missense,YPD,0.0,-11.218093880897584,False
449,missense,YPD+IAA,0.0,-1.7256700892654455,False
449,synonymous,Actinomycin_D+IAA,0.0,0.1324726102797244,False
449,synonymous,Cobalt_Chloride+IAA,0.0,-0.6667847136241365,False
449,synonymous,Galactose+IAA,0.0,-1.007078073021263,False
449,synonymous,MMS+IAA,0.0,0.13027519030538184,False
449,synonymous,Rapamycin+IAA,0.0,-0.6119272077709493,False
449,synonymous,Sorbitol+IAA,0.0,-0.6675566395750354,False
449,synonymous,YPD,0.0,-11.633073222303166,False
449,synonymous,YPD+IAA,0.0,-1.0939941015501378,False
450,missense,Actinomycin_D+IAA,0.0,-1.0808895404465104,False
450,missense,Cobalt_Chloride+IAA,0.0,-0.5867376554800221,False
450,missense,Galactose+IAA,0.0,-1.0863260609622853,False
450,missense,MMS+IAA,0.0,-0.7707417569356397,False
450,missense,Rapamycin+IAA,0.0,-0.6647154373225241,False
450,missense,Sorbitol+IAA,0.0,-0.5022125555169595,False
450,missense,YPD,0.0,-11.428606261483052,False
450,missense,YPD+IAA,0.0,-1.393058677359285,False
450,synonymous,Actinomycin_D+IAA,0.0,-0.3649254666897672,False
450,synonymous,Cobalt_Chloride+IAA,0.0,-0.05765694729068207,False
450,synonymous,Galactose+IAA,0.0,-0.4122638636526993,False
450,synonymous,MMS+IAA,0.0,-0.027698797374837797,False
450,synonymous,Rapamycin+IAA,0.0,-0.17769395037530467,False
450,synonymous,Sorbitol+IAA,0.0,-0.2576455118114624,False
450,synonymous,YPD,0.0,-11.810636349227732,False
450,synonymous,YPD+IAA,0.0,-1.2837105408825942,False
451,missense,Actinomycin_D+IAA,0.0,-0.06347694259437506,False
451,missense,Cobalt_Chloride+IAA,0.0,-0.5573191224534563,False
451,missense,Galactose+IAA,0.0,-1.0120849885639571,False
451,missense,MMS+IAA,0.0,-0.12822720481222666,False
451,missense,Rapamycin+IAA,0.0,0.1655975816984756,False
451,missense,Sorbitol+IAA,0.0,0.004839039623260669,False
451,missense,YPD,0.0,-6.5654477532714575,False
451,missense,YPD+IAA,0.0,-1.881265160049417,False
451,synonymous,Actinomycin_D+IAA,0.0,-0.509775224934932,False
451,synonymous,Cobalt_Chloride+IAA,0.0,-4.861513670275496,False
451,synonymous,Galactose+IAA,0.0,-6.281834082104039,False
451,synonymous,MMS+IAA,0.0,-6.9309009078822905,False
451,synonymous,Rapamycin+IAA,0.0,-0.2013357530634273,False
451,synonymous,Sorbitol+IAA,0.0,-7.190870306227762,False
451,synonymous,YPD,0.0,-10.536987915864147,False
451,synonymous,YPD+IAA,0.0,-4.489424786182203,False
452,missense,Actinomycin_D+IAA,0.0,-1.562161431358376,False
452,missense,Cobalt_Chloride+IAA,0.0,-0.8306570594825511,False
452,missense,Galactose+IAA,0.0,-0.6407642955844901,False
452,missense,MMS+IAA,0.0,0.21297260691548323,False
452,missense,Rapamycin+IAA,0.0,-1.1101353070357836,False
452,missense,Sorbitol+IAA,0.0,-0.36504960078973375,False
452,missense,YPD,0.0,-4.409461888022235,False
452,missense,YPD+IAA,0.0,-2.779488694328379,False
452,synonymous,Actinomycin_D+IAA,0.0,0.03396828527767503,False
452,synonymous,Cobalt_Chloride+IAA,0.0,0.2059242281409361,False
452,synonymous,Galactose+IAA,0.0,0.06801877164200136,False
452,synonymous,MMS+IAA,0.0,0.0386952240696476,False
452,synonymous,Rapamycin+IAA,0.0,-0.060407817078530976,False
452,synonymous,Sorbitol+IAA,0.0,-0.1159331703126383,False
452,synonymous,YPD,0.0,-11.747607873594648,False
452,synonymous,YPD+IAA,0.0,-0.9199782662047421,False
453,missense,Actinomycin_D+IAA,0.0,-0.27254971098547415,False
453,missense,Cobalt_Chloride+IAA,0.0,-0.38484066210012174,False
453,missense,Galactose+IAA,0.0,-0.8418378790837163,False
453,missense,MMS+IAA,0.0,-0.13102336228406763,False
453,missense,Rapamycin+IAA,0.0,-0.4552594457651033,False
453,missense,Sorbitol+IAA,0.0,-0.6442118796280308,False
453,missense,YPD,0.0,-11.480201802884563,False
453,missense,YPD+IAA,0.0,-1.561740582631414,False
453,synonymous,Actinomycin_D+IAA,0.0,-1.1333747205086426,False
453,synonymous,Cobalt_Chloride+IAA,0.0,-0.6418357123215241,False
453,synonymous,Galactose+IAA,0.0,-1.2268306005222518,False
453,synonymous,MMS+IAA,0.0,-0.35441571219536777,False
453,synonymous,Rapamycin+IAA,0.0,-0.34024022625348527,False
453,synonymous,Sorbitol+IAA,0.0,-1.0784444567879425,False
453,synonymous,YPD,0.0,-10.939567671153661,False
453,synonymous,YPD+IAA,0.0,-1.9680305592088159,False
454,missense,Actinomycin_D+IAA,0.0,-0.061337284939993936,False
454,missense,Cobalt_Chloride+IAA,0.0,0.19278041421058403,False
454,missense,Galactose+IAA,0.0,-0.13674890271307996,False
454,missense,MMS+IAA,0.0,-0.1838333253053803,False
454,missense,Rapamycin+IAA,0.0,-0.006181892895539049,False
454,missense,Sorbitol+IAA,0.0,-0.3846799180218149,False
454,missense,YPD,0.0,-11.233680163943108,False
454,missense,YPD+IAA,0.0,-0.6267692720186372,False
454,synonymous,Actinomycin_D+IAA,0.0,0.08225531339753148,False
454,synonymous,Cobalt_Chloride+IAA,0.0,-0.48378705107327785,False
454,synonymous,Galactose+IAA,0.0,0.21857751586717888,False
454,synonymous,MMS+IAA,0.0,0.1853190292742985,False
454,synonymous,Rapamycin+IAA,0.0,-0.24015640952659936,False
454,synonymous,Sorbitol+IAA,0.0,0.05856288601031868,False
454,synonymous,YPD,0.0,-11.412337281480324,False
454,synonymous,YPD+IAA,0.0,-0.8211896403893596,False
456,missense,Actinomycin_D+IAA,0.0,-0.36951386011706083,False
456,missense,Cobalt_Chloride+IAA,0.0,-0.6438373148074711,False
456,missense,Galactose+IAA,0.0,-1.049499642914489,False
456,missense,MMS+IAA,0.0,-0.45585278021903347,False
456,missense,Rapamycin+IAA,0.0,-0.06060425436127841,False
456,missense,Sorbitol+IAA,0.0,-0.5343750720131712,False
456,missense,YPD,0.0,-11.438727938996294,False
456,missense,YPD+IAA,0.0,-2.729582225769548,False
456,synonymous,Actinomycin_D+IAA,0.0,-0.49080194337149174,False
456,synonymous,Cobalt_Chloride+IAA,0.0,-0.7001471156221939,False
456,synonymous,Galactose+IAA,0.0,-0.06033610789741966,False
456,synonymous,MMS+IAA,0.0,-1.6279515473675763,False
456,synonymous,Rapamycin+IAA,0.0,0.045015906977303496,False
456,synonymous,Sorbitol+IAA,0.0,0.04208621404769684,False
456,synonymous,YPD,0.0,-10.93946592639163,False
456,synonymous,YPD+IAA,0.0,-2.198773186672167,False
457,missense,Actinomycin_D+IAA,0.0,-5.508026287834929,False
457,missense,Cobalt_Chloride+IAA,0.0,-7.326363728002021,False
457,missense,Galactose+IAA,0.0,-17.113247378029758,True
457,missense,MMS+IAA,0.0,-6.75186899554554,False
457,missense,Rapamycin+IAA,0.0,-8.070049369038522,False
457,missense,Sorbitol+IAA,0.0,-1.178772586895669,False
457,missense,YPD,0.0,-11.200231145311601,False
457,missense,YPD+IAA,0.0,-9.090629185893485,False
457,synonymous,Actinomycin_D+IAA,0.0,-0.9549242626680658,False
457,synonymous,Cobalt_Chloride+IAA,0.0,-0.5712505280242612,False
457,synonymous,Galactose+IAA,0.0,-0.38788144038247674,False
457,synonymous,MMS+IAA,0.0,0.02915669985658177,False
457,synonymous,Rapamycin+IAA,0.0,-0.28341617176042405,False
457,synonymous,Sorbitol+IAA,0.0,-1.8027994801081995,False
457,synonymous,YPD,0.0,-11.583875440318634,False
457,synonymous,YPD+IAA,0.0,-1.8621495008476958,False
458,missense,Actinomycin_D+IAA,0.0,0.08594055932533046,False
458,missense,Cobalt_Chloride+IAA,0.0,-0.548065925108312,False
458,missense,Galactose+IAA,0.0,-1.2839525413345019,False
458,missense,MMS+IAA,0.0,-0.5049962507848796,False
458,missense,Rapamycin+IAA,0.0,-0.6656624964166096,False
458,missense,Sorbitol+IAA,0.0,-0.4615976517183796,False
458,missense,YPD,0.0,-4.337550918243421,False
458,missense,YPD+IAA,0.0,-2.1052523789847197,False
458,synonymous,Actinomycin_D+IAA,0.0,0.28049549257686895,False
458,synonymous,Cobalt_Chloride+IAA,0.0,-0.17309267928155458,False
458,synonymous,Galactose+IAA,0.0,-4.449564376859182,False
458,synonymous,MMS+IAA,0.0,-0.001017802364619016,False
458,synonymous,Rapamycin+IAA,0.0,-6.4423739080736935,False
458,synonymous,Sorbitol+IAA,0.0,-4.847719046741156,False
458,synonymous,YPD,0.0,-10.74852299083826,False
458,synonymous,YPD+IAA,0.0,-10.211940857596812,False
459,missense,Actinomycin_D+IAA,0.0,0.9246653906083447,False
459,missense,Cobalt_Chloride+IAA,0.0,-3.4985557079463643,False
459,missense,Galactose+IAA,0.0,-2.1161883976077056,False
459,missense,MMS+IAA,0.0,-0.2994807325191176,False
459,missense,Rapamycin+IAA,0.0,0.5997987081179283,False
459,missense,Sorbitol+IAA,0.0,-0.2762141696609007,False
459,missense,YPD,0.0,-2.6841916174595988,False
459,missense,YPD+IAA,0.0,-3.1492764771036055,False
459,synonymous,Actinomycin_D+IAA,0.0,-1.0609479149720247,False
459,synonymous,Cobalt_Chloride+IAA,0.0,-3.64577345195244,False
459,synonymous,Galactose+IAA,0.0,-6.174459921656853,False
459,synonymous,MMS+IAA,0.0,0.18847030831417286,False
459,synonymous,Rapamycin+IAA,0.0,-2.5813285219681776,False
459,synonymous,Sorbitol+IAA,0.0,0.018220085425024093,False
459,synonymous,YPD,0.0,-11.278495879985929,False
459,synonymous,YPD+IAA,0.0,-3.5539428024247552,False
460,missense,Actinomycin_D+IAA,0.0,-31.562849067102256,True
460,missense,Cobalt_Chloride+IAA,0.0,-12.048254097233,False
460,missense,Galactose+IAA,0.0,-12.603319743399974,False
460,missense,MMS+IAA,0.0,-11.938905844160493,False
460,missense,Rapamycin+IAA,0.0,-31.562849067102256,True
460,missense,Sorbitol+IAA,0.0,-0.5885136354471986,False
460,missense,YPD,0.0,-11.843176643530182,False
460,missense,YPD+IAA,0.0,-23.217680683681355,True
460,synonymous,Actinomycin_D+IAA,0.0,-1.4221111454593005,False
460,synonymous,Cobalt_Chloride+IAA,0.0,-0.23928036726897964,False
460,synonymous,Galactose+IAA,0.0,-0.5294083747017194,False
460,synonymous,MMS+IAA,0.0,0.12946381161568896,False
460,synonymous,Rapamycin+IAA,0.0,-0.14976414523895423,False
460,synonymous,Sorbitol+IAA,0.0,-0.19318470396236334,False
460,synonymous,YPD,0.0,-11.269121993608332,False
460,synonymous,YPD+IAA,0.0,-3.0460598453244074,False
461,missense,Actinomycin_D+IAA,0.0,0.09329219634320175,False
461,missense,Cobalt_Chloride+IAA,0.0,-0.2549897739013862,False
461,missense,Galactose+IAA,0.0,-0.7557290690824015,False
461,missense,MMS+IAA,0.0,-0.7805316107342215,False
461,missense,Rapamycin+IAA,0.0,-0.3008653710779414,False
461,missense,Sorbitol+IAA,0.0,-1.9058952991514604,False
461,missense,YPD,0.0,-10.75782450053656,False
461,missense,YPD+IAA,0.0,-1.7974220466549402,False
461,synonymous,Actinomycin_D+IAA,0.0,-2.779189072939481,False
461,synonymous,Cobalt_Chloride+IAA,0.0,-2.9291963538880426,False
461,synonymous,Galactose+IAA,0.0,-3.4450036968527638,False
461,synonymous,MMS+IAA,0.0,-0.4139029853325422,False
461,synonymous,Rapamycin+IAA,0.0,-0.8828148782489988,False
461,synonymous,Sorbitol+IAA,0.0,-1.7829841506961528,False
461,synonymous,YPD,0.0,-10.707054394728546,False
461,synonymous,YPD+IAA,0.0,-6.411444323947706,False
462,missense,Actinomycin_D+IAA,0.0,0.969106873483892,False
462,missense,Cobalt_Chloride+IAA,0.0,-2.3123867671434595,False
462,missense,Galactose+IAA,0.0,0.2461040658152987,False
462,missense,MMS+IAA,0.0,-0.16169448654152369,False
462,missense,Rapamycin+IAA,0.0,0.45783044295404973,False
462,missense,Sorbitol+IAA,0.0,0.32104625610816634,False
462,missense,YPD,0.0,-10.918478349776318,False
462,missense,YPD+IAA,0.0,-4.409611145678515,False
462,synonymous,Actinomycin_D+IAA,0.0,0.15408368780762194,False
462,synonymous,Cobalt_Chloride+IAA,0.0,-0.426758646299214,False
462,synonymous,Galactose+IAA,0.0,-2.4645592996710333,False
462,synonymous,MMS+IAA,0.0,0.06780536877357432,False
462,synonymous,Rapamycin+IAA,0.0,0.5423436691850749,False
462,synonymous,Sorbitol+IAA,0.0,-0.7837369730807574,False
462,synonymous,YPD,0.0,-11.130042544525942,False
462,synonymous,YPD+IAA,0.0,-0.9765261985059279,False
463,missense,Actinomycin_D+IAA,0.0,-0.895546746581389,False
463,missense,Cobalt_Chloride+IAA,0.0,-2.6052962979259844,False
463,missense,Galactose+IAA,0.0,-0.07828136688379614,False
463,missense,MMS+IAA,0.0,-0.07805226927052812,False
463,missense,Rapamycin+IAA,0.0,-0.25702131933954436,False
463,missense,Sorbitol+IAA,0.0,-2.2945202002346634,False
463,missense,YPD,0.0,-10.396294063859873,False
463,missense,YPD+IAA,0.0,-2.62603837769345,False
463,synonymous,Actinomycin_D+IAA,0.0,-0.24249181855582685,False
463,synonymous,Cobalt_Chloride+IAA,0.0,-0.4211318003619979,False
463,synonymous,Galactose+IAA,0.0,-0.1596974847362318,False
463,synonymous,MMS+IAA,0.0,-0.5272123838431017,False
463,synonymous,Rapamycin+IAA,0.0,-0.24707330964844826,False
463,synonymous,Sorbitol+IAA,0.0,-0.42959097487201225,False
463,synonymous,YPD,0.0,-11.003727574904916,False
463,synonymous,YPD+IAA,0.0,-5.467537785667976,False
464,missense,Actinomycin_D+IAA,0.0,-1.2133492437932398,False
464,missense,Cobalt_Chloride+IAA,0.0,-0.30954771118181174,False
464,missense,Galactose+IAA,0.0,-0.5824298623153717,False
464,missense,MMS+IAA,0.0,-0.9998283618318651,False
464,missense,Rapamycin+IAA,0.0,-0.9407171741091677,False
464,missense,Sorbitol+IAA,0.0,0.07395898148913331,False
464,missense,YPD,0.0,-7.077313843622968,False
464,missense,YPD+IAA,0.0,-2.1331707488511915,False
464,synonymous,Actinomycin_D+IAA,0.0,-0.23284416273471167,False
464,synonymous,Cobalt_Chloride+IAA,0.0,-2.4298996131694035,False
464,synonymous,Galactose+IAA,0.0,-2.9133127666113006,False
464,synonymous,MMS+IAA,0.0,-1.3746346593360985,False
464,synonymous,Rapamycin+IAA,0.0,0.014731543937453703,False
464,synonymous,Sorbitol+IAA,0.0,-0.36065265849683387,False
464,synonymous,YPD,0.0,-10.862339012456781,False
464,synonymous,YPD+IAA,0.0,-4.222458558724514,False
465,missense,Actinomycin_D+IAA,0.0,0.20600817873689434,False
465,missense,Cobalt_Chloride+IAA,0.0,-0.43942070483346946,False
465,missense,Galactose+IAA,0.0,-0.5657639381869907,False
465,missense,MMS+IAA,0.0,0.08879140216495288,False
465,missense,Rapamycin+IAA,0.0,0.26763541600349905,False
465,missense,Sorbitol+IAA,0.0,0.11303185509415933,False
465,missense,YPD,0.0,-11.347058038240533,False
465,missense,YPD+IAA,0.0,-1.2641635796319282,False
466,missense,Actinomycin_D+IAA,0.0,-1.3175115136492752,False
466,missense,Cobalt_Chloride+IAA,0.0,-5.542915477486019,False
466,missense,Galactose+IAA,0.0,-3.6838802339868977,False
466,missense,MMS+IAA,0.0,-1.9625735730584444,False
466,missense,Rapamycin+IAA,0.0,0.2501643977584947,False
466,missense,Sorbitol+IAA,0.0,-2.586635680325041,False
466,missense,YPD,0.0,-11.026223672273078,False
466,missense,YPD+IAA,0.0,-5.1547199073547185,False
466,synonymous,Actinomycin_D+IAA,0.0,-0.058116552702252515,False
466,synonymous,Cobalt_Chloride+IAA,0.0,-0.18086470343282543,False
466,synonymous,Galactose+IAA,0.0,-0.18473316820862026,False
466,synonymous,MMS+IAA,0.0,0.1398737519344886,False
466,synonymous,Rapamycin+IAA,0.0,0.36728519954540667,False
466,synonymous,Sorbitol+IAA,0.0,-0.8559156431623491,False
466,synonymous,YPD,0.0,-11.004318293765895,False
466,synonymous,YPD+IAA,0.0,-0.5871698054222041,False
467,missense,Actinomycin_D+IAA,0.0,0.5979058690805878,False
467,missense,Cobalt_Chloride+IAA,0.0,-0.5714622953532988,False
467,missense,Galactose+IAA,0.0,-0.18286666363875514,False
467,missense,MMS+IAA,0.0,-0.05678983988024605,False
467,missense,Rapamycin+IAA,0.0,0.36426893771762736,False
467,missense,Sorbitol+IAA,0.0,0.04232090279509867,False
467,missense,YPD,0.0,-6.335954168999213,False
467,missense,YPD+IAA,0.0,-1.9693233612511076,False
467,synonymous,Actinomycin_D+IAA,0.0,-1.838101884988232,False
467,synonymous,Cobalt_Chloride+IAA,0.0,-0.6148604379010695,False
467,synonymous,Galactose+IAA,0.0,0.026991848008076202,False
467,synonymous,MMS+IAA,0.0,0.02683218106712525,False
467,synonymous,Rapamycin+IAA,0.0,0.13151081403132614,False
467,synonymous,Sorbitol+IAA,0.0,-0.18630481266865792,False
467,synonymous,YPD,0.0,-10.797772860406784,False
467,synonymous,YPD+IAA,0.0,-6.190401430345491,False
468,missense,Actinomycin_D+IAA,0.0,0.20178807990539063,False
468,missense,Cobalt_Chloride+IAA,0.0,-1.0675328249931793,False
468,missense,Galactose+IAA,0.0,-2.4322523610417504,False
468,missense,MMS+IAA,0.0,-0.13729357710899773,False
468,missense,Rapamycin+IAA,0.0,0.40299603391892563,False
468,missense,Sorbitol+IAA,0.0,-1.8958080691758887,False
468,missense,YPD,0.0,-11.012830134425817,False
468,missense,YPD+IAA,0.0,-7.732530683106609,False
468,synonymous,Actinomycin_D+IAA,0.0,-10.585027303180736,False
468,synonymous,Cobalt_Chloride+IAA,0.0,-9.886151470192546,False
468,synonymous,Galactose+IAA,0.0,-3.974739193900545,False
468,synonymous,MMS+IAA,0.0,0.2797338099365421,False
468,synonymous,Rapamycin+IAA,0.0,-11.81988218307679,False
468,synonymous,Sorbitol+IAA,0.0,-10.318451646876065,False
468,synonymous,YPD,0.0,-10.19225795155658,False
468,synonymous,YPD+IAA,0.0,-15.342490119892837,True
469,missense,Actinomycin_D+IAA,0.0,0.054133666971978966,False
469,missense,Cobalt_Chloride+IAA,0.0,-0.6671960834227108,False
469,missense,Galactose+IAA,0.0,0.18965348523701522,False
469,missense,MMS+IAA,0.0,-0.8328599636917312,False
469,missense,Rapamycin+IAA,0.0,0.23200483562616778,False
469,missense,Sorbitol+IAA,0.0,0.004266824689665927,False
469,missense,YPD,0.0,-11.588988711134737,False
469,missense,YPD+IAA,0.0,-2.841025881649624,False
469,synonymous,Actinomycin_D+IAA,0.0,-0.9334281762435231,False
469,synonymous,Cobalt_Chloride+IAA,0.0,-2.0641702085243288,False
469,synonymous,Galactose+IAA,0.0,0.020199278773175598,False
469,synonymous,MMS+IAA,0.0,0.05860695876634183,False
469,synonymous,Rapamycin+IAA,0.0,-0.3599367408816269,False
469,synonymous,Sorbitol+IAA,0.0,-0.5851733512811853,False
469,synonymous,YPD,0.0,-11.285957207198429,False
469,synonymous,YPD+IAA,0.0,-3.1614995851164434,False
470,missense,Actinomycin_D+IAA,0.0,0.20686528550684546,False
470,missense,Cobalt_Chloride+IAA,0.0,-5.114041757819883,False
470,missense,Galactose+IAA,0.0,-1.4613394456904667,False
470,missense,MMS+IAA,0.0,-0.44049536134015765,False
470,missense,Rapamycin+IAA,0.0,0.2883083341066553,False
470,missense,Sorbitol+IAA,0.0,-0.32860841342090863,False
470,missense,YPD,0.0,-12.046331809162595,False
470,missense,YPD+IAA,0.0,-4.152737794626226,False
470,synonymous,Actinomycin_D+IAA,0.0,-0.9178560400423655,False
470,synonymous,Cobalt_Chloride+IAA,0.0,-0.507005461661318,False
470,synonymous,Galactose+IAA,0.0,-2.4928490895008477,False
470,synonymous,MMS+IAA,0.0,0.019150349985497025,False
470,synonymous,Rapamycin+IAA,0.0,-0.8793677358808861,False
470,synonymous,Sorbitol+IAA,0.0,-0.981375638833546,False
470,synonymous,YPD,0.0,-11.058490723385901,False
470,synonymous,YPD+IAA,0.0,-2.926887392983169,False
471,missense,Actinomycin_D+IAA,0.0,0.7766350578158266,False
471,missense,Cobalt_Chloride+IAA,0.0,-0.8732853075292079,False
471,missense,Galactose+IAA,0.0,-0.6249855022756367,False
471,missense,MMS+IAA,0.0,-0.9929965299289435,False
471,missense,Rapamycin+IAA,0.0,0.2111043461722685,False
471,missense,Sorbitol+IAA,0.0,-0.18367659052169366,False
471,missense,YPD,0.0,-11.361707408171043,False
471,missense,YPD+IAA,0.0,-1.7118030649635592,False
471,synonymous,Actinomycin_D+IAA,0.0,-5.436016961420193,False
471,synonymous,Cobalt_Chloride+IAA,0.0,-0.27631962197753773,False
471,synonymous,Galactose+IAA,0.0,-10.710267521906205,False
471,synonymous,MMS+IAA,0.0,-0.5620660792782507,False
471,synonymous,Rapamycin+IAA,0.0,-1.5473664584050235,False
471,synonymous,Sorbitol+IAA,0.0,0.30198643006738607,False
471,synonymous,YPD,0.0,-11.09942164247034,False
471,synonymous,YPD+IAA,0.0,-5.349085426179307,False
472,missense,Actinomycin_D+IAA,0.0,-0.3514528524943577,False
472,missense,Cobalt_Chloride+IAA,0.0,-0.11991793082916505,False
472,missense,Galactose+IAA,0.0,-0.35100318019220034,False
472,missense,MMS+IAA,0.0,-0.05999704476586558,False
472,missense,Rapamycin+IAA,0.0,0.7989968877631842,False
472,missense,Sorbitol+IAA,0.0,-0.4785501547058002,False
472,missense,YPD,0.0,-5.000880186996339,False
472,missense,YPD+IAA,0.0,-1.743247285561425,False
472,synonymous,Actinomycin_D+IAA,0.0,-0.7486087205205559,False
472,synonymous,Cobalt_Chloride+IAA,0.0,-10.739902490806529,False
472,synonymous,Galactose+IAA,0.0,-9.597354262070633,False
472,synonymous,MMS+IAA,0.0,-6.217460707433088,False
472,synonymous,Rapamycin+IAA,0.0,0.3535542623472226,False
472,synonymous,Sorbitol+IAA,0.0,-7.934860566711041,False
472,synonymous,YPD,0.0,-10.44130802128172,False
472,synonymous,YPD+IAA,0.0,-3.136886613424079,False
473,missense,Actinomycin_D+IAA,0.0,-0.21968832290589713,False
473,missense,Cobalt_Chloride+IAA,0.0,0.01912495233606569,False
473,missense,Galactose+IAA,0.0,-5.842095195475534,False
473,missense,MMS+IAA,0.0,-0.305249791074711,False
473,missense,Rapamycin+IAA,0.0,0.5611337154854276,False
473,missense,Sorbitol+IAA,0.0,-3.067487375240286,False
473,missense,YPD,0.0,-10.802647695145758,False
473,missense,YPD+IAA,0.0,-5.996643388842283,False
473,synonymous,Actinomycin_D+IAA,0.0,-0.6475137949379123,False
473,synonymous,Cobalt_Chloride+IAA,0.0,-0.19141407254039577,False
473,synonymous,Galactose+IAA,0.0,-0.38411423058367994,False
473,synonymous,MMS+IAA,0.0,-0.23410025539635082,False
473,synonymous,Rapamycin+IAA,0.0,0.649929433725182,False
473,synonymous,Sorbitol+IAA,0.0,0.301272684448161,False
473,synonymous,YPD,0.0,-10.59461707482561,False
473,synonymous,YPD+IAA,0.0,-10.499854629610153,False
474,missense,Actinomycin_D+IAA,0.0,1.0167878098309453,False
474,missense,Cobalt_Chloride+IAA,0.0,-0.5548119071939417,False
474,missense,Galactose+IAA,0.0,0.11729647177036384,False
474,missense,MMS+IAA,0.0,-0.28304199519930223,False
474,missense,Rapamycin+IAA,0.0,0.16612449994532968,False
474,missense,Sorbitol+IAA,0.0,0.35375303567323946,False
474,missense,YPD,0.0,-11.43817605530818,False
474,missense,YPD+IAA,0.0,-0.5822842295233985,False
474,synonymous,Actinomycin_D+IAA,0.0,0.014200206300161954,False
474,synonymous,Cobalt_Chloride+IAA,0.0,-2.842581229366273,False
474,synonymous,Galactose+IAA,0.0,-3.31387488057807,False
474,synonymous,MMS+IAA,0.0,-0.11695070231577716,False
474,synonymous,Rapamycin+IAA,0.0,0.024343374646554252,False
474,synonymous,Sorbitol+IAA,0.0,-0.6320599477931048,False
474,synonymous,YPD,0.0,-10.690773902537426,False
474,synonymous,YPD+IAA,0.0,-3.1032871469386696,False
475,missense,Actinomycin_D+IAA,0.0,-0.16023830871701467,False
475,missense,Cobalt_Chloride+IAA,0.0,0.1054413263056144,False
475,missense,Galactose+IAA,0.0,-0.3650012545556704,False
475,missense,MMS+IAA,0.0,-0.3439468238801858,False
475,missense,Rapamycin+IAA,0.0,0.020221607524330783,False
475,missense,Sorbitol+IAA,0.0,-0.2948068452193685,False
475,missense,YPD,0.0,-11.015246544881883,False
475,missense,YPD+IAA,0.0,-1.1965726009914763,False
475,synonymous,Actinomycin_D+IAA,0.0,-5.596636681871081,False
475,synonymous,Cobalt_Chloride+IAA,0.0,-2.0483949029523694,False
475,synonymous,Galactose+IAA,0.0,-3.8101193951746954,False
475,synonymous,MMS+IAA,0.0,-1.8836037368578311,False
475,synonymous,Rapamycin+IAA,0.0,-2.0483223330757547,False
475,synonymous,Sorbitol+IAA,0.0,-5.098039714195876,False
475,synonymous,YPD,0.0,-11.816040295016352,False
475,synonymous,YPD+IAA,0.0,-4.840498586956829,False
476,missense,Actinomycin_D+IAA,0.0,-1.3783488642295805,False
476,missense,Cobalt_Chloride+IAA,0.0,-0.8038477396317236,False
476,missense,Galactose+IAA,0.0,-0.9946468549309985,False
476,missense,MMS+IAA,0.0,-0.7725984412198693,False
476,missense,Rapamycin+IAA,0.0,-0.13154483214495863,False
476,missense,Sorbitol+IAA,0.0,-2.1797086571001185,False
476,missense,YPD,0.0,-10.645093570555927,False
476,missense,YPD+IAA,0.0,-3.1570957319852373,False
476,synonymous,Actinomycin_D+IAA,0.0,-0.4682018636237361,False
476,synonymous,Cobalt_Chloride+IAA,0.0,0.028137098323392916,False
476,synonymous,Galactose+IAA,0.0,-0.7524312334337879,False
476,synonymous,MMS+IAA,0.0,0.09056665016581444,False
476,synonymous,Rapamycin+IAA,0.0,0.03361169562572671,False
476,synonymous,Sorbitol+IAA,0.0,-0.36467656877893184,False
476,synonymous,YPD,0.0,-10.33520961427317,False
476,synonymous,YPD+IAA,0.0,-2.2502967717208895,False
477,missense,Actinomycin_D+IAA,0.0,0.44673637445699965,False
477,missense,Cobalt_Chloride+IAA,0.0,-2.561568425328159,False
477,missense,Galactose+IAA,0.0,-0.7534395119784799,False
477,missense,MMS+IAA,0.0,-0.17986394876978284,False
477,missense,Rapamycin+IAA,0.0,0.04328721176360131,False
477,missense,Sorbitol+IAA,0.0,-0.18189043227494442,False
477,missense,YPD,0.0,-6.973246998237548,False
477,missense,YPD+IAA,0.0,-2.013930315894025,False
477,synonymous,Actinomycin_D+IAA,0.0,-0.5011599983642755,False
477,synonymous,Cobalt_Chloride+IAA,0.0,-0.02560302573510893,False
477,synonymous,Galactose+IAA,0.0,-0.2250327704082421,False
477,synonymous,MMS+IAA,0.0,0.011997853650255809,False
477,synonymous,Rapamycin+IAA,0.0,-0.12859991315032623,False
477,synonymous,Sorbitol+IAA,0.0,-0.5456397136729302,False
477,synonymous,YPD,0.0,-11.92404006832368,False
477,synonymous,YPD+IAA,0.0,-0.8390226309643393,False
478,missense,Actinomycin_D+IAA,0.0,-0.5459609664032019,False
478,missense,Cobalt_Chloride+IAA,0.0,-3.355327611388094,False
478,missense,Galactose+IAA,0.0,-2.993042099516295,False
478,missense,MMS+IAA,0.0,-0.16452982675258668,False
478,missense,Rapamycin+IAA,0.0,-2.76136082179338,False
478,missense,Sorbitol+IAA,0.0,-0.7087491896724551,False
478,missense,YPD,0.0,-10.614368353750402,False
478,missense,YPD+IAA,0.0,-4.82321080550986,False
478,synonymous,Actinomycin_D+IAA,0.0,-1.27649390722767,False
478,synonymous,Cobalt_Chloride+IAA,0.0,-0.23163944166308667,False
478,synonymous,Galactose+IAA,0.0,-1.7193060046080755,False
478,synonymous,MMS+IAA,0.0,-0.1347672412054178,False
478,synonymous,Rapamycin+IAA,0.0,-0.9830948870058173,False
478,synonymous,Sorbitol+IAA,0.0,-0.35632562282870256,False
478,synonymous,YPD,0.0,-11.059941847033278,False
478,synonymous,YPD+IAA,0.0,-3.174408360119318,False
479,missense,Actinomycin_D+IAA,0.0,-9.439823243458456,False
479,missense,Cobalt_Chloride+IAA,0.0,-20.468499285316547,True
479,missense,Galactose+IAA,0.0,-10.779635512195327,False
479,missense,MMS+IAA,0.0,-0.15835212349690253,False
479,missense,Rapamycin+IAA,0.0,0.06329322762804236,False
479,missense,Sorbitol+IAA,0.0,-10.30757619443729,False
479,missense,YPD,0.0,-19.65381310566723,True
479,missense,YPD+IAA,0.0,-9.415803438277875,False
479,synonymous,Actinomycin_D+IAA,0.0,-1.845509708011963,False
479,synonymous,Cobalt_Chloride+IAA,0.0,-1.6799458902974402,False
479,synonymous,Galactose+IAA,0.0,-0.45943584763839634,False
479,synonymous,MMS+IAA,0.0,-0.776634567893438,False
479,synonymous,Rapamycin+IAA,0.0,-1.214786067613904,False
479,synonymous,Sorbitol+IAA,0.0,-1.0635727941758368,False
479,synonymous,YPD,0.0,-11.305125777082594,False
479,synonymous,YPD+IAA,0.0,-3.75763601817113,False
480,missense,Actinomycin_D+IAA,0.0,0.8111194789400092,False
480,missense,Cobalt_Chloride+IAA,0.0,-1.3024330220173361,False
480,missense,Galactose+IAA,0.0,-0.6638629915159951,False
480,missense,MMS+IAA,0.0,0.010636636285412417,False
480,missense,Rapamycin+IAA,0.0,-0.3107212804912978,False
480,missense,Sorbitol+IAA,0.0,0.4151591282391089,False
480,missense,YPD,0.0,-11.081764550141854,False
480,missense,YPD+IAA,0.0,-1.5072472961760808,False
480,synonymous,Actinomycin_D+IAA,0.0,-1.6325911936510513,False
480,synonymous,Cobalt_Chloride+IAA,0.0,-6.956049667798988,False
480,synonymous,Galactose+IAA,0.0,-2.1510584757060536,False
480,synonymous,MMS+IAA,0.0,-1.1512616752560934,False
480,synonymous,Rapamycin+IAA,0.0,-1.2106581231271447,False
480,synonymous,Sorbitol+IAA,0.0,-3.0618859937957517,False
480,synonymous,YPD,0.0,-11.482548668163913,False
480,synonymous,YPD+IAA,0.0,-4.254787777761193,False
481,missense,Actinomycin_D+IAA,0.0,-2.300764706656544,False
481,missense,Cobalt_Chloride+IAA,0.0,-0.6586570315500603,False
481,missense,Galactose+IAA,0.0,-2.4195443877407246,False
481,missense,MMS+IAA,0.0,-0.8870664007033898,False
481,missense,Rapamycin+IAA,0.0,0.032031558758119874,False
481,missense,Sorbitol+IAA,0.0,-0.9969989954165357,False
481,missense,YPD,0.0,-10.674421953630905,False
481,missense,YPD+IAA,0.0,-3.7826489196235995,False
481,synonymous,Actinomycin_D+IAA,0.0,-0.7652419714148809,False
481,synonymous,Cobalt_Chloride+IAA,0.0,-1.3683608081782315,False
481,synonymous,Galactose+IAA,0.0,-1.7276778332149665,False
481,synonymous,MMS+IAA,0.0,0.05535901869553855,False
481,synonymous,Rapamycin+IAA,0.0,-0.20432447231976447,False
481,synonymous,Sorbitol+IAA,0.0,-1.3368380253207959,False
481,synonymous,YPD,0.0,-11.222658264341332,False
481,synonymous,YPD+IAA,0.0,-3.0113104713431245,False
482,missense,Actinomycin_D+IAA,0.0,-1.748818774764788,False
482,missense,Cobalt_Chloride+IAA,0.0,-0.6555242247425676,False
482,missense,Galactose+IAA,0.0,-1.1949979923481067,False
482,missense,MMS+IAA,0.0,-0.44220525445428516,False
482,missense,Rapamycin+IAA,0.0,-0.7659500401327927,False
482,missense,Sorbitol+IAA,0.0,-0.45481730970779105,False
482,missense,YPD,0.0,-11.453189107410925,False
482,missense,YPD+IAA,0.0,-3.1770019692539395,False
482,synonymous,Actinomycin_D+IAA,0.0,-0.07023089027028603,False
482,synonymous,Cobalt_Chloride+IAA,0.0,0.1472170648392349,False
482,synonymous,Galactose+IAA,0.0,-0.0958948427811155,False
482,synonymous,MMS+IAA,0.0,0.10687318664779315,False
482,synonymous,Rapamycin+IAA,0.0,-0.4105314739896416,False
482,synonymous,Sorbitol+IAA,0.0,-0.1253023760242405,False
482,synonymous,YPD,0.0,-11.072586260011777,False
482,synonymous,YPD+IAA,0.0,-2.004081112908589,False
483,missense,Actinomycin_D+IAA,0.0,0.26177434082110956,False
483,missense,Cobalt_Chloride+IAA,0.0,-0.8754189543433335,False
483,missense,Galactose+IAA,0.0,-0.4076631111251124,False
483,missense,MMS+IAA,0.0,0.055582706354496074,False
483,missense,Rapamycin+IAA,0.0,-0.43537501894763014,False
483,missense,Sorbitol+IAA,0.0,-0.3255100713120833,False
483,missense,YPD,0.0,-10.857523443951298,False
483,missense,YPD+IAA,0.0,-1.0371095065093714,False
483,synonymous,Actinomycin_D+IAA,0.0,-0.20606947986445404,False
483,synonymous,Cobalt_Chloride+IAA,0.0,0.04669171111123109,False
483,synonymous,Galactose+IAA,0.0,-0.028197205703041243,False
483,synonymous,MMS+IAA,0.0,0.10017978482262124,False
483,synonymous,Rapamycin+IAA,0.0,0.3526396482476162,False
483,synonymous,Sorbitol+IAA,0.0,0.04033236727160708,False
483,synonymous,YPD,0.0,-11.710285382212549,False
483,synonymous,YPD+IAA,0.0,-0.8729093913730079,False
484,missense,Actinomycin_D+IAA,0.0,0.3189932752052794,False
484,missense,Cobalt_Chloride+IAA,0.0,-0.7458602632819025,False
484,missense,Galactose+IAA,0.0,-0.7151431875498521,False
484,missense,MMS+IAA,0.0,-0.5518184391667482,False
484,missense,Rapamycin+IAA,0.0,0.00040147312117480154,False
484,missense,Sorbitol+IAA,0.0,-0.33884894479694444,False
484,missense,YPD,0.0,-11.28775549392136,False
484,missense,YPD+IAA,0.0,-1.9722011155458141,False
484,synonymous,Actinomycin_D+IAA,0.0,-0.542987005521535,False
484,synonymous,Cobalt_Chloride+IAA,0.0,0.2032719190956768,False
484,synonymous,Galactose+IAA,0.0,-1.0234024133050752,False
484,synonymous,MMS+IAA,0.0,0.08633953365084818,False
484,synonymous,Rapamycin+IAA,0.0,-0.007690995204562238,False
484,synonymous,Sorbitol+IAA,0.0,-0.44841934335439704,False
484,synonymous,YPD,0.0,-11.267247975911518,False
484,synonymous,YPD+IAA,0.0,-1.1763209517992568,False
485,missense,Actinomycin_D+IAA,0.0,-0.6212236199838854,False
485,missense,Cobalt_Chloride+IAA,0.0,-0.08771879753500099,False
485,missense,Galactose+IAA,0.0,-0.5098882997212401,False
485,missense,MMS+IAA,0.0,-0.33711004957186513,False
485,missense,Rapamycin+IAA,0.0,-0.9249478539166839,False
485,missense,Sorbitol+IAA,0.0,-0.14357000035709952,False
485,missense,YPD,0.0,-11.670519582814597,False
485,missense,YPD+IAA,0.0,-1.8310989876438823,False
485,synonymous,Actinomycin_D+IAA,0.0,-0.7249814600788052,False
485,synonymous,Cobalt_Chloride+IAA,0.0,-0.8959964044241866,False
485,synonymous,Galactose+IAA,0.0,-0.281817440667248,False
485,synonymous,MMS+IAA,0.0,-0.10559513836675212,False
485,synonymous,Rapamycin+IAA,0.0,-0.3159309734056344,False
485,synonymous,Sorbitol+IAA,0.0,-0.47341839838512606,False
485,synonymous,YPD,0.0,-10.159150736996626,False
485,synonymous,YPD+IAA,0.0,-2.4795400020238767,False
486,missense,Actinomycin_D+IAA,0.0,0.30875066091009123,False
486,missense,Cobalt_Chloride+IAA,0.0,-0.37876468850811135,False
486,missense,Galactose+IAA,0.0,-0.6456077615095388,False
486,missense,MMS+IAA,0.0,-2.0122299632031924,False
486,missense,Rapamycin+IAA,0.0,0.23943964440524657,False
486,missense,Sorbitol+IAA,0.0,-2.4112422833812235,False
486,missense,YPD,0.0,-10.96705323944058,False
486,missense,YPD+IAA,0.0,-4.271857210109088,False
486,synonymous,Actinomycin_D+IAA,0.0,-0.7980392890955591,False
486,synonymous,Cobalt_Chloride+IAA,0.0,0.01168674933921303,False
486,synonymous,Galactose+IAA,0.0,-0.42984891915151824,False
486,synonymous,MMS+IAA,0.0,-0.7294423087330262,False
486,synonymous,Rapamycin+IAA,0.0,0.20728321951826678,False
486,synonymous,Sorbitol+IAA,0.0,-0.08591678369512451,False
486,synonymous,YPD,0.0,-11.391250776165425,False
486,synonymous,YPD+IAA,0.0,-1.7872441274491582,False
487,missense,Actinomycin_D+IAA,0.0,-0.52552289599604,False
487,missense,Cobalt_Chloride+IAA,0.0,-0.04451459709257615,False
487,missense,Galactose+IAA,0.0,-3.380138164308372,False
487,missense,MMS+IAA,0.0,0.1858184672067253,False
487,missense,Rapamycin+IAA,0.0,0.2867622801875732,False
487,missense,Sorbitol+IAA,0.0,-0.17988829194388592,False
487,missense,YPD,0.0,-10.783134205653147,False
487,missense,YPD+IAA,0.0,-2.132746661040156,False
487,synonymous,Actinomycin_D+IAA,0.0,-3.9816182841832637,False
487,synonymous,Cobalt_Chloride+IAA,0.0,-0.966423198578842,False
487,synonymous,Galactose+IAA,0.0,-3.1390531723979445,False
487,synonymous,MMS+IAA,0.0,-0.3554380886039435,False
487,synonymous,Rapamycin+IAA,0.0,-0.2685297606368735,False
487,synonymous,Sorbitol+IAA,0.0,-5.298675288995395,False
487,synonymous,YPD,0.0,-10.201872900506833,False
487,synonymous,YPD+IAA,0.0,-6.743126765496651,False
488,missense,Actinomycin_D+IAA,0.0,-0.07078137798627401,False
488,missense,Cobalt_Chloride+IAA,0.0,-0.9241283401472464,False
488,missense,Galactose+IAA,0.0,-0.13736967049766527,False
488,missense,MMS+IAA,0.0,-0.4578408285564432,False
488,missense,Rapamycin+IAA,0.0,0.09408114595342663,False
488,missense,Sorbitol+IAA,0.0,-0.8990130461604072,False
488,missense,YPD,0.0,-10.952883508917026,False
488,missense,YPD+IAA,0.0,-0.9553661071714677,False
488,synonymous,Actinomycin_D+IAA,0.0,-0.1684952935677617,False
488,synonymous,Cobalt_Chloride+IAA,0.0,-0.6727676740886849,False
488,synonymous,Galactose+IAA,0.0,-0.7028742288918711,False
488,synonymous,MMS+IAA,0.0,-0.7036786319109799,False
488,synonymous,Rapamycin+IAA,0.0,-0.0005790283093675114,False
488,synonymous,Sorbitol+IAA,0.0,0.2775906661906152,False
488,synonymous,YPD,0.0,-11.71070976960443,False
488,synonymous,YPD+IAA,0.0,-0.8272181437084344,False
489,missense,Actinomycin_D+IAA,0.0,-0.8689138719568731,False
489,missense,Cobalt_Chloride+IAA,0.0,-0.442166527200992,False
489,missense,Galactose+IAA,0.0,-1.1067944609359712,False
489,missense,MMS+IAA,0.0,-0.5031658235554615,False
489,missense,Rapamycin+IAA,0.0,-0.3961134230238941,False
489,missense,Sorbitol+IAA,0.0,-0.7914058239431002,False
489,missense,YPD,0.0,-11.65249516157447,False
489,missense,YPD+IAA,0.0,-1.882438959965635,False
489,synonymous,Actinomycin_D+IAA,0.0,-2.168834400146742,False
489,synonymous,Cobalt_Chloride+IAA,0.0,0.042030165555718105,False
489,synonymous,Galactose+IAA,0.0,-1.1211759269938704,False
489,synonymous,MMS+IAA,0.0,-1.0405919475074012,False
489,synonymous,Rapamycin+IAA,0.0,0.14678880317990026,False
489,synonymous,Sorbitol+IAA,0.0,-1.5371741785392616,False
489,synonymous,YPD,0.0,-10.592906340546193,False
489,synonymous,YPD+IAA,0.0,-5.0566241743788245,False
490,missense,Actinomycin_D+IAA,0.0,-0.31607324569269557,False
490,missense,Cobalt_Chloride+IAA,0.0,-1.8219626933654176,False
490,missense,Galactose+IAA,0.0,-0.1994058305641643,False
490,missense,MMS+IAA,0.0,0.16094186777199382,False
490,missense,Rapamycin+IAA,0.0,-0.42941106704360515,False
490,missense,Sorbitol+IAA,0.0,0.022131246636648075,False
490,missense,YPD,0.0,-10.800576701385975,False
490,missense,YPD+IAA,0.0,-1.0413806321282764,False
490,synonymous,Actinomycin_D+IAA,0.0,-1.4271656921780125,False
490,synonymous,Cobalt_Chloride+IAA,0.0,-0.6571535869168666,False
490,synonymous,Galactose+IAA,0.0,-1.8307009080902603,False
490,synonymous,MMS+IAA,0.0,-0.058976036077416284,False
490,synonymous,Rapamycin+IAA,0.0,0.024889728627822315,False
490,synonymous,Sorbitol+IAA,0.0,0.18385380203754337,False
490,synonymous,YPD,0.0,-10.772004239787439,False
490,synonymous,YPD+IAA,0.0,-6.132734455375116,False
491,missense,Actinomycin_D+IAA,0.0,0.3014884365061343,False
491,missense,Cobalt_Chloride+IAA,0.0,-0.26003533108021903,False
491,missense,Galactose+IAA,0.0,-0.27092180653483233,False
491,missense,MMS+IAA,0.0,-0.008505860050329894,False
491,missense,Rapamycin+IAA,0.0,-0.5573304493306611,False
491,missense,Sorbitol+IAA,0.0,-0.026512936598681505,False
491,missense,YPD,0.0,-1.4576968081442003,False
491,missense,YPD+IAA,0.0,-1.1685206886653439,False
491,synonymous,Actinomycin_D+IAA,0.0,-0.24050609887568444,False
491,synonymous,Cobalt_Chloride+IAA,0.0,-0.37757411326912566,False
491,synonymous,Galactose+IAA,0.0,-0.1400837213248635,False
491,synonymous,MMS+IAA,0.0,0.00112628511016825,False
491,synonymous,Rapamycin+IAA,0.0,-0.1664317602837493,False
491,synonymous,Sorbitol+IAA,0.0,-0.11384720031053472,False
491,synonymous,YPD,0.0,-4.442435488870481,False
491,synonymous,YPD+IAA,0.0,-1.502445190573743,False
492,synonymous,Actinomycin_D+IAA,0.0,0.3141638645578531,False
492,synonymous,Cobalt_Chloride+IAA,0.0,0.7953052906442107,False
492,synonymous,Galactose+IAA,0.0,0.13306593153442484,False
492,synonymous,MMS+IAA,0.0,0.247088716971152,False
492,synonymous,Rapamycin+IAA,0.0,-0.5352813386883144,False
492,synonymous,Sorbitol+IAA,0.0,-0.22168436727364352,False
492,synonymous,YPD,0.0,-10.783574375997317,False
492,synonymous,YPD+IAA,0.0,-9.811353449716549,False
493,missense,Actinomycin_D+IAA,0.0,0.48545866817696337,False
493,missense,Cobalt_Chloride+IAA,0.0,-0.47170709038899794,False
493,missense,Galactose+IAA,0.0,-0.08163622492339631,False
493,missense,MMS+IAA,0.0,0.03063833338299712,False
493,missense,Rapamycin+IAA,0.0,-0.5083353481715839,False
493,missense,Sorbitol+IAA,0.0,0.18444712149310408,False
493,missense,YPD,0.0,-2.3453158937973457,False
493,missense,YPD+IAA,0.0,0.8362966499783179,False
493,synonymous,Actinomycin_D+IAA,0.0,-0.5948738228704886,False
493,synonymous,Cobalt_Chloride+IAA,0.0,-0.44515617741801355,False
493,synonymous,Galactose+IAA,0.0,0.0654895055081563,False
493,synonymous,MMS+IAA,0.0,-0.16060192344884494,False
493,synonymous,Rapamycin+IAA,0.0,-0.5835242391997465,False
493,synonymous,Sorbitol+IAA,0.0,0.05754817842450503,False
493,synonymous,YPD,0.0,-11.46642971297567,False
493,synonymous,YPD+IAA,0.0,-1.232925586375245,False
494,missense,Actinomycin_D+IAA,0.0,-0.03323111026436499,False
494,missense,Cobalt_Chloride+IAA,0.0,-0.5872502290763614,False
494,missense,Galactose+IAA,0.0,-0.3972580142408186,False
494,missense,MMS+IAA,0.0,0.24025069671901336,False
494,missense,Rapamycin+IAA,0.0,-0.7453079281112903,False
494,missense,Sorbitol+IAA,0.0,-0.07235218614966539,False
494,missense,YPD,0.0,-11.003118971251048,False
494,missense,YPD+IAA,0.0,-1.9028305548166446,False
494,synonymous,Actinomycin_D+IAA,0.0,-0.8395512624987232,False
494,synonymous,Cobalt_Chloride+IAA,0.0,-2.5926686088452144,False
494,synonymous,Galactose+IAA,0.0,-2.033608373322587,False
494,synonymous,MMS+IAA,0.0,-0.22316589754797897,False
494,synonymous,Rapamycin+IAA,0.0,-1.135742121224839,False
494,synonymous,Sorbitol+IAA,0.0,-0.7128215251975718,False
494,synonymous,YPD,0.0,-10.904262906713477,False
494,synonymous,YPD+IAA,0.0,-2.6998398539440407,False
495,missense,Actinomycin_D+IAA,0.0,0.036769219506893935,False
495,missense,Cobalt_Chloride+IAA,0.0,-0.9495858090345939,False
495,missense,Galactose+IAA,0.0,0.22708326191116074,False
495,missense,MMS+IAA,0.0,-0.3131812227226832,False
495,missense,Rapamycin+IAA,0.0,-0.9072746080813759,False
495,missense,Sorbitol+IAA,0.0,-0.03248111303707428,False
495,missense,YPD,0.0,-11.87946982685698,False
495,missense,YPD+IAA,0.0,-1.7844644775561702,False
495,synonymous,Actinomycin_D+IAA,0.0,-7.168468719257244,False
495,synonymous,Cobalt_Chloride+IAA,0.0,-0.31801937790593127,False
495,synonymous,Galactose+IAA,0.0,-1.7524934021402392,False
495,synonymous,MMS+IAA,0.0,0.6074123749089937,False
495,synonymous,Rapamycin+IAA,0.0,-2.2218511601183817,False
495,synonymous,Sorbitol+IAA,0.0,-0.3941571056922305,False
495,synonymous,YPD,0.0,-11.895601407723596,False
495,synonymous,YPD+IAA,0.0,-7.141000286233232,False
496,missense,Actinomycin_D+IAA,0.0,-1.5791192137206975,False
496,missense,Cobalt_Chloride+IAA,0.0,-1.586029711446086,False
496,missense,Galactose+IAA,0.0,-1.1257071004753791,False
496,missense,MMS+IAA,0.0,-0.4571691052893088,False
496,missense,Rapamycin+IAA,0.0,-0.49935632322976103,False
496,missense,Sorbitol+IAA,0.0,-0.05982549657273742,False
496,missense,YPD,0.0,-11.140974702015768,False
496,missense,YPD+IAA,0.0,-3.870942286301698,False
496,synonymous,Actinomycin_D+IAA,0.0,-0.561027741643158,False
496,synonymous,Cobalt_Chloride+IAA,0.0,-0.7272890236194332,False
496,synonymous,Galactose+IAA,0.0,0.2524783617668307,False
496,synonymous,MMS+IAA,0.0,-0.16140872506595394,False
496,synonymous,Rapamycin+IAA,0.0,-0.879577052804811,False
496,synonymous,Sorbitol+IAA,0.0,-2.308457464624167,False
496,synonymous,YPD,0.0,-12.119478988451068,False
496,synonymous,YPD+IAA,0.0,-1.6520727058324396,False
497,synonymous,Actinomycin_D+IAA,0.0,-0.534532534186838,False
497,synonymous,Cobalt_Chloride+IAA,0.0,-0.32333059960851035,False
497,synonymous,Galactose+IAA,0.0,0.07546793060511715,False
497,synonymous,MMS+IAA,0.0,0.10719406046595241,False
497,synonymous,Rapamycin+IAA,0.0,-0.05685847099155016,False
497,synonymous,Sorbitol+IAA,0.0,-0.23748383004988138,False
497,synonymous,YPD,0.0,-11.455782689797303,False
497,synonymous,YPD+IAA,0.0,-1.2277892388877854,False
498,synonymous,Actinomycin_D+IAA,0.0,-0.8743600684859623,False
498,synonymous,Cobalt_Chloride+IAA,0.0,-1.0935832107349526,False
498,synonymous,Galactose+IAA,0.0,-1.386334183790247,False
498,synonymous,MMS+IAA,0.0,0.2813966428547826,False
498,synonymous,Rapamycin+IAA,0.0,-1.437428951998936,False
498,synonymous,Sorbitol+IAA,0.0,-0.6588971171457813,False
498,synonymous,YPD,0.0,-10.937169956525397,False
498,synonymous,YPD+IAA,0.0,-3.4047373421115683,False
499,missense,Actinomycin_D+IAA,0.0,-1.6345287989663728,False
499,missense,Cobalt_Chloride+IAA,0.0,-1.5875746527600803,False
499,missense,Galactose+IAA,0.0,-0.006332628065558612,False
499,missense,MMS+IAA,0.0,-0.004483592429567729,False
499,missense,Rapamycin+IAA,0.0,-0.03492799247861772,False
499,missense,Sorbitol+IAA,0.0,0.12151292137622025,False
499,missense,YPD,0.0,-11.120583701494946,False
499,missense,YPD+IAA,0.0,-2.724355834323104,False
499,synonymous,Actinomycin_D+IAA,0.0,-0.7110772905187637,False
499,synonymous,Cobalt_Chloride+IAA,0.0,-0.56802217990966,False
499,synonymous,Galactose+IAA,0.0,-1.218807076277328,False
499,synonymous,MMS+IAA,0.0,-1.5498152893110502,False
499,synonymous,Rapamycin+IAA,0.0,0.056924524892194926,False
499,synonymous,Sorbitol+IAA,0.0,-1.1576752220672641,False
499,synonymous,YPD,0.0,-11.201950149779622,False
499,synonymous,YPD+IAA,0.0,-2.5020485445254796,False
500,missense,Actinomycin_D+IAA,0.0,-0.33569000780032077,False
500,missense,Cobalt_Chloride+IAA,0.0,-1.1339899688887758,False
500,missense,Galactose+IAA,0.0,-1.9236615687135077,False
500,missense,MMS+IAA,0.0,0.06903714030828213,False
500,missense,Rapamycin+IAA,0.0,-0.7478282311922135,False
500,missense,Sorbitol+IAA,0.0,-0.7632445568484029,False
500,missense,YPD,0.0,-11.496448134985528,False
500,missense,YPD+IAA,0.0,-1.033240712550456,False
500,synonymous,Actinomycin_D+IAA,0.0,-2.7175157799151104,False
500,synonymous,Cobalt_Chloride+IAA,0.0,-0.7033340038502472,False
500,synonymous,Galactose+IAA,0.0,-2.086487903506963,False
500,synonymous,MMS+IAA,0.0,0.06539798063605068,False
500,synonymous,Rapamycin+IAA,0.0,-0.5807366341020471,False
500,synonymous,Sorbitol+IAA,0.0,-0.232734372624487,False
500,synonymous,YPD,0.0,-10.90357730196347,False
500,synonymous,YPD+IAA,0.0,-2.361735050880876,False
501,missense,Actinomycin_D+IAA,0.0,-0.700149550388526,False
501,missense,Cobalt_Chloride+IAA,0.0,-0.3977054174098345,False
501,missense,Galactose+IAA,0.0,-1.0490810114475495,False
501,missense,MMS+IAA,0.0,0.10990155528489258,False
501,missense,Rapamycin+IAA,0.0,-0.6802154390819278,False
501,missense,Sorbitol+IAA,0.0,-0.7906804907355147,False
501,missense,YPD,0.0,-11.544385061520973,False
501,missense,YPD+IAA,0.0,-2.426605220855408,False
501,synonymous,Actinomycin_D+IAA,0.0,-1.3954090894253115,False
501,synonymous,Cobalt_Chloride+IAA,0.0,-2.9353506685775583,False
501,synonymous,Galactose+IAA,0.0,-1.1583607057284167,False
501,synonymous,MMS+IAA,0.0,-0.2644943376152555,False
501,synonymous,Rapamycin+IAA,0.0,0.2037860146604073,False
501,synonymous,Sorbitol+IAA,0.0,-2.2992045978571145,False
501,synonymous,YPD,0.0,-11.820621442842635,False
501,synonymous,YPD+IAA,0.0,-4.612040206603067,False
502,missense,Actinomycin_D+IAA,0.0,-1.0369642106608215,False
502,missense,Cobalt_Chloride+IAA,0.0,-0.3459140111085575,False
502,missense,Galactose+IAA,0.0,-0.36652170455402344,False
502,missense,MMS+IAA,0.0,-0.8667458567278707,False
502,missense,Rapamycin+IAA,0.0,0.1551121193720705,False
502,missense,Sorbitol+IAA,0.0,-0.14010036471173523,False
502,missense,YPD,0.0,-10.718843096746529,False
502,missense,YPD+IAA,0.0,-4.327263481515302,False
502,synonymous,Actinomycin_D+IAA,0.0,-1.2023734351016226,False
502,synonymous,Cobalt_Chloride+IAA,0.0,-0.32156066945486594,False
502,synonymous,Galactose+IAA,0.0,-0.6341278799143103,False
502,synonymous,MMS+IAA,0.0,0.0541026913182072,False
502,synonymous,Rapamycin+IAA,0.0,-0.72029938773901,False
502,synonymous,Sorbitol+IAA,0.0,-0.17835662265323302,False
502,synonymous,YPD,0.0,-10.90832585411695,False
502,synonymous,YPD+IAA,0.0,-2.6962470015240583,False
503,missense,Actinomycin_D+IAA,0.0,-3.0336140440366606,False
503,missense,Cobalt_Chloride+IAA,0.0,-0.15079018911495629,False
503,missense,Galactose+IAA,0.0,-4.155608952407697,False
503,missense,MMS+IAA,0.0,-0.2026485286397222,False
503,missense,Rapamycin+IAA,0.0,-0.0068850096937677855,False
503,missense,Sorbitol+IAA,0.0,-1.9920991612895662,False
503,missense,YPD,0.0,-10.395330032386902,False
503,missense,YPD+IAA,0.0,-5.583309312635813,False
503,synonymous,Actinomycin_D+IAA,0.0,0.3635843866860983,False
503,synonymous,Cobalt_Chloride+IAA,0.0,-0.5588469229356966,False
503,synonymous,Galactose+IAA,0.0,-0.5485616411909494,False
503,synonymous,MMS+IAA,0.0,-0.18252810398985472,False
503,synonymous,Rapamycin+IAA,0.0,-0.6223336658342602,False
503,synonymous,Sorbitol+IAA,0.0,-0.04578759224264299,False
503,synonymous,YPD,0.0,-11.469488150793431,False
503,synonymous,YPD+IAA,0.0,-1.101146835891716,False
504,missense,Actinomycin_D+IAA,0.0,-0.5629260331320116,False
504,missense,Cobalt_Chloride+IAA,0.0,-0.34654771585499,False
504,missense,Galactose+IAA,0.0,-0.853352619132711,False
504,missense,MMS+IAA,0.0,-0.26835442722587377,False
504,missense,Rapamycin+IAA,0.0,-0.5244892204051749,False
504,missense,Sorbitol+IAA,0.0,-0.8265121039591368,False
504,missense,YPD,0.0,-11.232187609565985,False
504,missense,YPD+IAA,0.0,-2.21088871239311,False
504,synonymous,Actinomycin_D+IAA,0.0,-0.337508806424664,False
504,synonymous,Cobalt_Chloride+IAA,0.0,-0.05902370928002049,False
504,synonymous,Galactose+IAA,0.0,-0.08590237085442523,False
504,synonymous,MMS+IAA,0.0,0.2959387074745672,False
504,synonymous,Rapamycin+IAA,0.0,-0.07784398194687843,False
504,synonymous,Sorbitol+IAA,0.0,-0.03955491050575861,False
504,synonymous,YPD,0.0,-2.860077892002053,False
504,synonymous,YPD+IAA,0.0,-1.0764388721635303,False
505,missense,Actinomycin_D+IAA,0.0,0.20773904428413892,False
505,missense,Cobalt_Chloride+IAA,0.0,-0.14380758060327878,False
505,missense,Galactose+IAA,0.0,0.13178433208036078,False
505,missense,MMS+IAA,0.0,0.05652984201426542,False
505,missense,Rapamycin+IAA,0.0,0.012155054259087179,False
505,missense,Sorbitol+IAA,0.0,-0.022842945126957854,False
505,missense,YPD,0.0,-11.996724878151573,False
505,missense,YPD+IAA,0.0,-1.0461241821870522,False
505,synonymous,Actinomycin_D+IAA,0.0,-0.005881509132235421,False
505,synonymous,Cobalt_Chloride+IAA,0.0,-0.2422878891847283,False
505,synonymous,Galactose+IAA,0.0,-0.5031545506702865,False
505,synonymous,MMS+IAA,0.0,-0.048837095135441023,False
505,synonymous,Rapamycin+IAA,0.0,-0.19797588046288536,False
505,synonymous,Sorbitol+IAA,0.0,-0.8318934202662996,False
505,synonymous,YPD,0.0,-10.63614629179148,False
505,synonymous,YPD+IAA,0.0,-3.2171679761008924,False
506,missense,Actinomycin_D+IAA,0.0,-5.941378322309304,False
506,missense,Cobalt_Chloride+IAA,0.0,0.09520512432539938,False
506,missense,Galactose+IAA,0.0,-4.787152431574818,False
506,missense,MMS+IAA,0.0,-0.5703197199996481,False
506,missense,Rapamycin+IAA,0.0,-12.649584102092662,False
506,missense,Sorbitol+IAA,0.0,-5.671105298404713,False
506,missense,YPD,0.0,-14.216073123051043,True
506,missense,YPD+IAA,0.0,-1.2014410639832096,False
506,synonymous,Actinomycin_D+IAA,0.0,0.39224235938531277,False
506,synonymous,Cobalt_Chloride+IAA,0.0,-12.913414404871016,False
506,synonymous,Galactose+IAA,0.0,-0.26090603378511174,False
506,synonymous,MMS+IAA,0.0,0.6554730863888337,False
506,synonymous,Rapamycin+IAA,0.0,-1.1164539514101137,False
506,synonymous,Sorbitol+IAA,0.0,-0.8400516981226881,False
506,synonymous,YPD,0.0,-19.98220542395059,True
506,synonymous,YPD+IAA,0.0,-20.283259760673303,True
507,missense,Actinomycin_D+IAA,0.0,-0.21010716018710524,False
507,missense,Cobalt_Chloride+IAA,0.0,0.052248616167061154,False
507,missense,Galactose+IAA,0.0,-0.04673794782369424,False
507,missense,MMS+IAA,0.0,-0.20994816083425125,False
507,missense,Rapamycin+IAA,0.0,0.20995066803336557,False
507,missense,Sorbitol+IAA,0.0,0.0663677952419721,False
507,missense,YPD,0.0,-12.102067066211927,False
507,missense,YPD+IAA,0.0,-1.408000523867361,False
507,synonymous,Actinomycin_D+IAA,0.0,0.048567691969999834,False
507,synonymous,Cobalt_Chloride+IAA,0.0,0.38837188179278137,False
507,synonymous,Galactose+IAA,0.0,0.8302841340575887,False
507,synonymous,MMS+IAA,0.0,0.5873051571467226,False
507,synonymous,Rapamycin+IAA,0.0,-10.878737904422554,False
507,synonymous,Sorbitol+IAA,0.0,-1.0299830239038517,False
507,synonymous,YPD,0.0,-10.435431184125038,False
507,synonymous,YPD+IAA,0.0,-0.720860489710088,False
508,missense,Actinomycin_D+IAA,0.0,-6.584477407969722,False
508,missense,Cobalt_Chloride+IAA,0.0,0.5567316105519967,False
508,missense,Galactose+IAA,0.0,-6.227596184902967,False
508,missense,MMS+IAA,0.0,0.1069414060441072,False
508,missense,Rapamycin+IAA,0.0,-0.012199358466334591,False
508,missense,Sorbitol+IAA,0.0,-0.9962067943183356,False
508,missense,YPD,0.0,-11.202288391218232,False
508,missense,YPD+IAA,0.0,-1.6966391462614998,False
509,missense,Actinomycin_D+IAA,0.0,-2.5882844287972526,False
509,missense,Cobalt_Chloride+IAA,0.0,-0.7045527033852708,False
509,missense,Galactose+IAA,0.0,-1.611044629244528,False
509,missense,MMS+IAA,0.0,0.13926665234348656,False
509,missense,Rapamycin+IAA,0.0,-0.9692226630749436,False
509,missense,Sorbitol+IAA,0.0,-0.8273490258476437,False
509,missense,YPD,0.0,-10.59045631143279,False
509,missense,YPD+IAA,0.0,-1.3065589663799126,False
509,synonymous,Actinomycin_D+IAA,0.0,-0.34726077897565066,False
509,synonymous,Cobalt_Chloride+IAA,0.0,-0.2645193465546423,False
509,synonymous,Galactose+IAA,0.0,-1.0480707851915592,False
509,synonymous,MMS+IAA,0.0,-0.07491369862213666,False
509,synonymous,Rapamycin+IAA,0.0,0.14406900672149528,False
509,synonymous,Sorbitol+IAA,0.0,-1.2631721877727093,False
509,synonymous,YPD,0.0,-11.632759305203942,False
509,synonymous,YPD+IAA,0.0,-2.7741580937156813,False
510,missense,Actinomycin_D+IAA,0.0,0.004178054636002169,False
510,missense,Cobalt_Chloride+IAA,0.0,-0.0990419970631095,False
510,missense,Galactose+IAA,0.0,-1.2838361257592732,False
510,missense,MMS+IAA,0.0,0.1607893624102935,False
510,missense,Rapamycin+IAA,0.0,-0.15112441817179953,False
510,missense,Sorbitol+IAA,0.0,-0.975679959904372,False
510,missense,YPD,0.0,-11.148816598845592,False
510,missense,YPD+IAA,0.0,-1.0029499540163773,False
510,synonymous,Actinomycin_D+IAA,0.0,-0.04651333001246303,False
510,synonymous,Cobalt_Chloride+IAA,0.0,-0.4873384205636209,False
510,synonymous,Galactose+IAA,0.0,-0.2624923807623333,False
510,synonymous,MMS+IAA,0.0,0.2161812905146709,False
510,synonymous,Rapamycin+IAA,0.0,-0.2335061246511149,False
510,synonymous,Sorbitol+IAA,0.0,-0.17388853751301842,False
510,synonymous,YPD,0.0,-11.036348631422179,False
510,synonymous,YPD+IAA,0.0,-0.39288889999838555,False
511,missense,Actinomycin_D+IAA,0.0,-0.656866928058133,False
511,missense,Cobalt_Chloride+IAA,0.0,-0.048745760021985225,False
511,missense,Galactose+IAA,0.0,-0.4987513155821949,False
511,missense,MMS+IAA,0.0,-0.019809378943020654,False
511,missense,Rapamycin+IAA,0.0,-0.12432085650171937,False
511,missense,Sorbitol+IAA,0.0,-0.10154089855880957,False
511,missense,YPD,0.0,-11.05865140417601,False
511,missense,YPD+IAA,0.0,-3.5460862939481936,False
512,missense,Actinomycin_D+IAA,0.0,0.6935230935277855,False
512,missense,Cobalt_Chloride+IAA,0.0,-2.0069366479010435,False
512,missense,Galactose+IAA,0.0,-0.6833271116077875,False
512,missense,MMS+IAA,0.0,-0.79756400090155,False
512,missense,Rapamycin+IAA,0.0,-2.742454741117649,False
512,missense,Sorbitol+IAA,0.0,-0.2536504046379834,False
512,missense,YPD,0.0,-10.293735413538654,False
512,missense,YPD+IAA,0.0,-1.1173399989753188,False
513,missense,Actinomycin_D+IAA,0.0,-0.3508984202437601,False
513,missense,Cobalt_Chloride+IAA,0.0,0.026272861695932,False
513,missense,Galactose+IAA,0.0,-0.12490260210339722,False
513,missense,MMS+IAA,0.0,0.24064898848376506,False
513,missense,Rapamycin+IAA,0.0,0.08063712950536753,False
513,missense,Sorbitol+IAA,0.0,0.036137278467731244,False
513,missense,YPD,0.0,-11.511635229661335,False
513,missense,YPD+IAA,0.0,-1.0322380686027044,False
518,missense,Actinomycin_D+IAA,0.0,-0.22097796053303187,False
518,missense,Cobalt_Chloride+IAA,0.0,-0.37665219072748835,False
518,missense,Galactose+IAA,0.0,-0.17360390598113568,False
518,missense,MMS+IAA,0.0,0.009315374929939417,False
518,missense,Rapamycin+IAA,0.0,-0.6338891541117111,False
518,missense,Sorbitol+IAA,0.0,-0.23005796232290598,False
518,missense,YPD,0.0,-11.402528874801067,False
518,missense,YPD+IAA,0.0,-0.8511806771151086,False
520,missense,Actinomycin_D+IAA,0.0,-0.1669033086924169,False
520,missense,Cobalt_Chloride+IAA,0.0,-0.16777075577419454,False
520,missense,Galactose+IAA,0.0,-0.3121745698123873,False
520,missense,MMS+IAA,0.0,-0.06828200067492779,False
520,missense,Rapamycin+IAA,0.0,0.017746177484169238,False
520,missense,Sorbitol+IAA,0.0,-0.2432410278535188,False
520,missense,YPD,0.0,-11.53955519799529,False
520,missense,YPD+IAA,0.0,-0.8822252917412476,False
520,synonymous,Actinomycin_D+IAA,0.0,-0.08071119099676896,False
520,synonymous,Cobalt_Chloride+IAA,0.0,-0.45637840239759325,False
520,synonymous,Galactose+IAA,0.0,-0.18634609297571275,False
520,synonymous,MMS+IAA,0.0,-0.05151960064518512,False
520,synonymous,Rapamycin+IAA,0.0,-0.7334368484164434,False
520,synonymous,Sorbitol+IAA,0.0,0.2473177806881941,False
520,synonymous,YPD,0.0,-10.753031039900014,False
520,synonymous,YPD+IAA,0.0,-0.8674088638321399,False
521,missense,Actinomycin_D+IAA,0.0,0.16104047197728585,False
521,missense,Cobalt_Chloride+IAA,0.0,-0.9009018469571094,False
521,missense,Galactose+IAA,0.0,-1.0825593590445703,False
521,missense,MMS+IAA,0.0,0.13480955769523045,False
521,missense,Rapamycin+IAA,0.0,-0.9166707498493335,False
521,missense,Sorbitol+IAA,0.0,-0.6352621859022115,False
521,missense,YPD,0.0,-11.735424159515434,False
521,missense,YPD+IAA,0.0,-1.622540136918075,False
521,synonymous,Actinomycin_D+IAA,0.0,-0.12353930979797063,False
521,synonymous,Cobalt_Chloride+IAA,0.0,-0.06312718678362436,False
521,synonymous,Galactose+IAA,0.0,-0.24620578357287334,False
521,synonymous,MMS+IAA,0.0,-0.08350875248501825,False
521,synonymous,Rapamycin+IAA,0.0,0.2205568039237658,False
521,synonymous,Sorbitol+IAA,0.0,-0.06255871301650331,False
521,synonymous,YPD,0.0,-6.195125422490676,False
521,synonymous,YPD+IAA,0.0,-1.547254673029918,False
522,synonymous,Actinomycin_D+IAA,0.0,-0.021000787060346863,False
522,synonymous,Cobalt_Chloride+IAA,0.0,-0.14379394192422593,False
522,synonymous,Galactose+IAA,0.0,0.03181019138503671,False
522,synonymous,MMS+IAA,0.0,0.06526814081637,False
522,synonymous,Rapamycin+IAA,0.0,0.13584187730407393,False
522,synonymous,Sorbitol+IAA,0.0,-0.20172076799636443,False
522,synonymous,YPD,0.0,-11.620790602581309,False
522,synonymous,YPD+IAA,0.0,-0.9537363013830261,False
523,missense,Actinomycin_D+IAA,0.0,0.25052433456461687,False
523,missense,Cobalt_Chloride+IAA,0.0,-9.603124253405046,False
523,missense,Galactose+IAA,0.0,-21.339927320113183,True
523,missense,MMS+IAA,0.0,0.9282273099212043,False
523,missense,Rapamycin+IAA,0.0,-12.574183485060892,False
523,missense,Sorbitol+IAA,0.0,0.8532898457755949,False
523,missense,YPD,0.0,-10.463246374082715,False
523,missense,YPD+IAA,0.0,-10.380362131629779,False
523,synonymous,Actinomycin_D+IAA,0.0,-0.13681997718344058,False
523,synonymous,Cobalt_Chloride+IAA,0.0,0.40907279602618674,False
523,synonymous,Galactose+IAA,0.0,-0.13704265911879293,False
523,synonymous,MMS+IAA,0.0,-0.04785133986999126,False
523,synonymous,Rapamycin+IAA,0.0,-0.05101693746501581,False
523,synonymous,Sorbitol+IAA,0.0,-0.23239691191392758,False
523,synonymous,YPD,0.0,-11.40015945304802,False
523,synonymous,YPD+IAA,0.0,-1.3924099167546804,False
525,missense,Actinomycin_D+IAA,0.0,-0.17531723273859923,False
525,missense,Cobalt_Chloride+IAA,0.0,-0.5354395033737654,False
525,missense,Galactose+IAA,0.0,0.08750231667562776,False
525,missense,MMS+IAA,0.0,-0.3096343130901052,False
525,missense,Rapamycin+IAA,0.0,0.47033231851333684,False
525,missense,Sorbitol+IAA,0.0,-0.7852525431976892,False
525,missense,YPD,0.0,-11.276232623946209,False
525,missense,YPD+IAA,0.0,-0.3052017346173108,False
525,synonymous,Actinomycin_D+IAA,0.0,0.11879962641057754,False
525,synonymous,Cobalt_Chloride+IAA,0.0,-0.9017215981846617,False
525,synonymous,Galactose+IAA,0.0,-0.9922454824082853,False
525,synonymous,MMS+IAA,0.0,0.10999747654156536,False
525,synonymous,Rapamycin+IAA,0.0,0.42028255006601856,False
525,synonymous,Sorbitol+IAA,0.0,-1.3211638902641867,False
525,synonymous,YPD,0.0,-11.384777318179072,False
525,synonymous,YPD+IAA,0.0,-1.7615865374996729,False
526,missense,Actinomycin_D+IAA,0.0,-0.24050084962183493,False
526,missense,Cobalt_Chloride+IAA,0.0,0.3070704289106131,False
526,missense,Galactose+IAA,0.0,-0.15297199056053842,False
526,missense,MMS+IAA,0.0,0.04907875546381588,False
526,missense,Rapamycin+IAA,0.0,0.1876681141051159,False
526,missense,Sorbitol+IAA,0.0,0.21692932954548827,False
526,missense,YPD,0.0,-10.66457686621859,False
526,missense,YPD+IAA,0.0,-0.6579379122923642,False
527,missense,Actinomycin_D+IAA,0.0,0.37146089257741544,False
527,missense,Cobalt_Chloride+IAA,0.0,0.5209375082527068,False
527,missense,Galactose+IAA,0.0,0.328685346326457,False
527,missense,MMS+IAA,0.0,0.43505256103713746,False
527,missense,Rapamycin+IAA,0.0,0.8343566461218442,False
527,missense,Sorbitol+IAA,0.0,0.7481351884345505,False
527,missense,YPD,0.0,-10.318888192967957,False
527,missense,YPD+IAA,0.0,-1.8963011316404732,False
527,synonymous,Actinomycin_D+IAA,0.0,0.25484526605285057,False
527,synonymous,Cobalt_Chloride+IAA,0.0,0.1807461666611278,False
527,synonymous,Galactose+IAA,0.0,0.00659023390564865,False
527,synonymous,MMS+IAA,0.0,0.32702805874259605,False
527,synonymous,Rapamycin+IAA,0.0,0.2383675531831281,False
527,synonymous,Sorbitol+IAA,0.0,-0.23840994622518827,False
527,synonymous,YPD,0.0,-11.385795022287683,False
527,synonymous,YPD+IAA,0.0,-2.332441434351808,False
528,missense,Actinomycin_D+IAA,0.0,-10.405720572807432,False
528,missense,Cobalt_Chloride+IAA,0.0,-10.054322212142193,False
528,missense,Galactose+IAA,0.0,-11.604785925134152,False
528,missense,MMS+IAA,0.0,-0.872017055377131,False
528,missense,Rapamycin+IAA,0.0,1.0933432934595446,False
528,missense,Sorbitol+IAA,0.0,0.0006130161057382619,False
528,missense,YPD,0.0,-10.590042232218186,False
528,missense,YPD+IAA,0.0,-10.05131262536835,False
528,synonymous,Actinomycin_D+IAA,0.0,0.4471774196669217,False
528,synonymous,Cobalt_Chloride+IAA,0.0,-0.3779960750676727,False
528,synonymous,Galactose+IAA,0.0,-3.2707834516513468,False
528,synonymous,MMS+IAA,0.0,0.24364605329450842,False
528,synonymous,Rapamycin+IAA,0.0,-0.22551315734452393,False
528,synonymous,Sorbitol+IAA,0.0,-0.2748342782768017,False
528,synonymous,YPD,0.0,-11.159361914129418,False
528,synonymous,YPD+IAA,0.0,-1.003365850456699,False
529,missense,Actinomycin_D+IAA,0.0,-0.3204571367578219,False
529,missense,Cobalt_Chloride+IAA,0.0,-0.16638180730032168,False
529,missense,Galactose+IAA,0.0,-0.4820918826666076,False
529,missense,MMS+IAA,0.0,0.01994437134244449,False
529,missense,Rapamycin+IAA,0.0,0.38508879300320326,False
529,missense,Sorbitol+IAA,0.0,0.21690064499887,False
529,missense,YPD,0.0,-11.615845269650146,False
529,missense,YPD+IAA,0.0,-1.2775602768990268,False
529,synonymous,Actinomycin_D+IAA,0.0,-1.0794616553400205,False
529,synonymous,Cobalt_Chloride+IAA,0.0,-0.21261290907039077,False
529,synonymous,Galactose+IAA,0.0,0.009277140615831115,False
529,synonymous,MMS+IAA,0.0,0.1759236138258422,False
529,synonymous,Rapamycin+IAA,0.0,-0.1884825954523566,False
529,synonymous,Sorbitol+IAA,0.0,0.21624645338308918,False
529,synonymous,YPD,0.0,-11.029082681745049,False
529,synonymous,YPD+IAA,0.0,-2.6911507261187353,False
530,missense,Actinomycin_D+IAA,0.0,-0.940121324265109,False
530,missense,Cobalt_Chloride+IAA,0.0,-1.8661890241612438,False
530,missense,Galactose+IAA,0.0,-0.1190567965337973,False
530,missense,MMS+IAA,0.0,0.055044835494452424,False
530,missense,Rapamycin+IAA,0.0,-0.8335965902180851,False
530,missense,Sorbitol+IAA,0.0,-0.5212360421651238,False
530,missense,YPD,0.0,-11.519673258397438,False
530,missense,YPD+IAA,0.0,-1.8882186131305565,False
530,synonymous,Actinomycin_D+IAA,0.0,-0.7879238731718661,False
530,synonymous,Cobalt_Chloride+IAA,0.0,-1.784895513452679,False
530,synonymous,Galactose+IAA,0.0,-1.376408683364541,False
530,synonymous,MMS+IAA,0.0,-0.4263590176946659,False
530,synonymous,Rapamycin+IAA,0.0,-0.8981473882338508,False
530,synonymous,Sorbitol+IAA,0.0,0.16201684500526345,False
530,synonymous,YPD,0.0,-11.297152741328516,False
530,synonymous,YPD+IAA,0.0,-2.185312179215489,False
531,missense,Actinomycin_D+IAA,0.0,-0.03755477978424592,False
531,missense,Cobalt_Chloride+IAA,0.0,-0.35892570095817855,False
531,missense,Galactose+IAA,0.0,-0.6557893868268265,False
531,missense,MMS+IAA,0.0,-0.3082872902319799,False
531,missense,Rapamycin+IAA,0.0,-0.40255822518135265,False
531,missense,Sorbitol+IAA,0.0,-0.006032830350049868,False
531,missense,YPD,0.0,-9.281978070433572,False
531,missense,YPD+IAA,0.0,-1.1028170455369766,False
531,synonymous,Actinomycin_D+IAA,0.0,0.44803660765922604,False
531,synonymous,Cobalt_Chloride+IAA,0.0,-3.3308451935034333,False
531,synonymous,Galactose+IAA,0.0,-3.927990357482736,False
531,synonymous,MMS+IAA,0.0,0.263528004817484,False
531,synonymous,Rapamycin+IAA,0.0,-0.14584899852856809,False
531,synonymous,Sorbitol+IAA,0.0,1.2866215549560274,False
531,synonymous,YPD,0.0,-10.629058748896867,False
531,synonymous,YPD+IAA,0.0,-10.019343174127613,False
541,synonymous,Actinomycin_D+IAA,0.0,-0.6977584811366481,False
541,synonymous,Cobalt_Chloride+IAA,0.0,0.3835348090380667,False
541,synonymous,Galactose+IAA,0.0,0.13619954027315243,False
541,synonymous,MMS+IAA,0.0,-0.10641894277479882,False
541,synonymous,Rapamycin+IAA,0.0,-0.5728071094991124,False
541,synonymous,Sorbitol+IAA,0.0,0.2811344425938869,False
541,synonymous,YPD,0.0,-11.298158306962184,False
541,synonymous,YPD+IAA,0.0,-1.0765804778065164,False
542,synonymous,Actinomycin_D+IAA,0.0,0.294765292934756,False
542,synonymous,Cobalt_Chloride+IAA,0.0,-0.8707564315419385,False
542,synonymous,Galactose+IAA,0.0,-2.057624327359463,False
542,synonymous,MMS+IAA,0.0,0.1578408550182755,False
542,synonymous,Rapamycin+IAA,0.0,-0.9906833449580181,False
542,synonymous,Sorbitol+IAA,0.0,0.19585102566023296,False
542,synonymous,YPD,0.0,-21.138322124201487,True
542,synonymous,YPD+IAA,0.0,-2.0170294088004725,False
543,missense,Actinomycin_D+IAA,0.0,0.0408990874203657,False
543,missense,Cobalt_Chloride+IAA,0.0,-2.465286837265741,False
543,missense,Galactose+IAA,0.0,0.44235525016509597,False
543,missense,MMS+IAA,0.0,-0.4490696959981136,False
543,missense,Rapamycin+IAA,0.0,0.14723716010206014,False
543,missense,Sorbitol+IAA,0.0,-0.2025231258310223,False
543,missense,YPD,0.0,-9.588154400405498,False
543,missense,YPD+IAA,0.0,-0.021152785828933783,False
543,synonymous,Actinomycin_D+IAA,0.0,-0.2962840261313108,False
543,synonymous,Cobalt_Chloride+IAA,0.0,0.18767558173614524,False
543,synonymous,Galactose+IAA,0.0,-1.3553990056686065,False
543,synonymous,MMS+IAA,0.0,0.011138846318353296,False
543,synonymous,Rapamycin+IAA,0.0,0.5673709236533869,False
543,synonymous,Sorbitol+IAA,0.0,-0.4591366649636169,False
543,synonymous,YPD,0.0,-10.869763833213257,False
543,synonymous,YPD+IAA,0.0,-1.1964378304766699,False
544,missense,Actinomycin_D+IAA,0.0,-5.723088499720616,False
544,missense,Cobalt_Chloride+IAA,0.0,-1.1252685651379328,False
544,missense,Galactose+IAA,0.0,-5.164505766211724,False
544,missense,MMS+IAA,0.0,-5.118442984527786,False
544,missense,Rapamycin+IAA,0.0,-0.663578142515934,False
544,missense,Sorbitol+IAA,0.0,-4.707397961492906,False
544,missense,YPD,0.0,-11.09836870525846,False
544,missense,YPD+IAA,0.0,-11.310493652494543,False
545,missense,Actinomycin_D+IAA,0.0,-0.008077019222440578,False
545,missense,Cobalt_Chloride+IAA,0.0,-0.04209996975295777,False
545,missense,Galactose+IAA,0.0,-0.0310640381272483,False
545,missense,MMS+IAA,0.0,0.027669873180666854,False
545,missense,Rapamycin+IAA,0.0,-0.09594200404837622,False
545,missense,Sorbitol+IAA,0.0,-0.39063729703757555,False
545,missense,YPD,0.0,-11.163081143643712,False
545,missense,YPD+IAA,0.0,-1.5653692920777544,False
545,synonymous,Actinomycin_D+IAA,0.0,-0.686042345743619,False
545,synonymous,Cobalt_Chloride+IAA,0.0,-2.98364426709688,False
545,synonymous,Galactose+IAA,0.0,-0.33664833847432696,False
545,synonymous,MMS+IAA,0.0,0.2850378679191353,False
545,synonymous,Rapamycin+IAA,0.0,-4.643465962114994,False
545,synonymous,Sorbitol+IAA,0.0,-2.2849535827973333,False
545,synonymous,YPD,0.0,-10.027746294954277,False
545,synonymous,YPD+IAA,0.0,-1.6773072459403668,False
546,missense,Actinomycin_D+IAA,0.0,-1.493636387573924,False
546,missense,Cobalt_Chloride+IAA,0.0,-1.5683655607596632,False
546,missense,Galactose+IAA,0.0,-1.4163039612185269,False
546,missense,MMS+IAA,0.0,-0.14765264373948853,False
546,missense,Rapamycin+IAA,0.0,0.05371164489460027,False
546,missense,Sorbitol+IAA,0.0,-0.36089075326759806,False
546,missense,YPD,0.0,-1.5323433458697273,False
546,missense,YPD+IAA,0.0,-2.1508646292515294,False
546,synonymous,Actinomycin_D+IAA,0.0,-1.660483424438239,False
546,synonymous,Cobalt_Chloride+IAA,0.0,0.27592839474899045,False
546,synonymous,Galactose+IAA,0.0,-1.277249854724064,False
546,synonymous,MMS+IAA,0.0,-0.06114784431097873,False
546,synonymous,Rapamycin+IAA,0.0,0.00991850369633322,False
546,synonymous,Sorbitol+IAA,0.0,-0.07526610208540077,False
546,synonymous,YPD,0.0,-11.43916966213434,False
546,synonymous,YPD+IAA,0.0,-1.9044804165400304,False
550,missense,Actinomycin_D+IAA,0.0,0.2523463574097284,False
550,missense,Cobalt_Chloride+IAA,0.0,-0.5432910537612883,False
550,missense,Galactose+IAA,0.0,-0.23047126791741676,False
550,missense,MMS+IAA,0.0,-0.2783745404879576,False
550,missense,Rapamycin+IAA,0.0,0.12744937688396868,False
550,missense,Sorbitol+IAA,0.0,-0.15642400282113136,False
550,missense,YPD,0.0,-11.79585515445073,False
550,missense,YPD+IAA,0.0,-1.0926594167709942,False
552,missense,Actinomycin_D+IAA,0.0,0.43896272073237047,False
552,missense,Cobalt_Chloride+IAA,0.0,-0.9700683746672066,False
552,missense,Galactose+IAA,0.0,-0.49774816346824363,False
552,missense,MMS+IAA,0.0,0.2579759884623206,False
552,missense,Rapamycin+IAA,0.0,0.07471609670553686,False
552,missense,Sorbitol+IAA,0.0,-0.2681002159611006,False
552,missense,YPD,0.0,-11.07348197780755,False
552,missense,YPD+IAA,0.0,-1.546107422170227,False
552,synonymous,Actinomycin_D+IAA,0.0,0.04080960910363231,False
552,synonymous,Cobalt_Chloride+IAA,0.0,-0.8447886422024109,False
552,synonymous,Galactose+IAA,0.0,-1.5623283585768935,False
552,synonymous,MMS+IAA,0.0,-0.1619520828853094,False
552,synonymous,Rapamycin+IAA,0.0,-0.7913286799842464,False
552,synonymous,Sorbitol+IAA,0.0,-1.5262379031370337,False
552,synonymous,YPD,0.0,-11.178343866727099,False
552,synonymous,YPD+IAA,0.0,-2.455039847167819,False
553,missense,Actinomycin_D+IAA,0.0,0.10921079382903873,False
553,missense,Cobalt_Chloride+IAA,0.0,0.015052596449276059,False
553,missense,Galactose+IAA,0.0,-0.6695281859805584,False
553,missense,MMS+IAA,0.0,-0.3326653322121991,False
553,missense,Rapamycin+IAA,0.0,-2.0006027921051324,False
553,missense,Sorbitol+IAA,0.0,-0.41330128938251676,False
553,missense,YPD,0.0,-11.456119028759023,False
553,missense,YPD+IAA,0.0,-2.0328640396572353,False
553,synonymous,Actinomycin_D+IAA,0.0,-0.23312689102537723,False
553,synonymous,Cobalt_Chloride+IAA,0.0,-0.30504936624897694,False
553,synonymous,Galactose+IAA,0.0,-0.6315225584012591,False
553,synonymous,MMS+IAA,0.0,-0.14671883168702216,False
553,synonymous,Rapamycin+IAA,0.0,0.01795145787890988,False
553,synonymous,Sorbitol+IAA,0.0,-0.39620870140464437,False
553,synonymous,YPD,0.0,-11.531346084618896,False
553,synonymous,YPD+IAA,0.0,-2.067386499538134,False
554,missense,Actinomycin_D+IAA,0.0,-0.21646150006567988,False
554,missense,Cobalt_Chloride+IAA,0.0,0.15814051674154606,False
554,missense,Galactose+IAA,0.0,-0.04257095146093311,False
554,missense,MMS+IAA,0.0,0.08917370417139753,False
554,missense,Rapamycin+IAA,0.0,0.24473587403531688,False
554,missense,Sorbitol+IAA,0.0,0.0035242730945198313,False
554,missense,YPD,0.0,-11.72448875169056,False
554,missense,YPD+IAA,0.0,-1.4302534699839025,False
554,synonymous,Actinomycin_D+IAA,0.0,-0.19215599863896243,False
554,synonymous,Cobalt_Chloride+IAA,0.0,-0.021161772961975005,False
554,synonymous,Galactose+IAA,0.0,-0.45070446507679424,False
554,synonymous,MMS+IAA,0.0,-0.019953688392246823,False
554,synonymous,Rapamycin+IAA,0.0,0.2524636045119819,False
554,synonymous,Sorbitol+IAA,0.0,-0.383848155336986,False
554,synonymous,YPD,0.0,-11.454039799703134,False
554,synonymous,YPD+IAA,0.0,-0.9686109950608037,False
555,missense,Actinomycin_D+IAA,0.0,-1.6468637092571894,False
555,missense,Cobalt_Chloride+IAA,0.0,-0.8534183568028764,False
555,missense,Galactose+IAA,0.0,-1.176124281119334,False
555,missense,MMS+IAA,0.0,0.1300762759359068,False
555,missense,Rapamycin+IAA,0.0,0.2993327597263656,False
555,missense,Sorbitol+IAA,0.0,0.00868854377251407,False
555,missense,YPD,0.0,-6.625298192910137,False
555,missense,YPD+IAA,0.0,-2.317604378032749,False
555,synonymous,Actinomycin_D+IAA,0.0,-0.05776015178853362,False
555,synonymous,Cobalt_Chloride+IAA,0.0,0.01656289605863668,False
555,synonymous,Galactose+IAA,0.0,-0.24830759447895692,False
555,synonymous,MMS+IAA,0.0,0.04078934649200104,False
555,synonymous,Rapamycin+IAA,0.0,-0.0835233393609707,False
555,synonymous,Sorbitol+IAA,0.0,-0.1633217557780153,False
555,synonymous,YPD,0.0,-4.105488830553127,False
555,synonymous,YPD+IAA,0.0,-1.3544402492924705,False
556,missense,Actinomycin_D+IAA,0.0,-0.22631911475015537,False
556,missense,Cobalt_Chloride+IAA,0.0,-0.869920846558908,False
556,missense,Galactose+IAA,0.0,-0.28423676503922773,False
556,missense,MMS+IAA,0.0,-0.2510512656179394,False
556,missense,Rapamycin+IAA,0.0,-0.8272539744427172,False
556,missense,Sorbitol+IAA,0.0,-0.17858032716687453,False
556,missense,YPD,0.0,-10.728602983161371,False
556,missense,YPD+IAA,0.0,-2.1513780947894614,False
557,missense,Actinomycin_D+IAA,0.0,-0.4714154827556979,False
557,missense,Cobalt_Chloride+IAA,0.0,-0.6243065847770027,False
557,missense,Galactose+IAA,0.0,-0.7450086610007517,False
557,missense,MMS+IAA,0.0,-0.9958613094776119,False
557,missense,Rapamycin+IAA,0.0,0.11054264755368737,False
557,missense,Sorbitol+IAA,0.0,-1.1118139349699117,False
557,missense,YPD,0.0,-11.004490782153598,False
557,missense,YPD+IAA,0.0,-1.0790940924687569,False
557,synonymous,Actinomycin_D+IAA,0.0,-0.011469931320509937,False
557,synonymous,Cobalt_Chloride+IAA,0.0,-1.8514428418325533,False
557,synonymous,Galactose+IAA,0.0,-0.48433271806673217,False
557,synonymous,MMS+IAA,0.0,0.08836746602832869,False
557,synonymous,Rapamycin+IAA,0.0,-0.21391499405155934,False
557,synonymous,Sorbitol+IAA,0.0,-0.16093263938503463,False
557,synonymous,YPD,0.0,-11.210803942265427,False
557,synonymous,YPD+IAA,0.0,-2.2378580013990637,False
558,missense,Actinomycin_D+IAA,0.0,-1.344048901329668,False
558,missense,Cobalt_Chloride+IAA,0.0,-0.8999390870449957,False
558,missense,Galactose+IAA,0.0,-2.082712408520766,False
558,missense,MMS+IAA,0.0,-0.8019882841349576,False
558,missense,Rapamycin+IAA,0.0,-3.985985133458658,False
558,missense,Sorbitol+IAA,0.0,-1.2635009507921526,False
558,missense,YPD,0.0,-11.011999651274074,False
558,missense,YPD+IAA,0.0,-4.280585341090287,False
558,synonymous,Actinomycin_D+IAA,0.0,-0.3635598552813412,False
558,synonymous,Cobalt_Chloride+IAA,0.0,-0.0827041866173676,False
558,synonymous,Galactose+IAA,0.0,-0.27956784843044963,False
558,synonymous,MMS+IAA,0.0,-0.9811657376973909,False
558,synonymous,Rapamycin+IAA,0.0,-0.27649822765055365,False
558,synonymous,Sorbitol+IAA,0.0,0.11966747669262487,False
558,synonymous,YPD,0.0,-11.97177574403814,False
558,synonymous,YPD+IAA,0.0,-2.5354993302978635,False
559,missense,Actinomycin_D+IAA,0.0,-0.9168836643716587,False
559,missense,Cobalt_Chloride+IAA,0.0,-0.5574500335837507,False
559,missense,Galactose+IAA,0.0,0.04070604018263039,False
559,missense,MMS+IAA,0.0,-1.5395635575934916,False
559,missense,Rapamycin+IAA,0.0,0.12084553321075597,False
559,missense,Sorbitol+IAA,0.0,-0.5998787492104662,False
559,missense,YPD,0.0,-6.899172744027681,False
559,missense,YPD+IAA,0.0,-5.488651837412144,False
559,synonymous,Actinomycin_D+IAA,0.0,0.001381008337540833,False
559,synonymous,Cobalt_Chloride+IAA,0.0,-0.35769642123361933,False
559,synonymous,Galactose+IAA,0.0,-0.08871861299191035,False
559,synonymous,MMS+IAA,0.0,-0.1878337015003549,False
559,synonymous,Rapamycin+IAA,0.0,-1.469683408033322,False
559,synonymous,Sorbitol+IAA,0.0,-0.5311344863599475,False
559,synonymous,YPD,0.0,-11.778921841292284,False
559,synonymous,YPD+IAA,0.0,-2.6812200552731738,False
560,missense,Actinomycin_D+IAA,0.0,0.23381782233888235,False
560,missense,Cobalt_Chloride+IAA,0.0,-2.618198480080015,False
560,missense,Galactose+IAA,0.0,-3.381973657927699,False
560,missense,MMS+IAA,0.0,0.12278171112453266,False
560,missense,Rapamycin+IAA,0.0,-0.004457167369843727,False
560,missense,Sorbitol+IAA,0.0,-5.581700508274082,False
560,missense,YPD,0.0,-11.512349556167752,False
560,missense,YPD+IAA,0.0,-6.755543904743663,False
560,synonymous,Actinomycin_D+IAA,0.0,-0.7380907921809038,False
560,synonymous,Cobalt_Chloride+IAA,0.0,-0.055602066342446174,False
560,synonymous,Galactose+IAA,0.0,0.05240501599301156,False
560,synonymous,MMS+IAA,0.0,-0.14922476584074565,False
560,synonymous,Rapamycin+IAA,0.0,0.024522453148687083,False
560,synonymous,Sorbitol+IAA,0.0,-0.17882007514447992,False
560,synonymous,YPD,0.0,-9.620008195808596,False
560,synonymous,YPD+IAA,0.0,-2.0600363063532394,False
561,missense,Actinomycin_D+IAA,0.0,-0.020295703972579942,False
561,missense,Cobalt_Chloride+IAA,0.0,-1.4999392552982378,False
561,missense,Galactose+IAA,0.0,-1.4979547987390263,False
561,missense,MMS+IAA,0.0,-1.055769548947867,False
561,missense,Rapamycin+IAA,0.0,-3.106032404617892,False
561,missense,Sorbitol+IAA,0.0,-0.8873057309544059,False
561,missense,YPD,0.0,-10.147641432665525,False
561,missense,YPD+IAA,0.0,-2.879060891225947,False
561,synonymous,Actinomycin_D+IAA,0.0,0.25298133556063807,False
561,synonymous,Cobalt_Chloride+IAA,0.0,-0.9744317289158566,False
561,synonymous,Galactose+IAA,0.0,-0.0631987972715825,False
561,synonymous,MMS+IAA,0.0,0.024788123825652465,False
561,synonymous,Rapamycin+IAA,0.0,-0.6156029633880722,False
561,synonymous,Sorbitol+IAA,0.0,-0.10776763602455047,False
561,synonymous,YPD,0.0,-11.688553404476172,False
561,synonymous,YPD+IAA,0.0,-1.688948869123656,False
562,missense,Actinomycin_D+IAA,0.0,-0.27337030859748046,False
562,missense,Cobalt_Chloride+IAA,0.0,-2.2295293683845703,False
562,missense,Galactose+IAA,0.0,-0.911496719442375,False
562,missense,MMS+IAA,0.0,-0.9498647076647226,False
562,missense,Rapamycin+IAA,0.0,-11.507183541493381,False
562,missense,Sorbitol+IAA,0.0,-6.555110449721262,False
562,missense,YPD,0.0,-10.306507965057252,False
562,missense,YPD+IAA,0.0,-5.65489309349722,False
562,synonymous,Actinomycin_D+IAA,0.0,0.1890982288785078,False
562,synonymous,Cobalt_Chloride+IAA,0.0,-0.2283357373414931,False
562,synonymous,Galactose+IAA,0.0,-0.7384574938680694,False
562,synonymous,MMS+IAA,0.0,0.05870764165889817,False
562,synonymous,Rapamycin+IAA,0.0,-0.8599266122729002,False
562,synonymous,Sorbitol+IAA,0.0,0.17334223707411706,False
562,synonymous,YPD,0.0,-11.548964337092256,False
562,synonymous,YPD+IAA,0.0,-1.1208252559666112,False
563,missense,Actinomycin_D+IAA,0.0,-0.15744785102649275,False
563,missense,Cobalt_Chloride+IAA,0.0,-0.07851692164185031,False
563,missense,Galactose+IAA,0.0,-0.214280780615814,False
563,missense,MMS+IAA,0.0,0.008770085110881629,False
563,missense,Rapamycin+IAA,0.0,0.0968788800444562,False
563,missense,Sorbitol+IAA,0.0,-0.38190717677480085,False
563,missense,YPD,0.0,-10.920948413981932,False
563,missense,YPD+IAA,0.0,0.15258232693577234,False
563,synonymous,Actinomycin_D+IAA,0.0,-0.04846863561845398,False
563,synonymous,Cobalt_Chloride+IAA,0.0,-1.720875005537467,False
563,synonymous,Galactose+IAA,0.0,0.5168235007831992,False
563,synonymous,MMS+IAA,0.0,0.5742149559585146,False
563,synonymous,Rapamycin+IAA,0.0,-0.08147207972506824,False
563,synonymous,Sorbitol+IAA,0.0,0.29408353311716107,False
563,synonymous,YPD,0.0,-10.334929991370176,False
563,synonymous,YPD+IAA,0.0,0.13875091601233697,False
564,missense,Actinomycin_D+IAA,0.0,-1.7284663650996688,False
564,missense,Cobalt_Chloride+IAA,0.0,-0.32817102276082183,False
564,missense,Galactose+IAA,0.0,-0.49891751152260283,False
564,missense,MMS+IAA,0.0,0.16826061425117578,False
564,missense,Rapamycin+IAA,0.0,-0.9872523198487803,False
564,missense,Sorbitol+IAA,0.0,-0.8247491803290795,False
564,missense,YPD,0.0,-10.774569902767794,False
564,missense,YPD+IAA,0.0,-0.7666799096426365,False
565,missense,Actinomycin_D+IAA,0.0,-0.9221347129002196,False
565,missense,Cobalt_Chloride+IAA,0.0,-0.30292992810265446,False
565,missense,Galactose+IAA,0.0,-0.9712265636909309,False
565,missense,MMS+IAA,0.0,-3.16369742230109,False
565,missense,Rapamycin+IAA,0.0,-2.021030367248935,False
565,missense,Sorbitol+IAA,0.0,-0.5575262004859746,False
565,missense,YPD,0.0,-12.266606878798738,False
565,missense,YPD+IAA,0.0,-10.979051317237944,False
565,synonymous,Actinomycin_D+IAA,0.0,0.10690586171107529,False
565,synonymous,Cobalt_Chloride+IAA,0.0,0.08999434721277941,False
565,synonymous,Galactose+IAA,0.0,-0.33644842876990594,False
565,synonymous,MMS+IAA,0.0,0.16243802329135962,False
565,synonymous,Rapamycin+IAA,0.0,-0.23775155853836863,False
565,synonymous,Sorbitol+IAA,0.0,-0.7529084264580514,False
565,synonymous,YPD,0.0,-11.57296516953055,False
565,synonymous,YPD+IAA,0.0,-1.1450668118904266,False
566,missense,Actinomycin_D+IAA,0.0,-34.778009013087,True
566,missense,Cobalt_Chloride+IAA,0.0,-34.778009013087,True
566,missense,Galactose+IAA,0.0,-24.656718408207222,True
566,missense,MMS+IAA,0.0,-25.077969559212047,True
566,missense,Rapamycin+IAA,0.0,-34.778009013087,True
566,missense,Sorbitol+IAA,0.0,-4.647717429503301,False
566,missense,YPD,0.0,-11.321629762504651,False
566,missense,YPD+IAA,0.0,-34.778009013087,True
566,synonymous,Actinomycin_D+IAA,0.0,-2.1563289574748024,False
566,synonymous,Cobalt_Chloride+IAA,0.0,0.005490601671726837,False
566,synonymous,Galactose+IAA,0.0,-0.12469261068198262,False
566,synonymous,MMS+IAA,0.0,0.009449126475376414,False
566,synonymous,Rapamycin+IAA,0.0,-0.7146670507812826,False
566,synonymous,Sorbitol+IAA,0.0,-0.2229509484355442,False
566,synonymous,YPD,0.0,-11.290040832455011,False
566,synonymous,YPD+IAA,0.0,-2.7866634301586966,False
567,missense,Actinomycin_D+IAA,0.0,0.16752311277977008,False
567,missense,Cobalt_Chloride+IAA,0.0,-0.4386305394723932,False
567,missense,Galactose+IAA,0.0,-0.25016247365254934,False
567,missense,MMS+IAA,0.0,0.11934246431813668,False
567,missense,Rapamycin+IAA,0.0,-0.5389186097058033,False
567,missense,Sorbitol+IAA,0.0,-0.308203301122819,False
567,missense,YPD,0.0,-11.411198881301994,False
567,missense,YPD+IAA,0.0,-0.9352473490964148,False
567,synonymous,Actinomycin_D+IAA,0.0,-6.455252354829955,False
567,synonymous,Cobalt_Chloride+IAA,0.0,-6.04186858282521,False
567,synonymous,Galactose+IAA,0.0,-6.537148344300702,False
567,synonymous,MMS+IAA,0.0,-7.0816367421069115,False
567,synonymous,Rapamycin+IAA,0.0,-6.4945800233567095,False
567,synonymous,Sorbitol+IAA,0.0,-7.162021537091314,False
567,synonymous,YPD,0.0,-10.687237309045253,False
567,synonymous,YPD+IAA,0.0,-7.3386010503549555,False
568,missense,Actinomycin_D+IAA,0.0,-0.04075394876858204,False
568,missense,Cobalt_Chloride+IAA,0.0,0.1154347648753995,False
568,missense,Galactose+IAA,0.0,-0.21133419573606071,False
568,missense,MMS+IAA,0.0,-0.11312073933348135,False
568,missense,Rapamycin+IAA,0.0,0.049733725836082446,False
568,missense,Sorbitol+IAA,0.0,0.018900423627183034,False
568,missense,YPD,0.0,-11.297969780820079,False
568,missense,YPD+IAA,0.0,-1.640696393648666,False
569,missense,Actinomycin_D+IAA,0.0,-9.426603130663176,False
569,missense,Cobalt_Chloride+IAA,0.0,-20.67880219289865,True
569,missense,Galactose+IAA,0.0,-9.683449588444583,False
569,missense,MMS+IAA,0.0,-9.888155334208381,False
569,missense,Rapamycin+IAA,0.0,-1.9444723384169083,False
569,missense,Sorbitol+IAA,0.0,-0.12188309745514173,False
569,missense,YPD,0.0,-9.81498611322599,False
569,missense,YPD+IAA,0.0,-20.491904439737212,True
569,synonymous,Actinomycin_D+IAA,0.0,0.22557704069872814,False
569,synonymous,Cobalt_Chloride+IAA,0.0,-0.23683261140473663,False
569,synonymous,Galactose+IAA,0.0,-0.3305636985223676,False
569,synonymous,MMS+IAA,0.0,-0.12065591721498196,False
569,synonymous,Rapamycin+IAA,0.0,-0.8272423097122014,False
569,synonymous,Sorbitol+IAA,0.0,0.36557810218582365,False
569,synonymous,YPD,0.0,-10.880945311417163,False
569,synonymous,YPD+IAA,0.0,-1.1305802458111378,False
572,synonymous,Actinomycin_D+IAA,0.0,-0.7538456650069063,False
572,synonymous,Cobalt_Chloride+IAA,0.0,-13.439640802319847,True
572,synonymous,Galactose+IAA,0.0,-0.19095809898484406,False
572,synonymous,MMS+IAA,0.0,-0.0478079598759628,False
572,synonymous,Rapamycin+IAA,0.0,-0.1579541998475487,False
572,synonymous,Sorbitol+IAA,0.0,-0.675091573696944,False
572,synonymous,YPD,0.0,-10.889449896146807,False
572,synonymous,YPD+IAA,0.0,-2.235280068141298,False
575,missense,Actinomycin_D+IAA,0.0,-11.110582534509188,False
575,missense,Cobalt_Chloride+IAA,0.0,0.3163736771327323,False
575,missense,Galactose+IAA,0.0,-10.735366391528721,False
575,missense,MMS+IAA,0.0,-0.5471961638208815,False
575,missense,Rapamycin+IAA,0.0,-0.5761296682713094,False
575,missense,Sorbitol+IAA,0.0,-0.29090756386142513,False
575,missense,YPD,0.0,-20.24545495645505,True
575,missense,YPD+IAA,0.0,-1.7660403680157215,False
575,synonymous,Actinomycin_D+IAA,0.0,-1.9493337527708365,False
575,synonymous,Cobalt_Chloride+IAA,0.0,-0.1329985739453253,False
575,synonymous,Galactose+IAA,0.0,1.0816856822199188,False
575,synonymous,MMS+IAA,0.0,-0.4492575328104846,False
575,synonymous,Rapamycin+IAA,0.0,0.362159001160094,False
575,synonymous,Sorbitol+IAA,0.0,-10.730690345475168,False
575,synonymous,YPD,0.0,-10.690372960501048,False
575,synonymous,YPD+IAA,0.0,-1.2802780546236054,False
