amino_acid_position,mutation_type,treatment,slope,median_slope,slope_adj,hit,n_barcodes,n_support,n_agree,pct_support,pct_agree
566,missense,HIT,,,,True,,,,,
85,missense,HIT,,,,True,,,,,
89,synonymous,HIT,,,,True,,,,,
1,PTC,HIT,,,,True,,,,,
131,missense,HIT,,,,True,,,,,
200,PTC,HIT,,,,True,,,,,
300,PTC,HIT,,,,True,,,,,
339,missense,HIT,,,,True,,,,,
340,missense,HIT,,,,True,,,,,
342,missense,HIT,,,,True,,,,,
45,missense,HIT,,,,True,,,,,
403,missense,HIT,,,,True,,,,,
406,missense,HIT,,,,True,,,,,
72,missense,HIT,,,,True,,,,,
409,missense,HIT,,,,True,,,,,
445,missense,HIT,,,,True,,,,,
460,missense,HIT,,,,True,,,,,
444,missense,HIT,,,,True,,,,,
428,missense,HIT,,,,True,,,,,
430,missense,HIT,,,,True,,,,,
421,missense,HIT,,,,True,,,,,
224,synonymous,YPD+IAA,-0.04148326925027629,-0.08793141424017752,0.04644814498990123,False,3.0,0.0,0.0,0.0,0.0
227,missense,YPD+IAA,-0.12514925224180015,-0.08793141424017752,-0.037217838001622636,False,5.0,1.0,3.0,0.2,0.6
440,synonymous,YPD+IAA,-0.043121272272772536,-0.08793141424017752,0.04481014196740498,False,2.0,0.0,1.0,0.0,0.5
228,missense,YPD+IAA,-0.04317426858579066,-0.08793141424017752,0.044757145654386855,False,4.0,0.0,1.0,0.0,0.25
440,missense,YPD+IAA,-0.006910424617150046,-0.08793141424017752,0.08102098962302746,False,1.0,0.0,0.0,0.0,0.0
439,missense,YPD+IAA,-0.38787642061609773,-0.08793141424017752,-0.2999450063759202,False,3.0,1.0,2.0,0.3333333333333333,0.6666666666666666
224,missense,YPD+IAA,-0.01228858667214613,-0.08793141424017752,0.07564282756803138,False,1.0,0.0,0.0,0.0,0.0
228,synonymous,YPD+IAA,-0.11820930532106445,-0.08793141424017752,-0.030277891080886937,False,7.0,1.0,3.0,0.14285714285714285,0.42857142857142855
225,missense,YPD+IAA,-0.371187730353171,-0.08793141424017752,-0.28325631611299346,False,1.0,1.0,1.0,1.0,1.0
226,missense,YPD+IAA,-0.3477088873586958,-0.08793141424017752,-0.2597774731185183,False,3.0,1.0,1.0,0.3333333333333333,0.3333333333333333
229,missense,YPD+IAA,-0.004296091453582378,-0.08793141424017752,0.08363532278659513,False,1.0,0.0,0.0,0.0,0.0
223,synonymous,YPD+IAA,-0.02721145690288917,-0.08793141424017752,0.06071995733728834,False,2.0,0.0,0.0,0.0,0.0
439,synonymous,YPD+IAA,-0.06730316107391242,-0.08793141424017752,0.020628253166265098,False,5.0,0.0,2.0,0.0,0.4
226,synonymous,YPD+IAA,-0.139020694829399,-0.08793141424017752,-0.05108928058922148,False,8.0,1.0,7.0,0.125,0.875
231,synonymous,YPD+IAA,-0.17391606409574045,-0.08793141424017752,-0.08598464985556294,False,7.0,1.0,3.0,0.14285714285714285,0.42857142857142855
230,missense,YPD+IAA,-0.09902718673647154,-0.08793141424017752,-0.011095772496294024,False,1.0,0.0,1.0,0.0,1.0
236,missense,YPD+IAA,-0.05893683235690068,-0.08793141424017752,0.02899458188327684,False,6.0,1.0,1.0,0.16666666666666666,0.16666666666666666
235,synonymous,YPD+IAA,-0.0983457187645088,-0.08793141424017752,-0.010414304524331286,False,12.0,2.0,4.0,0.16666666666666666,0.3333333333333333
436,missense,YPD+IAA,-0.0610010590215935,-0.08793141424017752,0.026930355218584015,False,6.0,0.0,3.0,0.0,0.5
235,missense,YPD+IAA,-0.06107709862329127,-0.08793141424017752,0.026854315616886247,False,5.0,0.0,0.0,0.0,0.0
234,synonymous,YPD+IAA,-0.3834991706748979,-0.08793141424017752,-0.2955677564347204,False,4.0,1.0,3.0,0.25,0.75
436,synonymous,YPD+IAA,-0.0691345212386408,-0.08793141424017752,0.01879689300153671,False,7.0,1.0,3.0,0.14285714285714285,0.42857142857142855
234,missense,YPD+IAA,-0.040135440377904015,-0.08793141424017752,0.0477959738622735,False,2.0,0.0,0.0,0.0,0.0
438,synonymous,YPD+IAA,-0.04514158912009823,-0.08793141424017752,0.04278982512007928,False,3.0,0.0,2.0,0.0,0.6666666666666666
233,synonymous,YPD+IAA,-0.20850621388688673,-0.08793141424017752,-0.12057479964670921,False,4.0,0.0,1.0,0.0,0.25
233,missense,YPD+IAA,-0.03603910134502987,-0.08793141424017752,0.051892312895147646,False,1.0,0.0,0.0,0.0,0.0
232,synonymous,YPD+IAA,-0.17124778295984225,-0.08793141424017752,-0.08331636871966473,False,4.0,0.0,2.0,0.0,0.5
437,synonymous,YPD+IAA,-0.08178535761386001,-0.08793141424017752,0.006146056626317509,False,16.0,2.0,7.0,0.125,0.4375
232,missense,YPD+IAA,-0.04124527554817168,-0.08793141424017752,0.04668613869200584,False,2.0,1.0,1.0,0.5,0.5
441,missense,YPD+IAA,-0.08933234331198801,-0.08793141424017752,-0.0014009290718104972,False,4.0,1.0,2.0,0.25,0.5
438,missense,YPD+IAA,-0.04370674463415387,-0.08793141424017752,0.04422466960602365,False,7.0,1.0,3.0,0.14285714285714285,0.42857142857142855
231,missense,YPD+IAA,-0.06436828682200221,-0.08793141424017752,0.023563127418175303,False,3.0,0.0,1.0,0.0,0.3333333333333333
437,missense,YPD+IAA,-0.08205321679311556,-0.08793141424017752,0.005878197447061959,False,5.0,0.0,4.0,0.0,0.8
222,synonymous,YPD+IAA,-0.08268149699920617,-0.08793141424017752,0.005249917240971347,False,4.0,0.0,1.0,0.0,0.25
219,synonymous,YPD+IAA,-0.03657763089359382,-0.08793141424017752,0.0513537833465837,False,2.0,0.0,1.0,0.0,0.5
441,synonymous,YPD+IAA,-0.4527979466442404,-0.08793141424017752,-0.36486653240406286,False,2.0,2.0,2.0,1.0,1.0
215,synonymous,YPD+IAA,-0.16441092630456675,-0.08793141424017752,-0.07647951206438923,False,6.0,2.0,5.0,0.3333333333333333,0.8333333333333334
215,missense,YPD+IAA,-0.036452118886728016,-0.08793141424017752,0.0514792953534495,False,3.0,0.0,0.0,0.0,0.0
445,missense,YPD+IAA,-1.1746025269063463,-0.08793141424017752,-1.0866711126661688,True,2.0,1.0,2.0,0.5,1.0
214,synonymous,YPD+IAA,-0.13730110966112766,-0.08793141424017752,-0.04936969542095014,False,2.0,1.0,1.0,0.5,0.5
214,missense,YPD+IAA,-0.10213518331633563,-0.08793141424017752,-0.014203769076158113,False,2.0,0.0,1.0,0.0,0.5
445,synonymous,YPD+IAA,-0.0647258594349031,-0.08793141424017752,0.02320555480527442,False,1.0,0.0,1.0,0.0,1.0
444,synonymous,YPD+IAA,-0.019463943174878106,-0.08793141424017752,0.0684674710652994,False,1.0,0.0,0.0,0.0,0.0
213,missense,YPD+IAA,-0.09287398058703292,-0.08793141424017752,-0.004942566346855401,False,3.0,0.0,2.0,0.0,0.6666666666666666
447,missense,YPD+IAA,-0.0754245185068792,-0.08793141424017752,0.012506895733298315,False,3.0,0.0,1.0,0.0,0.3333333333333333
212,missense,YPD+IAA,-0.08273929394163183,-0.08793141424017752,0.005192120298545683,False,8.0,2.0,4.0,0.25,0.5
211,synonymous,YPD+IAA,-0.18191436167622174,-0.08793141424017752,-0.09398294743604423,False,4.0,1.0,3.0,0.25,0.75
447,synonymous,YPD+IAA,-0.0802826216369598,-0.08793141424017752,0.007648792603217713,False,5.0,1.0,3.0,0.2,0.6
211,missense,YPD+IAA,-0.07730428509475272,-0.08793141424017752,0.010627129145424796,False,8.0,2.0,3.0,0.25,0.375
210,synonymous,YPD+IAA,-0.04782041415537987,-0.08793141424017752,0.04011100008479765,False,4.0,0.0,0.0,0.0,0.0
212,synonymous,YPD+IAA,-0.11025132916840479,-0.08793141424017752,-0.02231991492822727,False,2.0,0.0,0.0,0.0,0.0
222,missense,YPD+IAA,-0.1581826152702936,-0.08793141424017752,-0.07025120103011608,False,2.0,0.0,2.0,0.0,1.0
216,missense,YPD+IAA,-0.15212276678871095,-0.08793141424017752,-0.06419135254853343,False,11.0,4.0,7.0,0.36363636363636365,0.6363636363636364
444,missense,YPD+IAA,-1.0736379248355137,-0.08793141424017752,-0.9857065105953362,True,3.0,2.0,3.0,0.6666666666666666,1.0
221,synonymous,YPD+IAA,-0.04175811852017141,-0.08793141424017752,0.046173295720006106,False,5.0,0.0,3.0,0.0,0.6
221,missense,YPD+IAA,-0.3577948320521896,-0.08793141424017752,-0.26986341781201206,False,1.0,0.0,1.0,0.0,1.0
442,missense,YPD+IAA,-0.0814456982955808,-0.08793141424017752,0.006485715944596709,False,3.0,0.0,2.0,0.0,0.6666666666666666
220,synonymous,YPD+IAA,-0.06130883866841802,-0.08793141424017752,0.026622575571759496,False,3.0,0.0,2.0,0.0,0.6666666666666666
220,missense,YPD+IAA,-0.038362098477469506,-0.08793141424017752,0.04956931576270801,False,4.0,0.0,2.0,0.0,0.5
442,synonymous,YPD+IAA,-0.03016425059600017,-0.08793141424017752,0.05776716364417735,False,2.0,0.0,0.0,0.0,0.0
216,synonymous,YPD+IAA,-0.0644933758057979,-0.08793141424017752,0.02343803843437961,False,2.0,1.0,1.0,0.5,0.5
435,synonymous,YPD+IAA,-0.17882417791502037,-0.08793141424017752,-0.09089276367484285,False,10.0,3.0,6.0,0.3,0.6
443,missense,YPD+IAA,-0.19253110798668982,-0.08793141424017752,-0.1045996937465123,False,6.0,1.0,3.0,0.16666666666666666,0.5
218,synonymous,YPD+IAA,-0.8906488021589655,-0.08793141424017752,-0.802717387918788,False,1.0,1.0,1.0,1.0,1.0
218,missense,YPD+IAA,-0.24380747951816295,-0.08793141424017752,-0.15587606527798542,False,2.0,0.0,2.0,0.0,1.0
443,synonymous,YPD+IAA,-0.03154395905981361,-0.08793141424017752,0.05638745518036391,False,2.0,0.0,0.0,0.0,0.0
217,synonymous,YPD+IAA,-0.06007171566367719,-0.08793141424017752,0.02785969857650033,False,4.0,1.0,2.0,0.25,0.5
217,missense,YPD+IAA,-0.10990471354829148,-0.08793141424017752,-0.021973299308113967,False,8.0,1.0,4.0,0.125,0.5
219,missense,YPD+IAA,-0.015668589687218733,-0.08793141424017752,0.07226282455295878,False,1.0,0.0,0.0,0.0,0.0
236,synonymous,YPD+IAA,-0.08314624955986767,-0.08793141424017752,0.004785164680309845,False,9.0,1.0,4.0,0.1111111111111111,0.4444444444444444
240,missense,YPD+IAA,-0.0357377614045825,-0.08793141424017752,0.05219365283559502,False,3.0,0.0,1.0,0.0,0.3333333333333333
435,missense,YPD+IAA,-0.1729272880720828,-0.08793141424017752,-0.08499587383190528,False,6.0,1.0,2.0,0.16666666666666666,0.3333333333333333
259,missense,YPD+IAA,-0.05341991230071641,-0.08793141424017752,0.034511501939461106,False,3.0,0.0,1.0,0.0,0.3333333333333333
258,synonymous,YPD+IAA,-0.058722886761054284,-0.08793141424017752,0.029208527479123232,False,4.0,0.0,3.0,0.0,0.75
426,synonymous,YPD+IAA,-0.9355361256452935,-0.08793141424017752,-0.8476047114051161,False,1.0,1.0,1.0,1.0,1.0
258,missense,YPD+IAA,-0.06076550337958162,-0.08793141424017752,0.027165910860595895,False,5.0,0.0,2.0,0.0,0.4
257,synonymous,YPD+IAA,-0.24909201068090983,-0.08793141424017752,-0.16116059644073233,False,3.0,0.0,2.0,0.0,0.6666666666666666
427,missense,YPD+IAA,-0.21704373543768277,-0.08793141424017752,-0.12911232119750526,False,7.0,1.0,6.0,0.14285714285714285,0.8571428571428571
426,missense,YPD+IAA,-0.04091974439752992,-0.08793141424017752,0.047011669842647597,False,2.0,0.0,0.0,0.0,0.0
257,missense,YPD+IAA,-0.14321076487843118,-0.08793141424017752,-0.05527935063825366,False,3.0,0.0,1.0,0.0,0.3333333333333333
427,synonymous,YPD+IAA,-0.1264187411888741,-0.08793141424017752,-0.038487326948696596,False,11.0,4.0,8.0,0.36363636363636365,0.7272727272727273
256,missense,YPD+IAA,-0.014641026405988833,-0.08793141424017752,0.07329038783418869,False,3.0,0.0,0.0,0.0,0.0
255,synonymous,YPD+IAA,-0.1319792692460055,-0.08793141424017752,-0.04404785500582799,False,5.0,1.0,1.0,0.2,0.2
428,missense,YPD+IAA,-2.5934779387687468,-0.08793141424017752,-2.5055465245285693,True,1.0,1.0,1.0,1.0,1.0
255,missense,YPD+IAA,-0.08024640243795096,-0.08793141424017752,0.0076850118022265546,False,5.0,1.0,3.0,0.2,0.6
254,synonymous,YPD+IAA,-0.09121372020798829,-0.08793141424017752,-0.003282305967810775,False,5.0,1.0,2.0,0.2,0.4
256,synonymous,YPD+IAA,0.002191013159756657,-0.08793141424017752,0.09012242739993417,False,4.0,1.0,1.0,0.25,0.25
428,synonymous,YPD+IAA,-0.07675593639613502,-0.08793141424017752,0.011175477844042492,False,12.0,1.0,5.0,0.08333333333333333,0.4166666666666667
259,synonymous,YPD+IAA,-0.032659334594557415,-0.08793141424017752,0.0552720796456201,False,3.0,0.0,0.0,0.0,0.0
424,missense,YPD+IAA,-0.03424768468971884,-0.08793141424017752,0.05368372955045868,False,1.0,0.0,0.0,0.0,0.0
265,missense,YPD+IAA,-0.04715795230574466,-0.08793141424017752,0.040773461934432854,False,5.0,1.0,3.0,0.2,0.6
264,synonymous,YPD+IAA,-0.11023556943015347,-0.08793141424017752,-0.022304155189975958,False,3.0,1.0,1.0,0.3333333333333333,0.3333333333333333
420,missense,YPD+IAA,-0.06655880848422643,-0.08793141424017752,0.021372605755951082,False,2.0,0.0,1.0,0.0,0.5
264,missense,YPD+IAA,-0.08160493555948602,-0.08793141424017752,0.0063264786806915,False,3.0,1.0,2.0,0.3333333333333333,0.6666666666666666
263,synonymous,YPD+IAA,-0.285289746364219,-0.08793141424017752,-0.19735833212404147,False,4.0,2.0,4.0,0.5,1.0
420,synonymous,YPD+IAA,-0.03608568211318139,-0.08793141424017752,0.05184573212699613,False,1.0,0.0,0.0,0.0,0.0
260,missense,YPD+IAA,-0.2924900117438807,-0.08793141424017752,-0.20455859750370314,False,4.0,2.0,4.0,0.5,1.0
263,missense,YPD+IAA,-0.03117362033610606,-0.08793141424017752,0.05675779390407146,False,2.0,0.0,1.0,0.0,0.5
421,missense,YPD+IAA,-1.1327442075504286,-0.08793141424017752,-1.0448127933102511,True,1.0,1.0,1.0,1.0,1.0
262,missense,YPD+IAA,-0.521877336817361,-0.08793141424017752,-0.4339459225771835,False,3.0,1.0,3.0,0.3333333333333333,1.0
261,synonymous,YPD+IAA,-0.08601427716775464,-0.08793141424017752,0.0019171370724228726,False,4.0,0.0,2.0,0.0,0.5
423,synonymous,YPD+IAA,-0.370928162748394,-0.08793141424017752,-0.2829967485082165,False,1.0,0.0,1.0,0.0,1.0
261,missense,YPD+IAA,-0.12960585313747394,-0.08793141424017752,-0.041674438897296426,False,3.0,1.0,2.0,0.3333333333333333,0.6666666666666666
260,synonymous,YPD+IAA,-0.04338779415465045,-0.08793141424017752,0.044543620085527064,False,6.0,1.0,3.0,0.16666666666666666,0.5
262,synonymous,YPD+IAA,-0.01912244125487066,-0.08793141424017752,0.06880897298530686,False,3.0,0.0,0.0,0.0,0.0
237,missense,YPD+IAA,-0.2079771499468906,-0.08793141424017752,-0.12004573570671308,False,4.0,1.0,1.0,0.25,0.25
254,missense,YPD+IAA,-0.37260011354271594,-0.08793141424017752,-0.2846686993025384,False,1.0,1.0,1.0,1.0,1.0
429,missense,YPD+IAA,-0.05075284363625905,-0.08793141424017752,0.037178570603918465,False,8.0,3.0,4.0,0.375,0.5
242,missense,YPD+IAA,-0.08325335122553723,-0.08793141424017752,0.004678063014640285,False,4.0,0.0,1.0,0.0,0.25
241,synonymous,YPD+IAA,-0.05145891098463963,-0.08793141424017752,0.036472503255537886,False,5.0,0.0,2.0,0.0,0.4
433,missense,YPD+IAA,-0.06342763350773757,-0.08793141424017752,0.024503780732439945,False,7.0,0.0,4.0,0.0,0.5714285714285714
241,missense,YPD+IAA,-0.05939108517819971,-0.08793141424017752,0.028540329061977808,False,3.0,0.0,0.0,0.0,0.0
240,synonymous,YPD+IAA,-0.045405613169267056,-0.08793141424017752,0.04252580107091046,False,10.0,0.0,2.0,0.0,0.2
433,synonymous,YPD+IAA,-0.049537567593164446,-0.08793141424017752,0.03839384664701307,False,7.0,0.0,1.0,0.0,0.14285714285714285
432,synonymous,YPD+IAA,-0.057876931175742205,-0.08793141424017752,0.03005448306443531,False,12.0,3.0,3.0,0.25,0.25
448,missense,YPD+IAA,-0.0672415943516432,-0.08793141424017752,0.020689819888534314,False,5.0,1.0,1.0,0.2,0.2
434,missense,YPD+IAA,-0.11165354886551294,-0.08793141424017752,-0.023722134625335428,False,7.0,2.0,7.0,0.2857142857142857,1.0
239,missense,YPD+IAA,-0.1012160108325111,-0.08793141424017752,-0.01328459659233358,False,3.0,1.0,2.0,0.3333333333333333,0.6666666666666666
238,synonymous,YPD+IAA,-0.0350299137788576,-0.08793141424017752,0.05290150046131992,False,2.0,0.0,0.0,0.0,0.0
434,synonymous,YPD+IAA,-0.07792024726034123,-0.08793141424017752,0.010011166979836283,False,10.0,2.0,4.0,0.2,0.4
238,missense,YPD+IAA,-0.3326715751651138,-0.08793141424017752,-0.24474016092493628,False,1.0,0.0,1.0,0.0,1.0
237,synonymous,YPD+IAA,-0.025280801503090016,-0.08793141424017752,0.0626506127370875,False,3.0,0.0,0.0,0.0,0.0
239,synonymous,YPD+IAA,-0.039657496950569374,-0.08793141424017752,0.04827391728960814,False,1.0,0.0,0.0,0.0,0.0
253,synonymous,YPD+IAA,-0.05121991285782505,-0.08793141424017752,0.03671150138235246,False,2.0,0.0,0.0,0.0,0.0
242,synonymous,YPD+IAA,-0.23915432329944744,-0.08793141424017752,-0.15122290905926994,False,6.0,1.0,3.0,0.16666666666666666,0.5
432,missense,YPD+IAA,-0.07588096261357004,-0.08793141424017752,0.012050451626607478,False,5.0,1.0,3.0,0.2,0.6
253,missense,YPD+IAA,-0.252646681469027,-0.08793141424017752,-0.1647152672288495,False,2.0,1.0,1.0,0.5,0.5
252,missense,YPD+IAA,-0.6432717140725688,-0.08793141424017752,-0.5553402998323913,False,1.0,0.0,0.0,0.0,0.0
429,synonymous,YPD+IAA,-0.0558211361054622,-0.08793141424017752,0.032110278134715314,False,5.0,0.0,2.0,0.0,0.4
251,synonymous,YPD+IAA,-0.3480290912348004,-0.08793141424017752,-0.2600976769946229,False,4.0,2.0,2.0,0.5,0.5
251,missense,YPD+IAA,-0.0383324577792197,-0.08793141424017752,0.04959895646095781,False,4.0,0.0,0.0,0.0,0.0
430,missense,YPD+IAA,-1.625853269323856,-0.08793141424017752,-1.5379218550836786,True,3.0,2.0,2.0,0.6666666666666666,0.6666666666666666
243,missense,YPD+IAA,-0.06764238603543497,-0.08793141424017752,0.020289028204742543,False,6.0,1.0,3.0,0.16666666666666666,0.5
248,missense,YPD+IAA,-0.3834395110012428,-0.08793141424017752,-0.29550809676106526,False,1.0,1.0,1.0,1.0,1.0
430,synonymous,YPD+IAA,-0.013435891134515727,-0.08793141424017752,0.07449552310566179,False,1.0,0.0,0.0,0.0,0.0
247,missense,YPD+IAA,-0.04287992386281278,-0.08793141424017752,0.045051490377364736,False,5.0,0.0,1.0,0.0,0.2
245,synonymous,YPD+IAA,-0.1756021303912419,-0.08793141424017752,-0.08767071615106438,False,2.0,0.0,1.0,0.0,0.5
431,missense,YPD+IAA,-0.2828529153591613,-0.08793141424017752,-0.19492150111898376,False,4.0,1.0,3.0,0.25,0.75
244,synonymous,YPD+IAA,-0.5762577329451314,-0.08793141424017752,-0.48832631870495385,False,1.0,1.0,1.0,1.0,1.0
244,missense,YPD+IAA,-0.06601661093822882,-0.08793141424017752,0.0219148033019487,False,5.0,0.0,2.0,0.0,0.4
247,synonymous,YPD+IAA,-0.05529769425317624,-0.08793141424017752,0.03263371998700128,False,1.0,0.0,0.0,0.0,0.0
210,missense,YPD+IAA,-0.2255520430133066,-0.08793141424017752,-0.13762062877312908,False,7.0,3.0,3.0,0.42857142857142855,0.42857142857142855
206,synonymous,YPD+IAA,-0.1672858084346191,-0.08793141424017752,-0.07935439419444158,False,4.0,1.0,2.0,0.25,0.5
448,synonymous,YPD+IAA,-0.03399934691388505,-0.08793141424017752,0.053932067326292465,False,4.0,1.0,2.0,0.25,0.5
178,synonymous,YPD+IAA,-0.1793317071116274,-0.08793141424017752,-0.09140029287144989,False,6.0,1.0,3.0,0.16666666666666666,0.5
465,missense,YPD+IAA,-0.03850853951605013,-0.08793141424017752,0.04942287472412739,False,9.0,0.0,2.0,0.0,0.2222222222222222
178,missense,YPD+IAA,-0.22124498634225806,-0.08793141424017752,-0.13331357210208056,False,2.0,0.0,2.0,0.0,1.0
177,synonymous,YPD+IAA,-0.10324430637925533,-0.08793141424017752,-0.015312892139077813,False,13.0,4.0,5.0,0.3076923076923077,0.38461538461538464
466,missense,YPD+IAA,-0.19022846004370328,-0.08793141424017752,-0.10229704580352576,False,9.0,2.0,7.0,0.2222222222222222,0.7777777777777778
177,missense,YPD+IAA,-0.34742663847157984,-0.08793141424017752,-0.2594952242314023,False,3.0,0.0,2.0,0.0,0.6666666666666666
179,missense,YPD+IAA,-0.09210665985182354,-0.08793141424017752,-0.00417524561164602,False,5.0,0.0,2.0,0.0,0.4
176,synonymous,YPD+IAA,-0.1598617084172861,-0.08793141424017752,-0.0719302941771086,False,9.0,3.0,6.0,0.3333333333333333,0.6666666666666666
176,missense,YPD+IAA,-0.08233697715942521,-0.08793141424017752,0.005594437080752301,False,7.0,0.0,1.0,0.0,0.14285714285714285
175,synonymous,YPD+IAA,-0.09377238293456214,-0.08793141424017752,-0.005840968694384621,False,3.0,0.0,3.0,0.0,1.0
467,missense,YPD+IAA,-0.071894116557439,-0.08793141424017752,0.01603729768273851,False,5.0,2.0,2.0,0.4,0.4
175,missense,YPD+IAA,-0.06584033994407505,-0.08793141424017752,0.022091074296102464,False,14.0,0.0,4.0,0.0,0.2857142857142857
174,synonymous,YPD+IAA,-0.04218811666920034,-0.08793141424017752,0.04574329757097718,False,4.0,0.0,0.0,0.0,0.0
467,synonymous,YPD+IAA,-0.21817338986004595,-0.08793141424017752,-0.13024197561986844,False,5.0,1.0,2.0,0.2,0.4
466,synonymous,YPD+IAA,-0.021652208795910965,-0.08793141424017752,0.06627920544426655,False,1.0,0.0,0.0,0.0,0.0
174,missense,YPD+IAA,-0.0768076536340792,-0.08793141424017752,0.01112376060609832,False,7.0,1.0,3.0,0.14285714285714285,0.42857142857142855
464,synonymous,YPD+IAA,-0.1869301803080193,-0.08793141424017752,-0.09899876606784179,False,4.0,0.0,2.0,0.0,0.5
180,missense,YPD+IAA,-0.06132021560518145,-0.08793141424017752,0.026611198634996065,False,10.0,1.0,2.0,0.1,0.2
184,synonymous,YPD+IAA,-0.12992404211037906,-0.08793141424017752,-0.04199262787020154,False,12.0,3.0,6.0,0.25,0.5
462,missense,YPD+IAA,-0.15487404046529799,-0.08793141424017752,-0.06694262622512047,False,2.0,0.0,1.0,0.0,0.5
184,missense,YPD+IAA,-0.09063569206110969,-0.08793141424017752,-0.0027042778209321744,False,15.0,2.0,7.0,0.13333333333333333,0.4666666666666667
183,synonymous,YPD+IAA,-0.03473480199694945,-0.08793141424017752,0.05319661224322807,False,15.0,0.0,4.0,0.0,0.26666666666666666
462,synonymous,YPD+IAA,-0.03062260854016054,-0.08793141424017752,0.05730880570001698,False,2.0,0.0,0.0,0.0,0.0
368,synonymous,YPD+IAA,-0.0905440554448064,-0.08793141424017752,-0.002612641204628882,False,15.0,1.0,9.0,0.06666666666666667,0.6
179,synonymous,YPD+IAA,-0.26076871723592904,-0.08793141424017752,-0.1728373029957515,False,3.0,1.0,1.0,0.3333333333333333,0.3333333333333333
182,synonymous,YPD+IAA,-0.22951765035433352,-0.08793141424017752,-0.141586236114156,False,9.0,2.0,4.0,0.2222222222222222,0.4444444444444444
182,missense,YPD+IAA,-0.2716383622495351,-0.08793141424017752,-0.18370694800935755,False,12.0,2.0,4.0,0.16666666666666666,0.3333333333333333
181,synonymous,YPD+IAA,-0.06791972598514694,-0.08793141424017752,0.02001168825503058,False,3.0,0.0,0.0,0.0,0.0
463,synonymous,YPD+IAA,-0.19907699111421936,-0.08793141424017752,-0.11114557687404185,False,4.0,1.0,2.0,0.25,0.5
181,missense,YPD+IAA,-0.25502658754128893,-0.08793141424017752,-0.1670951733011114,False,7.0,2.0,4.0,0.2857142857142857,0.5714285714285714
180,synonymous,YPD+IAA,-0.06860160046608803,-0.08793141424017752,0.019329813774089488,False,11.0,1.0,4.0,0.09090909090909091,0.36363636363636365
464,missense,YPD+IAA,-0.07885527061352614,-0.08793141424017752,0.009076143626651378,False,9.0,1.0,4.0,0.1111111111111111,0.4444444444444444
463,missense,YPD+IAA,-0.10048120323788175,-0.08793141424017752,-0.012549788997704231,False,2.0,0.0,1.0,0.0,0.5
185,missense,YPD+IAA,-0.12790579399788854,-0.08793141424017752,-0.03997437975771102,False,14.0,3.0,4.0,0.21428571428571427,0.2857142857142857
173,synonymous,YPD+IAA,-0.041504373279863206,-0.08793141424017752,0.04642704096031431,False,9.0,1.0,1.0,0.1111111111111111,0.1111111111111111
173,missense,YPD+IAA,-0.06468676992820559,-0.08793141424017752,0.02324464431197193,False,10.0,0.0,4.0,0.0,0.4
166,synonymous,YPD+IAA,-0.09497538421765694,-0.08793141424017752,-0.007043969977479428,False,6.0,1.0,3.0,0.16666666666666666,0.5
471,synonymous,YPD+IAA,-0.1666460028040367,-0.08793141424017752,-0.0787145885638592,False,2.0,0.0,1.0,0.0,0.5
166,missense,YPD+IAA,-0.09459384759980521,-0.08793141424017752,-0.006662433359627698,False,3.0,0.0,2.0,0.0,0.6666666666666666
165,synonymous,YPD+IAA,-0.027785176138715707,-0.08793141424017752,0.06014623810146181,False,2.0,0.0,0.0,0.0,0.0
472,missense,YPD+IAA,-0.05676347621817033,-0.08793141424017752,0.031167938022007187,False,7.0,1.0,5.0,0.14285714285714285,0.7142857142857143
165,missense,YPD+IAA,-0.01856290275623067,-0.08793141424017752,0.06936851148394685,False,3.0,0.0,0.0,0.0,0.0
167,missense,YPD+IAA,-0.40066056527228927,-0.08793141424017752,-0.31272915103211174,False,1.0,1.0,1.0,1.0,1.0
164,missense,YPD+IAA,-0.09503386432108103,-0.08793141424017752,-0.007102450080903516,False,6.0,1.0,4.0,0.16666666666666666,0.6666666666666666
163,synonymous,YPD+IAA,-0.053887885673208936,-0.08793141424017752,0.03404352856696858,False,5.0,1.0,2.0,0.2,0.4
163,missense,YPD+IAA,-0.06412665281285322,-0.08793141424017752,0.023804761427324295,False,10.0,1.0,5.0,0.1,0.5
473,missense,YPD+IAA,-0.193718593013448,-0.08793141424017752,-0.10578717877327047,False,4.0,1.0,2.0,0.25,0.5
162,synonymous,YPD+IAA,-0.08626578323118851,-0.08793141424017752,0.0016656310089890047,False,4.0,0.0,2.0,0.0,0.5
162,missense,YPD+IAA,-0.06094906147284493,-0.08793141424017752,0.026982352767332587,False,10.0,0.0,3.0,0.0,0.3
473,synonymous,YPD+IAA,-0.3477341686601098,-0.08793141424017752,-0.2598027544199323,False,1.0,0.0,1.0,0.0,1.0
472,synonymous,YPD+IAA,-0.2869933309111818,-0.08793141424017752,-0.19906191667100426,False,2.0,1.0,2.0,0.5,1.0
468,missense,YPD+IAA,-0.2737237762345157,-0.08793141424017752,-0.18579236199433818,False,3.0,1.0,2.0,0.3333333333333333,0.6666666666666666
471,missense,YPD+IAA,-0.06284644283799878,-0.08793141424017752,0.025084971402178732,False,4.0,0.0,3.0,0.0,0.75
168,missense,YPD+IAA,-0.13583338100235107,-0.08793141424017752,-0.04790196676217355,False,5.0,0.0,3.0,0.0,0.6
172,synonymous,YPD+IAA,-0.030164687921847608,-0.08793141424017752,0.05776672631832991,False,1.0,0.0,0.0,0.0,0.0
468,synonymous,YPD+IAA,-0.6300291536375312,-0.08793141424017752,-0.5420977393973537,False,2.0,0.0,2.0,0.0,1.0
172,missense,YPD+IAA,-0.1842067967506673,-0.08793141424017752,-0.0962753825104898,False,5.0,1.0,3.0,0.2,0.6
171,synonymous,YPD+IAA,-0.08858485472403953,-0.08793141424017752,-0.0006534404838620111,False,7.0,1.0,3.0,0.14285714285714285,0.42857142857142855
469,missense,YPD+IAA,-0.10346560688138597,-0.08793141424017752,-0.01553419264120845,False,5.0,2.0,2.0,0.4,0.4
171,missense,YPD+IAA,-0.06418817987831354,-0.08793141424017752,0.02374323436186397,False,8.0,1.0,5.0,0.125,0.625
167,synonymous,YPD+IAA,-0.0503281070994272,-0.08793141424017752,0.03760330714075032,False,8.0,0.0,4.0,0.0,0.5
170,synonymous,YPD+IAA,-0.0647360876588489,-0.08793141424017752,0.023195326581328612,False,7.0,2.0,2.0,0.2857142857142857,0.2857142857142857
170,missense,YPD+IAA,-0.09479051094104612,-0.08793141424017752,-0.006859096700868608,False,5.0,0.0,2.0,0.0,0.4
169,synonymous,YPD+IAA,-0.17572107131161727,-0.08793141424017752,-0.08778965707143975,False,9.0,2.0,6.0,0.2222222222222222,0.6666666666666666
470,missense,YPD+IAA,-0.1758519147276584,-0.08793141424017752,-0.08792050048748089,False,4.0,0.0,1.0,0.0,0.25
169,missense,YPD+IAA,-0.08125440276801522,-0.08793141424017752,0.006677011472162292,False,4.0,0.0,2.0,0.0,0.5
168,synonymous,YPD+IAA,-0.0846822871743807,-0.08793141424017752,0.003249127065796817,False,11.0,3.0,5.0,0.2727272727272727,0.45454545454545453
470,synonymous,YPD+IAA,-0.09606964981230415,-0.08793141424017752,-0.008138235572126631,False,7.0,1.0,3.0,0.14285714285714285,0.42857142857142855
469,synonymous,YPD+IAA,-0.12908698498712912,-0.08793141424017752,-0.0411555707469516,False,4.0,1.0,3.0,0.25,0.75
461,synonymous,YPD+IAA,-0.2751138827603663,-0.08793141424017752,-0.18718246852018877,False,6.0,0.0,4.0,0.0,0.6666666666666666
185,synonymous,YPD+IAA,-0.149936948218569,-0.08793141424017752,-0.062005533978391494,False,12.0,2.0,8.0,0.16666666666666666,0.6666666666666666
186,missense,YPD+IAA,-0.04514830363701438,-0.08793141424017752,0.04278311060316314,False,17.0,3.0,9.0,0.17647058823529413,0.5294117647058824
203,missense,YPD+IAA,-0.09755571027629605,-0.08793141424017752,-0.00962429603611853,False,10.0,3.0,5.0,0.3,0.5
202,synonymous,YPD+IAA,-0.12659162233005888,-0.08793141424017752,-0.03866020808988137,False,8.0,1.0,4.0,0.125,0.5
452,missense,YPD+IAA,-0.098783173472461,-0.08793141424017752,-0.010851759232283487,False,4.0,0.0,1.0,0.0,0.25
202,missense,YPD+IAA,-0.09205864846722521,-0.08793141424017752,-0.004127234227047694,False,9.0,4.0,6.0,0.4444444444444444,0.6666666666666666
201,synonymous,YPD+IAA,-0.04814092568018631,-0.08793141424017752,0.039790488559991205,False,19.0,2.0,6.0,0.10526315789473684,0.3157894736842105
452,synonymous,YPD+IAA,-0.03316698232413021,-0.08793141424017752,0.0547644319160473,False,4.0,0.0,2.0,0.0,0.5
451,synonymous,YPD+IAA,-0.2758451853260828,-0.08793141424017752,-0.1879137710859053,False,3.0,1.0,2.0,0.3333333333333333,0.6666666666666666
201,missense,YPD+IAA,-0.08255018849317451,-0.08793141424017752,0.0053812257470030045,False,8.0,2.0,3.0,0.25,0.375
453,missense,YPD+IAA,-0.05708233218345946,-0.08793141424017752,0.030849082056718054,False,3.0,0.0,0.0,0.0,0.0
200,missense,YPD+IAA,-0.13184605238875713,-0.08793141424017752,-0.04391463814857961,False,6.0,0.0,5.0,0.0,0.8333333333333334
200,PTC,YPD+IAA,-2.3701077090794676,-0.08793141424017752,-2.28217629483929,True,6.0,6.0,6.0,1.0,1.0
453,synonymous,YPD+IAA,-0.06935913747885267,-0.08793141424017752,0.01857227676132485,False,10.0,1.0,3.0,0.1,0.3
199,synonymous,YPD+IAA,-0.028896477328357976,-0.08793141424017752,0.05903493691181954,False,6.0,0.0,1.0,0.0,0.16666666666666666
199,missense,YPD+IAA,-0.0814446351451856,-0.08793141424017752,0.006486779094991915,False,7.0,1.0,4.0,0.14285714285714285,0.5714285714285714
200,synonymous,YPD+IAA,-0.1283736035838786,-0.08793141424017752,-0.04044218934370107,False,6.0,0.0,4.0,0.0,0.6666666666666666
454,missense,YPD+IAA,-0.024853864982649364,-0.08793141424017752,0.06307754925752815,False,2.0,0.0,0.0,0.0,0.0
203,synonymous,YPD+IAA,-0.08178135285530351,-0.08793141424017752,0.006150061384874006,False,12.0,1.0,4.0,0.08333333333333333,0.3333333333333333
451,missense,YPD+IAA,-0.0747495529467025,-0.08793141424017752,0.013181861293475011,False,6.0,1.0,4.0,0.16666666666666666,0.6666666666666666
209,missense,YPD+IAA,-0.13675823654447036,-0.08793141424017752,-0.04882682230429285,False,3.0,1.0,2.0,0.3333333333333333,0.6666666666666666
208,synonymous,YPD+IAA,-0.040832534950703755,-0.08793141424017752,0.04709887928947376,False,6.0,1.0,3.0,0.16666666666666666,0.5
449,missense,YPD+IAA,-0.06878063899783501,-0.08793141424017752,0.019150775242342502,False,4.0,0.0,2.0,0.0,0.5
208,missense,YPD+IAA,-0.1504284211716298,-0.08793141424017752,-0.062497006931452284,False,15.0,1.0,10.0,0.06666666666666667,0.6666666666666666
207,synonymous,YPD+IAA,-0.1030195539889808,-0.08793141424017752,-0.015088139748803284,False,14.0,3.0,6.0,0.21428571428571427,0.42857142857142855
449,synonymous,YPD+IAA,-0.054170324661980025,-0.08793141424017752,0.03376108957819749,False,6.0,0.0,0.0,0.0,0.0
204,missense,YPD+IAA,-0.09823904207921197,-0.08793141424017752,-0.010307627839034453,False,7.0,1.0,3.0,0.14285714285714285,0.42857142857142855
207,missense,YPD+IAA,-0.04022291557079774,-0.08793141424017752,0.047708498669379776,False,3.0,0.0,1.0,0.0,0.3333333333333333
450,missense,YPD+IAA,-0.05421957523505267,-0.08793141424017752,0.033711839005124845,False,7.0,0.0,0.0,0.0,0.0
206,missense,YPD+IAA,-0.06172044250132134,-0.08793141424017752,0.026210971738856177,False,11.0,0.0,6.0,0.0,0.5454545454545454
205,synonymous,YPD+IAA,-0.05653679820265463,-0.08793141424017752,0.03139461603752289,False,2.0,1.0,1.0,0.5,0.5
450,synonymous,YPD+IAA,-0.05050374702885944,-0.08793141424017752,0.03742766721131808,False,7.0,0.0,1.0,0.0,0.14285714285714285
205,missense,YPD+IAA,-0.13601504284842297,-0.08793141424017752,-0.04808362860824546,False,10.0,1.0,7.0,0.1,0.7
204,synonymous,YPD+IAA,0.0008964313011982124,-0.08793141424017752,0.08882784554137572,False,1.0,0.0,0.0,0.0,0.0
419,synonymous,YPD+IAA,-0.03463411652241671,-0.08793141424017752,0.05329729771776081,False,5.0,0.0,2.0,0.0,0.4
198,synonymous,YPD+IAA,-0.23955475007736102,-0.08793141424017752,-0.15162333583718351,False,7.0,3.0,4.0,0.42857142857142855,0.5714285714285714
198,missense,YPD+IAA,-0.06239551851064701,-0.08793141424017752,0.02553589572953051,False,16.0,1.0,5.0,0.0625,0.3125
454,synonymous,YPD+IAA,-0.023318863029155024,-0.08793141424017752,0.0646125512110225,False,1.0,0.0,0.0,0.0,0.0
191,missense,YPD+IAA,-0.060553737778598446,-0.08793141424017752,0.02737767646157907,False,11.0,2.0,5.0,0.18181818181818182,0.45454545454545453
459,missense,YPD+IAA,-0.11233100201251985,-0.08793141424017752,-0.02439958777234233,False,2.0,1.0,1.0,0.5,0.5
190,synonymous,YPD+IAA,-0.12449711337497311,-0.08793141424017752,-0.0365656991347956,False,5.0,0.0,2.0,0.0,0.4
190,missense,YPD+IAA,-0.11555745842121572,-0.08793141424017752,-0.0276260441810382,False,12.0,1.0,7.0,0.08333333333333333,0.5833333333333334
459,synonymous,YPD+IAA,-0.14062953148620688,-0.08793141424017752,-0.052698117246029366,False,4.0,0.0,2.0,0.0,0.5
189,missense,YPD+IAA,-0.2130127136998581,-0.08793141424017752,-0.1250812994596806,False,6.0,3.0,5.0,0.5,0.8333333333333334
191,synonymous,YPD+IAA,-0.055991678514908175,-0.08793141424017752,0.03193973572526934,False,15.0,0.0,6.0,0.0,0.4
188,synonymous,YPD+IAA,-0.2522799349048556,-0.08793141424017752,-0.1643485206646781,False,2.0,1.0,2.0,0.5,1.0
188,missense,YPD+IAA,-0.0980709908254108,-0.08793141424017752,-0.01013957658523329,False,13.0,2.0,8.0,0.15384615384615385,0.6153846153846154
187,synonymous,YPD+IAA,-0.07092915373669183,-0.08793141424017752,0.01700226050348569,False,10.0,0.0,3.0,0.0,0.3
460,synonymous,YPD+IAA,-0.11130737257769505,-0.08793141424017752,-0.02337595833751753,False,3.0,2.0,2.0,0.6666666666666666,0.6666666666666666
187,missense,YPD+IAA,-0.0965708378182247,-0.08793141424017752,-0.008639423578047187,False,8.0,0.0,4.0,0.0,0.5
186,synonymous,YPD+IAA,-0.10332367036342731,-0.08793141424017752,-0.015392256123249792,False,10.0,1.0,6.0,0.1,0.6
461,missense,YPD+IAA,-0.07338735801030892,-0.08793141424017752,0.014544056229868596,False,5.0,0.0,2.0,0.0,0.4
460,missense,YPD+IAA,-1.4982803810305723,-0.08793141424017752,-1.4103489667903948,True,1.0,1.0,1.0,1.0,1.0
458,synonymous,YPD+IAA,-0.40746120901219546,-0.08793141424017752,-0.3195297947720179,False,2.0,1.0,2.0,0.5,1.0
192,missense,YPD+IAA,-0.04657206378270495,-0.08793141424017752,0.04135935045747256,False,7.0,2.0,2.0,0.2857142857142857,0.2857142857142857
192,synonymous,YPD+IAA,-0.07040377117437946,-0.08793141424017752,0.017527643065798057,False,11.0,1.0,5.0,0.09090909090909091,0.45454545454545453
197,synonymous,YPD+IAA,-0.0883358873270147,-0.08793141424017752,-0.00040447308683717875,False,5.0,1.0,2.0,0.2,0.4
197,missense,YPD+IAA,-0.04894159740287414,-0.08793141424017752,0.038989816837303376,False,5.0,0.0,2.0,0.0,0.4
456,missense,YPD+IAA,-0.09149976818355074,-0.08793141424017752,-0.003568353943373223,False,6.0,1.0,3.0,0.16666666666666666,0.5
196,synonymous,YPD+IAA,-0.04561843708057397,-0.08793141424017752,0.04231297715960355,False,4.0,0.0,1.0,0.0,0.25
196,missense,YPD+IAA,-0.020160522607979722,-0.08793141424017752,0.0677708916321978,False,4.0,0.0,1.0,0.0,0.25
456,synonymous,YPD+IAA,-0.06319363544646356,-0.08793141424017752,0.024737778793713958,False,4.0,0.0,2.0,0.0,0.5
195,synonymous,YPD+IAA,-0.12611631800872825,-0.08793141424017752,-0.03818490376855073,False,4.0,1.0,3.0,0.25,0.75
195,missense,YPD+IAA,-0.04330967242288552,-0.08793141424017752,0.044621741817292,False,8.0,1.0,2.0,0.125,0.25
457,missense,YPD+IAA,-0.4241951105514713,-0.08793141424017752,-0.33626369631129377,False,3.0,1.0,3.0,0.3333333333333333,1.0
194,synonymous,YPD+IAA,-0.06044875923575403,-0.08793141424017752,0.027482655004423484,False,7.0,1.0,3.0,0.14285714285714285,0.42857142857142855
194,missense,YPD+IAA,-0.38580126850549223,-0.08793141424017752,-0.2978698542653147,False,5.0,2.0,5.0,0.4,1.0
457,synonymous,YPD+IAA,-0.069665650739544,-0.08793141424017752,0.01826576350063351,False,9.0,2.0,3.0,0.2222222222222222,0.3333333333333333
193,synonymous,YPD+IAA,-0.1482063577577482,-0.08793141424017752,-0.06027494351757069,False,8.0,1.0,5.0,0.125,0.625
193,missense,YPD+IAA,-0.15523968345841044,-0.08793141424017752,-0.06730826921823292,False,10.0,4.0,5.0,0.4,0.5
458,missense,YPD+IAA,-0.09485069701730123,-0.08793141424017752,-0.006919282777123711,False,5.0,1.0,2.0,0.2,0.4
209,synonymous,YPD+IAA,-0.2972077934519443,-0.08793141424017752,-0.20927637921176678,False,4.0,0.0,2.0,0.0,0.5
265,synonymous,YPD+IAA,-0.36586078512495007,-0.08793141424017752,-0.27792937088477254,False,3.0,2.0,2.0,0.6666666666666666,0.6666666666666666
269,missense,YPD+IAA,-0.07932787416520105,-0.08793141424017752,0.008603540074976462,False,11.0,2.0,7.0,0.18181818181818182,0.6363636363636364
418,synonymous,YPD+IAA,-0.07534015117342387,-0.08793141424017752,0.01259126306675365,False,2.0,0.0,2.0,0.0,1.0
336,missense,YPD+IAA,-0.10273682277241822,-0.08793141424017752,-0.014805408532240702,False,6.0,1.0,3.0,0.16666666666666666,0.5
335,synonymous,YPD+IAA,-0.0524986649442791,-0.08793141424017752,0.035432749295898416,False,3.0,0.0,2.0,0.0,0.6666666666666666
384,synonymous,YPD+IAA,-0.07903795042063812,-0.08793141424017752,0.008893463819539399,False,2.0,0.0,1.0,0.0,0.5
335,missense,YPD+IAA,-0.06134735572899666,-0.08793141424017752,0.026584058511180855,False,4.0,0.0,2.0,0.0,0.5
334,synonymous,YPD+IAA,-0.18207756699254618,-0.08793141424017752,-0.09414615275236866,False,2.0,0.0,2.0,0.0,1.0
385,missense,YPD+IAA,-0.1255021561417697,-0.08793141424017752,-0.037570741901592195,False,9.0,1.0,2.0,0.1111111111111111,0.2222222222222222
384,missense,YPD+IAA,-0.027294560451212802,-0.08793141424017752,0.06063685378896472,False,7.0,0.0,2.0,0.0,0.2857142857142857
334,missense,YPD+IAA,-0.04444668056852635,-0.08793141424017752,0.04348473367165116,False,3.0,0.0,2.0,0.0,0.6666666666666666
385,synonymous,YPD+IAA,-0.1042168875114828,-0.08793141424017752,-0.01628547327130528,False,16.0,2.0,6.0,0.125,0.375
332,synonymous,YPD+IAA,-0.0922560734811722,-0.08793141424017752,-0.004324659240994677,False,3.0,1.0,2.0,0.3333333333333333,0.6666666666666666
332,missense,YPD+IAA,-0.06562390716953505,-0.08793141424017752,0.02230750707064247,False,4.0,0.0,1.0,0.0,0.25
386,missense,YPD+IAA,-0.13012223197132347,-0.08793141424017752,-0.042190817731145955,False,9.0,1.0,5.0,0.1111111111111111,0.5555555555555556
331,synonymous,YPD+IAA,-0.09874231703924785,-0.08793141424017752,-0.010810902799070335,False,5.0,1.0,3.0,0.2,0.6
331,missense,YPD+IAA,-0.07286913366178684,-0.08793141424017752,0.01506228057839068,False,6.0,3.0,3.0,0.5,0.5
333,missense,YPD+IAA,-0.1121857064250301,-0.08793141424017752,-0.02425429218485259,False,9.0,2.0,4.0,0.2222222222222222,0.4444444444444444
386,synonymous,YPD+IAA,-0.2957760032130357,-0.08793141424017752,-0.20784458897285818,False,11.0,3.0,7.0,0.2727272727272727,0.6363636363636364
336,synonymous,YPD+IAA,-0.19727509884348232,-0.08793141424017752,-0.1093436846033048,False,4.0,0.0,2.0,0.0,0.5
383,synonymous,YPD+IAA,-0.30864178452827284,-0.08793141424017752,-0.22071037028809531,False,3.0,0.0,2.0,0.0,0.6666666666666666
342,missense,YPD+IAA,-1.6367275699723933,-0.08793141424017752,-1.5487961557322159,True,7.0,5.0,7.0,0.7142857142857143,1.0
341,synonymous,YPD+IAA,-0.04998214673423582,-0.08793141424017752,0.03794926750594169,False,21.0,1.0,9.0,0.047619047619047616,0.42857142857142855
381,synonymous,YPD+IAA,-0.23308899093653382,-0.08793141424017752,-0.14515757669635632,False,4.0,0.0,2.0,0.0,0.5
341,missense,YPD+IAA,-0.1901353890819831,-0.08793141424017752,-0.10220397484180559,False,12.0,1.0,4.0,0.08333333333333333,0.3333333333333333
340,synonymous,YPD+IAA,-0.06574192931434705,-0.08793141424017752,0.022189484925830463,False,5.0,1.0,1.0,0.2,0.2
382,missense,YPD+IAA,-0.19030413567697918,-0.08793141424017752,-0.10237272143680166,False,9.0,2.0,5.0,0.2222222222222222,0.5555555555555556
337,missense,YPD+IAA,-0.08813087528718075,-0.08793141424017752,-0.00019946104700323264,False,7.0,2.0,3.0,0.2857142857142857,0.42857142857142855
340,missense,YPD+IAA,-1.7400145055990892,-0.08793141424017752,-1.6520830913589117,True,8.0,8.0,8.0,1.0,1.0
382,synonymous,YPD+IAA,-0.14690984028957668,-0.08793141424017752,-0.058978426049399166,False,9.0,3.0,4.0,0.3333333333333333,0.4444444444444444
339,missense,YPD+IAA,-1.802409525312712,-0.08793141424017752,-1.7144781110725344,True,4.0,3.0,4.0,0.75,1.0
338,synonymous,YPD+IAA,-0.03211677179787854,-0.08793141424017752,0.05581464244229897,False,4.0,0.0,0.0,0.0,0.0
383,missense,YPD+IAA,0.1310526962625923,-0.08793141424017752,0.21898411050276984,False,1.0,0.0,0.0,0.0,0.0
338,missense,YPD+IAA,-0.04473789264478935,-0.08793141424017752,0.04319352159538817,False,1.0,0.0,0.0,0.0,0.0
337,synonymous,YPD+IAA,-0.1362490844146279,-0.08793141424017752,-0.04831767017445039,False,2.0,1.0,2.0,0.5,1.0
339,synonymous,YPD+IAA,-0.1988526015992737,-0.08793141424017752,-0.11092118735909619,False,7.0,2.0,4.0,0.2857142857142857,0.5714285714285714
381,missense,YPD+IAA,-0.08376002496405538,-0.08793141424017752,0.004171389276122137,False,10.0,2.0,5.0,0.2,0.5
330,synonymous,YPD+IAA,-0.38598269389517686,-0.08793141424017752,-0.29805127965499933,False,2.0,1.0,2.0,0.5,1.0
387,missense,YPD+IAA,-0.18681470980330472,-0.08793141424017752,-0.09888329556312721,False,11.0,3.0,8.0,0.2727272727272727,0.7272727272727273
323,missense,YPD+IAA,-0.03854338376511183,-0.08793141424017752,0.04938803047506569,False,3.0,0.0,1.0,0.0,0.3333333333333333
322,synonymous,YPD+IAA,-0.023617457107860302,-0.08793141424017752,0.06431395713231722,False,2.0,0.0,0.0,0.0,0.0
390,synonymous,YPD+IAA,-0.11775140331191253,-0.08793141424017752,-0.029819989071735012,False,13.0,3.0,6.0,0.23076923076923078,0.46153846153846156
322,missense,YPD+IAA,-0.12470260766241814,-0.08793141424017752,-0.036771193422240625,False,15.0,1.0,8.0,0.06666666666666667,0.5333333333333333
321,synonymous,YPD+IAA,-0.11706195495977918,-0.08793141424017752,-0.029130540719601666,False,5.0,1.0,2.0,0.2,0.4
391,missense,YPD+IAA,-0.1566285134546796,-0.08793141424017752,-0.06869709921450208,False,7.0,2.0,4.0,0.2857142857142857,0.5714285714285714
390,missense,YPD+IAA,-0.06942858012718214,-0.08793141424017752,0.018502834112995373,False,6.0,1.0,2.0,0.16666666666666666,0.3333333333333333
321,missense,YPD+IAA,-0.04419171456093432,-0.08793141424017752,0.043739699679243196,False,4.0,0.0,2.0,0.0,0.5
391,synonymous,YPD+IAA,-0.09948577532728739,-0.08793141424017752,-0.011554361087109874,False,10.0,3.0,5.0,0.3,0.5
320,missense,YPD+IAA,-0.08187245784730272,-0.08793141424017752,0.0060589563928747925,False,7.0,1.0,3.0,0.14285714285714285,0.42857142857142855
319,synonymous,YPD+IAA,-0.054639832239392984,-0.08793141424017752,0.03329158200078453,False,9.0,0.0,3.0,0.0,0.3333333333333333
392,missense,YPD+IAA,-0.16385634864593468,-0.08793141424017752,-0.07592493440575716,False,13.0,4.0,7.0,0.3076923076923077,0.5384615384615384
318,synonymous,YPD+IAA,-0.3920040801559532,-0.08793141424017752,-0.3040726659157757,False,1.0,1.0,1.0,1.0,1.0
318,missense,YPD+IAA,-0.15391881642371752,-0.08793141424017752,-0.06598740218354,False,3.0,1.0,1.0,0.3333333333333333,0.3333333333333333
320,synonymous,YPD+IAA,-0.10314143971590824,-0.08793141424017752,-0.01521002547573072,False,27.0,3.0,16.0,0.1111111111111111,0.5925925925925926
330,missense,YPD+IAA,-0.40665181240106085,-0.08793141424017752,-0.3187203981608833,False,2.0,2.0,2.0,1.0,1.0
323,synonymous,YPD+IAA,-0.08526009338262536,-0.08793141424017752,0.002671320857552159,False,10.0,1.0,4.0,0.1,0.4
389,synonymous,YPD+IAA,-0.11048626537933083,-0.08793141424017752,-0.022554851139153315,False,17.0,4.0,11.0,0.23529411764705882,0.6470588235294118
329,synonymous,YPD+IAA,-0.06690284925941836,-0.08793141424017752,0.021028564980759154,False,7.0,1.0,4.0,0.14285714285714285,0.5714285714285714
329,missense,YPD+IAA,-0.0673811668238624,-0.08793141424017752,0.020550247416315115,False,2.0,0.0,1.0,0.0,0.5
387,synonymous,YPD+IAA,-0.043185249443751,-0.08793141424017752,0.04474616479642651,False,7.0,0.0,0.0,0.0,0.0
328,synonymous,YPD+IAA,-0.36618470280007565,-0.08793141424017752,-0.2782532885598981,False,2.0,0.0,2.0,0.0,1.0
328,missense,YPD+IAA,-0.03489675101871489,-0.08793141424017752,0.05303466322146263,False,1.0,0.0,0.0,0.0,0.0
388,missense,YPD+IAA,-0.03742388489586703,-0.08793141424017752,0.050507529344310485,False,14.0,2.0,4.0,0.14285714285714285,0.2857142857142857
324,missense,YPD+IAA,-0.07939092855705078,-0.08793141424017752,0.008540485683126736,False,10.0,1.0,3.0,0.1,0.3
327,synonymous,YPD+IAA,-0.039022798399205055,-0.08793141424017752,0.04890861584097246,False,1.0,0.0,0.0,0.0,0.0
388,synonymous,YPD+IAA,-0.09981571830169346,-0.08793141424017752,-0.011884304061515943,False,12.0,1.0,4.0,0.08333333333333333,0.3333333333333333
326,synonymous,YPD+IAA,-0.0281166006943624,-0.08793141424017752,0.05981481354581512,False,3.0,0.0,0.0,0.0,0.0
326,missense,YPD+IAA,-0.07955604907300948,-0.08793141424017752,0.008375365167168039,False,3.0,1.0,1.0,0.3333333333333333,0.3333333333333333
389,missense,YPD+IAA,-0.08002096755679546,-0.08793141424017752,0.00791044668338206,False,7.0,1.0,2.0,0.14285714285714285,0.2857142857142857
325,synonymous,YPD+IAA,-0.10889060325009368,-0.08793141424017752,-0.020959189009916168,False,4.0,1.0,1.0,0.25,0.25
325,missense,YPD+IAA,-0.06680301252613827,-0.08793141424017752,0.02112840171403925,False,10.0,1.0,3.0,0.1,0.3
327,missense,YPD+IAA,-0.08883394622735824,-0.08793141424017752,-0.0009025319871807241,False,2.0,0.0,2.0,0.0,1.0
392,synonymous,YPD+IAA,-0.08100792203813356,-0.08793141424017752,0.006923492202043954,False,11.0,3.0,5.0,0.2727272727272727,0.45454545454545453
343,missense,YPD+IAA,-0.07532125591095677,-0.08793141424017752,0.012610158329220744,False,10.0,0.0,3.0,0.0,0.3
380,synonymous,YPD+IAA,-0.042551928227079636,-0.08793141424017752,0.04537948601309788,False,10.0,0.0,3.0,0.0,0.3
361,missense,YPD+IAA,-0.15752223494391923,-0.08793141424017752,-0.06959082070374172,False,12.0,1.0,7.0,0.08333333333333333,0.5833333333333334
360,synonymous,YPD+IAA,-0.05201953549522155,-0.08793141424017752,0.035911878744955966,False,18.0,1.0,8.0,0.05555555555555555,0.4444444444444444
372,missense,YPD+IAA,-0.13857067468345877,-0.08793141424017752,-0.05063926044328125,False,7.0,2.0,2.0,0.2857142857142857,0.2857142857142857
360,missense,YPD+IAA,-0.09162832705514928,-0.08793141424017752,-0.0036969128149717673,False,16.0,2.0,8.0,0.125,0.5
359,synonymous,YPD+IAA,-0.14645787960114393,-0.08793141424017752,-0.05852646536096641,False,16.0,3.0,8.0,0.1875,0.5
372,synonymous,YPD+IAA,-0.0682880596048004,-0.08793141424017752,0.019643354635377114,False,3.0,0.0,1.0,0.0,0.3333333333333333
371,synonymous,YPD+IAA,-0.16466155384435163,-0.08793141424017752,-0.07673013960417412,False,19.0,2.0,9.0,0.10526315789473684,0.47368421052631576
359,missense,YPD+IAA,-0.26281872968207415,-0.08793141424017752,-0.17488731544189662,False,12.0,6.0,9.0,0.5,0.75
373,missense,YPD+IAA,-0.10175036799307677,-0.08793141424017752,-0.013818953752899252,False,4.0,0.0,2.0,0.0,0.5
358,missense,YPD+IAA,-0.1352742179024437,-0.08793141424017752,-0.04734280366226619,False,17.0,4.0,8.0,0.23529411764705882,0.47058823529411764
357,missense,YPD+IAA,-0.006310557033474913,-0.08793141424017752,0.0816208572067026,False,2.0,0.0,0.0,0.0,0.0
373,synonymous,YPD+IAA,-0.12412012336099022,-0.08793141424017752,-0.036188709120812707,False,2.0,0.0,1.0,0.0,0.5
356,synonymous,YPD+IAA,-0.038563725578674705,-0.08793141424017752,0.04936768866150281,False,1.0,0.0,0.0,0.0,0.0
356,missense,YPD+IAA,-0.056459655246256645,-0.08793141424017752,0.03147175899392087,False,6.0,0.0,2.0,0.0,0.3333333333333333
358,synonymous,YPD+IAA,-0.09426950942286726,-0.08793141424017752,-0.00633809518268974,False,6.0,0.0,2.0,0.0,0.3333333333333333
374,missense,YPD+IAA,-0.03589442343892116,-0.08793141424017752,0.05203699080125636,False,2.0,0.0,1.0,0.0,0.5
361,synonymous,YPD+IAA,-0.1134100754303223,-0.08793141424017752,-0.02547866119014479,False,11.0,1.0,5.0,0.09090909090909091,0.45454545454545453
371,missense,YPD+IAA,-0.13268541751324914,-0.08793141424017752,-0.04475400327307162,False,9.0,2.0,5.0,0.2222222222222222,0.5555555555555556
367,synonymous,YPD+IAA,-0.07865876603473484,-0.08793141424017752,0.009272648205442671,False,8.0,1.0,4.0,0.125,0.5
367,missense,YPD+IAA,-0.1817777782400838,-0.08793141424017752,-0.09384636399990627,False,14.0,3.0,10.0,0.21428571428571427,0.7142857142857143
369,missense,YPD+IAA,-0.22518094678286876,-0.08793141424017752,-0.13724953254269123,False,6.0,1.0,3.0,0.16666666666666666,0.5
366,synonymous,YPD+IAA,-0.08408684086241644,-0.08793141424017752,0.0038445733777610763,False,14.0,2.0,6.0,0.14285714285714285,0.42857142857142855
366,missense,YPD+IAA,-0.06701439476724247,-0.08793141424017752,0.020917019472935047,False,20.0,4.0,9.0,0.2,0.45
369,synonymous,YPD+IAA,-0.1913513968881894,-0.08793141424017752,-0.10341998264801187,False,9.0,1.0,4.0,0.1111111111111111,0.4444444444444444
362,missense,YPD+IAA,-0.0719689425520272,-0.08793141424017752,0.01596247168815032,False,13.0,0.0,7.0,0.0,0.5384615384615384
365,synonymous,YPD+IAA,-0.028143115153380006,-0.08793141424017752,0.05978829908679751,False,7.0,0.0,1.0,0.0,0.14285714285714285
370,missense,YPD+IAA,-0.14018462844074758,-0.08793141424017752,-0.05225321420057007,False,5.0,0.0,2.0,0.0,0.4
364,synonymous,YPD+IAA,-0.026635216091362317,-0.08793141424017752,0.0612961981488152,False,1.0,0.0,0.0,0.0,0.0
364,missense,YPD+IAA,-0.03883321616307324,-0.08793141424017752,0.04909819807710428,False,9.0,0.0,1.0,0.0,0.1111111111111111
370,synonymous,YPD+IAA,-0.20462784227839192,-0.08793141424017752,-0.11669642803821441,False,6.0,3.0,5.0,0.5,0.8333333333333334
363,missense,YPD+IAA,-0.15987856687191696,-0.08793141424017752,-0.07194715263173944,False,9.0,0.0,5.0,0.0,0.5555555555555556
362,synonymous,YPD+IAA,-0.19891282825214954,-0.08793141424017752,-0.11098141401197202,False,19.0,2.0,12.0,0.10526315789473684,0.631578947368421
365,missense,YPD+IAA,-0.10113954941134065,-0.08793141424017752,-0.013208135171163135,False,11.0,1.0,5.0,0.09090909090909091,0.45454545454545453
343,synonymous,YPD+IAA,-0.0946777948148285,-0.08793141424017752,-0.00674638057465099,False,9.0,1.0,4.0,0.1111111111111111,0.4444444444444444
355,synonymous,YPD+IAA,-0.04728439603843566,-0.08793141424017752,0.04064701820174186,False,3.0,0.0,1.0,0.0,0.3333333333333333
374,synonymous,YPD+IAA,-0.038391386024631616,-0.08793141424017752,0.0495400282155459,False,5.0,0.0,2.0,0.0,0.4
348,synonymous,YPD+IAA,-0.07327818517542044,-0.08793141424017752,0.014653229064757078,False,10.0,1.0,3.0,0.1,0.3
348,missense,YPD+IAA,-0.0370538076605731,-0.08793141424017752,0.05087760657960442,False,15.0,0.0,3.0,0.0,0.2
378,synonymous,YPD+IAA,-0.05856147067035063,-0.08793141424017752,0.02936994356982689,False,4.0,0.0,0.0,0.0,0.0
347,synonymous,YPD+IAA,-0.04179434842512782,-0.08793141424017752,0.0461370658150497,False,12.0,0.0,2.0,0.0,0.16666666666666666
347,missense,YPD+IAA,-0.08429204080680641,-0.08793141424017752,0.003639373433371104,False,16.0,1.0,5.0,0.0625,0.3125
379,missense,YPD+IAA,-0.06461659515664493,-0.08793141424017752,0.023314819083532584,False,6.0,1.0,3.0,0.16666666666666666,0.5
377,synonymous,YPD+IAA,-0.1574650411821102,-0.08793141424017752,-0.06953362694193267,False,4.0,0.0,3.0,0.0,0.75
346,synonymous,YPD+IAA,-0.4807717737588965,-0.08793141424017752,-0.392840359518719,False,5.0,1.0,5.0,0.2,1.0
379,synonymous,YPD+IAA,-0.20904131561717465,-0.08793141424017752,-0.12110990137699713,False,8.0,1.0,4.0,0.125,0.5
345,synonymous,YPD+IAA,-0.1621179712283126,-0.08793141424017752,-0.07418655698813507,False,25.0,3.0,12.0,0.12,0.48
345,missense,YPD+IAA,-0.21766257826271126,-0.08793141424017752,-0.12973116402253376,False,6.0,2.0,4.0,0.3333333333333333,0.6666666666666666
380,missense,YPD+IAA,-0.7356319377630273,-0.08793141424017752,-0.6477005235228498,False,4.0,2.0,2.0,0.5,0.5
344,synonymous,YPD+IAA,-0.18716186808067292,-0.08793141424017752,-0.0992304538404954,False,3.0,1.0,2.0,0.3333333333333333,0.6666666666666666
344,missense,YPD+IAA,-0.3967460027554216,-0.08793141424017752,-0.30881458851524407,False,7.0,2.0,7.0,0.2857142857142857,1.0
346,missense,YPD+IAA,-0.09549673652752706,-0.08793141424017752,-0.007565322287349546,False,5.0,1.0,1.0,0.2,0.2
355,missense,YPD+IAA,-0.12108980133454311,-0.08793141424017752,-0.033158387094365596,False,3.0,0.0,1.0,0.0,0.3333333333333333
349,missense,YPD+IAA,-0.0918088673614559,-0.08793141424017752,-0.003877453121278379,False,10.0,0.0,5.0,0.0,0.5
377,missense,YPD+IAA,-0.1137300944486195,-0.08793141424017752,-0.02579868020844199,False,7.0,1.0,4.0,0.14285714285714285,0.5714285714285714
354,synonymous,YPD+IAA,-0.081795847518135,-0.08793141424017752,0.006135566722042518,False,6.0,0.0,3.0,0.0,0.5
354,missense,YPD+IAA,-0.025766237763197038,-0.08793141424017752,0.06216517647698048,False,2.0,0.0,0.0,0.0,0.0
375,missense,YPD+IAA,-0.14634269112371615,-0.08793141424017752,-0.05841127688353863,False,12.0,3.0,5.0,0.25,0.4166666666666667
353,synonymous,YPD+IAA,-0.1262524571805266,-0.08793141424017752,-0.03832104294034909,False,3.0,0.0,2.0,0.0,0.6666666666666666
353,missense,YPD+IAA,-0.07399037250769544,-0.08793141424017752,0.013941041732482076,False,5.0,0.0,3.0,0.0,0.6
375,synonymous,YPD+IAA,-0.09574311155892608,-0.08793141424017752,-0.007811697318748562,False,2.0,0.0,2.0,0.0,1.0
349,synonymous,YPD+IAA,-0.14515682573805955,-0.08793141424017752,-0.05722541149788203,False,18.0,4.0,9.0,0.2222222222222222,0.5
352,synonymous,YPD+IAA,-0.1241622909030621,-0.08793141424017752,-0.03623087666288459,False,10.0,2.0,5.0,0.2,0.5
376,missense,YPD+IAA,-0.6056609114219174,-0.08793141424017752,-0.5177294971817399,False,8.0,3.0,6.0,0.375,0.75
351,synonymous,YPD+IAA,-0.0610632425924164,-0.08793141424017752,0.02686817164776112,False,5.0,0.0,2.0,0.0,0.4
351,missense,YPD+IAA,-0.10136793113968734,-0.08793141424017752,-0.013436516899509823,False,14.0,2.0,5.0,0.14285714285714285,0.35714285714285715
376,synonymous,YPD+IAA,-0.21623305109926333,-0.08793141424017752,-0.1283016368590858,False,2.0,0.0,2.0,0.0,1.0
350,synonymous,YPD+IAA,-0.11411353693737415,-0.08793141424017752,-0.026182122697196636,False,12.0,3.0,5.0,0.25,0.4166666666666667
350,missense,YPD+IAA,-0.058367256952824215,-0.08793141424017752,0.0295641572873533,False,15.0,1.0,5.0,0.06666666666666667,0.3333333333333333
352,missense,YPD+IAA,-0.08265981793543783,-0.08793141424017752,0.005271596304739681,False,6.0,1.0,2.0,0.16666666666666666,0.3333333333333333
317,synonymous,YPD+IAA,-0.04505481070615851,-0.08793141424017752,0.04287660353401901,False,8.0,1.0,2.0,0.125,0.25
317,missense,YPD+IAA,-0.07862803637431333,-0.08793141424017752,0.009303377865864187,False,1.0,0.0,0.0,0.0,0.0
393,missense,YPD+IAA,-0.0950176915840106,-0.08793141424017752,-0.007086277343833089,False,12.0,1.0,4.0,0.08333333333333333,0.3333333333333333
284,missense,YPD+IAA,-0.03344743751097391,-0.08793141424017752,0.054483976729203604,False,2.0,0.0,0.0,0.0,0.0
409,missense,YPD+IAA,-1.0747969935361947,-0.08793141424017752,-0.9868655792960173,True,2.0,2.0,2.0,1.0,1.0
283,synonymous,YPD+IAA,-0.06388527617546763,-0.08793141424017752,0.024046138064709885,False,5.0,1.0,3.0,0.2,0.6
283,missense,YPD+IAA,-0.15830918073708183,-0.08793141424017752,-0.07037776649690432,False,6.0,1.0,3.0,0.16666666666666666,0.5
409,synonymous,YPD+IAA,-0.8910067205878007,-0.08793141424017752,-0.8030753063476233,False,1.0,0.0,0.0,0.0,0.0
282,synonymous,YPD+IAA,-0.05989382889176094,-0.08793141424017752,0.028037585348416577,False,3.0,1.0,2.0,0.3333333333333333,0.6666666666666666
284,synonymous,YPD+IAA,-0.09936491836289685,-0.08793141424017752,-0.011433504122719332,False,8.0,1.0,5.0,0.125,0.625
282,missense,YPD+IAA,-0.36578779341704054,-0.08793141424017752,-0.277856379176863,False,2.0,1.0,2.0,0.5,1.0
281,synonymous,YPD+IAA,-0.07463186050468316,-0.08793141424017752,0.013299553735494352,False,2.0,0.0,1.0,0.0,0.5
281,missense,YPD+IAA,-0.3072877569265384,-0.08793141424017752,-0.2193563426863609,False,6.0,2.0,5.0,0.3333333333333333,0.8333333333333334
411,missense,YPD+IAA,-0.28537258132486354,-0.08793141424017752,-0.197441167084686,False,4.0,1.0,3.0,0.25,0.75
280,synonymous,YPD+IAA,-0.4075513564350479,-0.08793141424017752,-0.3196199421948704,False,4.0,1.0,3.0,0.25,0.75
280,missense,YPD+IAA,-0.10176005206711897,-0.08793141424017752,-0.01382863782694145,False,7.0,1.0,3.0,0.14285714285714285,0.42857142857142855
411,synonymous,YPD+IAA,-0.028319369728023017,-0.08793141424017752,0.0596120445121545,False,2.0,0.0,0.0,0.0,0.0
410,synonymous,YPD+IAA,-0.04235652030595175,-0.08793141424017752,0.045574893934225764,False,4.0,0.0,1.0,0.0,0.25
279,synonymous,YPD+IAA,-0.12512543244902216,-0.08793141424017752,-0.037194018208844645,False,3.0,0.0,1.0,0.0,0.3333333333333333
408,synonymous,YPD+IAA,-0.09786674320400217,-0.08793141424017752,-0.009935328963824652,False,3.0,1.0,2.0,0.3333333333333333,0.6666666666666666
285,synonymous,YPD+IAA,-0.06770852782104138,-0.08793141424017752,0.020222886419136138,False,8.0,1.0,4.0,0.125,0.5
291,synonymous,YPD+IAA,-0.03995768473328678,-0.08793141424017752,0.04797372950689074,False,4.0,0.0,2.0,0.0,0.5
406,missense,YPD+IAA,-1.3666429858179272,-0.08793141424017752,-1.2787115715777497,True,4.0,4.0,4.0,1.0,1.0
291,missense,YPD+IAA,-0.06179737782998304,-0.08793141424017752,0.026134036410194475,False,7.0,0.0,2.0,0.0,0.2857142857142857
290,synonymous,YPD+IAA,-0.16404567468113523,-0.08793141424017752,-0.07611426044095772,False,3.0,1.0,2.0,0.3333333333333333,0.6666666666666666
406,synonymous,YPD+IAA,-0.03241872295929717,-0.08793141424017752,0.05551269128088034,False,2.0,0.0,0.0,0.0,0.0
290,missense,YPD+IAA,-0.06678127592020261,-0.08793141424017752,0.021150138319974907,False,5.0,1.0,2.0,0.2,0.4
285,missense,YPD+IAA,-0.8935607410818298,-0.08793141424017752,-0.8056293268416523,False,1.0,0.0,0.0,0.0,0.0
289,missense,YPD+IAA,-0.0491228202981414,-0.08793141424017752,0.03880859394203612,False,2.0,0.0,1.0,0.0,0.5
288,synonymous,YPD+IAA,-0.23853225514456144,-0.08793141424017752,-0.15060084090438391,False,9.0,4.0,6.0,0.4444444444444444,0.6666666666666666
288,missense,YPD+IAA,-0.038535027501178015,-0.08793141424017752,0.0493963867389995,False,3.0,0.0,1.0,0.0,0.3333333333333333
407,synonymous,YPD+IAA,-0.1416778011094274,-0.08793141424017752,-0.05374638686924989,False,1.0,0.0,0.0,0.0,0.0
287,missense,YPD+IAA,-0.031188485390014037,-0.08793141424017752,0.05674292885016348,False,1.0,0.0,0.0,0.0,0.0
286,synonymous,YPD+IAA,-0.18338821068956698,-0.08793141424017752,-0.09545679644938947,False,4.0,0.0,4.0,0.0,1.0
408,missense,YPD+IAA,-0.042579679664334014,-0.08793141424017752,0.0453517345758435,False,1.0,0.0,0.0,0.0,0.0
407,missense,YPD+IAA,-0.10573703152052466,-0.08793141424017752,-0.017805617280347144,False,4.0,1.0,3.0,0.25,0.75
292,synonymous,YPD+IAA,0.011370243227992157,-0.08793141424017752,0.09930165746816967,False,2.0,0.0,0.0,0.0,0.0
279,missense,YPD+IAA,-0.05300556506585276,-0.08793141424017752,0.03492584917432476,False,4.0,0.0,2.0,0.0,0.5
278,synonymous,YPD+IAA,-0.18257378589676213,-0.08793141424017752,-0.09464237165658461,False,2.0,0.0,1.0,0.0,0.5
271,missense,YPD+IAA,-0.1749548111822161,-0.08793141424017752,-0.08702339694203858,False,6.0,1.0,2.0,0.16666666666666666,0.3333333333333333
270,synonymous,YPD+IAA,-0.13306932457138745,-0.08793141424017752,-0.04513791033120994,False,5.0,1.0,2.0,0.2,0.4
416,missense,YPD+IAA,0.027575025328904396,-0.08793141424017752,0.11550643956908191,False,6.0,0.0,0.0,0.0,0.0
270,missense,YPD+IAA,-0.045705842327232266,-0.08793141424017752,0.04222557191294525,False,2.0,0.0,0.0,0.0,0.0
269,synonymous,YPD+IAA,-0.05266119776251693,-0.08793141424017752,0.035270216477660585,False,5.0,1.0,1.0,0.2,0.2
417,missense,YPD+IAA,-0.0015425535438248089,-0.08793141424017752,0.08638886069635271,False,1.0,0.0,0.0,0.0,0.0
415,synonymous,YPD+IAA,-0.013555366803725433,-0.08793141424017752,0.07437604743645208,False,2.0,0.0,1.0,0.0,0.5
161,synonymous,YPD+IAA,-0.3153135134825487,-0.08793141424017752,-0.22738209924237118,False,5.0,0.0,4.0,0.0,0.8
417,synonymous,YPD+IAA,-0.3959347262259297,-0.08793141424017752,-0.30800331198575215,False,2.0,0.0,1.0,0.0,0.5
268,missense,YPD+IAA,-0.06691768357746221,-0.08793141424017752,0.021013730662715308,False,6.0,0.0,2.0,0.0,0.3333333333333333
267,synonymous,YPD+IAA,-0.10952584713260431,-0.08793141424017752,-0.021594432892426796,False,7.0,1.0,5.0,0.14285714285714285,0.7142857142857143
418,missense,YPD+IAA,-0.328453684835105,-0.08793141424017752,-0.24052227059492748,False,2.0,1.0,2.0,0.5,1.0
267,missense,YPD+IAA,-0.065371472671318,-0.08793141424017752,0.022559941568859515,False,7.0,0.0,3.0,0.0,0.42857142857142855
266,synonymous,YPD+IAA,-0.08453051425246585,-0.08793141424017752,0.0034008999877116614,False,9.0,2.0,4.0,0.2222222222222222,0.4444444444444444
268,synonymous,YPD+IAA,-0.12201967864967227,-0.08793141424017752,-0.03408826440949475,False,7.0,1.0,3.0,0.14285714285714285,0.42857142857142855
412,missense,YPD+IAA,-0.4066425867506219,-0.08793141424017752,-0.3187111725104444,False,2.0,0.0,2.0,0.0,1.0
272,missense,YPD+IAA,-0.05816555201760759,-0.08793141424017752,0.029765862222569925,False,5.0,0.0,2.0,0.0,0.4
415,missense,YPD+IAA,-0.41659990172267203,-0.08793141424017752,-0.3286684874824945,False,3.0,2.0,2.0,0.6666666666666666,0.6666666666666666
278,missense,YPD+IAA,-0.10248026831730625,-0.08793141424017752,-0.014548854077128734,False,1.0,0.0,0.0,0.0,0.0
277,synonymous,YPD+IAA,-0.4657726403959781,-0.08793141424017752,-0.37784122615580057,False,2.0,0.0,1.0,0.0,0.5
412,synonymous,YPD+IAA,-0.040635375602796245,-0.08793141424017752,0.04729603863738127,False,4.0,0.0,2.0,0.0,0.5
277,missense,YPD+IAA,-0.049818191575255966,-0.08793141424017752,0.03811322266492155,False,1.0,0.0,0.0,0.0,0.0
276,missense,YPD+IAA,-0.019780284988411716,-0.08793141424017752,0.06815112925176581,False,3.0,0.0,0.0,0.0,0.0
413,missense,YPD+IAA,-0.3864095888278093,-0.08793141424017752,-0.29847817458763176,False,9.0,7.0,9.0,0.7777777777777778,1.0
272,synonymous,YPD+IAA,-0.03854295441836067,-0.08793141424017752,0.049388459821816846,False,4.0,1.0,1.0,0.25,0.25
275,synonymous,YPD+IAA,-0.05524067575475953,-0.08793141424017752,0.03269073848541799,False,7.0,2.0,3.0,0.2857142857142857,0.42857142857142855
413,synonymous,YPD+IAA,-0.015725604579242075,-0.08793141424017752,0.07220580966093544,False,1.0,0.0,0.0,0.0,0.0
274,synonymous,YPD+IAA,-0.02422895234115233,-0.08793141424017752,0.06370246189902519,False,2.0,0.0,0.0,0.0,0.0
274,missense,YPD+IAA,-0.01584421740012693,-0.08793141424017752,0.07208719684005059,False,5.0,0.0,0.0,0.0,0.0
414,synonymous,YPD+IAA,-0.030608374847426484,-0.08793141424017752,0.05732303939275103,False,1.0,0.0,0.0,0.0,0.0
273,synonymous,YPD+IAA,-0.06141117796148132,-0.08793141424017752,0.026520236278696194,False,7.0,1.0,3.0,0.14285714285714285,0.42857142857142855
273,missense,YPD+IAA,-0.03495014012264653,-0.08793141424017752,0.05298127411753099,False,1.0,0.0,0.0,0.0,0.0
275,missense,YPD+IAA,-0.40314221039328135,-0.08793141424017752,-0.3152107961531038,False,1.0,0.0,1.0,0.0,1.0
405,synonymous,YPD+IAA,-0.4245216854640349,-0.08793141424017752,-0.3365902712238574,False,2.0,0.0,2.0,0.0,1.0
293,missense,YPD+IAA,-0.040301287586475824,-0.08793141424017752,0.04763012665370169,False,9.0,2.0,5.0,0.2222222222222222,0.5555555555555556
293,synonymous,YPD+IAA,-0.04718778163061173,-0.08793141424017752,0.04074363260956579,False,9.0,0.0,4.0,0.0,0.4444444444444444
310,synonymous,YPD+IAA,-0.15800480008222548,-0.08793141424017752,-0.07007338584204796,False,5.0,3.0,5.0,0.6,1.0
310,missense,YPD+IAA,-0.1324231536051079,-0.08793141424017752,-0.04449173936493038,False,5.0,0.0,3.0,0.0,0.6
396,synonymous,YPD+IAA,-0.030851346369618733,-0.08793141424017752,0.05708006787055878,False,5.0,0.0,2.0,0.0,0.4
309,synonymous,YPD+IAA,-0.11338616792342916,-0.08793141424017752,-0.025454753683251646,False,5.0,0.0,1.0,0.0,0.2
309,missense,YPD+IAA,-0.06280196693029885,-0.08793141424017752,0.025129447309878664,False,10.0,2.0,4.0,0.2,0.4
397,missense,YPD+IAA,-0.122662924839259,-0.08793141424017752,-0.034731510599081486,False,7.0,2.0,4.0,0.2857142857142857,0.5714285714285714
396,missense,YPD+IAA,-0.045865526769754146,-0.08793141424017752,0.04206588747042337,False,15.0,1.0,4.0,0.06666666666666667,0.26666666666666666
308,synonymous,YPD+IAA,-0.12425600015053145,-0.08793141424017752,-0.03632458591035394,False,7.0,1.0,2.0,0.14285714285714285,0.2857142857142857
397,synonymous,YPD+IAA,-0.04561939374969325,-0.08793141424017752,0.04231202049048426,False,4.0,0.0,2.0,0.0,0.5
307,synonymous,YPD+IAA,-0.06681742842866172,-0.08793141424017752,0.0211139858115158,False,11.0,1.0,2.0,0.09090909090909091,0.18181818181818182
307,missense,YPD+IAA,-0.044188551366968754,-0.08793141424017752,0.04374286287320876,False,7.0,0.0,1.0,0.0,0.14285714285714285
398,missense,YPD+IAA,-0.149344258142506,-0.08793141424017752,-0.06141284390232847,False,8.0,2.0,5.0,0.25,0.625
306,synonymous,YPD+IAA,-0.25871907745100037,-0.08793141424017752,-0.17078766321082284,False,10.0,2.0,7.0,0.2,0.7
306,missense,YPD+IAA,-0.07290687098160513,-0.08793141424017752,0.015024543258572387,False,13.0,3.0,6.0,0.23076923076923078,0.46153846153846156
308,missense,YPD+IAA,-0.05306369816086636,-0.08793141424017752,0.034867716079311155,False,8.0,1.0,4.0,0.125,0.5
398,synonymous,YPD+IAA,-0.2125524983397077,-0.08793141424017752,-0.1246210840995302,False,5.0,2.0,4.0,0.4,0.8
311,missense,YPD+IAA,-0.12262886807215691,-0.08793141424017752,-0.03469745383197939,False,10.0,4.0,5.0,0.4,0.5
395,synonymous,YPD+IAA,-0.04399453503347242,-0.08793141424017752,0.043936879206705096,False,11.0,0.0,3.0,0.0,0.2727272727272727
316,synonymous,YPD+IAA,-0.09021989705356526,-0.08793141424017752,-0.0022884828133877405,False,8.0,1.0,3.0,0.125,0.375
316,missense,YPD+IAA,-0.04966573375823126,-0.08793141424017752,0.03826568048194626,False,4.0,0.0,1.0,0.0,0.25
393,synonymous,YPD+IAA,-0.05256603014722954,-0.08793141424017752,0.035365384092947975,False,14.0,0.0,6.0,0.0,0.42857142857142855
315,synonymous,YPD+IAA,-0.06619070997991156,-0.08793141424017752,0.02174070426026596,False,13.0,0.0,5.0,0.0,0.38461538461538464
315,missense,YPD+IAA,-0.04419680094284031,-0.08793141424017752,0.04373461329733721,False,9.0,0.0,1.0,0.0,0.1111111111111111
394,missense,YPD+IAA,-0.1137915257523931,-0.08793141424017752,-0.02586011151221558,False,12.0,3.0,6.0,0.25,0.5
311,synonymous,YPD+IAA,-0.08886945314106914,-0.08793141424017752,-0.0009380389008916273,False,10.0,0.0,2.0,0.0,0.2
314,synonymous,YPD+IAA,-0.22781144134643333,-0.08793141424017752,-0.1398800271062558,False,5.0,1.0,3.0,0.2,0.6
394,synonymous,YPD+IAA,-0.08783678025506104,-0.08793141424017752,9.463398511647125e-05,False,8.0,2.0,5.0,0.25,0.625
313,synonymous,YPD+IAA,-0.11070969290017021,-0.08793141424017752,-0.0227782786599927,False,10.0,1.0,5.0,0.1,0.5
313,missense,YPD+IAA,-0.040499526792447046,-0.08793141424017752,0.04743188744773047,False,5.0,0.0,1.0,0.0,0.2
395,missense,YPD+IAA,-0.08669038727782269,-0.08793141424017752,0.001241026962354827,False,4.0,0.0,1.0,0.0,0.25
312,synonymous,YPD+IAA,-0.09158671497605037,-0.08793141424017752,-0.003655300735872849,False,5.0,1.0,3.0,0.2,0.6
312,missense,YPD+IAA,-0.02307660227980683,-0.08793141424017752,0.06485481196037068,False,2.0,0.0,0.0,0.0,0.0
314,missense,YPD+IAA,-0.11712100885171974,-0.08793141424017752,-0.02918959461154222,False,4.0,1.0,3.0,0.25,0.75
305,synonymous,YPD+IAA,-0.04922859351241535,-0.08793141424017752,0.03870282072776217,False,14.0,1.0,6.0,0.07142857142857142,0.42857142857142855
305,missense,YPD+IAA,-0.08207618690875927,-0.08793141424017752,0.005855227331418245,False,10.0,0.0,6.0,0.0,0.6
399,missense,YPD+IAA,-0.20600517349746966,-0.08793141424017752,-0.11807375925729215,False,4.0,2.0,3.0,0.5,0.75
298,synonymous,YPD+IAA,-0.08584476877953773,-0.08793141424017752,0.0020866454606397883,False,5.0,0.0,4.0,0.0,0.8
403,missense,YPD+IAA,-1.2451052755059133,-0.08793141424017752,-1.1571738612657358,True,4.0,4.0,4.0,1.0,1.0
298,missense,YPD+IAA,-0.08354487104083096,-0.08793141424017752,0.00438654319934656,False,6.0,1.0,3.0,0.16666666666666666,0.5
297,synonymous,YPD+IAA,-0.09809529360420335,-0.08793141424017752,-0.010163879364025838,False,2.0,1.0,1.0,0.5,0.5
403,synonymous,YPD+IAA,-0.047239714638307166,-0.08793141424017752,0.04069169960187035,False,4.0,0.0,1.0,0.0,0.25
297,missense,YPD+IAA,-0.16999552882882013,-0.08793141424017752,-0.08206411458864261,False,5.0,1.0,3.0,0.2,0.6
299,missense,YPD+IAA,-0.13372240434810342,-0.08793141424017752,-0.04579099010792591,False,6.0,1.0,4.0,0.16666666666666666,0.6666666666666666
296,synonymous,YPD+IAA,-0.033418446678852146,-0.08793141424017752,0.05451296756132537,False,4.0,0.0,1.0,0.0,0.25
296,missense,YPD+IAA,-0.4507627242285613,-0.08793141424017752,-0.36283130998838375,False,3.0,1.0,2.0,0.3333333333333333,0.6666666666666666
295,missense,YPD+IAA,-0.26439503641520057,-0.08793141424017752,-0.17646362217502304,False,4.0,1.0,3.0,0.25,0.75
404,synonymous,YPD+IAA,-0.1001574977800658,-0.08793141424017752,-0.012226083539888286,False,4.0,0.0,2.0,0.0,0.5
294,synonymous,YPD+IAA,-0.12305356755931543,-0.08793141424017752,-0.035122153319137914,False,28.0,2.0,15.0,0.07142857142857142,0.5357142857142857
294,missense,YPD+IAA,-0.15710837374308306,-0.08793141424017752,-0.06917695950290555,False,12.0,2.0,8.0,0.16666666666666666,0.6666666666666666
405,missense,YPD+IAA,-0.04037228111872774,-0.08793141424017752,0.04755913312144978,False,1.0,0.0,0.0,0.0,0.0
404,missense,YPD+IAA,-0.13706569850008582,-0.08793141424017752,-0.049134284259908304,False,5.0,1.0,2.0,0.2,0.4
402,synonymous,YPD+IAA,-0.10198296704479165,-0.08793141424017752,-0.014051552804614134,False,6.0,1.0,4.0,0.16666666666666666,0.6666666666666666
299,synonymous,YPD+IAA,-0.15220442099327133,-0.08793141424017752,-0.06427300675309382,False,5.0,1.0,3.0,0.2,0.6
300,PTC,YPD+IAA,-1.9046374883296442,-0.08793141424017752,-1.8167060740894667,True,1.0,1.0,1.0,1.0,1.0
304,synonymous,YPD+IAA,-0.07257172940744347,-0.08793141424017752,0.015359684832734047,False,9.0,0.0,2.0,0.0,0.2222222222222222
304,missense,YPD+IAA,-0.27769778971383763,-0.08793141424017752,-0.1897663754736601,False,11.0,0.0,2.0,0.0,0.18181818181818182
399,synonymous,YPD+IAA,-0.021410692757529822,-0.08793141424017752,0.06652072148264769,False,5.0,0.0,1.0,0.0,0.2
303,synonymous,YPD+IAA,-0.1934339483805845,-0.08793141424017752,-0.10550253414040699,False,5.0,3.0,3.0,0.6,0.6
303,missense,YPD+IAA,-0.03811369972863575,-0.08793141424017752,0.049817714511541766,False,4.0,0.0,0.0,0.0,0.0
400,missense,YPD+IAA,-0.07491600343618782,-0.08793141424017752,0.0130154108039897,False,4.0,1.0,2.0,0.25,0.5
302,synonymous,YPD+IAA,0.06174179561826673,-0.08793141424017752,0.14967320985844423,False,1.0,0.0,0.0,0.0,0.0
302,missense,YPD+IAA,-0.0925639912497326,-0.08793141424017752,-0.004632577009555078,False,4.0,0.0,2.0,0.0,0.5
400,synonymous,YPD+IAA,-0.07552526465767662,-0.08793141424017752,0.0124061495825009,False,2.0,0.0,1.0,0.0,0.5
301,synonymous,YPD+IAA,-0.12022638617147026,-0.08793141424017752,-0.03229497193129274,False,5.0,0.0,2.0,0.0,0.4
301,missense,YPD+IAA,-0.03238735326652644,-0.08793141424017752,0.055544060973651076,False,3.0,0.0,0.0,0.0,0.0
401,synonymous,YPD+IAA,-0.09301359849365318,-0.08793141424017752,-0.005082184253475661,False,3.0,0.0,1.0,0.0,0.3333333333333333
300,synonymous,YPD+IAA,-0.026583601941628544,-0.08793141424017752,0.06134781229854897,False,3.0,0.0,1.0,0.0,0.3333333333333333
300,missense,YPD+IAA,-0.10384230797334144,-0.08793141424017752,-0.015910893733163928,False,3.0,0.0,2.0,0.0,0.6666666666666666
402,missense,YPD+IAA,-0.1687151092516147,-0.08793141424017752,-0.08078369501143719,False,10.0,1.0,3.0,0.1,0.3
266,missense,YPD+IAA,-0.10769652244253496,-0.08793141424017752,-0.01976510820235744,False,6.0,0.0,4.0,0.0,0.6666666666666666
161,missense,YPD+IAA,-0.06487454329847811,-0.08793141424017752,0.023056870941699406,False,11.0,1.0,4.0,0.09090909090909091,0.36363636363636365
183,missense,YPD+IAA,-0.09761223935365146,-0.08793141424017752,-0.009680825113473943,False,11.0,1.0,5.0,0.09090909090909091,0.45454545454545453
368,missense,YPD+IAA,-0.4022862406055494,-0.08793141424017752,-0.3143548263653719,False,5.0,2.0,3.0,0.4,0.6
91,synonymous,YPD+IAA,-0.05834851320388155,-0.08793141424017752,0.029582901036295968,False,2.0,0.0,1.0,0.0,0.5
508,missense,YPD+IAA,0.041369457735592974,-0.08793141424017752,0.1293008719757705,False,2.0,0.0,1.0,0.0,0.5
92,missense,YPD+IAA,-0.07942662970935785,-0.08793141424017752,0.008504784530819667,False,2.0,0.0,1.0,0.0,0.5
558,synonymous,YPD+IAA,-0.09361704510622454,-0.08793141424017752,-0.005685630866047023,False,6.0,0.0,2.0,0.0,0.3333333333333333
92,synonymous,YPD+IAA,-0.2761727674322291,-0.08793141424017752,-0.1882413531920516,False,3.0,1.0,2.0,0.3333333333333333,0.6666666666666666
507,synonymous,YPD+IAA,-0.04548563684541703,-0.08793141424017752,0.042445777394760485,False,1.0,0.0,0.0,0.0,0.0
34,synonymous,YPD+IAA,-0.13943477785104633,-0.08793141424017752,-0.05150336361086881,False,3.0,0.0,2.0,0.0,0.6666666666666666
93,missense,YPD+IAA,-1.0539918876569583,-0.08793141424017752,-0.9660604734167808,False,5.0,1.0,1.0,0.2,0.2
93,synonymous,YPD+IAA,-0.3613240140236301,-0.08793141424017752,-0.2733925997834526,False,1.0,0.0,1.0,0.0,1.0
34,missense,YPD+IAA,-0.03903229851533136,-0.08793141424017752,0.048899115724846155,False,5.0,1.0,2.0,0.2,0.4
507,missense,YPD+IAA,-0.051649203903552585,-0.08793141424017752,0.03628221033662493,False,3.0,0.0,0.0,0.0,0.0
94,missense,YPD+IAA,-0.04113085084419481,-0.08793141424017752,0.04680056339598271,False,3.0,0.0,1.0,0.0,0.3333333333333333
35,missense,YPD+IAA,-0.08708844048966105,-0.08793141424017752,0.0008429737505164653,False,6.0,0.0,3.0,0.0,0.5
559,missense,YPD+IAA,-0.23718760674433517,-0.08793141424017752,-0.14925619250415767,False,4.0,0.0,2.0,0.0,0.5
506,synonymous,YPD+IAA,-0.7740131198532135,-0.08793141424017752,-0.686081705613036,False,1.0,0.0,0.0,0.0,0.0
95,missense,YPD+IAA,-0.0366060142738138,-0.08793141424017752,0.05132539996636372,False,3.0,0.0,0.0,0.0,0.0
33,synonymous,YPD+IAA,-0.06154082730677907,-0.08793141424017752,0.02639058693339845,False,10.0,1.0,3.0,0.1,0.3
95,synonymous,YPD+IAA,-0.10969210709563015,-0.08793141424017752,-0.021760692855452637,False,11.0,2.0,6.0,0.18181818181818182,0.5454545454545454
506,missense,YPD+IAA,-0.035137500397676734,-0.08793141424017752,0.05279391384250078,False,2.0,0.0,0.0,0.0,0.0
96,missense,YPD+IAA,-0.0521872155280702,-0.08793141424017752,0.035744198712107315,False,8.0,0.0,4.0,0.0,0.5
33,missense,YPD+IAA,-0.11282100599334656,-0.08793141424017752,-0.024889591753169044,False,8.0,0.0,5.0,0.0,0.625
96,synonymous,YPD+IAA,-0.04766354553203511,-0.08793141424017752,0.040267868708142404,False,5.0,1.0,1.0,0.2,0.2
559,synonymous,YPD+IAA,-0.13285954988379362,-0.08793141424017752,-0.0449281356436161,False,4.0,1.0,2.0,0.25,0.5
505,synonymous,YPD+IAA,-0.12306518757062737,-0.08793141424017752,-0.035133773330449855,False,3.0,0.0,3.0,0.0,1.0
97,missense,YPD+IAA,-0.10006469729647531,-0.08793141424017752,-0.012133283056297794,False,7.0,0.0,2.0,0.0,0.2857142857142857
32,synonymous,YPD+IAA,-0.1131574124189755,-0.08793141424017752,-0.02522599817879799,False,2.0,0.0,0.0,0.0,0.0
94,synonymous,YPD+IAA,-0.04487135992358808,-0.08793141424017752,0.043060054316589436,False,13.0,4.0,6.0,0.3076923076923077,0.46153846153846156
97,synonymous,YPD+IAA,-0.059732683158734604,-0.08793141424017752,0.028198731081442913,False,14.0,2.0,3.0,0.14285714285714285,0.21428571428571427
91,missense,YPD+IAA,-0.030952189127084535,-0.08793141424017752,0.05697922511309298,False,3.0,0.0,1.0,0.0,0.3333333333333333
90,synonymous,YPD+IAA,-0.24694122930586154,-0.08793141424017752,-0.159009815065684,False,5.0,0.0,3.0,0.0,0.6
474,missense,YPD+IAA,-0.030502220551861185,-0.08793141424017752,0.05742919368831633,False,1.0,0.0,0.0,0.0,0.0
513,missense,YPD+IAA,-0.035031863450728395,-0.08793141424017752,0.05289955078944912,False,2.0,0.0,0.0,0.0,0.0
85,missense,YPD+IAA,-2.6804497247931023,-0.08793141424017752,-2.592518310552925,True,1.0,1.0,1.0,1.0,1.0
557,missense,YPD+IAA,-0.062334345985351744,-0.08793141424017752,0.025597068254825772,False,6.0,0.0,2.0,0.0,0.3333333333333333
85,synonymous,YPD+IAA,-0.0666240785581961,-0.08793141424017752,0.021307335681981412,False,3.0,0.0,0.0,0.0,0.0
512,missense,YPD+IAA,-0.04318199403370378,-0.08793141424017752,0.04474942020647374,False,1.0,0.0,0.0,0.0,0.0
86,missense,YPD+IAA,-0.13809180065805945,-0.08793141424017752,-0.05016038641788194,False,3.0,0.0,2.0,0.0,0.6666666666666666
39,missense,YPD+IAA,-0.053089421336566876,-0.08793141424017752,0.03484199290361064,False,5.0,0.0,1.0,0.0,0.2
86,synonymous,YPD+IAA,-0.217749111788474,-0.08793141424017752,-0.12981769754829647,False,2.0,0.0,2.0,0.0,1.0
511,missense,YPD+IAA,-0.12714054590744261,-0.08793141424017752,-0.0392091316672651,False,3.0,1.0,2.0,0.3333333333333333,0.6666666666666666
38,synonymous,YPD+IAA,-0.10911516916942365,-0.08793141424017752,-0.021183754929246137,False,9.0,3.0,4.0,0.3333333333333333,0.4444444444444444
87,missense,YPD+IAA,-0.0476206302575364,-0.08793141424017752,0.04031078398264112,False,2.0,0.0,0.0,0.0,0.0
509,missense,YPD+IAA,-0.04906393026935543,-0.08793141424017752,0.038867483970822084,False,6.0,0.0,1.0,0.0,0.16666666666666666
87,synonymous,YPD+IAA,-0.33266831195344665,-0.08793141424017752,-0.24473689771326912,False,6.0,1.0,1.0,0.16666666666666666,0.16666666666666666
510,synonymous,YPD+IAA,-0.009414159447479078,-0.08793141424017752,0.07851725479269844,False,2.0,0.0,0.0,0.0,0.0
88,missense,YPD+IAA,-0.012939314417294772,-0.08793141424017752,0.07499209982288274,False,2.0,0.0,0.0,0.0,0.0
37,missense,YPD+IAA,-0.09182723128839977,-0.08793141424017752,-0.0038958170482222554,False,6.0,0.0,3.0,0.0,0.5
88,synonymous,YPD+IAA,-0.04086646998451112,-0.08793141424017752,0.047064944255666395,False,5.0,0.0,2.0,0.0,0.4
510,missense,YPD+IAA,-0.0249712809262432,-0.08793141424017752,0.06296013331393432,False,3.0,0.0,0.0,0.0,0.0
89,missense,YPD+IAA,-0.07363792172069694,-0.08793141424017752,0.014293492519480575,False,5.0,1.0,3.0,0.2,0.6
36,missense,YPD+IAA,-0.0387597980113835,-0.08793141424017752,0.04917161622879401,False,3.0,0.0,0.0,0.0,0.0
89,synonymous,YPD+IAA,-2.2732234445590365,-0.08793141424017752,-2.185292030318859,True,1.0,1.0,1.0,1.0,1.0
509,synonymous,YPD+IAA,-0.09327382427866711,-0.08793141424017752,-0.005342410038489592,False,3.0,0.0,1.0,0.0,0.3333333333333333
558,missense,YPD+IAA,-0.14898855663603122,-0.08793141424017752,-0.061057142395853706,False,7.0,1.0,3.0,0.14285714285714285,0.42857142857142855
90,missense,YPD+IAA,-0.27064412634839574,-0.08793141424017752,-0.1827127121082182,False,3.0,0.0,2.0,0.0,0.6666666666666666
35,synonymous,YPD+IAA,-0.03275597297738547,-0.08793141424017752,0.055175441262792044,False,1.0,0.0,0.0,0.0,0.0
557,synonymous,YPD+IAA,-0.10548441253212765,-0.08793141424017752,-0.01755299829195013,False,5.0,0.0,2.0,0.0,0.4
84,synonymous,YPD+IAA,-0.22117903285708057,-0.08793141424017752,-0.13324761861690304,False,4.0,1.0,1.0,0.25,0.25
505,missense,YPD+IAA,-0.037715027392502355,-0.08793141424017752,0.05021638684767516,False,5.0,0.0,1.0,0.0,0.2
32,missense,YPD+IAA,-0.19677439388944698,-0.08793141424017752,-0.10884297964926946,False,5.0,0.0,2.0,0.0,0.4
106,synonymous,YPD+IAA,-0.4084463539317583,-0.08793141424017752,-0.3205149396915808,False,3.0,0.0,2.0,0.0,0.6666666666666666
561,synonymous,YPD+IAA,-0.06511783846383182,-0.08793141424017752,0.0228135757763457,False,4.0,1.0,3.0,0.25,0.75
501,missense,YPD+IAA,-0.09098701214711719,-0.08793141424017752,-0.0030555979069396694,False,8.0,1.0,5.0,0.125,0.625
107,missense,YPD+IAA,-0.406756559769323,-0.08793141424017752,-0.3188251455291455,False,1.0,0.0,0.0,0.0,0.0
27,synonymous,YPD+IAA,-0.052936643132714636,-0.08793141424017752,0.03499477110746288,False,4.0,0.0,2.0,0.0,0.5
54,synonymous,YPD+IAA,-0.04362109207640166,-0.08793141424017752,0.04431032216377585,False,6.0,0.0,1.0,0.0,0.16666666666666666
500,synonymous,YPD+IAA,-0.13260300332017527,-0.08793141424017752,-0.044671589079997756,False,4.0,0.0,1.0,0.0,0.25
108,missense,YPD+IAA,-0.23186131635347737,-0.08793141424017752,-0.14392990211329987,False,1.0,1.0,1.0,1.0,1.0
27,missense,YPD+IAA,-0.3171557299117539,-0.08793141424017752,-0.22922431567157636,False,5.0,1.0,5.0,0.2,1.0
109,missense,YPD+IAA,-0.03729128051282251,-0.08793141424017752,0.050640133727355006,False,1.0,0.0,0.0,0.0,0.0
500,missense,YPD+IAA,-0.029939903041919215,-0.08793141424017752,0.0579915111982583,False,4.0,0.0,1.0,0.0,0.25
110,synonymous,YPD+IAA,-0.3400314579868618,-0.08793141424017752,-0.25210004374668427,False,1.0,0.0,1.0,0.0,1.0
28,missense,YPD+IAA,-0.023493059685192372,-0.08793141424017752,0.06443835455498514,False,3.0,0.0,0.0,0.0,0.0
562,missense,YPD+IAA,-0.1966299036398397,-0.08793141424017752,-0.10869848939966219,False,2.0,0.0,2.0,0.0,1.0
26,synonymous,YPD+IAA,-0.12111124174035115,-0.08793141424017752,-0.033179827500173634,False,4.0,0.0,1.0,0.0,0.25
499,synonymous,YPD+IAA,-0.09349633596627899,-0.08793141424017752,-0.005564921726101471,False,4.0,0.0,3.0,0.0,0.75
112,missense,YPD+IAA,-0.18554792783765386,-0.08793141424017752,-0.09761651359747635,False,3.0,0.0,2.0,0.0,0.6666666666666666
112,synonymous,YPD+IAA,-0.23247090721380015,-0.08793141424017752,-0.14453949297362262,False,3.0,0.0,2.0,0.0,0.6666666666666666
499,missense,YPD+IAA,-0.08891333720092627,-0.08793141424017752,-0.0009819229607487545,False,5.0,1.0,3.0,0.2,0.6
113,missense,YPD+IAA,-0.6763149492087932,-0.08793141424017752,-0.5883835349686157,False,1.0,0.0,1.0,0.0,1.0
26,missense,YPD+IAA,-0.2705528810141717,-0.08793141424017752,-0.18262146677399416,False,7.0,2.0,5.0,0.2857142857142857,0.7142857142857143
562,synonymous,YPD+IAA,-0.03965182133969562,-0.08793141424017752,0.048279592900481894,False,3.0,0.0,1.0,0.0,0.3333333333333333
113,synonymous,YPD+IAA,-0.04692372357619437,-0.08793141424017752,0.041007690663983146,False,5.0,0.0,1.0,0.0,0.2
498,synonymous,YPD+IAA,-0.15457783262638358,-0.08793141424017752,-0.06664641838620607,False,2.0,1.0,2.0,0.5,1.0
25,synonymous,YPD+IAA,-0.03968710340517605,-0.08793141424017752,0.04824431083500147,False,1.0,0.0,0.0,0.0,0.0
114,synonymous,YPD+IAA,-0.060658774794243746,-0.08793141424017752,0.02727263944593377,False,2.0,0.0,1.0,0.0,0.5
111,synonymous,YPD+IAA,-0.019067988870970286,-0.08793141424017752,0.06886342536920723,False,1.0,0.0,0.0,0.0,0.0
98,missense,YPD+IAA,-0.10815326837368014,-0.08793141424017752,-0.020221854133502623,False,19.0,6.0,11.0,0.3157894736842105,0.5789473684210527
106,missense,YPD+IAA,-0.39954926460533813,-0.08793141424017752,-0.3116178503651606,False,1.0,0.0,1.0,0.0,1.0
105,synonymous,YPD+IAA,-0.17764871113058575,-0.08793141424017752,-0.08971729689040824,False,3.0,1.0,1.0,0.3333333333333333,0.3333333333333333
98,synonymous,YPD+IAA,-0.1507839714384067,-0.08793141424017752,-0.06285255719822917,False,17.0,3.0,10.0,0.17647058823529413,0.5882352941176471
504,synonymous,YPD+IAA,-0.029368909024175733,-0.08793141424017752,0.05856250521600179,False,3.0,0.0,0.0,0.0,0.0
560,missense,YPD+IAA,-0.2564399291169094,-0.08793141424017752,-0.16850851487673185,False,5.0,2.0,2.0,0.4,0.4
99,missense,YPD+IAA,-0.06087287083054716,-0.08793141424017752,0.027058543409630355,False,6.0,0.0,4.0,0.0,0.6666666666666666
100,missense,YPD+IAA,-0.06875029334829193,-0.08793141424017752,0.01918112089188559,False,1.0,0.0,0.0,0.0,0.0
31,synonymous,YPD+IAA,-0.052301852805199424,-0.08793141424017752,0.03562956143497809,False,9.0,0.0,3.0,0.0,0.3333333333333333
504,missense,YPD+IAA,-0.07375080877161361,-0.08793141424017752,0.014180605468563909,False,14.0,2.0,7.0,0.14285714285714285,0.5
100,synonymous,YPD+IAA,-0.1737103653366669,-0.08793141424017752,-0.08577895109648938,False,6.0,1.0,3.0,0.16666666666666666,0.5
31,missense,YPD+IAA,-0.005056030140862798,-0.08793141424017752,0.08287538409931472,False,2.0,0.0,0.0,0.0,0.0
101,missense,YPD+IAA,-0.11145102503944782,-0.08793141424017752,-0.0235196107992703,False,5.0,0.0,1.0,0.0,0.2
503,synonymous,YPD+IAA,-0.039256739318631266,-0.08793141424017752,0.04867467492154625,False,2.0,0.0,0.0,0.0,0.0
102,missense,YPD+IAA,-0.3644787879103823,-0.08793141424017752,-0.27654737367020477,False,1.0,0.0,0.0,0.0,0.0
501,synonymous,YPD+IAA,-0.2063539034021412,-0.08793141424017752,-0.11842248916196367,False,3.0,0.0,3.0,0.0,1.0
560,synonymous,YPD+IAA,-0.08673263358887437,-0.08793141424017752,0.0011987806513031468,False,4.0,0.0,1.0,0.0,0.25
503,missense,YPD+IAA,-0.22934731394286556,-0.08793141424017752,-0.14141589970268803,False,6.0,1.0,2.0,0.16666666666666666,0.3333333333333333
30,missense,YPD+IAA,-0.07531694441441995,-0.08793141424017752,0.012614469825757563,False,3.0,1.0,2.0,0.3333333333333333,0.6666666666666666
103,missense,YPD+IAA,-0.1239431128063789,-0.08793141424017752,-0.036011698566201386,False,5.0,1.0,3.0,0.2,0.6
103,synonymous,YPD+IAA,-0.09124311080851646,-0.08793141424017752,-0.003311696568338948,False,1.0,0.0,1.0,0.0,1.0
502,synonymous,YPD+IAA,-0.12099007548985355,-0.08793141424017752,-0.03305866124967603,False,12.0,2.0,9.0,0.16666666666666666,0.75
104,missense,YPD+IAA,-0.09131065711627713,-0.08793141424017752,-0.003379242876099614,False,5.0,0.0,2.0,0.0,0.4
29,synonymous,YPD+IAA,-0.0883215041004591,-0.08793141424017752,-0.0003900898602815783,False,6.0,0.0,3.0,0.0,0.5
561,missense,YPD+IAA,-0.10544382536139131,-0.08793141424017752,-0.017512411121213795,False,10.0,1.0,4.0,0.1,0.4
104,synonymous,YPD+IAA,-0.04860405296053319,-0.08793141424017752,0.03932736127964433,False,6.0,0.0,2.0,0.0,0.3333333333333333
502,missense,YPD+IAA,-0.1370184879105317,-0.08793141424017752,-0.049087073670354184,False,5.0,1.0,2.0,0.2,0.4
105,missense,YPD+IAA,0.0844750282705185,-0.08793141424017752,0.17240644251069603,False,1.0,0.0,0.0,0.0,0.0
29,missense,YPD+IAA,-0.06784983351722611,-0.08793141424017752,0.02008158072295141,False,5.0,0.0,3.0,0.0,0.6
102,synonymous,YPD+IAA,-0.05185170140048648,-0.08793141424017752,0.03607971283969104,False,3.0,0.0,1.0,0.0,0.3333333333333333
115,missense,YPD+IAA,-0.18936500262390618,-0.08793141424017752,-0.10143358838372867,False,9.0,0.0,7.0,0.0,0.7777777777777778
39,synonymous,YPD+IAA,-0.23978278807796014,-0.08793141424017752,-0.15185137383778263,False,9.0,1.0,6.0,0.1111111111111111,0.6666666666666666
518,missense,YPD+IAA,-0.03615108759384638,-0.08793141424017752,0.051780326646331136,False,3.0,0.0,0.0,0.0,0.0
531,synonymous,YPD+IAA,-0.3635687547969174,-0.08793141424017752,-0.2756373405567399,False,2.0,1.0,2.0,0.5,1.0
552,missense,YPD+IAA,-0.04895163267400629,-0.08793141424017752,0.038979781566171226,False,5.0,1.0,1.0,0.2,0.2
62,missense,YPD+IAA,-0.03089375484298798,-0.08793141424017752,0.057037659397189536,False,5.0,0.0,1.0,0.0,0.2
62,synonymous,YPD+IAA,-0.030701185088185937,-0.08793141424017752,0.05723022915199158,False,2.0,0.0,0.0,0.0,0.0
50,synonymous,YPD+IAA,-0.34096176926413113,-0.08793141424017752,-0.2530303550239536,False,1.0,0.0,1.0,0.0,1.0
531,missense,YPD+IAA,-0.031918270313652006,-0.08793141424017752,0.05601314392652551,False,6.0,0.0,0.0,0.0,0.0
63,missense,YPD+IAA,-0.05272296476922785,-0.08793141424017752,0.035208449470949664,False,6.0,0.0,2.0,0.0,0.3333333333333333
50,PTC,YPD+IAA,-0.008140466777891158,-0.08793141424017752,0.07979094746228636,False,1.0,0.0,0.0,0.0,0.0
63,synonymous,YPD+IAA,-0.03987445709317671,-0.08793141424017752,0.048056957147000805,False,4.0,0.0,0.0,0.0,0.0
530,synonymous,YPD+IAA,-0.08871831415698159,-0.08793141424017752,-0.0007868999168040708,False,7.0,1.0,3.0,0.14285714285714285,0.42857142857142855
64,missense,YPD+IAA,-0.041915771894459594,-0.08793141424017752,0.04601564234571792,False,8.0,0.0,2.0,0.0,0.25
552,synonymous,YPD+IAA,-0.10680383743265309,-0.08793141424017752,-0.018872423192475576,False,9.0,1.0,6.0,0.1111111111111111,0.6666666666666666
61,synonymous,YPD+IAA,-0.03903071443185557,-0.08793141424017752,0.04890069980832194,False,1.0,0.0,0.0,0.0,0.0
64,synonymous,YPD+IAA,-0.039316741113425396,-0.08793141424017752,0.04861467312675212,False,3.0,0.0,1.0,0.0,0.3333333333333333
49,synonymous,YPD+IAA,-0.020983763228218842,-0.08793141424017752,0.06694765101195868,False,3.0,0.0,0.0,0.0,0.0
65,missense,YPD+IAA,-0.048347100189392304,-0.08793141424017752,0.03958431405078521,False,9.0,1.0,4.0,0.1111111111111111,0.4444444444444444
65,synonymous,YPD+IAA,-0.22484729876442636,-0.08793141424017752,-0.13691588452424885,False,12.0,1.0,7.0,0.08333333333333333,0.5833333333333334
529,synonymous,YPD+IAA,-0.09026559847290416,-0.08793141424017752,-0.0023341842327266465,False,1.0,0.0,1.0,0.0,1.0
66,missense,YPD+IAA,-0.15958871185794596,-0.08793141424017752,-0.07165729761776844,False,2.0,0.0,1.0,0.0,0.5
49,missense,YPD+IAA,-0.027772730216154055,-0.08793141424017752,0.06015868402402346,False,1.0,0.0,0.0,0.0,0.0
553,missense,YPD+IAA,-0.07568132970646979,-0.08793141424017752,0.012250084533707725,False,5.0,1.0,2.0,0.2,0.4
66,synonymous,YPD+IAA,-0.03798165428777025,-0.08793141424017752,0.04994975995240727,False,6.0,0.0,0.0,0.0,0.0
529,missense,YPD+IAA,-0.055169025412261055,-0.08793141424017752,0.03276238882791646,False,7.0,0.0,1.0,0.0,0.14285714285714285
67,missense,YPD+IAA,-0.20171138433326524,-0.08793141424017752,-0.11377997009308773,False,4.0,0.0,3.0,0.0,0.75
48,synonymous,YPD+IAA,-0.20114072369045638,-0.08793141424017752,-0.11320930945027886,False,2.0,0.0,1.0,0.0,0.5
67,synonymous,YPD+IAA,-0.06255498830651941,-0.08793141424017752,0.025376425933658103,False,4.0,0.0,2.0,0.0,0.5
530,missense,YPD+IAA,-0.06883426293602896,-0.08793141424017752,0.01909715130414856,False,5.0,0.0,3.0,0.0,0.6
528,synonymous,YPD+IAA,-0.024280301785469662,-0.08793141424017752,0.06365111245470785,False,2.0,0.0,0.0,0.0,0.0
51,missense,YPD+IAA,-0.09697095683042621,-0.08793141424017752,-0.009039542590248695,False,2.0,0.0,1.0,0.0,0.5
541,synonymous,YPD+IAA,-0.04097033007760369,-0.08793141424017752,0.04696108416257383,False,1.0,0.0,0.0,0.0,0.0
545,synonymous,YPD+IAA,-0.10665172608658693,-0.08793141424017752,-0.018720311846409418,False,3.0,0.0,1.0,0.0,0.3333333333333333
55,missense,YPD+IAA,-0.08206202693326221,-0.08793141424017752,0.005869387306915302,False,6.0,1.0,3.0,0.16666666666666666,0.5
546,missense,YPD+IAA,-0.07787204134694203,-0.08793141424017752,0.010059372893235483,False,2.0,0.0,1.0,0.0,0.5
55,synonymous,YPD+IAA,-0.2038084188903069,-0.08793141424017752,-0.11587700465012939,False,3.0,1.0,2.0,0.3333333333333333,0.6666666666666666
545,missense,YPD+IAA,-0.04615126983766019,-0.08793141424017752,0.04178014440251732,False,2.0,0.0,1.0,0.0,0.5
53,synonymous,YPD+IAA,-0.05986880066600645,-0.08793141424017752,0.028062613574171065,False,5.0,1.0,3.0,0.2,0.6
56,missense,YPD+IAA,-0.06096906967403785,-0.08793141424017752,0.02696234456613967,False,5.0,0.0,1.0,0.0,0.2
56,synonymous,YPD+IAA,-0.06606517113889773,-0.08793141424017752,0.021866243101279784,False,8.0,0.0,4.0,0.0,0.5
53,missense,YPD+IAA,-0.3190852194447555,-0.08793141424017752,-0.23115380520457796,False,4.0,2.0,4.0,0.5,1.0
544,missense,YPD+IAA,-0.453268468260409,-0.08793141424017752,-0.3653370540202315,False,2.0,0.0,1.0,0.0,0.5
57,missense,YPD+IAA,-0.0539021585988788,-0.08793141424017752,0.03402925564129872,False,10.0,1.0,4.0,0.1,0.4
546,synonymous,YPD+IAA,-0.08288290045663288,-0.08793141424017752,0.005048513783544636,False,2.0,0.0,1.0,0.0,0.5
61,missense,YPD+IAA,-0.04938488506860922,-0.08793141424017752,0.0385465291715683,False,5.0,0.0,3.0,0.0,0.6
57,synonymous,YPD+IAA,-0.0925256865338841,-0.08793141424017752,-0.004594272293706583,False,13.0,0.0,5.0,0.0,0.38461538461538464
58,missense,YPD+IAA,-0.11151179804902447,-0.08793141424017752,-0.023580383808846958,False,5.0,2.0,2.0,0.4,0.4
52,synonymous,YPD+IAA,-0.09441482002060932,-0.08793141424017752,-0.0064834057804318,False,3.0,0.0,2.0,0.0,0.6666666666666666
58,synonymous,YPD+IAA,-0.10232387113281823,-0.08793141424017752,-0.01439245689264071,False,6.0,2.0,3.0,0.3333333333333333,0.5
543,missense,YPD+IAA,-0.204916526713216,-0.08793141424017752,-0.11698511247303849,False,1.0,0.0,0.0,0.0,0.0
59,missense,YPD+IAA,-0.04128754612495927,-0.08793141424017752,0.04664386811521824,False,8.0,0.0,2.0,0.0,0.25
52,missense,YPD+IAA,-0.10570660496419165,-0.08793141424017752,-0.017775190724014137,False,3.0,0.0,2.0,0.0,0.6666666666666666
59,synonymous,YPD+IAA,-0.051211155774149336,-0.08793141424017752,0.03672025846602818,False,6.0,0.0,1.0,0.0,0.16666666666666666
550,missense,YPD+IAA,-0.029432620896781992,-0.08793141424017752,0.05849879334339553,False,1.0,0.0,0.0,0.0,0.0
542,synonymous,YPD+IAA,-0.06903072394975263,-0.08793141424017752,0.01890069029042489,False,1.0,0.0,0.0,0.0,0.0
60,missense,YPD+IAA,-0.18721371105201462,-0.08793141424017752,-0.0992822968118371,False,8.0,1.0,5.0,0.125,0.625
51,synonymous,YPD+IAA,-0.013572921138494473,-0.08793141424017752,0.07435849310168305,False,2.0,0.0,0.0,0.0,0.0
60,synonymous,YPD+IAA,-0.12878451053448378,-0.08793141424017752,-0.040853096294306265,False,8.0,0.0,4.0,0.0,0.5
543,synonymous,YPD+IAA,-0.06023789981971127,-0.08793141424017752,0.027693514420466248,False,2.0,0.0,1.0,0.0,0.5
84,missense,YPD+IAA,-0.16542126307239613,-0.08793141424017752,-0.07748984883221861,False,3.0,0.0,2.0,0.0,0.6666666666666666
68,missense,YPD+IAA,-0.041964822622099385,-0.08793141424017752,0.04596659161807813,False,5.0,1.0,2.0,0.2,0.4
68,synonymous,YPD+IAA,-0.04503226242751183,-0.08793141424017752,0.04289915181266569,False,3.0,0.0,0.0,0.0,0.0
523,missense,YPD+IAA,-0.34449932099701996,-0.08793141424017752,-0.25656790675684243,False,1.0,0.0,1.0,0.0,1.0
555,missense,YPD+IAA,-0.06364022688691084,-0.08793141424017752,0.02429118735326667,False,6.0,1.0,2.0,0.16666666666666666,0.3333333333333333
78,missense,YPD+IAA,-0.04720359740808875,-0.08793141424017752,0.040727816832088766,False,2.0,0.0,1.0,0.0,0.5
78,synonymous,YPD+IAA,-0.02208202069791069,-0.08793141424017752,0.06584939354226682,False,3.0,0.0,1.0,0.0,0.3333333333333333
42,missense,YPD+IAA,-0.034761422325689,-0.08793141424017752,0.05316999191448852,False,4.0,0.0,0.0,0.0,0.0
522,synonymous,YPD+IAA,-0.02810691393569285,-0.08793141424017752,0.05982450030448466,False,4.0,0.0,0.0,0.0,0.0
79,missense,YPD+IAA,-0.0683529688986205,-0.08793141424017752,0.01957844534155702,False,4.0,0.0,2.0,0.0,0.5
41,synonymous,YPD+IAA,-0.11073412513897886,-0.08793141424017752,-0.022802710898801343,False,4.0,0.0,2.0,0.0,0.5
79,synonymous,YPD+IAA,-0.03821376773614296,-0.08793141424017752,0.049717646504034554,False,1.0,0.0,0.0,0.0,0.0
521,synonymous,YPD+IAA,-0.05501979339173272,-0.08793141424017752,0.032911620848444796,False,8.0,0.0,2.0,0.0,0.25
80,missense,YPD+IAA,-0.16602419081844694,-0.08793141424017752,-0.07809277657826942,False,7.0,1.0,3.0,0.14285714285714285,0.42857142857142855
555,synonymous,YPD+IAA,-0.04483325106239992,-0.08793141424017752,0.04309816317777759,False,6.0,1.0,2.0,0.16666666666666666,0.3333333333333333
77,missense,YPD+IAA,-0.06038033943252304,-0.08793141424017752,0.027551074807654473,False,6.0,1.0,2.0,0.16666666666666666,0.3333333333333333
80,synonymous,YPD+IAA,-0.10140191336689047,-0.08793141424017752,-0.013470499126712956,False,3.0,1.0,1.0,0.3333333333333333,0.3333333333333333
41,missense,YPD+IAA,-0.4260466900190373,-0.08793141424017752,-0.33811527577885975,False,2.0,1.0,1.0,0.5,0.5
81,missense,YPD+IAA,-0.03195876557368775,-0.08793141424017752,0.055972648666489766,False,1.0,0.0,0.0,0.0,0.0
81,synonymous,YPD+IAA,-0.1054137741246646,-0.08793141424017752,-0.017482359884487084,False,1.0,0.0,1.0,0.0,1.0
520,synonymous,YPD+IAA,-0.025351472021388648,-0.08793141424017752,0.06257994221878888,False,1.0,0.0,0.0,0.0,0.0
82,missense,YPD+IAA,-0.0539821721615865,-0.08793141424017752,0.03394924207859101,False,4.0,0.0,1.0,0.0,0.25
40,synonymous,YPD+IAA,-0.03391330013270115,-0.08793141424017752,0.05401811410747637,False,3.0,0.0,0.0,0.0,0.0
556,missense,YPD+IAA,-0.08067896765761927,-0.08793141424017752,0.007252446582558247,False,8.0,0.0,2.0,0.0,0.25
82,synonymous,YPD+IAA,-0.05270488630774224,-0.08793141424017752,0.035226527932435275,False,1.0,0.0,0.0,0.0,0.0
520,missense,YPD+IAA,-0.02563064123271489,-0.08793141424017752,0.062300773007462625,False,2.0,0.0,0.0,0.0,0.0
83,missense,YPD+IAA,-0.05114715698288162,-0.08793141424017752,0.036784257257295894,False,2.0,0.0,0.0,0.0,0.0
40,missense,YPD+IAA,-0.054490301261366336,-0.08793141424017752,0.03344111297881118,False,4.0,0.0,0.0,0.0,0.0
83,synonymous,YPD+IAA,-0.06014341091463855,-0.08793141424017752,0.02778800332553897,False,3.0,0.0,2.0,0.0,0.6666666666666666
521,missense,YPD+IAA,-0.058854652082235275,-0.08793141424017752,0.02907676215794224,False,3.0,1.0,1.0,0.3333333333333333,0.3333333333333333
48,missense,YPD+IAA,-0.04256296530939107,-0.08793141424017752,0.04536844893078645,False,1.0,0.0,0.0,0.0,0.0
42,synonymous,YPD+IAA,-0.19784984714084855,-0.08793141424017752,-0.10991843290067103,False,3.0,1.0,2.0,0.3333333333333333,0.6666666666666666
523,synonymous,YPD+IAA,-0.049618843079374184,-0.08793141424017752,0.03831257116080333,False,1.0,0.0,0.0,0.0,0.0
553,synonymous,YPD+IAA,-0.07852613034796693,-0.08793141424017752,0.009405283892210584,False,21.0,4.0,9.0,0.19047619047619047,0.42857142857142855
528,missense,YPD+IAA,-0.2956341921073738,-0.08793141424017752,-0.20770277786719626,False,1.0,0.0,1.0,0.0,1.0
69,missense,YPD+IAA,-0.09592946063424883,-0.08793141424017752,-0.007998046394071312,False,1.0,0.0,1.0,0.0,1.0
47,missense,YPD+IAA,-0.023299148119120813,-0.08793141424017752,0.0646322661210567,False,1.0,0.0,0.0,0.0,0.0
70,synonymous,YPD+IAA,-0.04107217691598183,-0.08793141424017752,0.04685923732419569,False,5.0,0.0,2.0,0.0,0.4
527,synonymous,YPD+IAA,-0.07880324125784667,-0.08793141424017752,0.009128172982330846,False,2.0,0.0,1.0,0.0,0.5
71,missense,YPD+IAA,-0.2081844368988283,-0.08793141424017752,-0.12025302265865077,False,2.0,1.0,1.0,0.5,0.5
45,missense,YPD+IAA,-2.5788033230975085,-0.08793141424017752,-2.490871908857331,True,1.0,1.0,1.0,1.0,1.0
71,synonymous,YPD+IAA,-0.12109992825928988,-0.08793141424017752,-0.03316851401911236,False,3.0,1.0,2.0,0.3333333333333333,0.6666666666666666
527,missense,YPD+IAA,-0.07029691576542178,-0.08793141424017752,0.017634498474755733,False,1.0,0.0,0.0,0.0,0.0
72,missense,YPD+IAA,-1.9943115048951074,-0.08793141424017752,-1.90638009065493,True,2.0,2.0,2.0,1.0,1.0
554,missense,YPD+IAA,-0.05072652776418435,-0.08793141424017752,0.03720488647599317,False,7.0,1.0,2.0,0.14285714285714285,0.2857142857142857
76,missense,YPD+IAA,-0.05068947063476871,-0.08793141424017752,0.037241943605408806,False,3.0,1.0,1.0,0.3333333333333333,0.3333333333333333
72,synonymous,YPD+IAA,-0.048728252197302334,-0.08793141424017752,0.03920316204287518,False,8.0,0.0,3.0,0.0,0.375
526,missense,YPD+IAA,-0.019565171129556004,-0.08793141424017752,0.0683662431106215,False,2.0,0.0,0.0,0.0,0.0
73,missense,YPD+IAA,-0.10280475193513926,-0.08793141424017752,-0.014873337694961741,False,5.0,1.0,1.0,0.2,0.2
73,synonymous,YPD+IAA,-0.08143681966056403,-0.08793141424017752,0.0064945945796134885,False,8.0,1.0,4.0,0.125,0.5
525,synonymous,YPD+IAA,-0.06071780537694741,-0.08793141424017752,0.027213608863230106,False,3.0,0.0,1.0,0.0,0.3333333333333333
74,missense,YPD+IAA,-0.048772625038669776,-0.08793141424017752,0.03915878920150774,False,5.0,0.0,1.0,0.0,0.2
43,synonymous,YPD+IAA,-0.05582210303844869,-0.08793141424017752,0.03210931120172883,False,1.0,0.0,0.0,0.0,0.0
554,synonymous,YPD+IAA,-0.03509738525621456,-0.08793141424017752,0.05283402898396296,False,4.0,0.0,1.0,0.0,0.25
74,synonymous,YPD+IAA,-0.05288410256740231,-0.08793141424017752,0.03504731167277521,False,4.0,1.0,1.0,0.25,0.25
525,missense,YPD+IAA,-0.01572679896532769,-0.08793141424017752,0.07220461527484982,False,1.0,0.0,0.0,0.0,0.0
43,missense,YPD+IAA,-0.031428941168940044,-0.08793141424017752,0.05650247307123747,False,3.0,1.0,1.0,0.3333333333333333,0.3333333333333333
75,missense,YPD+IAA,-0.06572996163904207,-0.08793141424017752,0.022201452601135443,False,3.0,1.0,2.0,0.3333333333333333,0.6666666666666666
75,synonymous,YPD+IAA,-0.3182544256401569,-0.08793141424017752,-0.23032301139997935,False,4.0,0.0,3.0,0.0,0.75
44,synonymous,YPD+IAA,-0.11501934390861733,-0.08793141424017752,-0.027087929668439814,False,2.0,0.0,1.0,0.0,0.5
497,synonymous,YPD+IAA,-0.02658098439115331,-0.08793141424017752,0.06135042984902421,False,3.0,0.0,1.0,0.0,0.3333333333333333
107,synonymous,YPD+IAA,-0.03573137768651797,-0.08793141424017752,0.05220003655365955,False,2.0,0.0,0.0,0.0,0.0
138,synonymous,YPD+IAA,-0.34676284418001546,-0.08793141424017752,-0.25883142993983793,False,4.0,2.0,4.0,0.5,1.0
483,synonymous,YPD+IAA,-0.03765209861973189,-0.08793141424017752,0.05027931562044562,False,4.0,1.0,1.0,0.25,0.25
569,synonymous,YPD+IAA,-0.038256834512311405,-0.08793141424017752,0.04967457972786611,False,2.0,0.0,0.0,0.0,0.0
142,missense,YPD+IAA,-0.07160330759889463,-0.08793141424017752,0.016328106641282883,False,9.0,1.0,4.0,0.1111111111111111,0.4444444444444444
13,synonymous,YPD+IAA,-0.08988345150421422,-0.08793141424017752,-0.001952037264036699,False,15.0,4.0,6.0,0.26666666666666666,0.4
142,synonymous,YPD+IAA,-0.06944716266431844,-0.08793141424017752,0.018484251575859076,False,8.0,1.0,3.0,0.125,0.375
483,missense,YPD+IAA,-0.03110761464865191,-0.08793141424017752,0.05682379959152561,False,3.0,0.0,1.0,0.0,0.3333333333333333
143,missense,YPD+IAA,-0.14126076094878406,-0.08793141424017752,-0.05332934670860655,False,6.0,1.0,4.0,0.16666666666666666,0.6666666666666666
13,missense,YPD+IAA,-0.05358334734386223,-0.08793141424017752,0.03434806689631529,False,6.0,0.0,2.0,0.0,0.3333333333333333
143,synonymous,YPD+IAA,-0.0910085258926709,-0.08793141424017752,-0.003077111652493386,False,5.0,0.0,3.0,0.0,0.6
482,synonymous,YPD+IAA,-0.06991080055901341,-0.08793141424017752,0.018020613681164102,False,6.0,1.0,2.0,0.16666666666666666,0.3333333333333333
144,missense,YPD+IAA,-0.07423344245589501,-0.08793141424017752,0.013697971784282503,False,15.0,0.0,6.0,0.0,0.4
572,synonymous,YPD+IAA,-0.08224472015890506,-0.08793141424017752,0.005686694081272453,False,1.0,0.0,0.0,0.0,0.0
141,synonymous,YPD+IAA,-0.18714194628546096,-0.08793141424017752,-0.09921053204528345,False,8.0,2.0,5.0,0.25,0.625
144,synonymous,YPD+IAA,-0.09960415600966921,-0.08793141424017752,-0.011672741769491693,False,16.0,4.0,9.0,0.25,0.5625
12,synonymous,YPD+IAA,-0.3114238127173367,-0.08793141424017752,-0.22349239847715918,False,5.0,0.0,4.0,0.0,0.8
145,missense,YPD+IAA,-0.05183627776506445,-0.08793141424017752,0.03609513647511307,False,12.0,0.0,5.0,0.0,0.4166666666666667
145,synonymous,YPD+IAA,-0.1332827777464387,-0.08793141424017752,-0.04535136350626119,False,12.0,4.0,6.0,0.3333333333333333,0.5
12,missense,YPD+IAA,-0.08899000926503126,-0.08793141424017752,-0.0010585950248537396,False,6.0,0.0,1.0,0.0,0.16666666666666666
481,synonymous,YPD+IAA,-0.11062805446513613,-0.08793141424017752,-0.02269664022495861,False,13.0,2.0,7.0,0.15384615384615385,0.5384615384615384
146,missense,YPD+IAA,-0.1004133433498407,-0.08793141424017752,-0.012481929109663184,False,20.0,2.0,10.0,0.1,0.5
575,missense,YPD+IAA,-0.07079175756035165,-0.08793141424017752,0.017139656679825865,False,1.0,0.0,0.0,0.0,0.0
146,synonymous,YPD+IAA,-0.08634829942783998,-0.08793141424017752,0.001583114812337541,False,14.0,2.0,5.0,0.14285714285714285,0.35714285714285715
481,missense,YPD+IAA,-0.1444552629881741,-0.08793141424017752,-0.05652384874799658,False,9.0,1.0,3.0,0.1111111111111111,0.3333333333333333
147,missense,YPD+IAA,-0.06415807580281768,-0.08793141424017752,0.023773338437359834,False,16.0,1.0,7.0,0.0625,0.4375
11,synonymous,YPD+IAA,-0.1015740452150276,-0.08793141424017752,-0.013642630974850078,False,11.0,2.0,5.0,0.18181818181818182,0.45454545454545453
147,synonymous,YPD+IAA,-0.04217675918414637,-0.08793141424017752,0.04575465505603114,False,4.0,0.0,1.0,0.0,0.25
482,missense,YPD+IAA,-0.1205521940442345,-0.08793141424017752,-0.03262077980405699,False,11.0,1.0,4.0,0.09090909090909091,0.36363636363636365
480,synonymous,YPD+IAA,-0.1912486460284336,-0.08793141424017752,-0.1033172317882561,False,11.0,1.0,5.0,0.09090909090909091,0.45454545454545453
14,missense,YPD+IAA,-0.1375944510996011,-0.08793141424017752,-0.049663036859423595,False,4.0,2.0,3.0,0.5,0.75
484,missense,YPD+IAA,-0.07105943995988985,-0.08793141424017752,0.016871974280287666,False,10.0,1.0,4.0,0.1,0.4
487,missense,YPD+IAA,-0.09104473222662125,-0.08793141424017752,-0.0031133179864437366,False,6.0,0.0,3.0,0.0,0.5
135,missense,YPD+IAA,-0.08353336434327191,-0.08793141424017752,0.0043980498969056064,False,12.0,2.0,8.0,0.16666666666666666,0.6666666666666666
567,synonymous,YPD+IAA,-0.3553955460319642,-0.08793141424017752,-0.2674641317917867,False,2.0,1.0,1.0,0.5,0.5
16,synonymous,YPD+IAA,-0.09710065394130395,-0.08793141424017752,-0.00916923970112643,False,6.0,1.0,4.0,0.16666666666666666,0.6666666666666666
135,synonymous,YPD+IAA,-0.12244742087437943,-0.08793141424017752,-0.034516006634201915,False,5.0,1.0,1.0,0.2,0.2
486,synonymous,YPD+IAA,-0.04567470911015061,-0.08793141424017752,0.042256705130026904,False,5.0,0.0,2.0,0.0,0.4
136,missense,YPD+IAA,-0.13467074162080458,-0.08793141424017752,-0.04673932738062707,False,9.0,1.0,6.0,0.1111111111111111,0.6666666666666666
136,synonymous,YPD+IAA,-0.06180798222699218,-0.08793141424017752,0.026123432013185337,False,1.0,0.0,1.0,0.0,1.0
16,missense,YPD+IAA,-0.16161074704998316,-0.08793141424017752,-0.07367933280980564,False,15.0,5.0,11.0,0.3333333333333333,0.7333333333333333
486,missense,YPD+IAA,-0.14250196381763977,-0.08793141424017752,-0.054570549577462255,False,3.0,0.0,2.0,0.0,0.6666666666666666
137,missense,YPD+IAA,-0.09422108301758209,-0.08793141424017752,-0.0062896687774045695,False,3.0,0.0,2.0,0.0,0.6666666666666666
568,missense,YPD+IAA,-0.06327310688564639,-0.08793141424017752,0.02465830735453113,False,3.0,0.0,1.0,0.0,0.3333333333333333
141,missense,YPD+IAA,-0.10206718371954308,-0.08793141424017752,-0.014135769479365567,False,11.0,2.0,4.0,0.18181818181818182,0.36363636363636365
137,synonymous,YPD+IAA,-0.050875268843792,-0.08793141424017752,0.03705614539638551,False,1.0,0.0,1.0,0.0,1.0
138,missense,YPD+IAA,-0.06394801940385601,-0.08793141424017752,0.023983394836321503,False,7.0,0.0,4.0,0.0,0.5714285714285714
15,synonymous,YPD+IAA,-0.44389489729584686,-0.08793141424017752,-0.3559634830556693,False,7.0,2.0,6.0,0.2857142857142857,0.8571428571428571
115,synonymous,YPD+IAA,-0.09437234899055807,-0.08793141424017752,-0.006440934750380559,False,5.0,1.0,3.0,0.2,0.6
485,missense,YPD+IAA,-0.07065211440313637,-0.08793141424017752,0.017279299837041143,False,13.0,3.0,5.0,0.23076923076923078,0.38461538461538464
15,missense,YPD+IAA,-0.1038660671325575,-0.08793141424017752,-0.015934652892379983,False,6.0,1.0,4.0,0.16666666666666666,0.6666666666666666
139,missense,YPD+IAA,-0.025404874879013554,-0.08793141424017752,0.06252653936116397,False,1.0,0.0,0.0,0.0,0.0
139,synonymous,YPD+IAA,-0.08344773673811838,-0.08793141424017752,0.004483677502059136,False,12.0,3.0,4.0,0.25,0.3333333333333333
569,missense,YPD+IAA,-0.95975834917516,-0.08793141424017752,-0.8718269349349825,False,1.0,0.0,1.0,0.0,1.0
484,synonymous,YPD+IAA,-0.04096483852130515,-0.08793141424017752,0.04696657571887237,False,4.0,0.0,2.0,0.0,0.5
140,missense,YPD+IAA,-0.14127493645295888,-0.08793141424017752,-0.053343522212781366,False,3.0,1.0,3.0,0.3333333333333333,1.0
14,synonymous,YPD+IAA,-0.12224279563530356,-0.08793141424017752,-0.034311381395126045,False,8.0,1.0,4.0,0.125,0.5
140,synonymous,YPD+IAA,-0.17550953818498927,-0.08793141424017752,-0.08757812394481175,False,3.0,1.0,2.0,0.3333333333333333,0.6666666666666666
485,synonymous,YPD+IAA,-0.0889084750432644,-0.08793141424017752,-0.0009770608030868905,False,18.0,2.0,7.0,0.1111111111111111,0.3888888888888889
148,missense,YPD+IAA,-0.09490100216552272,-0.08793141424017752,-0.0069695879253452026,False,12.0,3.0,4.0,0.25,0.3333333333333333
11,missense,YPD+IAA,-0.11567317044383527,-0.08793141424017752,-0.02774175620365775,False,11.0,1.0,4.0,0.09090909090909091,0.36363636363636365
148,synonymous,YPD+IAA,-0.11149191013394968,-0.08793141424017752,-0.023560495893772168,False,5.0,1.0,3.0,0.2,0.6
5,synonymous,YPD+IAA,-0.06704913309882214,-0.08793141424017752,0.020882281141355374,False,11.0,1.0,5.0,0.09090909090909091,0.45454545454545453
5,missense,YPD+IAA,-0.032121777471334274,-0.08793141424017752,0.05580963676884324,False,4.0,0.0,0.0,0.0,0.0
155,synonymous,YPD+IAA,-0.08251424985650062,-0.08793141424017752,0.005417164383676898,False,5.0,0.0,3.0,0.0,0.6
476,synonymous,YPD+IAA,-0.08741646557372965,-0.08793141424017752,0.0005149486664478703,False,5.0,1.0,2.0,0.2,0.4
156,missense,YPD+IAA,-0.10536191636359848,-0.08793141424017752,-0.01743050212342097,False,5.0,0.0,3.0,0.0,0.6
4,synonymous,YPD+IAA,-0.033496581466359136,-0.08793141424017752,0.05443483277381838,False,2.0,0.0,1.0,0.0,0.5
156,synonymous,YPD+IAA,-0.0740604619195836,-0.08793141424017752,0.013870952320593918,False,13.0,2.0,8.0,0.15384615384615385,0.6153846153846154
476,missense,YPD+IAA,-0.12277168688724517,-0.08793141424017752,-0.034840272647067655,False,4.0,1.0,3.0,0.25,0.75
4,missense,YPD+IAA,0.02157391244968435,-0.08793141424017752,0.10950532668986186,False,3.0,1.0,2.0,0.3333333333333333,0.6666666666666666
157,missense,YPD+IAA,-0.0627485288627318,-0.08793141424017752,0.025182885377445716,False,7.0,0.0,2.0,0.0,0.2857142857142857
3,synonymous,YPD+IAA,-0.08661548898845561,-0.08793141424017752,0.0013159252517219028,False,3.0,0.0,1.0,0.0,0.3333333333333333
157,synonymous,YPD+IAA,-0.23881431115487248,-0.08793141424017752,-0.15088289691469497,False,4.0,0.0,3.0,0.0,0.75
155,missense,YPD+IAA,-0.06128401805651989,-0.08793141424017752,0.026647396183657628,False,5.0,0.0,2.0,0.0,0.4
3,missense,YPD+IAA,-0.06825857914086844,-0.08793141424017752,0.019672835099309074,False,3.0,0.0,1.0,0.0,0.3333333333333333
158,missense,YPD+IAA,-0.07378095074934461,-0.08793141424017752,0.014150463490832904,False,5.0,0.0,2.0,0.0,0.4
2,synonymous,YPD+IAA,-0.12026647370667407,-0.08793141424017752,-0.03233505946649655,False,2.0,0.0,1.0,0.0,0.5
158,synonymous,YPD+IAA,-0.04803440790155702,-0.08793141424017752,0.0398970063386205,False,5.0,1.0,1.0,0.2,0.2
475,missense,YPD+IAA,-0.05047546520392834,-0.08793141424017752,0.03745594903624918,False,2.0,0.0,1.0,0.0,0.5
159,missense,YPD+IAA,-0.05725532879627982,-0.08793141424017752,0.030676085443897695,False,7.0,1.0,3.0,0.14285714285714285,0.42857142857142855
2,missense,YPD+IAA,-0.28401259837086945,-0.08793141424017752,-0.19608118413069192,False,3.0,1.0,1.0,0.3333333333333333,0.3333333333333333
1,synonymous,YPD+IAA,-0.0968148848384096,-0.08793141424017752,-0.00888347059823208,False,18.0,2.0,8.0,0.1111111111111111,0.4444444444444444
159,synonymous,YPD+IAA,-0.07194184961612392,-0.08793141424017752,0.015989564624053598,False,3.0,1.0,1.0,0.3333333333333333,0.3333333333333333
474,synonymous,YPD+IAA,-0.09707175150806577,-0.08793141424017752,-0.009140337267888252,False,2.0,0.0,1.0,0.0,0.5
160,missense,YPD+IAA,-0.03824058804686709,-0.08793141424017752,0.049690826193310424,False,8.0,0.0,1.0,0.0,0.125
1,PTC,YPD+IAA,-1.235623508875528,-0.08793141424017752,-1.1476920946353506,True,4.0,2.0,2.0,0.5,0.5
160,synonymous,YPD+IAA,-0.22741663144340904,-0.08793141424017752,-0.13948521720323154,False,4.0,2.0,3.0,0.5,0.75
475,synonymous,YPD+IAA,-0.16340155704983367,-0.08793141424017752,-0.07547014280965615,False,5.0,0.0,2.0,0.0,0.4
477,missense,YPD+IAA,-0.07043695953491902,-0.08793141424017752,0.017494454705258497,False,10.0,1.0,4.0,0.1,0.4
154,synonymous,YPD+IAA,-0.1950455404873128,-0.08793141424017752,-0.10711412624713527,False,4.0,1.0,2.0,0.25,0.5
6,missense,YPD+IAA,-0.03676625036083467,-0.08793141424017752,0.05116516387934285,False,3.0,0.0,1.0,0.0,0.3333333333333333
575,synonymous,YPD+IAA,0.25040812291057885,-0.08793141424017752,0.3383395371507564,False,1.0,0.0,0.0,0.0,0.0
480,missense,YPD+IAA,-0.06297078877361324,-0.08793141424017752,0.024960625466564274,False,6.0,0.0,2.0,0.0,0.3333333333333333
149,missense,YPD+IAA,-0.36705551240205647,-0.08793141424017752,-0.27912409816187894,False,14.0,3.0,11.0,0.21428571428571427,0.7857142857142857
10,synonymous,YPD+IAA,-0.047384564905715715,-0.08793141424017752,0.0405468493344618,False,13.0,1.0,3.0,0.07692307692307693,0.23076923076923078
149,synonymous,YPD+IAA,-0.05786378423291893,-0.08793141424017752,0.030067630007258588,False,21.0,3.0,10.0,0.14285714285714285,0.47619047619047616
479,synonymous,YPD+IAA,-0.12537100522818154,-0.08793141424017752,-0.03743959098800402,False,11.0,1.0,6.0,0.09090909090909091,0.5454545454545454
150,missense,YPD+IAA,-0.10412741713074986,-0.08793141424017752,-0.01619600289057234,False,15.0,1.0,9.0,0.06666666666666667,0.6
10,missense,YPD+IAA,-0.20278762882163906,-0.08793141424017752,-0.11485621458146154,False,8.0,3.0,5.0,0.375,0.625
9,synonymous,YPD+IAA,-0.2645520966611218,-0.08793141424017752,-0.17662068242094425,False,5.0,0.0,4.0,0.0,0.8
150,synonymous,YPD+IAA,-0.17674389676095592,-0.08793141424017752,-0.0888124825207784,False,3.0,0.0,1.0,0.0,0.3333333333333333
479,missense,YPD+IAA,-0.2862462288016237,-0.08793141424017752,-0.19831481456144617,False,1.0,0.0,0.0,0.0,0.0
9,missense,YPD+IAA,-0.04695437523097492,-0.08793141424017752,0.0409770390092026,False,1.0,0.0,0.0,0.0,0.0
151,missense,YPD+IAA,-0.07472351645023562,-0.08793141424017752,0.0132078977899419,False,6.0,1.0,3.0,0.16666666666666666,0.5
151,synonymous,YPD+IAA,-0.035476383881805316,-0.08793141424017752,0.0524550303583722,False,3.0,0.0,0.0,0.0,0.0
8,synonymous,YPD+IAA,-0.13834773840166142,-0.08793141424017752,-0.05041632416148391,False,8.0,1.0,4.0,0.125,0.5
478,synonymous,YPD+IAA,-0.11844851626707985,-0.08793141424017752,-0.030517102026902332,False,9.0,3.0,4.0,0.3333333333333333,0.4444444444444444
152,missense,YPD+IAA,-0.17222012492468539,-0.08793141424017752,-0.08428871068450787,False,7.0,3.0,5.0,0.42857142857142855,0.7142857142857143
8,missense,YPD+IAA,-0.03244865873201938,-0.08793141424017752,0.055482755508158135,False,5.0,0.0,0.0,0.0,0.0
7,synonymous,YPD+IAA,-0.21118204346868905,-0.08793141424017752,-0.12325062922851153,False,3.0,0.0,2.0,0.0,0.6666666666666666
152,synonymous,YPD+IAA,-0.45593105422073343,-0.08793141424017752,-0.3679996399805559,False,2.0,1.0,2.0,0.5,1.0
478,missense,YPD+IAA,-0.16571597567016916,-0.08793141424017752,-0.07778456142999164,False,6.0,0.0,3.0,0.0,0.5
153,missense,YPD+IAA,-0.030249556712379614,-0.08793141424017752,0.057681857527797906,False,4.0,0.0,1.0,0.0,0.25
7,missense,YPD+IAA,-0.09691391240687604,-0.08793141424017752,-0.008982498166698522,False,5.0,1.0,1.0,0.2,0.2
153,synonymous,YPD+IAA,-0.14394227541933446,-0.08793141424017752,-0.05601086117915695,False,7.0,1.0,3.0,0.14285714285714285,0.42857142857142855
477,synonymous,YPD+IAA,-0.027986864402670057,-0.08793141424017752,0.05994454983750746,False,5.0,0.0,0.0,0.0,0.0
6,synonymous,YPD+IAA,-0.1698342448324963,-0.08793141424017752,-0.08190283059231877,False,4.0,1.0,2.0,0.25,0.5
154,missense,YPD+IAA,-0.1764844231773652,-0.08793141424017752,-0.08855300893718769,False,3.0,0.0,2.0,0.0,0.6666666666666666
134,synonymous,YPD+IAA,-0.06342666664347957,-0.08793141424017752,0.02450474759669795,False,15.0,1.0,6.0,0.06666666666666667,0.4
17,missense,YPD+IAA,-0.05649640274132402,-0.08793141424017752,0.0314350114988535,False,8.0,0.0,2.0,0.0,0.25
54,missense,YPD+IAA,-0.12328111828742609,-0.08793141424017752,-0.035349704047248576,False,8.0,0.0,3.0,0.0,0.375
128,synonymous,YPD+IAA,-0.09919216184932798,-0.08793141424017752,-0.011260747609150468,False,22.0,4.0,11.0,0.18181818181818182,0.5
120,missense,YPD+IAA,-0.10028720344789571,-0.08793141424017752,-0.012355789207718196,False,5.0,1.0,2.0,0.2,0.4
20,synonymous,YPD+IAA,-0.05060060893126901,-0.08793141424017752,0.037330805308908505,False,7.0,0.0,3.0,0.0,0.42857142857142855
126,missense,YPD+IAA,-0.08617105643820545,-0.08793141424017752,0.0017603578019720623,False,9.0,2.0,5.0,0.2222222222222222,0.5555555555555556
491,missense,YPD+IAA,-0.03918684168491882,-0.08793141424017752,0.04874457255525869,False,1.0,0.0,0.0,0.0,0.0
126,synonymous,YPD+IAA,-0.10203276015895639,-0.08793141424017752,-0.014101345918778874,False,31.0,6.0,16.0,0.1935483870967742,0.5161290322580645
127,missense,YPD+IAA,-0.45762099248307914,-0.08793141424017752,-0.3696895782429016,False,11.0,5.0,9.0,0.45454545454545453,0.8181818181818182
119,synonymous,YPD+IAA,-0.10411505767390555,-0.08793141424017752,-0.016183643433728037,False,6.0,2.0,3.0,0.3333333333333333,0.5
495,missense,YPD+IAA,-0.06923896016194256,-0.08793141424017752,0.018692454078234957,False,4.0,0.0,1.0,0.0,0.25
20,missense,YPD+IAA,-0.11585851353976481,-0.08793141424017752,-0.027927099299587296,False,5.0,1.0,2.0,0.2,0.4
490,synonymous,YPD+IAA,-0.2118097423851818,-0.08793141424017752,-0.12387832814500428,False,7.0,2.0,5.0,0.2857142857142857,0.7142857142857143
128,missense,YPD+IAA,-0.14955726281923526,-0.08793141424017752,-0.06162584857905774,False,16.0,2.0,5.0,0.125,0.3125
566,missense,YPD+IAA,-1.7961462831450974,-0.08793141424017752,-1.70821486890492,True,1.0,1.0,1.0,1.0,1.0
119,missense,YPD+IAA,-0.11503993984906911,-0.08793141424017752,-0.027108525608891598,False,9.0,2.0,5.0,0.2222222222222222,0.5555555555555556
19,synonymous,YPD+IAA,-0.0255060572982989,-0.08793141424017752,0.06242535694187862,False,2.0,0.0,0.0,0.0,0.0
122,synonymous,YPD+IAA,-0.42480233120132627,-0.08793141424017752,-0.33687091696114874,False,7.0,4.0,4.0,0.5714285714285714,0.5714285714285714
490,missense,YPD+IAA,-0.04446929964697207,-0.08793141424017752,0.043462114593205446,False,4.0,0.0,2.0,0.0,0.5
23,synonymous,YPD+IAA,-0.11863471223512093,-0.08793141424017752,-0.03070329799494341,False,7.0,0.0,2.0,0.0,0.2857142857142857
563,synonymous,YPD+IAA,0.008168175019184463,-0.08793141424017752,0.09609958925936198,False,1.0,0.0,0.0,0.0,0.0
129,missense,YPD+IAA,-0.08399658323905602,-0.08793141424017752,0.0039348310011214915,False,28.0,5.0,13.0,0.17857142857142858,0.4642857142857143
494,synonymous,YPD+IAA,-0.1120021376117636,-0.08793141424017752,-0.024070723371586084,False,6.0,2.0,4.0,0.3333333333333333,0.6666666666666666
118,synonymous,YPD+IAA,-0.11382933856500921,-0.08793141424017752,-0.025897924324831692,False,6.0,1.0,2.0,0.16666666666666666,0.3333333333333333
23,missense,YPD+IAA,-0.1449215730671263,-0.08793141424017752,-0.056990158826948786,False,6.0,0.0,4.0,0.0,0.6666666666666666
120,synonymous,YPD+IAA,-0.037876308176801064,-0.08793141424017752,0.05005510606337645,False,7.0,0.0,2.0,0.0,0.2857142857142857
22,missense,YPD+IAA,-0.11287967152018075,-0.08793141424017752,-0.02494825728000323,False,16.0,1.0,9.0,0.0625,0.5625
565,missense,YPD+IAA,-0.3400610691133568,-0.08793141424017752,-0.2521296548731793,False,2.0,1.0,1.0,0.5,0.5
122,missense,YPD+IAA,-0.14065251804506634,-0.08793141424017752,-0.05272110380488883,False,10.0,3.0,5.0,0.3,0.5
123,missense,YPD+IAA,-0.18263526978403996,-0.08793141424017752,-0.09470385554386244,False,10.0,1.0,6.0,0.1,0.6
493,missense,YPD+IAA,0.03222761538906367,-0.08793141424017752,0.12015902962924119,False,3.0,0.0,1.0,0.0,0.3333333333333333
123,synonymous,YPD+IAA,-0.12942429120816307,-0.08793141424017752,-0.04149287696798555,False,12.0,1.0,5.0,0.08333333333333333,0.4166666666666667
121,synonymous,YPD+IAA,-0.2770123955776881,-0.08793141424017752,-0.18908098133751056,False,13.0,6.0,8.0,0.46153846153846156,0.6153846153846154
21,synonymous,YPD+IAA,-0.9145719476474514,-0.08793141424017752,-0.826640533407274,False,3.0,1.0,1.0,0.3333333333333333,0.3333333333333333
124,missense,YPD+IAA,-0.08837226522592677,-0.08793141424017752,-0.00044085098574925263,False,16.0,3.0,6.0,0.1875,0.375
494,missense,YPD+IAA,-0.06766112530691973,-0.08793141424017752,0.020270288933257788,False,3.0,1.0,1.0,0.3333333333333333,0.3333333333333333
22,synonymous,YPD+IAA,-0.09684350515136754,-0.08793141424017752,-0.008912090911190024,False,14.0,0.0,7.0,0.0,0.5
492,synonymous,YPD+IAA,-0.3594545531851112,-0.08793141424017752,-0.2715231389449337,False,1.0,0.0,1.0,0.0,1.0
124,synonymous,YPD+IAA,-0.09965201932241237,-0.08793141424017752,-0.011720605082234853,False,16.0,2.0,5.0,0.125,0.3125
21,missense,YPD+IAA,-0.01766176527264344,-0.08793141424017752,0.07026964896753407,False,2.0,0.0,0.0,0.0,0.0
121,missense,YPD+IAA,-0.13216186701758262,-0.08793141424017752,-0.0442304527774051,False,8.0,1.0,4.0,0.125,0.5
564,missense,YPD+IAA,-0.007685637164950555,-0.08793141424017752,0.08024577707522695,False,1.0,0.0,0.0,0.0,0.0
125,missense,YPD+IAA,-0.06030722268150736,-0.08793141424017752,0.027624191558670158,False,13.0,1.0,5.0,0.07692307692307693,0.38461538461538464
491,synonymous,YPD+IAA,-0.05389480671356186,-0.08793141424017752,0.03403660752661566,False,14.0,1.0,3.0,0.07142857142857142,0.21428571428571427
125,synonymous,YPD+IAA,-0.13832828313121676,-0.08793141424017752,-0.05039686889103924,False,2.0,1.0,1.0,0.5,0.5
565,synonymous,YPD+IAA,-0.037652868464650276,-0.08793141424017752,0.05027854577552724,False,2.0,0.0,0.0,0.0,0.0
495,synonymous,YPD+IAA,-0.3005646775908689,-0.08793141424017752,-0.21263326335069138,False,3.0,0.0,2.0,0.0,0.6666666666666666
493,synonymous,YPD+IAA,-0.041648124952720245,-0.08793141424017752,0.04628328928745727,False,4.0,0.0,1.0,0.0,0.25
488,synonymous,YPD+IAA,-0.021718709349755005,-0.08793141424017752,0.06621270489042251,False,2.0,0.0,0.0,0.0,0.0
133,missense,YPD+IAA,-0.08585499314560509,-0.08793141424017752,0.002076421094572428,False,7.0,2.0,3.0,0.2857142857142857,0.42857142857142855
563,missense,YPD+IAA,0.01593791304709142,-0.08793141424017752,0.10386932728726894,False,3.0,0.0,0.0,0.0,0.0
18,synonymous,YPD+IAA,-0.18075382076045665,-0.08793141424017752,-0.09282240652027914,False,13.0,3.0,8.0,0.23076923076923078,0.6153846153846154
567,missense,YPD+IAA,-0.056233110834215665,-0.08793141424017752,0.03169830340596185,False,1.0,0.0,0.0,0.0,0.0
116,missense,YPD+IAA,-0.054730759573387765,-0.08793141424017752,0.03320065466678975,False,4.0,1.0,3.0,0.25,0.75
496,missense,YPD+IAA,-0.11729699613436645,-0.08793141424017752,-0.029365581894188933,False,5.0,2.0,4.0,0.4,0.8
131,synonymous,YPD+IAA,-0.1446370189824737,-0.08793141424017752,-0.056705604742296176,False,14.0,2.0,6.0,0.14285714285714285,0.42857142857142855
117,missense,YPD+IAA,-0.14211608326180225,-0.08793141424017752,-0.054184669021624735,False,2.0,0.0,1.0,0.0,0.5
129,synonymous,YPD+IAA,-0.09804764195836413,-0.08793141424017752,-0.010116227718186613,False,14.0,1.0,7.0,0.07142857142857142,0.5
132,missense,YPD+IAA,-0.09385904473690182,-0.08793141424017752,-0.005927630496724304,False,4.0,0.0,2.0,0.0,0.5
24,synonymous,YPD+IAA,-0.0992643310631472,-0.08793141424017752,-0.011332916822969677,False,5.0,1.0,2.0,0.2,0.4
488,missense,YPD+IAA,-0.034709034802712174,-0.08793141424017752,0.05322237943746534,False,2.0,0.0,0.0,0.0,0.0
18,missense,YPD+IAA,-0.06790827424542704,-0.08793141424017752,0.020023139994750472,False,10.0,0.0,4.0,0.0,0.4
496,synonymous,YPD+IAA,-0.03439776334934498,-0.08793141424017752,0.053533650890832535,False,1.0,0.0,0.0,0.0,0.0
132,synonymous,YPD+IAA,-0.13658399720669878,-0.08793141424017752,-0.048652582966521266,False,19.0,2.0,8.0,0.10526315789473684,0.42105263157894735
116,synonymous,YPD+IAA,-0.03320431979709461,-0.08793141424017752,0.05472709444308291,False,4.0,0.0,1.0,0.0,0.25
17,synonymous,YPD+IAA,-0.15832721345646028,-0.08793141424017752,-0.07039579921628276,False,8.0,1.0,4.0,0.125,0.5
131,missense,YPD+IAA,-2.012756078550185,-0.08793141424017752,-1.9248246643100075,True,8.0,6.0,7.0,0.75,0.875
24,missense,YPD+IAA,-0.15098264134505512,-0.08793141424017752,-0.06305122710487761,False,6.0,1.0,4.0,0.16666666666666666,0.6666666666666666
133,synonymous,YPD+IAA,-0.1988219459454912,-0.08793141424017752,-0.1108905317053137,False,13.0,1.0,7.0,0.07692307692307693,0.5384615384615384
489,missense,YPD+IAA,-0.08448320328306577,-0.08793141424017752,0.003448210957111744,False,9.0,2.0,4.0,0.2222222222222222,0.4444444444444444
117,synonymous,YPD+IAA,-0.2917049254842121,-0.08793141424017752,-0.2037735112440346,False,4.0,1.0,3.0,0.25,0.75
130,synonymous,YPD+IAA,0.0009891304248334702,-0.08793141424017752,0.08892054466501098,False,1.0,0.0,0.0,0.0,0.0
489,synonymous,YPD+IAA,-0.189362220564184,-0.08793141424017752,-0.10143080632400649,False,9.0,1.0,6.0,0.1111111111111111,0.6666666666666666
134,missense,YPD+IAA,-0.09844602137164157,-0.08793141424017752,-0.010514607131464057,False,2.0,1.0,1.0,0.5,0.5
487,synonymous,YPD+IAA,-0.287082208428932,-0.08793141424017752,-0.19915079418875448,False,4.0,0.0,3.0,0.0,0.75
566,synonymous,YPD+IAA,-0.08802604822529399,-0.08793141424017752,-9.463398511647125e-05,False,2.0,0.0,1.0,0.0,0.5
19,missense,YPD+IAA,-0.03644197958666834,-0.08793141424017752,0.05148943465350918,False,5.0,1.0,1.0,0.2,0.2
25,missense,YPD+IAA,-0.04263081935839668,-0.08793141424017752,0.045300594881780835,False,2.0,1.0,1.0,0.5,0.5
130,missense,YPD+IAA,-0.15591465122580309,-0.08793141424017752,-0.06798323698562557,False,15.0,1.0,7.0,0.06666666666666667,0.4666666666666667
118,missense,YPD+IAA,-0.06779965820299214,-0.08793141424017752,0.02013175603718538,False,7.0,2.0,4.0,0.2857142857142857,0.5714285714285714
395,synonymous,YPD,-0.3984613728311117,-0.40313808895656056,0.004676716125448843,False,11.0,0.0,3.0,0.0,0.2727272727272727
553,missense,YPD,-0.4122531892914784,-0.40313808895656056,-0.009115100334917858,False,5.0,1.0,2.0,0.2,0.4
380,synonymous,YPD,-0.3920149959968944,-0.40313808895656056,0.011123092959666181,False,10.0,0.0,3.0,0.0,0.3
395,missense,YPD,-0.3860207712150316,-0.40313808895656056,0.01711731774152897,False,4.0,0.0,1.0,0.0,0.25
565,missense,YPD,-0.4080759249446285,-0.40313808895656056,-0.004937835988067962,False,2.0,1.0,1.0,0.5,0.5
369,missense,YPD,-0.41322949510786233,-0.40313808895656056,-0.010091406151301774,False,6.0,1.0,3.0,0.16666666666666666,0.5
384,synonymous,YPD,-0.41458916473312013,-0.40313808895656056,-0.011451075776559572,False,2.0,0.0,1.0,0.0,0.5
398,missense,YPD,-0.40464279506398015,-0.40313808895656056,-0.0015047061074195955,False,8.0,2.0,5.0,0.25,0.625
382,synonymous,YPD,-0.40563627486741655,-0.40313808895656056,-0.002498185910855988,False,9.0,3.0,4.0,0.3333333333333333,0.4444444444444444
561,synonymous,YPD,-0.41818781411653416,-0.40313808895656056,-0.015049725159973604,False,4.0,1.0,3.0,0.25,0.75
381,synonymous,YPD,-0.4432978642645396,-0.40313808895656056,-0.04015977530797904,False,4.0,0.0,2.0,0.0,0.5
552,synonymous,YPD,-0.4095480345030675,-0.40313808895656056,-0.006409945546506923,False,9.0,1.0,6.0,0.1111111111111111,0.6666666666666666
383,synonymous,YPD,-0.58275695577876,-0.40313808895656056,-0.1796188668221994,False,3.0,0.0,2.0,0.0,0.6666666666666666
370,missense,YPD,-0.4542594326362502,-0.40313808895656056,-0.051121343679689624,False,5.0,0.0,2.0,0.0,0.4
397,missense,YPD,-0.3976170374287056,-0.40313808895656056,0.005521051527854981,False,7.0,2.0,4.0,0.2857142857142857,0.5714285714285714
396,synonymous,YPD,-0.24959833367252843,-0.40313808895656056,0.15353975528403213,False,5.0,0.0,2.0,0.0,0.4
550,missense,YPD,-0.4258037782930029,-0.40313808895656056,-0.022665689336442363,False,1.0,0.0,0.0,0.0,0.0
562,missense,YPD,-0.3640141564227781,-0.40313808895656056,0.039123932533782435,False,2.0,0.0,2.0,0.0,1.0
562,synonymous,YPD,-0.4338676212675999,-0.40313808895656056,-0.030729532311039365,False,3.0,0.0,1.0,0.0,0.3333333333333333
383,missense,YPD,-0.3590043296464997,-0.40313808895656056,0.04413375931006086,False,1.0,0.0,0.0,0.0,0.0
552,missense,YPD,-0.39319308356504096,-0.40313808895656056,0.009945005391519601,False,5.0,1.0,1.0,0.2,0.2
369,synonymous,YPD,-0.4185817165749209,-0.40313808895656056,-0.015443627618360323,False,9.0,1.0,4.0,0.1111111111111111,0.4444444444444444
564,missense,YPD,-0.3950336066931153,-0.40313808895656056,0.008104482263445234,False,1.0,0.0,0.0,0.0,0.0
381,missense,YPD,-0.4292367003696008,-0.40313808895656056,-0.026098611413040262,False,10.0,2.0,5.0,0.2,0.5
370,synonymous,YPD,-0.38699444297863467,-0.40313808895656056,0.01614364597792589,False,6.0,3.0,5.0,0.5,0.8333333333333334
384,missense,YPD,-0.4198573307358386,-0.40313808895656056,-0.016719241779278027,False,7.0,0.0,2.0,0.0,0.2857142857142857
396,missense,YPD,-0.2772137755740091,-0.40313808895656056,0.12592431338255144,False,15.0,1.0,4.0,0.06666666666666667,0.26666666666666666
563,synonymous,YPD,-0.3414474741513093,-0.40313808895656056,0.06169061480525123,False,1.0,0.0,0.0,0.0,0.0
397,synonymous,YPD,-0.11219706597207849,-0.40313808895656056,0.2909410229844821,False,4.0,0.0,2.0,0.0,0.5
382,missense,YPD,-0.270388416405707,-0.40313808895656056,0.13274967255085357,False,9.0,2.0,5.0,0.2222222222222222,0.5555555555555556
546,synonymous,YPD,-0.4102731321540504,-0.40313808895656056,-0.007135043197489865,False,2.0,0.0,1.0,0.0,0.5
371,missense,YPD,-0.4269857947621862,-0.40313808895656056,-0.02384770580562562,False,9.0,2.0,5.0,0.2222222222222222,0.5555555555555556
376,synonymous,YPD,-0.4220481845457482,-0.40313808895656056,-0.01891009558918766,False,2.0,0.0,2.0,0.0,1.0
379,synonymous,YPD,-0.42860927303563695,-0.40313808895656056,-0.025471184079076392,False,8.0,1.0,4.0,0.125,0.5
385,missense,YPD,-0.30826659261013656,-0.40313808895656056,0.094871496346424,False,9.0,1.0,2.0,0.1111111111111111,0.2222222222222222
559,synonymous,YPD,-0.42901500742357246,-0.40313808895656056,-0.0258769184670119,False,4.0,1.0,2.0,0.25,0.5
391,synonymous,YPD,-0.4226336680274315,-0.40313808895656056,-0.01949557907087096,False,10.0,3.0,5.0,0.3,0.5
566,synonymous,YPD,-0.4201500128853929,-0.40313808895656056,-0.01701192392883233,False,2.0,0.0,1.0,0.0,0.5
374,synonymous,YPD,-0.41116474297060157,-0.40313808895656056,-0.008026654014041013,False,5.0,0.0,2.0,0.0,0.4
556,missense,YPD,-0.3848518004795533,-0.40313808895656056,0.01828628847700725,False,8.0,0.0,2.0,0.0,0.25
391,missense,YPD,-0.39544472928467367,-0.40313808895656056,0.00769335967188689,False,7.0,2.0,4.0,0.2857142857142857,0.5714285714285714
569,synonymous,YPD,-0.37666903498065574,-0.40313808895656056,0.02646905397590482,False,2.0,0.0,0.0,0.0,0.0
387,synonymous,YPD,-0.4107001194499822,-0.40313808895656056,-0.007562030493421634,False,7.0,0.0,0.0,0.0,0.0
377,synonymous,YPD,-0.3801452752869429,-0.40313808895656056,0.02299281366961764,False,4.0,0.0,3.0,0.0,0.75
375,missense,YPD,-0.40494893725597925,-0.40313808895656056,-0.001810848299418688,False,12.0,3.0,5.0,0.25,0.4166666666666667
559,missense,YPD,-0.32751282804337617,-0.40313808895656056,0.07562526091318439,False,4.0,0.0,2.0,0.0,0.5
390,synonymous,YPD,-0.3222161929954484,-0.40313808895656056,0.08092189596111216,False,13.0,3.0,6.0,0.23076923076923078,0.46153846153846156
557,missense,YPD,-0.3945260634926984,-0.40313808895656056,0.008612025463862139,False,6.0,0.0,2.0,0.0,0.3333333333333333
567,missense,YPD,-0.3943463518847888,-0.40313808895656056,0.008791737071771777,False,1.0,0.0,0.0,0.0,0.0
569,missense,YPD,-0.35290004280951165,-0.40313808895656056,0.05023804614704891,False,1.0,0.0,1.0,0.0,1.0
388,missense,YPD,-0.4000404304982037,-0.40313808895656056,0.0030976584583568556,False,14.0,2.0,4.0,0.14285714285714285,0.2857142857142857
375,synonymous,YPD,-0.4480070722121869,-0.40313808895656056,-0.04486898325562633,False,2.0,0.0,2.0,0.0,1.0
390,missense,YPD,-0.38464361823406623,-0.40313808895656056,0.018494470722494327,False,6.0,1.0,2.0,0.16666666666666666,0.3333333333333333
377,missense,YPD,-0.3891465025610458,-0.40313808895656056,0.013991586395514732,False,7.0,1.0,4.0,0.14285714285714285,0.5714285714285714
558,synonymous,YPD,-0.4356118991235652,-0.40313808895656056,-0.032473810167004624,False,6.0,0.0,2.0,0.0,0.3333333333333333
557,synonymous,YPD,-0.4236376468239655,-0.40313808895656056,-0.020499557867404927,False,5.0,0.0,2.0,0.0,0.4
568,missense,YPD,-0.405596222871179,-0.40313808895656056,-0.0024581339146184655,False,3.0,0.0,1.0,0.0,0.3333333333333333
376,missense,YPD,-0.39991011896525563,-0.40313808895656056,0.0032279699913049242,False,8.0,3.0,6.0,0.375,0.75
389,synonymous,YPD,-0.4116067612637053,-0.40313808895656056,-0.008468672307144764,False,17.0,4.0,11.0,0.23529411764705882,0.6470588235294118
388,synonymous,YPD,-0.3881377234113538,-0.40313808895656056,0.015000365545206784,False,12.0,1.0,4.0,0.08333333333333333,0.3333333333333333
567,synonymous,YPD,-0.3756451718728328,-0.40313808895656056,0.027492917083727753,False,2.0,1.0,1.0,0.5,0.5
558,missense,YPD,-0.39166752501917623,-0.40313808895656056,0.011470563937384326,False,7.0,1.0,3.0,0.14285714285714285,0.42857142857142855
378,synonymous,YPD,-0.39098713005364993,-0.40313808895656056,0.012150958902910625,False,4.0,0.0,0.0,0.0,0.0
387,missense,YPD,-0.3934624686700153,-0.40313808895656056,0.009675620286545283,False,11.0,3.0,8.0,0.2727272727272727,0.7272727272727273
555,synonymous,YPD,-0.1458109879253986,-0.40313808895656056,0.25732710103116196,False,6.0,1.0,2.0,0.16666666666666666,0.3333333333333333
374,missense,YPD,-0.43288189493198587,-0.40313808895656056,-0.029743805975425308,False,2.0,0.0,1.0,0.0,0.5
394,synonymous,YPD,-0.3906641897756832,-0.40313808895656056,0.01247389918087738,False,8.0,2.0,5.0,0.25,0.625
561,missense,YPD,-0.361697532662437,-0.40313808895656056,0.041440556294123576,False,10.0,1.0,4.0,0.1,0.4
553,synonymous,YPD,-0.4191406052659658,-0.40313808895656056,-0.016002516309405246,False,21.0,4.0,9.0,0.19047619047619047,0.42857142857142855
380,missense,YPD,-0.4154048002357472,-0.40313808895656056,-0.01226671127918666,False,4.0,2.0,2.0,0.5,0.5
372,missense,YPD,-0.3695352671652941,-0.40313808895656056,0.033602821791266446,False,7.0,2.0,2.0,0.2857142857142857,0.2857142857142857
385,synonymous,YPD,-0.4108375579915699,-0.40313808895656056,-0.007699469035009343,False,16.0,2.0,6.0,0.125,0.375
394,missense,YPD,-0.4284501421474287,-0.40313808895656056,-0.025312053190868156,False,12.0,3.0,6.0,0.25,0.5
565,synonymous,YPD,-0.41696763588625374,-0.40313808895656056,-0.013829546929693182,False,2.0,0.0,0.0,0.0,0.0
554,missense,YPD,-0.4224001406680031,-0.40313808895656056,-0.019262051711442518,False,7.0,1.0,2.0,0.14285714285714285,0.2857142857142857
372,synonymous,YPD,-0.41307917940517336,-0.40313808895656056,-0.0099410904486128,False,3.0,0.0,1.0,0.0,0.3333333333333333
560,synonymous,YPD,-0.3397716721188699,-0.40313808895656056,0.06336641683769068,False,4.0,0.0,1.0,0.0,0.25
389,missense,YPD,-0.1361216119014263,-0.40313808895656056,0.26701647705513426,False,7.0,1.0,2.0,0.14285714285714285,0.2857142857142857
393,synonymous,YPD,-0.4127141856766505,-0.40313808895656056,-0.009576096720089966,False,14.0,0.0,6.0,0.0,0.42857142857142855
371,synonymous,YPD,-0.4276322177852541,-0.40313808895656056,-0.024494128828693562,False,19.0,2.0,9.0,0.10526315789473684,0.47368421052631576
575,synonymous,YPD,-0.388670323073198,-0.40313808895656056,0.014467765883362571,False,1.0,0.0,0.0,0.0,0.0
554,synonymous,YPD,-0.40757208488094254,-0.40313808895656056,-0.004433995924381984,False,4.0,0.0,1.0,0.0,0.25
393,missense,YPD,-0.4146221281422673,-0.40313808895656056,-0.01148403918570673,False,12.0,1.0,4.0,0.08333333333333333,0.3333333333333333
373,missense,YPD,-0.4397101120612426,-0.40313808895656056,-0.03657202310468205,False,4.0,0.0,2.0,0.0,0.5
566,missense,YPD,-0.40733090597712235,-0.40313808895656056,-0.00419281702056179,True,1.0,1.0,1.0,1.0,1.0
575,missense,YPD,-0.9350596703630227,-0.40313808895656056,-0.5319215814064622,False,1.0,0.0,0.0,0.0,0.0
560,missense,YPD,-0.4118606375617125,-0.40313808895656056,-0.008722548605151925,False,5.0,2.0,2.0,0.4,0.4
379,missense,YPD,-0.40626151639196606,-0.40313808895656056,-0.0031234274354055014,False,6.0,1.0,3.0,0.16666666666666666,0.5
392,synonymous,YPD,-0.41574095019210083,-0.40313808895656056,-0.012602861235540275,False,11.0,3.0,5.0,0.2727272727272727,0.45454545454545453
373,synonymous,YPD,-0.4050152939273771,-0.40313808895656056,-0.0018772049708165595,False,2.0,0.0,1.0,0.0,0.5
386,synonymous,YPD,-0.39450141229177016,-0.40313808895656056,0.0086366766647904,False,11.0,3.0,7.0,0.2727272727272727,0.6363636363636364
555,missense,YPD,-0.24687034746624667,-0.40313808895656056,0.1562677414903139,False,6.0,1.0,2.0,0.16666666666666666,0.3333333333333333
572,synonymous,YPD,-0.39670326262468153,-0.40313808895656056,0.006434826331879029,False,1.0,0.0,0.0,0.0,0.0
392,missense,YPD,-0.3930937840470336,-0.40313808895656056,0.010044304909526958,False,13.0,4.0,7.0,0.3076923076923077,0.5384615384615384
386,missense,YPD,-0.38085325994946406,-0.40313808895656056,0.022284829007096496,False,9.0,1.0,5.0,0.1111111111111111,0.5555555555555556
563,missense,YPD,-0.3856471655771617,-0.40313808895656056,0.017490923379398837,False,3.0,0.0,0.0,0.0,0.0
474,missense,YPD,-0.39821995062611176,-0.40313808895656056,0.004918138330448796,False,1.0,0.0,0.0,0.0,0.0
398,synonymous,YPD,-0.37670896497723,-0.40313808895656056,0.02642912397933056,False,5.0,2.0,4.0,0.4,0.8
448,synonymous,YPD,-0.4416029280717903,-0.40313808895656056,-0.03846483911522974,False,4.0,1.0,2.0,0.25,0.5
492,synonymous,YPD,-0.36965815975419797,-0.40313808895656056,0.03347992920236259,False,1.0,0.0,1.0,0.0,1.0
449,missense,YPD,-0.4014583295241671,-0.40313808895656056,0.0016797594323934573,False,4.0,0.0,2.0,0.0,0.5
449,synonymous,YPD,-0.4288487359416449,-0.40313808895656056,-0.02571064698508435,False,6.0,0.0,0.0,0.0,0.0
491,synonymous,YPD,-0.1645818529081367,-0.40313808895656056,0.23855623604842385,False,14.0,1.0,3.0,0.07142857142857142,0.21428571428571427
450,missense,YPD,-0.4108807902626821,-0.40313808895656056,-0.0077427013061215355,False,7.0,0.0,0.0,0.0,0.0
491,missense,YPD,-0.05833226929897035,-0.40313808895656056,0.3448058196575902,False,1.0,0.0,0.0,0.0,0.0
450,synonymous,YPD,-0.43402437003488603,-0.40313808895656056,-0.030886281078325473,False,7.0,0.0,1.0,0.0,0.14285714285714285
490,synonymous,YPD,-0.40647297496287815,-0.40313808895656056,-0.0033348860063175945,False,7.0,2.0,5.0,0.2857142857142857,0.7142857142857143
451,missense,YPD,-0.24055619737009215,-0.40313808895656056,0.1625818915864684,False,6.0,1.0,4.0,0.16666666666666666,0.6666666666666666
451,synonymous,YPD,-0.41963897596542804,-0.40313808895656056,-0.016500887008867482,False,3.0,1.0,2.0,0.3333333333333333,0.6666666666666666
490,missense,YPD,-0.3877901718965366,-0.40313808895656056,0.015347917060023974,False,4.0,0.0,2.0,0.0,0.5
452,missense,YPD,-0.15682707118351968,-0.40313808895656056,0.24631101777304087,False,4.0,0.0,1.0,0.0,0.25
489,synonymous,YPD,-0.40814913843656825,-0.40313808895656056,-0.00501104948000769,False,9.0,1.0,6.0,0.1111111111111111,0.6666666666666666
452,synonymous,YPD,-0.4240465735736047,-0.40313808895656056,-0.020908484617044143,False,4.0,0.0,2.0,0.0,0.5
489,missense,YPD,-0.4149026000788775,-0.40313808895656056,-0.011764511122316967,False,9.0,2.0,4.0,0.2222222222222222,0.4444444444444444
453,missense,YPD,-0.42005570708850604,-0.40313808895656056,-0.016917618131945478,False,3.0,0.0,0.0,0.0,0.0
453,synonymous,YPD,-0.42111358116945985,-0.40313808895656056,-0.01797549221289929,False,10.0,1.0,3.0,0.1,0.3
488,synonymous,YPD,-0.41908168454083455,-0.40313808895656056,-0.015943595584273995,False,2.0,0.0,0.0,0.0,0.0
454,missense,YPD,-0.4020774143891653,-0.40313808895656056,0.001060674567395281,False,2.0,0.0,0.0,0.0,0.0
488,missense,YPD,-0.393969953716509,-0.40313808895656056,0.009168135240051556,False,2.0,0.0,0.0,0.0,0.0
454,synonymous,YPD,-0.40651421206760857,-0.40313808895656056,-0.0033761231110480128,False,1.0,0.0,0.0,0.0,0.0
487,synonymous,YPD,-0.3301156342080527,-0.40313808895656056,0.07302245474850788,False,4.0,0.0,3.0,0.0,0.75
456,missense,YPD,-0.4230777805177191,-0.40313808895656056,-0.019939691561158546,False,6.0,1.0,3.0,0.16666666666666666,0.5
456,synonymous,YPD,-0.3868718004698852,-0.40313808895656056,0.016266288486675384,False,4.0,0.0,2.0,0.0,0.5
493,missense,YPD,-0.08324508048300923,-0.40313808895656056,0.31989300847355134,False,3.0,0.0,1.0,0.0,0.3333333333333333
487,missense,YPD,-0.4116055634202709,-0.40313808895656056,-0.008467474463710323,False,6.0,0.0,3.0,0.0,0.5
448,missense,YPD,-0.433122012129109,-0.40313808895656056,-0.029983923172548443,False,5.0,1.0,1.0,0.2,0.2
447,synonymous,YPD,-0.41929226226557054,-0.40313808895656056,-0.016154173309009978,False,5.0,1.0,3.0,0.2,0.6
500,missense,YPD,-0.4118955718180343,-0.40313808895656056,-0.008757482861473764,False,4.0,0.0,1.0,0.0,0.25
439,synonymous,YPD,-0.41571934182605497,-0.40313808895656056,-0.012581252869494408,False,5.0,0.0,2.0,0.0,0.4
499,synonymous,YPD,-0.42058358305132204,-0.40313808895656056,-0.017445494094761482,False,4.0,0.0,3.0,0.0,0.75
440,missense,YPD,-0.42145136454605353,-0.40313808895656056,-0.018313275589492972,False,1.0,0.0,0.0,0.0,0.0
440,synonymous,YPD,-0.39991304874424743,-0.40313808895656056,0.003225040212313124,False,2.0,0.0,1.0,0.0,0.5
499,missense,YPD,-0.4148926918896399,-0.40313808895656056,-0.011754602933079339,False,5.0,1.0,3.0,0.2,0.6
441,missense,YPD,-0.13728417507774407,-0.40313808895656056,0.2658539138788165,False,4.0,1.0,2.0,0.25,0.5
498,synonymous,YPD,-0.40125021200330324,-0.40313808895656056,0.001887876953257317,False,2.0,1.0,2.0,0.5,1.0
441,synonymous,YPD,-0.4585233865848835,-0.40313808895656056,-0.05538529762832295,False,2.0,2.0,2.0,1.0,1.0
497,synonymous,YPD,-0.4111730290116662,-0.40313808895656056,-0.008034940055105633,False,3.0,0.0,1.0,0.0,0.3333333333333333
442,missense,YPD,-0.43165754675930895,-0.40313808895656056,-0.028519457802748394,False,3.0,0.0,2.0,0.0,0.6666666666666666
442,synonymous,YPD,-0.39411796767018276,-0.40313808895656056,0.009020121286377802,False,2.0,0.0,0.0,0.0,0.0
496,synonymous,YPD,-0.44494734315719625,-0.40313808895656056,-0.04180925420063569,False,1.0,0.0,0.0,0.0,0.0
443,missense,YPD,-0.3650352054801022,-0.40313808895656056,0.03810288347645835,False,6.0,1.0,3.0,0.16666666666666666,0.5
496,missense,YPD,-0.42112337913641085,-0.40313808895656056,-0.01798529017985029,False,5.0,2.0,4.0,0.4,0.8
443,synonymous,YPD,-0.4059901436133214,-0.40313808895656056,-0.0028520546567608607,False,2.0,0.0,0.0,0.0,0.0
495,synonymous,YPD,-0.37050214092065387,-0.40313808895656056,0.03263594803590669,False,3.0,0.0,2.0,0.0,0.6666666666666666
444,missense,YPD,-0.418770927130161,-0.40313808895656056,-0.01563283817360045,True,3.0,2.0,3.0,0.6666666666666666,1.0
444,synonymous,YPD,-0.3931239009148787,-0.40313808895656056,0.01001418804168186,False,1.0,0.0,0.0,0.0,0.0
495,missense,YPD,-0.42434117976672675,-0.40313808895656056,-0.021203090810166192,False,4.0,0.0,1.0,0.0,0.25
445,missense,YPD,-0.4473373469338258,-0.40313808895656056,-0.04419925797726526,True,2.0,1.0,2.0,0.5,1.0
494,synonymous,YPD,-0.3985573767330598,-0.40313808895656056,0.00458071222350076,False,6.0,2.0,4.0,0.3333333333333333,0.6666666666666666
445,synonymous,YPD,-0.4211470273511693,-0.40313808895656056,-0.018008938394608764,False,1.0,0.0,1.0,0.0,1.0
494,missense,YPD,-0.4083631835329915,-0.40313808895656056,-0.005225094576430944,False,3.0,1.0,1.0,0.3333333333333333,0.3333333333333333
447,missense,YPD,-0.38154781657898756,-0.40313808895656056,0.021590272377572994,False,3.0,0.0,1.0,0.0,0.3333333333333333
493,synonymous,YPD,-0.41090806767804644,-0.40313808895656056,-0.007769978721485882,False,4.0,0.0,1.0,0.0,0.25
457,missense,YPD,-0.4046305796853136,-0.40313808895656056,-0.0014924907287530154,False,3.0,1.0,3.0,0.3333333333333333,1.0
486,synonymous,YPD,-0.3903276925880969,-0.40313808895656056,0.01281039636846365,False,5.0,0.0,2.0,0.0,0.4
457,synonymous,YPD,-0.4350742828713471,-0.40313808895656056,-0.031936193914786526,False,9.0,2.0,3.0,0.2222222222222222,0.3333333333333333
467,missense,YPD,-0.22374020792976085,-0.40313808895656056,0.1793978810267997,False,5.0,2.0,2.0,0.4,0.4
479,synonymous,YPD,-0.40904580203628055,-0.40313808895656056,-0.0059077130797199895,False,11.0,1.0,6.0,0.09090909090909091,0.5454545454545454
467,synonymous,YPD,-0.39259870254478424,-0.40313808895656056,0.01053938641177632,False,5.0,1.0,2.0,0.2,0.4
479,missense,YPD,-0.7520814878829956,-0.40313808895656056,-0.348943398926435,False,1.0,0.0,0.0,0.0,0.0
468,missense,YPD,-0.3952395644808162,-0.40313808895656056,0.00789852447574435,False,3.0,1.0,2.0,0.3333333333333333,0.6666666666666666
478,synonymous,YPD,-0.40201196629941177,-0.40313808895656056,0.001126122657148787,False,9.0,3.0,4.0,0.3333333333333333,0.4444444444444444
468,synonymous,YPD,-0.355739755717721,-0.40313808895656056,0.047398333238839574,False,2.0,0.0,2.0,0.0,1.0
469,missense,YPD,-0.453769262911425,-0.40313808895656056,-0.05063117395486444,False,5.0,2.0,2.0,0.4,0.4
478,missense,YPD,-0.38814855440187773,-0.40313808895656056,0.014989534554682826,False,6.0,0.0,3.0,0.0,0.5
469,synonymous,YPD,-0.41143304482418186,-0.40313808895656056,-0.008294955867621301,False,4.0,1.0,3.0,0.25,0.75
477,synonymous,YPD,-0.42543236265077583,-0.40313808895656056,-0.022294273694215272,False,5.0,0.0,0.0,0.0,0.0
470,missense,YPD,-0.4348856434916791,-0.40313808895656056,-0.031747554535118516,False,4.0,0.0,1.0,0.0,0.25
477,missense,YPD,-0.2664855332585714,-0.40313808895656056,0.13665255569798918,False,10.0,1.0,4.0,0.1,0.4
470,synonymous,YPD,-0.39480348849625874,-0.40313808895656056,0.008334600460301822,False,7.0,1.0,3.0,0.14285714285714285,0.42857142857142855
471,missense,YPD,-0.40467983863726087,-0.40313808895656056,-0.0015417496807003106,False,4.0,0.0,3.0,0.0,0.75
476,synonymous,YPD,-0.3649043195537737,-0.40313808895656056,0.03823376940278683,False,5.0,1.0,2.0,0.2,0.4
471,synonymous,YPD,-0.3776539209876374,-0.40313808895656056,0.025484167968923166,False,2.0,0.0,1.0,0.0,0.5
476,missense,YPD,-0.4746676649365835,-0.40313808895656056,-0.07152957598002296,False,4.0,1.0,3.0,0.25,0.75
472,missense,YPD,-0.1845426524625623,-0.40313808895656056,0.21859543649399826,False,7.0,1.0,5.0,0.14285714285714285,0.7142857142857143
475,synonymous,YPD,-0.42977884268740213,-0.40313808895656056,-0.02664075373084157,False,5.0,0.0,2.0,0.0,0.4
472,synonymous,YPD,-0.38327486921808246,-0.40313808895656056,0.0198632197384781,False,2.0,1.0,2.0,0.5,1.0
473,missense,YPD,-0.5179731576369713,-0.40313808895656056,-0.11483506868041071,False,4.0,1.0,2.0,0.25,0.5
475,missense,YPD,-0.3928657663877014,-0.40313808895656056,0.010272322568859182,False,2.0,0.0,1.0,0.0,0.5
473,synonymous,YPD,-0.3885256182628241,-0.40313808895656056,0.014612470693736446,False,1.0,0.0,1.0,0.0,1.0
474,synonymous,YPD,-0.42505063025080786,-0.40313808895656056,-0.0219125412942473,False,2.0,0.0,1.0,0.0,0.5
466,synonymous,YPD,-0.38736291047640736,-0.40313808895656056,0.015775178480153196,False,1.0,0.0,0.0,0.0,0.0
480,missense,YPD,-0.38563033380911116,-0.40313808895656056,0.0175077551474494,False,6.0,0.0,2.0,0.0,0.3333333333333333
466,missense,YPD,-0.43183790872160116,-0.40313808895656056,-0.0286998197650406,False,9.0,2.0,7.0,0.2222222222222222,0.7777777777777778
480,synonymous,YPD,-0.4681641081675356,-0.40313808895656056,-0.06502601921097506,False,11.0,1.0,5.0,0.09090909090909091,0.45454545454545453
486,missense,YPD,-0.4123279750780397,-0.40313808895656056,-0.00918988612147914,False,3.0,0.0,2.0,0.0,0.6666666666666666
458,missense,YPD,-0.15926097699719918,-0.40313808895656056,0.24387711195936138,False,5.0,1.0,2.0,0.2,0.4
458,synonymous,YPD,-0.3785241119382541,-0.40313808895656056,0.024613977018306477,False,2.0,1.0,2.0,0.5,1.0
485,synonymous,YPD,-0.3693779836119835,-0.40313808895656056,0.033760105344577074,False,18.0,2.0,7.0,0.1111111111111111,0.3888888888888889
459,missense,YPD,-0.12296233547450382,-0.40313808895656056,0.28017575348205676,False,2.0,1.0,1.0,0.5,0.5
485,missense,YPD,-0.4252426978033168,-0.40313808895656056,-0.022104608846756246,False,13.0,3.0,5.0,0.23076923076923078,0.38461538461538464
459,synonymous,YPD,-0.3778977810268774,-0.40313808895656056,0.02524030792968318,False,4.0,0.0,2.0,0.0,0.5
484,synonymous,YPD,-0.40220378658798406,-0.40313808895656056,0.0009343023685765006,False,4.0,0.0,2.0,0.0,0.5
460,missense,YPD,-0.4258057802084147,-0.40313808895656056,-0.02266769125185414,True,1.0,1.0,1.0,1.0,1.0
460,synonymous,YPD,-0.40423056222094256,-0.40313808895656056,-0.001092473264381999,False,3.0,2.0,2.0,0.6666666666666666,0.6666666666666666
484,missense,YPD,-0.41405174562790653,-0.40313808895656056,-0.010913656671345973,False,10.0,1.0,4.0,0.1,0.4
461,missense,YPD,-0.37996436850905135,-0.40313808895656056,0.023173720447509205,False,5.0,0.0,2.0,0.0,0.4
439,missense,YPD,-0.46807947812694134,-0.40313808895656056,-0.06494138917038078,False,3.0,1.0,2.0,0.3333333333333333,0.6666666666666666
483,synonymous,YPD,-0.42390795399737125,-0.40313808895656056,-0.020769865040810687,False,4.0,1.0,1.0,0.25,0.25
483,missense,YPD,-0.3760411457277703,-0.40313808895656056,0.02709694322879025,False,3.0,0.0,1.0,0.0,0.3333333333333333
462,missense,YPD,-0.38222995421927913,-0.40313808895656056,0.020908134737281425,False,2.0,0.0,1.0,0.0,0.5
462,synonymous,YPD,-0.39330148373841917,-0.40313808895656056,0.009836605218141392,False,2.0,0.0,0.0,0.0,0.0
482,synonymous,YPD,-0.39619481907666343,-0.40313808895656056,0.006943269879897129,False,6.0,1.0,2.0,0.16666666666666666,0.3333333333333333
463,missense,YPD,-0.37357900589654575,-0.40313808895656056,0.029559083060014812,False,2.0,0.0,1.0,0.0,0.5
482,missense,YPD,-0.411873181982559,-0.40313808895656056,-0.008735093025998453,False,11.0,1.0,4.0,0.09090909090909091,0.36363636363636365
463,synonymous,YPD,-0.3845832296588049,-0.40313808895656056,0.018554859297755633,False,4.0,1.0,2.0,0.25,0.5
481,synonymous,YPD,-0.42483891880018343,-0.40313808895656056,-0.02170082984362287,False,13.0,2.0,7.0,0.15384615384615385,0.5384615384615384
464,missense,YPD,-0.24467153870317113,-0.40313808895656056,0.15846655025338943,False,9.0,1.0,4.0,0.1111111111111111,0.4444444444444444
464,synonymous,YPD,-0.42373267682070065,-0.40313808895656056,-0.02059458786414009,False,4.0,0.0,2.0,0.0,0.5
481,missense,YPD,-0.4066434305270563,-0.40313808895656056,-0.003505341570495757,False,9.0,1.0,3.0,0.1111111111111111,0.3333333333333333
465,missense,YPD,-0.40932724874788246,-0.40313808895656056,-0.0061891597913218965,False,9.0,0.0,2.0,0.0,0.2222222222222222
461,synonymous,YPD,-0.4088020704032071,-0.40313808895656056,-0.005663981446646538,False,6.0,0.0,4.0,0.0,0.6666666666666666
500,synonymous,YPD,-0.3978394437617182,-0.40313808895656056,0.005298645194842355,False,4.0,0.0,1.0,0.0,0.25
438,synonymous,YPD,-0.3895805810996697,-0.40313808895656056,0.01355750785689086,False,3.0,0.0,2.0,0.0,0.6666666666666666
438,missense,YPD,-0.3234408252217271,-0.40313808895656056,0.07969726373483343,False,7.0,1.0,3.0,0.14285714285714285,0.42857142857142855
408,missense,YPD,-0.39714388052855143,-0.40313808895656056,0.005994208428009129,False,1.0,0.0,0.0,0.0,0.0
528,synonymous,YPD,-0.3966520945397507,-0.40313808895656056,0.006485994416809859,False,2.0,0.0,0.0,0.0,0.0
408,synonymous,YPD,-0.4096471826615717,-0.40313808895656056,-0.006509093705011126,False,3.0,1.0,2.0,0.3333333333333333,0.6666666666666666
528,missense,YPD,-0.3993200438528317,-0.40313808895656056,0.003818045103728851,False,1.0,0.0,1.0,0.0,1.0
409,missense,YPD,-0.4125325091376814,-0.40313808895656056,-0.009394420181120855,True,2.0,2.0,2.0,1.0,1.0
409,synonymous,YPD,-1.3698651822047314,-0.40313808895656056,-0.9667270932481709,False,1.0,0.0,0.0,0.0,0.0
527,synonymous,YPD,-0.40279460454567634,-0.40313808895656056,0.00034348441088422055,False,2.0,0.0,1.0,0.0,0.5
410,synonymous,YPD,-0.4418551078105856,-0.40313808895656056,-0.038717018854025065,False,4.0,0.0,1.0,0.0,0.25
527,missense,YPD,-0.3656238171649212,-0.40313808895656056,0.03751427179163935,False,1.0,0.0,0.0,0.0,0.0
411,missense,YPD,-0.19693976221045814,-0.40313808895656056,0.20619832674610242,False,4.0,1.0,3.0,0.25,0.75
526,missense,YPD,-0.37635625316279997,-0.40313808895656056,0.02678183579376059,False,2.0,0.0,0.0,0.0,0.0
411,synonymous,YPD,-0.4162485064960603,-0.40313808895656056,-0.013110417539499764,False,2.0,0.0,0.0,0.0,0.0
412,missense,YPD,-0.4035926232218586,-0.40313808895656056,-0.00045453426529806773,False,2.0,0.0,2.0,0.0,1.0
525,synonymous,YPD,-0.40740243754646976,-0.40313808895656056,-0.004264348589909206,False,3.0,0.0,1.0,0.0,0.3333333333333333
412,synonymous,YPD,-0.39853418220380143,-0.40313808895656056,0.004603906752759124,False,4.0,0.0,2.0,0.0,0.5
525,missense,YPD,-0.38694260370557,-0.40313808895656056,0.01619548525099057,False,1.0,0.0,0.0,0.0,0.0
413,missense,YPD,-0.411201582584917,-0.40313808895656056,-0.008063493628356455,False,9.0,7.0,9.0,0.7777777777777778,1.0
523,synonymous,YPD,-0.4055343683987759,-0.40313808895656056,-0.002396279442215321,False,1.0,0.0,0.0,0.0,0.0
413,synonymous,YPD,-0.20419134677025244,-0.40313808895656056,0.19894674218630812,False,1.0,0.0,0.0,0.0,0.0
523,missense,YPD,-0.14534269723545643,-0.40313808895656056,0.2577953917211041,False,1.0,0.0,1.0,0.0,1.0
414,synonymous,YPD,-0.39926752533971843,-0.40313808895656056,0.0038705636168421265,False,1.0,0.0,0.0,0.0,0.0
522,synonymous,YPD,-0.41461359353164057,-0.40313808895656056,-0.011475504575080009,False,4.0,0.0,0.0,0.0,0.0
415,missense,YPD,-0.4301199651870441,-0.40313808895656056,-0.026981876230483537,False,3.0,2.0,2.0,0.6666666666666666,0.6666666666666666
415,synonymous,YPD,-0.3935318948622151,-0.40313808895656056,0.009606194094345433,False,2.0,0.0,1.0,0.0,0.5
521,synonymous,YPD,-0.23124329456308232,-0.40313808895656056,0.17189479439347824,False,8.0,0.0,2.0,0.0,0.25
529,missense,YPD,-0.41425780995013495,-0.40313808895656056,-0.011119720993574389,False,7.0,0.0,1.0,0.0,0.14285714285714285
407,synonymous,YPD,-0.48593967835351615,-0.40313808895656056,-0.08280158939695559,False,1.0,0.0,0.0,0.0,0.0
407,missense,YPD,-0.40952022643373415,-0.40313808895656056,-0.006382137477173588,False,4.0,1.0,3.0,0.25,0.75
529,synonymous,YPD,-0.3871363426081656,-0.40313808895656056,0.016001746348394963,False,1.0,0.0,1.0,0.0,1.0
399,missense,YPD,-0.4008682250816046,-0.40313808895656056,0.0022698638749559796,False,4.0,2.0,3.0,0.5,0.75
545,synonymous,YPD,-0.3152929712949954,-0.40313808895656056,0.08784511766156516,False,3.0,0.0,1.0,0.0,0.3333333333333333
399,synonymous,YPD,-0.4128904524752675,-0.40313808895656056,-0.009752363518706952,False,5.0,0.0,1.0,0.0,0.2
545,missense,YPD,-0.4004170374993965,-0.40313808895656056,0.0027210514571640587,False,2.0,0.0,1.0,0.0,0.5
400,missense,YPD,-0.42766290731847106,-0.40313808895656056,-0.024524818361910505,False,4.0,1.0,2.0,0.25,0.5
544,missense,YPD,-0.39792657070983045,-0.40313808895656056,0.005211518246730107,False,2.0,0.0,1.0,0.0,0.5
400,synonymous,YPD,-0.43379585684295985,-0.40313808895656056,-0.03065776788639929,False,2.0,0.0,1.0,0.0,0.5
401,synonymous,YPD,-0.20587046056699385,-0.40313808895656056,0.1972676283895667,False,3.0,0.0,1.0,0.0,0.3333333333333333
543,synonymous,YPD,-0.3757298183467516,-0.40313808895656056,0.027408270609808938,False,2.0,0.0,1.0,0.0,0.5
402,missense,YPD,-0.3862175155657055,-0.40313808895656056,0.016920573390855065,False,10.0,1.0,3.0,0.1,0.3
543,missense,YPD,-0.321435586887874,-0.40313808895656056,0.08170250206868657,False,1.0,0.0,0.0,0.0,0.0
402,synonymous,YPD,-0.40648146397876717,-0.40313808895656056,-0.003343375022206607,False,6.0,1.0,4.0,0.16666666666666666,0.6666666666666666
416,missense,YPD,-0.193139609844217,-0.40313808895656056,0.20999847911234357,False,6.0,0.0,0.0,0.0,0.0
542,synonymous,YPD,-0.7589406530129538,-0.40313808895656056,-0.3558025640563932,False,1.0,0.0,0.0,0.0,0.0
403,synonymous,YPD,-0.3531057835731645,-0.40313808895656056,0.050032305383396036,False,4.0,0.0,1.0,0.0,0.25
541,synonymous,YPD,-0.3884115594192625,-0.40313808895656056,0.014726529537298083,False,1.0,0.0,0.0,0.0,0.0
404,missense,YPD,-0.40825586010119996,-0.40313808895656056,-0.005117771144639405,False,5.0,1.0,2.0,0.2,0.4
531,synonymous,YPD,-0.26299551110409336,-0.40313808895656056,0.1401425778524672,False,2.0,1.0,2.0,0.5,1.0
404,synonymous,YPD,-0.3883848480412126,-0.40313808895656056,0.014753240915347965,False,4.0,0.0,2.0,0.0,0.5
531,missense,YPD,-0.3369424654816899,-0.40313808895656056,0.06619562347487068,False,6.0,0.0,0.0,0.0,0.0
405,missense,YPD,-0.03642473819466895,-0.40313808895656056,0.3667133507618916,False,1.0,0.0,0.0,0.0,0.0
405,synonymous,YPD,-0.3942687523197126,-0.40313808895656056,0.008869336636847969,False,2.0,0.0,2.0,0.0,1.0
530,synonymous,YPD,-0.4149960212243362,-0.40313808895656056,-0.01185793226777565,False,7.0,1.0,3.0,0.14285714285714285,0.42857142857142855
406,missense,YPD,-0.41113209127318434,-0.40313808895656056,-0.007994002316623783,True,4.0,4.0,4.0,1.0,1.0
530,missense,YPD,-0.40304588935754454,-0.40313808895656056,9.219959901601849e-05,False,5.0,0.0,3.0,0.0,0.6
406,synonymous,YPD,-0.42633000089690276,-0.40313808895656056,-0.023191911940342202,False,2.0,0.0,0.0,0.0,0.0
403,missense,YPD,-0.3520585309725412,-0.40313808895656056,0.051079557984019364,True,4.0,4.0,4.0,1.0,1.0
546,missense,YPD,-0.05679840769522555,-0.40313808895656056,0.346339681261335,False,2.0,0.0,1.0,0.0,0.5
521,missense,YPD,-0.4167480767701497,-0.40313808895656056,-0.01360998781358913,False,3.0,1.0,1.0,0.3333333333333333,0.3333333333333333
520,synonymous,YPD,-0.3775888439556721,-0.40313808895656056,0.025549245000888454,False,1.0,0.0,0.0,0.0,0.0
430,synonymous,YPD,-0.38908325174653113,-0.40313808895656056,0.014054837210029425,False,1.0,0.0,0.0,0.0,0.0
506,missense,YPD,-0.5347278388025333,-0.40313808895656056,-0.13158974984597271,False,2.0,0.0,0.0,0.0,0.0
431,missense,YPD,-0.4183067776202844,-0.40313808895656056,-0.01516868866372384,False,4.0,1.0,3.0,0.25,0.75
505,synonymous,YPD,-0.38771129625714373,-0.40313808895656056,0.015426792699416825,False,3.0,0.0,3.0,0.0,1.0
432,missense,YPD,-0.40706252515566294,-0.40313808895656056,-0.003924436199102377,False,5.0,1.0,3.0,0.2,0.6
432,synonymous,YPD,-0.26179250481523064,-0.40313808895656056,0.14134558414132992,False,12.0,3.0,3.0,0.25,0.25
505,missense,YPD,-0.426293016476161,-0.40313808895656056,-0.023154927519600466,False,5.0,0.0,1.0,0.0,0.2
433,missense,YPD,-0.41808844771979525,-0.40313808895656056,-0.014950358763234695,False,7.0,0.0,4.0,0.0,0.5714285714285714
504,synonymous,YPD,-0.10529652285176438,-0.40313808895656056,0.2978415661047962,False,3.0,0.0,0.0,0.0,0.0
433,synonymous,YPD,-0.43352392926943617,-0.40313808895656056,-0.03038584031287561,False,7.0,0.0,1.0,0.0,0.14285714285714285
504,missense,YPD,-0.4088911559067849,-0.40313808895656056,-0.005753066950224317,False,14.0,2.0,7.0,0.14285714285714285,0.5
434,missense,YPD,-0.40002209979830927,-0.40313808895656056,0.0031159891582512866,False,7.0,2.0,7.0,0.2857142857142857,1.0
434,synonymous,YPD,-0.4129454291283297,-0.40313808895656056,-0.009807340171769152,False,10.0,2.0,4.0,0.2,0.4
503,synonymous,YPD,-0.418090891655116,-0.40313808895656056,-0.014952802698555423,False,2.0,0.0,0.0,0.0,0.0
435,missense,YPD,-0.3762186849753766,-0.40313808895656056,0.026919403981183976,False,6.0,1.0,2.0,0.16666666666666666,0.3333333333333333
503,missense,YPD,-0.3884979216108768,-0.40313808895656056,0.014640167345683741,False,6.0,1.0,2.0,0.16666666666666666,0.3333333333333333
435,synonymous,YPD,-0.4022451195613684,-0.40313808895656056,0.000892969395192178,False,10.0,3.0,6.0,0.3,0.6
502,synonymous,YPD,-0.3977986316436874,-0.40313808895656056,0.005339457312873164,False,12.0,2.0,9.0,0.16666666666666666,0.75
436,missense,YPD,-0.3233715383304344,-0.40313808895656056,0.07976655062612614,False,6.0,0.0,3.0,0.0,0.5
436,synonymous,YPD,-0.4114784275680114,-0.40313808895656056,-0.008340338611450837,False,7.0,1.0,3.0,0.14285714285714285,0.42857142857142855
502,missense,YPD,-0.41449925339142957,-0.40313808895656056,-0.011361164434869009,False,5.0,1.0,2.0,0.2,0.4
437,missense,YPD,-0.4164828212141403,-0.40313808895656056,-0.013344732257579761,False,5.0,0.0,4.0,0.0,0.8
501,synonymous,YPD,-0.4098781309209993,-0.40313808895656056,-0.0067400419644387255,False,3.0,0.0,3.0,0.0,1.0
437,synonymous,YPD,-0.4128812690383227,-0.40313808895656056,-0.009743180081762115,False,16.0,2.0,7.0,0.125,0.4375
501,missense,YPD,-0.4347502082232418,-0.40313808895656056,-0.03161211926668123,False,8.0,1.0,5.0,0.125,0.625
506,synonymous,YPD,-0.668964305559324,-0.40313808895656056,-0.2658262166027634,False,1.0,0.0,0.0,0.0,0.0
430,missense,YPD,-0.4397547704545465,-0.40313808895656056,-0.036616681497985915,True,3.0,2.0,2.0,0.6666666666666666,0.6666666666666666
429,synonymous,YPD,-0.4177204030858765,-0.40313808895656056,-0.014582314129315932,False,5.0,0.0,2.0,0.0,0.4
507,missense,YPD,-0.4456659606973644,-0.40313808895656056,-0.04252787174080386,False,3.0,0.0,0.0,0.0,0.0
417,synonymous,YPD,-0.3280768853332459,-0.40313808895656056,0.07506120362331464,False,2.0,0.0,1.0,0.0,0.5
418,missense,YPD,-0.4056459494331504,-0.40313808895656056,-0.0025078604765898516,False,2.0,1.0,2.0,0.5,1.0
520,missense,YPD,-0.40603910715712255,-0.40313808895656056,-0.002901018200561989,False,2.0,0.0,0.0,0.0,0.0
418,synonymous,YPD,-0.366062007750593,-0.40313808895656056,0.03707608120596756,False,2.0,0.0,2.0,0.0,1.0
518,missense,YPD,-0.4057414063750591,-0.40313808895656056,-0.002603317418498563,False,3.0,0.0,0.0,0.0,0.0
513,missense,YPD,-0.4108024545625001,-0.40313808895656056,-0.007664365605939527,False,2.0,0.0,0.0,0.0,0.0
420,missense,YPD,-0.44827908027569957,-0.40313808895656056,-0.04514099131913901,False,2.0,0.0,1.0,0.0,0.5
420,synonymous,YPD,-0.04632993864124188,-0.40313808895656056,0.35680815031531865,False,1.0,0.0,0.0,0.0,0.0
512,missense,YPD,-0.37683431387428273,-0.40313808895656056,0.026303775082277825,False,1.0,0.0,0.0,0.0,0.0
421,missense,YPD,-0.40141223666830433,-0.40313808895656056,0.0017258522882562244,True,1.0,1.0,1.0,1.0,1.0
511,missense,YPD,-0.4228310741628957,-0.40313808895656056,-0.019692985206335167,False,3.0,1.0,2.0,0.3333333333333333,0.6666666666666666
423,synonymous,YPD,-0.36209449945273303,-0.40313808895656056,0.04104358950382753,False,1.0,0.0,1.0,0.0,1.0
417,missense,YPD,-0.03245673484073877,-0.40313808895656056,0.3706813541158218,False,1.0,0.0,0.0,0.0,0.0
510,synonymous,YPD,-0.38806761061726375,-0.40313808895656056,0.015070478339296811,False,2.0,0.0,0.0,0.0,0.0
426,missense,YPD,-0.39673240218167655,-0.40313808895656056,0.006405686774884012,False,2.0,0.0,0.0,0.0,0.0
510,missense,YPD,-0.3970016035047825,-0.40313808895656056,0.006136485451778084,False,3.0,0.0,0.0,0.0,0.0
426,synonymous,YPD,-0.3750597486877079,-0.40313808895656056,0.028078340268852642,False,1.0,1.0,1.0,1.0,1.0
509,synonymous,YPD,-0.42577492176840803,-0.40313808895656056,-0.022636832811847474,False,3.0,0.0,1.0,0.0,0.3333333333333333
427,missense,YPD,-0.4078802623728606,-0.40313808895656056,-0.004742173416300066,False,7.0,1.0,6.0,0.14285714285714285,0.8571428571428571
509,missense,YPD,-0.38835392060094315,-0.40313808895656056,0.01478416835561741,False,6.0,0.0,1.0,0.0,0.16666666666666666
427,synonymous,YPD,-0.41369120676296833,-0.40313808895656056,-0.010553117806407775,False,11.0,4.0,8.0,0.36363636363636365,0.7272727272727273
428,missense,YPD,-0.4220017916958792,-0.40313808895656056,-0.018863702739318644,True,1.0,1.0,1.0,1.0,1.0
508,missense,YPD,-0.3898355620455573,-0.40313808895656056,0.013302526911003254,False,2.0,0.0,1.0,0.0,0.5
428,synonymous,YPD,-0.4208980709362115,-0.40313808895656056,-0.01775998197965095,False,12.0,1.0,5.0,0.08333333333333333,0.4166666666666667
507,synonymous,YPD,-0.3594050325418793,-0.40313808895656056,0.04373305641468128,False,1.0,0.0,0.0,0.0,0.0
429,missense,YPD,-0.4166118784894316,-0.40313808895656056,-0.013473789532871039,False,8.0,3.0,4.0,0.375,0.5
424,missense,YPD,-0.41631676388735145,-0.40313808895656056,-0.01317867493079089,False,1.0,0.0,0.0,0.0,0.0
419,synonymous,YPD,-0.42634659520718715,-0.40313808895656056,-0.023208506250626593,False,5.0,0.0,2.0,0.0,0.4
1,PTC,YPD,-0.36281739189516377,-0.40313808895656056,0.04032069706139679,True,4.0,2.0,2.0,0.5,0.5
368,missense,YPD,-0.5404017217640855,-0.40313808895656056,-0.13726363280752496,False,5.0,2.0,3.0,0.4,0.6
127,missense,YPD,-0.3990861615302028,-0.40313808895656056,0.004051927426357738,False,11.0,5.0,9.0,0.45454545454545453,0.8181818181818182
126,synonymous,YPD,-0.41135390827985874,-0.40313808895656056,-0.008215819323298179,False,31.0,6.0,16.0,0.1935483870967742,0.5161290322580645
126,missense,YPD,-0.4076583497203199,-0.40313808895656056,-0.004520260763759332,False,9.0,2.0,5.0,0.2222222222222222,0.5555555555555556
125,synonymous,YPD,-0.3913922696319158,-0.40313808895656056,0.011745819324644746,False,2.0,1.0,1.0,0.5,0.5
125,missense,YPD,-0.3216881031447299,-0.40313808895656056,0.08144998581183066,False,13.0,1.0,5.0,0.07692307692307693,0.38461538461538464
124,synonymous,YPD,-0.43641236573198716,-0.40313808895656056,-0.0332742767754266,False,16.0,2.0,5.0,0.125,0.3125
124,missense,YPD,-0.2755091684094958,-0.40313808895656056,0.12762892054706476,False,16.0,3.0,6.0,0.1875,0.375
123,synonymous,YPD,-0.4034343647342304,-0.40313808895656056,-0.00029627577766982993,False,12.0,1.0,5.0,0.08333333333333333,0.4166666666666667
123,missense,YPD,-0.4008234381454063,-0.40313808895656056,0.002314650811154284,False,10.0,1.0,6.0,0.1,0.6
122,synonymous,YPD,-0.4153558937785153,-0.40313808895656056,-0.012217804821954725,False,7.0,4.0,4.0,0.5714285714285714,0.5714285714285714
122,missense,YPD,-0.4056024253274416,-0.40313808895656056,-0.0024643363708810595,False,10.0,3.0,5.0,0.3,0.5
121,synonymous,YPD,-0.39602776735521084,-0.40313808895656056,0.007110321601349723,False,13.0,6.0,8.0,0.46153846153846156,0.6153846153846154
121,missense,YPD,-0.44945055621486907,-0.40313808895656056,-0.04631246725830851,False,8.0,1.0,4.0,0.125,0.5
120,synonymous,YPD,-0.41129155884079743,-0.40313808895656056,-0.008153469884236875,False,7.0,0.0,2.0,0.0,0.2857142857142857
120,missense,YPD,-0.4126998884714255,-0.40313808895656056,-0.009561799514864966,False,5.0,1.0,2.0,0.2,0.4
119,synonymous,YPD,-0.34906632046291824,-0.40313808895656056,0.054071768493642314,False,6.0,2.0,3.0,0.3333333333333333,0.5
119,missense,YPD,-0.3914012426504099,-0.40313808895656056,0.011736846306150683,False,9.0,2.0,5.0,0.2222222222222222,0.5555555555555556
128,missense,YPD,-0.40041050891930186,-0.40313808895656056,0.0027275800372587033,False,16.0,2.0,5.0,0.125,0.3125
118,synonymous,YPD,-0.40785198063183153,-0.40313808895656056,-0.004713891675270976,False,6.0,1.0,2.0,0.16666666666666666,0.3333333333333333
128,synonymous,YPD,-0.2972243411600326,-0.40313808895656056,0.10591374779652796,False,22.0,4.0,11.0,0.18181818181818182,0.5
129,synonymous,YPD,-0.33321220513055444,-0.40313808895656056,0.06992588382600612,False,14.0,1.0,7.0,0.07142857142857142,0.5
138,missense,YPD,-0.42930999129347297,-0.40313808895656056,-0.02617190233691241,False,7.0,0.0,4.0,0.0,0.5714285714285714
137,synonymous,YPD,-0.40004641585039474,-0.40313808895656056,0.0030916731061658154,False,1.0,0.0,1.0,0.0,1.0
137,missense,YPD,-0.4207225148230173,-0.40313808895656056,-0.017584425866456754,False,3.0,0.0,2.0,0.0,0.6666666666666666
136,synonymous,YPD,-0.35227476914179656,-0.40313808895656056,0.050863319814763996,False,1.0,0.0,1.0,0.0,1.0
136,missense,YPD,-0.44023768636592464,-0.40313808895656056,-0.03709959740936408,False,9.0,1.0,6.0,0.1111111111111111,0.6666666666666666
135,synonymous,YPD,-0.4254116511968482,-0.40313808895656056,-0.022273562240287648,False,5.0,1.0,1.0,0.2,0.2
135,missense,YPD,-0.4200549018429613,-0.40313808895656056,-0.016916812886400734,False,12.0,2.0,8.0,0.16666666666666666,0.6666666666666666
134,synonymous,YPD,-0.21300367237242102,-0.40313808895656056,0.19013441658413954,False,15.0,1.0,6.0,0.06666666666666667,0.4
134,missense,YPD,-0.3922573140903714,-0.40313808895656056,0.010880774866189158,False,2.0,1.0,1.0,0.5,0.5
133,synonymous,YPD,-0.4128995088956457,-0.40313808895656056,-0.009761419939085136,False,13.0,1.0,7.0,0.07692307692307693,0.5384615384615384
133,missense,YPD,-0.13922802055986752,-0.40313808895656056,0.26391006839669306,False,7.0,2.0,3.0,0.2857142857142857,0.42857142857142855
132,synonymous,YPD,-0.42845318950274697,-0.40313808895656056,-0.02531510054618641,False,19.0,2.0,8.0,0.10526315789473684,0.42105263157894735
132,missense,YPD,-0.4132798159488135,-0.40313808895656056,-0.010141726992252964,False,4.0,0.0,2.0,0.0,0.5
131,synonymous,YPD,-0.4638832685223897,-0.40313808895656056,-0.060745179565829144,False,14.0,2.0,6.0,0.14285714285714285,0.42857142857142855
131,missense,YPD,-0.3906180429802447,-0.40313808895656056,0.012520045976315841,True,8.0,6.0,7.0,0.75,0.875
130,synonymous,YPD,-0.4270350781433846,-0.40313808895656056,-0.023896989186824036,False,1.0,0.0,0.0,0.0,0.0
130,missense,YPD,-0.398549996607334,-0.40313808895656056,0.00458809234922658,False,15.0,1.0,7.0,0.06666666666666667,0.4666666666666667
129,missense,YPD,-0.3096770037150689,-0.40313808895656056,0.09346108524149166,False,28.0,5.0,13.0,0.17857142857142858,0.4642857142857143
118,missense,YPD,-0.08957561216907046,-0.40313808895656056,0.3135624767874901,False,7.0,2.0,4.0,0.2857142857142857,0.5714285714285714
117,synonymous,YPD,-0.44690524704649104,-0.40313808895656056,-0.04376715808993048,False,4.0,1.0,3.0,0.25,0.75
117,missense,YPD,-0.46593413654246024,-0.40313808895656056,-0.06279604758589968,False,2.0,0.0,1.0,0.0,0.5
103,missense,YPD,-0.40303565672193703,-0.40313808895656056,0.00010243223462352846,False,5.0,1.0,3.0,0.2,0.6
102,synonymous,YPD,-0.40976389473114117,-0.40313808895656056,-0.0066258057745806065,False,3.0,0.0,1.0,0.0,0.3333333333333333
102,missense,YPD,-0.4261188979436891,-0.40313808895656056,-0.022980808987128565,False,1.0,0.0,0.0,0.0,0.0
101,missense,YPD,-0.38212287625673624,-0.40313808895656056,0.021015212699824315,False,5.0,0.0,1.0,0.0,0.2
100,synonymous,YPD,-0.4236229445694328,-0.40313808895656056,-0.02048485561287222,False,6.0,1.0,3.0,0.16666666666666666,0.5
100,missense,YPD,-0.4228779879692443,-0.40313808895656056,-0.019739899012683748,False,1.0,0.0,0.0,0.0,0.0
99,missense,YPD,-0.4059150183974086,-0.40313808895656056,-0.002776929440848064,False,6.0,0.0,4.0,0.0,0.6666666666666666
98,synonymous,YPD,-0.3859989414738658,-0.40313808895656056,0.01713914748269474,False,17.0,3.0,10.0,0.17647058823529413,0.5882352941176471
98,missense,YPD,-0.40423396977229065,-0.40313808895656056,-0.0010958808157300881,False,19.0,6.0,11.0,0.3157894736842105,0.5789473684210527
97,synonymous,YPD,-0.42089574466918467,-0.40313808895656056,-0.01775765571262411,False,14.0,2.0,3.0,0.14285714285714285,0.21428571428571427
97,missense,YPD,-0.3894354806984898,-0.40313808895656056,0.013702608258070736,False,7.0,0.0,2.0,0.0,0.2857142857142857
96,synonymous,YPD,-0.4156885038983436,-0.40313808895656056,-0.01255041494178305,False,5.0,1.0,1.0,0.2,0.2
96,missense,YPD,-0.4084236694447111,-0.40313808895656056,-0.005285580488150532,False,8.0,0.0,4.0,0.0,0.5
95,synonymous,YPD,-0.42933898095174267,-0.40313808895656056,-0.026200891995182107,False,11.0,2.0,6.0,0.18181818181818182,0.5454545454545454
95,missense,YPD,-0.41678806595210405,-0.40313808895656056,-0.013649976995543489,False,3.0,0.0,0.0,0.0,0.0
94,synonymous,YPD,-0.10632690545050688,-0.40313808895656056,0.2968111835060537,False,13.0,4.0,6.0,0.3076923076923077,0.46153846153846156
94,missense,YPD,-0.41817384065656177,-0.40313808895656056,-0.01503575170000121,False,3.0,0.0,1.0,0.0,0.3333333333333333
103,synonymous,YPD,-0.37793363778135286,-0.40313808895656056,0.0252044511752077,False,1.0,0.0,1.0,0.0,1.0
104,missense,YPD,-0.40844786566530916,-0.40313808895656056,-0.005309776708748604,False,5.0,0.0,2.0,0.0,0.4
104,synonymous,YPD,-0.40762228649303267,-0.40313808895656056,-0.004484197536472112,False,6.0,0.0,2.0,0.0,0.3333333333333333
105,missense,YPD,-0.36553771200745894,-0.40313808895656056,0.03760037694910162,False,1.0,0.0,0.0,0.0,0.0
116,synonymous,YPD,-0.1688177737425134,-0.40313808895656056,0.23432031521404717,False,4.0,0.0,1.0,0.0,0.25
116,missense,YPD,-0.4402848403500495,-0.40313808895656056,-0.03714675139348894,False,4.0,1.0,3.0,0.25,0.75
115,synonymous,YPD,-0.4074977150074328,-0.40313808895656056,-0.004359626050872256,False,5.0,1.0,3.0,0.2,0.6
115,missense,YPD,-0.4389462895948032,-0.40313808895656056,-0.03580820063824264,False,9.0,0.0,7.0,0.0,0.7777777777777778
114,synonymous,YPD,-0.39287389839240316,-0.40313808895656056,0.010264190564157394,False,2.0,0.0,1.0,0.0,0.5
113,synonymous,YPD,-0.40271617999627074,-0.40313808895656056,0.0004219089602898185,False,5.0,0.0,1.0,0.0,0.2
113,missense,YPD,-0.3990801788308679,-0.40313808895656056,0.004057910125692676,False,1.0,0.0,1.0,0.0,1.0
112,synonymous,YPD,-0.3876673579969414,-0.40313808895656056,0.01547073095961915,False,3.0,0.0,2.0,0.0,0.6666666666666666
138,synonymous,YPD,-0.38220732881402064,-0.40313808895656056,0.020930760142539917,False,4.0,2.0,4.0,0.5,1.0
112,missense,YPD,-0.35184742360167715,-0.40313808895656056,0.051290665354883413,False,3.0,0.0,2.0,0.0,0.6666666666666666
110,synonymous,YPD,-0.8742966697325452,-0.40313808895656056,-0.4711585807759846,False,1.0,0.0,1.0,0.0,1.0
109,missense,YPD,-0.3932051338716425,-0.40313808895656056,0.009932955084918038,False,1.0,0.0,0.0,0.0,0.0
108,missense,YPD,-0.20947885680559036,-0.40313808895656056,0.1936592321509702,False,1.0,1.0,1.0,1.0,1.0
107,synonymous,YPD,-0.418661640969464,-0.40313808895656056,-0.015523552012903452,False,2.0,0.0,0.0,0.0,0.0
107,missense,YPD,-0.5226009271327359,-0.40313808895656056,-0.11946283817617531,False,1.0,0.0,0.0,0.0,0.0
106,synonymous,YPD,-0.681174252887298,-0.40313808895656056,-0.2780361639307375,False,3.0,0.0,2.0,0.0,0.6666666666666666
106,missense,YPD,-0.3703909270299593,-0.40313808895656056,0.032747161926601265,False,1.0,0.0,1.0,0.0,1.0
105,synonymous,YPD,-0.38278179815939134,-0.40313808895656056,0.02035629079716922,False,3.0,1.0,1.0,0.3333333333333333,0.3333333333333333
111,synonymous,YPD,-0.42105588728484483,-0.40313808895656056,-0.017917798328284273,False,1.0,0.0,0.0,0.0,0.0
139,missense,YPD,-0.4167616076573999,-0.40313808895656056,-0.013623518700839332,False,1.0,0.0,0.0,0.0,0.0
139,synonymous,YPD,-0.42196094835136694,-0.40313808895656056,-0.01882285939480638,False,12.0,3.0,4.0,0.25,0.3333333333333333
140,missense,YPD,-0.4138565134452289,-0.40313808895656056,-0.010718424488668332,False,3.0,1.0,3.0,0.3333333333333333,1.0
170,synonymous,YPD,-0.1280412287872546,-0.40313808895656056,0.27509686016930596,False,7.0,2.0,2.0,0.2857142857142857,0.2857142857142857
170,missense,YPD,-0.3944423107836154,-0.40313808895656056,0.008695778172945146,False,5.0,0.0,2.0,0.0,0.4
169,synonymous,YPD,-0.37272025417350924,-0.40313808895656056,0.030417834783051323,False,9.0,2.0,6.0,0.2222222222222222,0.6666666666666666
169,missense,YPD,-0.3914343241195853,-0.40313808895656056,0.011703764836975272,False,4.0,0.0,2.0,0.0,0.5
168,synonymous,YPD,-0.4151305342509114,-0.40313808895656056,-0.01199244529435084,False,11.0,3.0,5.0,0.2727272727272727,0.45454545454545453
168,missense,YPD,-0.37917570235560255,-0.40313808895656056,0.023962386600958008,False,5.0,0.0,3.0,0.0,0.6
167,synonymous,YPD,-0.38516276695026863,-0.40313808895656056,0.017975322006291927,False,8.0,0.0,4.0,0.0,0.5
167,missense,YPD,-0.4413444491194079,-0.40313808895656056,-0.03820636016284734,False,1.0,1.0,1.0,1.0,1.0
166,synonymous,YPD,-0.39718721194395024,-0.40313808895656056,0.005950877012610323,False,6.0,1.0,3.0,0.16666666666666666,0.5
166,missense,YPD,-0.34101276607452685,-0.40313808895656056,0.06212532288203371,False,3.0,0.0,2.0,0.0,0.6666666666666666
165,synonymous,YPD,-0.4219768319107574,-0.40313808895656056,-0.018838742954196852,False,2.0,0.0,0.0,0.0,0.0
165,missense,YPD,-0.4157120439734816,-0.40313808895656056,-0.012573955016921046,False,3.0,0.0,0.0,0.0,0.0
164,missense,YPD,-0.4159297437598594,-0.40313808895656056,-0.012791654803298858,False,6.0,1.0,4.0,0.16666666666666666,0.6666666666666666
163,synonymous,YPD,-0.4022768140593022,-0.40313808895656056,0.0008612748972583462,False,5.0,1.0,2.0,0.2,0.4
163,missense,YPD,-0.2257634830567848,-0.40313808895656056,0.17737460589977574,False,10.0,1.0,5.0,0.1,0.5
162,synonymous,YPD,-0.39895311372120784,-0.40313808895656056,0.004184975235352717,False,4.0,0.0,2.0,0.0,0.5
162,missense,YPD,-0.36088819006311984,-0.40313808895656056,0.04224989889344072,False,10.0,0.0,3.0,0.0,0.3
171,missense,YPD,-0.40833335711622465,-0.40313808895656056,-0.00519526815966409,False,8.0,1.0,5.0,0.125,0.625
171,synonymous,YPD,-0.3994375073472083,-0.40313808895656056,0.0037005816093522714,False,7.0,1.0,3.0,0.14285714285714285,0.42857142857142855
172,missense,YPD,-0.4299946675855066,-0.40313808895656056,-0.026856578628946026,False,5.0,1.0,3.0,0.2,0.6
172,synonymous,YPD,-0.40321629974946693,-0.40313808895656056,-7.821079290637467e-05,False,1.0,0.0,0.0,0.0,0.0
181,synonymous,YPD,-0.3963463360387324,-0.40313808895656056,0.006791752917828131,False,3.0,0.0,0.0,0.0,0.0
181,missense,YPD,-0.40673582429435373,-0.40313808895656056,-0.003597735337793173,False,7.0,2.0,4.0,0.2857142857142857,0.5714285714285714
180,synonymous,YPD,-0.10973105643172172,-0.40313808895656056,0.29340703252483885,False,11.0,1.0,4.0,0.09090909090909091,0.36363636363636365
180,missense,YPD,-0.4300658856154863,-0.40313808895656056,-0.02692779665892575,False,10.0,1.0,2.0,0.1,0.2
179,synonymous,YPD,-0.49846004280976614,-0.40313808895656056,-0.09532195385320558,False,3.0,1.0,1.0,0.3333333333333333,0.3333333333333333
179,missense,YPD,-0.3794770030065753,-0.40313808895656056,0.023661085949985283,False,5.0,0.0,2.0,0.0,0.4
178,synonymous,YPD,-0.3994260577174197,-0.40313808895656056,0.0037120312391408783,False,6.0,1.0,3.0,0.16666666666666666,0.5
178,missense,YPD,-0.34960782121428774,-0.40313808895656056,0.05353026774227282,False,2.0,0.0,2.0,0.0,1.0
161,synonymous,YPD,-0.4298873153223417,-0.40313808895656056,-0.026749226365781142,False,5.0,0.0,4.0,0.0,0.8
177,synonymous,YPD,-0.39970377450036065,-0.40313808895656056,0.003434314456199905,False,13.0,4.0,5.0,0.3076923076923077,0.38461538461538464
176,synonymous,YPD,-0.2555897891906946,-0.40313808895656056,0.14754829976586598,False,9.0,3.0,6.0,0.3333333333333333,0.6666666666666666
176,missense,YPD,-0.4603110731998461,-0.40313808895656056,-0.05717298424328554,False,7.0,0.0,1.0,0.0,0.14285714285714285
175,synonymous,YPD,-0.39101713347439687,-0.40313808895656056,0.012120955482163687,False,3.0,0.0,3.0,0.0,1.0
175,missense,YPD,-0.4328206726035792,-0.40313808895656056,-0.029682583647018645,False,14.0,0.0,4.0,0.0,0.2857142857142857
174,synonymous,YPD,-0.4258806119220205,-0.40313808895656056,-0.02274252296545992,False,4.0,0.0,0.0,0.0,0.0
174,missense,YPD,-0.2736874374827868,-0.40313808895656056,0.12945065147377377,False,7.0,1.0,3.0,0.14285714285714285,0.42857142857142855
173,synonymous,YPD,-0.4320135379030976,-0.40313808895656056,-0.02887544894653704,False,9.0,1.0,1.0,0.1111111111111111,0.1111111111111111
173,missense,YPD,-0.31517305300028997,-0.40313808895656056,0.08796503595627059,False,10.0,0.0,4.0,0.0,0.4
177,missense,YPD,-0.36388767259076354,-0.40313808895656056,0.039250416365797014,False,3.0,0.0,2.0,0.0,0.6666666666666666
93,synonymous,YPD,-0.40893519337760054,-0.40313808895656056,-0.005797104421039978,False,1.0,0.0,1.0,0.0,1.0
161,missense,YPD,-0.22876988215241556,-0.40313808895656056,0.174368206804145,False,11.0,1.0,4.0,0.09090909090909091,0.36363636363636365
160,missense,YPD,-0.41077254317538,-0.40313808895656056,-0.00763445421881942,False,8.0,0.0,1.0,0.0,0.125
148,synonymous,YPD,-0.4405233008807144,-0.40313808895656056,-0.03738521192415384,False,5.0,1.0,3.0,0.2,0.6
148,missense,YPD,-0.38315521760433574,-0.40313808895656056,0.019982871352224818,False,12.0,3.0,4.0,0.25,0.3333333333333333
147,synonymous,YPD,-0.4073200761926121,-0.40313808895656056,-0.004181987236051565,False,4.0,0.0,1.0,0.0,0.25
147,missense,YPD,-0.3693246338145366,-0.40313808895656056,0.03381345514202394,False,16.0,1.0,7.0,0.0625,0.4375
146,synonymous,YPD,-0.4143703798337291,-0.40313808895656056,-0.011232290877168538,False,14.0,2.0,5.0,0.14285714285714285,0.35714285714285715
146,missense,YPD,-0.41821498711468497,-0.40313808895656056,-0.015076898158124408,False,20.0,2.0,10.0,0.1,0.5
145,synonymous,YPD,-0.4100663724437065,-0.40313808895656056,-0.006928283487145914,False,12.0,4.0,6.0,0.3333333333333333,0.5
145,missense,YPD,-0.3887893797355465,-0.40313808895656056,0.014348709221014055,False,12.0,0.0,5.0,0.0,0.4166666666666667
144,synonymous,YPD,-0.41894852744784655,-0.40313808895656056,-0.015810438491285994,False,16.0,4.0,9.0,0.25,0.5625
144,missense,YPD,-0.4073298434866112,-0.40313808895656056,-0.004191754530050662,False,15.0,0.0,6.0,0.0,0.4
143,synonymous,YPD,-0.40261441326607644,-0.40313808895656056,0.0005236756904841156,False,5.0,0.0,3.0,0.0,0.6
143,missense,YPD,-0.3341342553289629,-0.40313808895656056,0.06900383362759765,False,6.0,1.0,4.0,0.16666666666666666,0.6666666666666666
142,synonymous,YPD,-0.39893861998234825,-0.40313808895656056,0.004199468974212306,False,8.0,1.0,3.0,0.125,0.375
142,missense,YPD,-0.28193495890692394,-0.40313808895656056,0.12120313004963662,False,9.0,1.0,4.0,0.1111111111111111,0.4444444444444444
141,synonymous,YPD,-0.2970654057621029,-0.40313808895656056,0.10607268319445767,False,8.0,2.0,5.0,0.25,0.625
141,missense,YPD,-0.3466155919676211,-0.40313808895656056,0.056522496988939464,False,11.0,2.0,4.0,0.18181818181818182,0.36363636363636365
140,synonymous,YPD,-0.43398791953792853,-0.40313808895656056,-0.030849830581367976,False,3.0,1.0,2.0,0.3333333333333333,0.6666666666666666
149,missense,YPD,-0.43247603475484464,-0.40313808895656056,-0.029337945798284082,False,14.0,3.0,11.0,0.21428571428571427,0.7857142857142857
149,synonymous,YPD,-0.3689939184402995,-0.40313808895656056,0.03414417051626106,False,21.0,3.0,10.0,0.14285714285714285,0.47619047619047616
150,missense,YPD,-0.41866956120080956,-0.40313808895656056,-0.015531472244249,False,15.0,1.0,9.0,0.06666666666666667,0.6
150,synonymous,YPD,-0.4981948002289136,-0.40313808895656056,-0.09505671127235304,False,3.0,0.0,1.0,0.0,0.3333333333333333
159,synonymous,YPD,-0.417102430852738,-0.40313808895656056,-0.013964341896177457,False,3.0,1.0,1.0,0.3333333333333333,0.3333333333333333
159,missense,YPD,-0.271739757680261,-0.40313808895656056,0.13139833127629957,False,7.0,1.0,3.0,0.14285714285714285,0.42857142857142855
158,synonymous,YPD,-0.40551909180208645,-0.40313808895656056,-0.0023810028455258925,False,5.0,1.0,1.0,0.2,0.2
158,missense,YPD,-0.18260159832907294,-0.40313808895656056,0.22053649062748762,False,5.0,0.0,2.0,0.0,0.4
157,synonymous,YPD,-0.3742107511550474,-0.40313808895656056,0.02892733780151313,False,4.0,0.0,3.0,0.0,0.75
157,missense,YPD,-0.3978306292126487,-0.40313808895656056,0.005307459743911835,False,7.0,0.0,2.0,0.0,0.2857142857142857
156,synonymous,YPD,-0.43481747089461065,-0.40313808895656056,-0.03167938193805009,False,13.0,2.0,8.0,0.15384615384615385,0.6153846153846154
156,missense,YPD,-0.3877154527276353,-0.40313808895656056,0.015422636228925257,False,5.0,0.0,3.0,0.0,0.6
160,synonymous,YPD,-0.4077295198076014,-0.40313808895656056,-0.004591430851040856,False,4.0,2.0,3.0,0.5,0.75
155,synonymous,YPD,-0.4204891825606933,-0.40313808895656056,-0.017351093604132728,False,5.0,0.0,3.0,0.0,0.6
154,synonymous,YPD,-0.43988983701979334,-0.40313808895656056,-0.03675174806323278,False,4.0,1.0,2.0,0.25,0.5
154,missense,YPD,-0.38999353324870556,-0.40313808895656056,0.013144555707854999,False,3.0,0.0,2.0,0.0,0.6666666666666666
153,synonymous,YPD,-0.3832056896944407,-0.40313808895656056,0.01993239926211987,False,7.0,1.0,3.0,0.14285714285714285,0.42857142857142855
153,missense,YPD,-0.5218974596121887,-0.40313808895656056,-0.11875937065562814,False,4.0,0.0,1.0,0.0,0.25
152,synonymous,YPD,-0.38110336623754504,-0.40313808895656056,0.02203472271901552,False,2.0,1.0,2.0,0.5,1.0
152,missense,YPD,-0.39401522681689494,-0.40313808895656056,0.009122862139665622,False,7.0,3.0,5.0,0.42857142857142855,0.7142857142857143
151,synonymous,YPD,-0.3844431356145985,-0.40313808895656056,0.018694953341962084,False,3.0,0.0,0.0,0.0,0.0
151,missense,YPD,-0.42377937100919405,-0.40313808895656056,-0.02064128205263349,False,6.0,1.0,3.0,0.16666666666666666,0.5
155,missense,YPD,-0.41171129714118865,-0.40313808895656056,-0.00857320818462809,False,5.0,0.0,2.0,0.0,0.4
182,missense,YPD,-0.4389172044801284,-0.40313808895656056,-0.03577911552356783,False,12.0,2.0,4.0,0.16666666666666666,0.3333333333333333
93,missense,YPD,-0.4089472652677612,-0.40313808895656056,-0.005809176311200648,False,5.0,1.0,1.0,0.2,0.2
92,missense,YPD,-0.4292000524788482,-0.40313808895656056,-0.026061963522287623,False,2.0,0.0,1.0,0.0,0.5
32,missense,YPD,-0.382324905815538,-0.40313808895656056,0.02081318314102254,False,5.0,0.0,2.0,0.0,0.4
31,synonymous,YPD,-0.41207685224413976,-0.40313808895656056,-0.008938763287579199,False,9.0,0.0,3.0,0.0,0.3333333333333333
31,missense,YPD,-0.49015022064988006,-0.40313808895656056,-0.0870121316933195,False,2.0,0.0,0.0,0.0,0.0
30,missense,YPD,-0.1539423711167581,-0.40313808895656056,0.24919571783980246,False,3.0,1.0,2.0,0.3333333333333333,0.6666666666666666
29,synonymous,YPD,-0.3930661782643933,-0.40313808895656056,0.010071910692167285,False,6.0,0.0,3.0,0.0,0.5
29,missense,YPD,-0.341839066018468,-0.40313808895656056,0.061299022938092584,False,5.0,0.0,3.0,0.0,0.6
28,missense,YPD,-0.31617953221263506,-0.40313808895656056,0.0869585567439255,False,3.0,0.0,0.0,0.0,0.0
27,synonymous,YPD,-0.4252171747985905,-0.40313808895656056,-0.022079085842029944,False,4.0,0.0,2.0,0.0,0.5
27,missense,YPD,-0.40069559656229203,-0.40313808895656056,0.002442492394268525,False,5.0,1.0,5.0,0.2,1.0
26,synonymous,YPD,-0.24881734524182758,-0.40313808895656056,0.15432074371473298,False,4.0,0.0,1.0,0.0,0.25
26,missense,YPD,-0.44120947025006524,-0.40313808895656056,-0.03807138129350468,False,7.0,2.0,5.0,0.2857142857142857,0.7142857142857143
25,synonymous,YPD,-0.4203937623838436,-0.40313808895656056,-0.01725567342728307,False,1.0,0.0,0.0,0.0,0.0
25,missense,YPD,-0.4351007225233017,-0.40313808895656056,-0.03196263356674112,False,2.0,1.0,1.0,0.5,0.5
24,synonymous,YPD,-0.3817290532903774,-0.40313808895656056,0.021409035666183185,False,5.0,1.0,2.0,0.2,0.4
24,missense,YPD,-0.40717904617711786,-0.40313808895656056,-0.004040957220557306,False,6.0,1.0,4.0,0.16666666666666666,0.6666666666666666
23,synonymous,YPD,-0.38396868588236044,-0.40313808895656056,0.01916940307420012,False,7.0,0.0,2.0,0.0,0.2857142857142857
23,missense,YPD,-0.394659461171118,-0.40313808895656056,0.00847862778544256,False,6.0,0.0,4.0,0.0,0.6666666666666666
32,synonymous,YPD,-0.5582263186005675,-0.40313808895656056,-0.15508822964400693,False,2.0,0.0,0.0,0.0,0.0
22,synonymous,YPD,-0.40873201266753284,-0.40313808895656056,-0.005593923710972282,False,14.0,0.0,7.0,0.0,0.5
33,missense,YPD,-0.41547249571780426,-0.40313808895656056,-0.0123344067612437,False,8.0,0.0,5.0,0.0,0.625
34,missense,YPD,-0.4327997351108423,-0.40313808895656056,-0.02966164615428174,False,5.0,1.0,2.0,0.2,0.4
44,synonymous,YPD,-0.38614356019145335,-0.40313808895656056,0.01699452876510721,False,2.0,0.0,1.0,0.0,0.5
43,synonymous,YPD,-0.39267216780582115,-0.40313808895656056,0.01046592115073941,False,1.0,0.0,0.0,0.0,0.0
43,missense,YPD,-0.41427471707786845,-0.40313808895656056,-0.01113662812130789,False,3.0,1.0,1.0,0.3333333333333333,0.3333333333333333
42,synonymous,YPD,-0.4202922185799044,-0.40313808895656056,-0.01715412962334384,False,3.0,1.0,2.0,0.3333333333333333,0.6666666666666666
42,missense,YPD,-0.4232173021008124,-0.40313808895656056,-0.020079213144251817,False,4.0,0.0,0.0,0.0,0.0
41,synonymous,YPD,-0.39192591784493086,-0.40313808895656056,0.011212171111629698,False,4.0,0.0,2.0,0.0,0.5
41,missense,YPD,-0.5412086599211607,-0.40313808895656056,-0.13807057096460018,False,2.0,1.0,1.0,0.5,0.5
40,synonymous,YPD,-0.40642346708300864,-0.40313808895656056,-0.0032853781264480797,False,3.0,0.0,0.0,0.0,0.0
40,missense,YPD,-0.4345096749823342,-0.40313808895656056,-0.03137158602577367,False,4.0,0.0,0.0,0.0,0.0
39,synonymous,YPD,-0.36348463546714177,-0.40313808895656056,0.03965345348941879,False,9.0,1.0,6.0,0.1111111111111111,0.6666666666666666
39,missense,YPD,-0.505154515903612,-0.40313808895656056,-0.10201642694705149,False,5.0,0.0,1.0,0.0,0.2
38,synonymous,YPD,-0.4228884493964719,-0.40313808895656056,-0.019750360439911352,False,9.0,3.0,4.0,0.3333333333333333,0.4444444444444444
37,missense,YPD,-0.1361462357673852,-0.40313808895656056,0.2669918531891754,False,6.0,0.0,3.0,0.0,0.5
36,missense,YPD,-0.36966502942101753,-0.40313808895656056,0.033473059535543026,False,3.0,0.0,0.0,0.0,0.0
35,synonymous,YPD,-0.398579271171197,-0.40313808895656056,0.004558817785363545,False,1.0,0.0,0.0,0.0,0.0
35,missense,YPD,-0.39381424852684266,-0.40313808895656056,0.0093238404297179,False,6.0,0.0,3.0,0.0,0.5
34,synonymous,YPD,-0.39899547799582735,-0.40313808895656056,0.004142610960733206,False,3.0,0.0,2.0,0.0,0.6666666666666666
33,synonymous,YPD,-0.2944481878414103,-0.40313808895656056,0.10868990111515026,False,10.0,1.0,3.0,0.1,0.3
22,missense,YPD,-0.4181286324212885,-0.40313808895656056,-0.014990543464727946,False,16.0,1.0,9.0,0.0625,0.5625
21,synonymous,YPD,-0.4979315258851181,-0.40313808895656056,-0.09479343692855752,False,3.0,1.0,1.0,0.3333333333333333,0.3333333333333333
21,missense,YPD,-0.515845190496176,-0.40313808895656056,-0.1127071015396155,False,2.0,0.0,0.0,0.0,0.0
9,synonymous,YPD,-0.4987337383126989,-0.40313808895656056,-0.09559564935613835,False,5.0,0.0,4.0,0.0,0.8
9,missense,YPD,-0.026306577043577663,-0.40313808895656056,0.3768315119129829,False,1.0,0.0,0.0,0.0,0.0
8,synonymous,YPD,-0.46314346672605616,-0.40313808895656056,-0.060005377769495605,False,8.0,1.0,4.0,0.125,0.5
8,missense,YPD,-0.27344140516652904,-0.40313808895656056,0.12969668379003152,False,5.0,0.0,0.0,0.0,0.0
7,synonymous,YPD,-0.38918495507706347,-0.40313808895656056,0.013953133879497093,False,3.0,0.0,2.0,0.0,0.6666666666666666
7,missense,YPD,-0.40298757058755275,-0.40313808895656056,0.00015051836900781268,False,5.0,1.0,1.0,0.2,0.2
6,synonymous,YPD,-0.3764446659265573,-0.40313808895656056,0.02669342303000327,False,4.0,1.0,2.0,0.25,0.5
6,missense,YPD,-0.42508858515716624,-0.40313808895656056,-0.021950496200605685,False,3.0,0.0,1.0,0.0,0.3333333333333333
5,synonymous,YPD,-0.2192321285590529,-0.40313808895656056,0.18390596039750765,False,11.0,1.0,5.0,0.09090909090909091,0.45454545454545453
5,missense,YPD,-0.08428103830006402,-0.40313808895656056,0.31885705065649655,False,4.0,0.0,0.0,0.0,0.0
4,synonymous,YPD,-0.39707881123981414,-0.40313808895656056,0.006059277716746414,False,2.0,0.0,1.0,0.0,0.5
4,missense,YPD,-0.42778672982324173,-0.40313808895656056,-0.02464864086668117,False,3.0,1.0,2.0,0.3333333333333333,0.6666666666666666
3,synonymous,YPD,-0.4346468360725345,-0.40313808895656056,-0.031508747115973956,False,3.0,0.0,1.0,0.0,0.3333333333333333
3,missense,YPD,-0.3996320459122581,-0.40313808895656056,0.003506043044302465,False,3.0,0.0,1.0,0.0,0.3333333333333333
2,synonymous,YPD,-0.4089992206881836,-0.40313808895656056,-0.005861131731623059,False,2.0,0.0,1.0,0.0,0.5
2,missense,YPD,-0.4851416278645796,-0.40313808895656056,-0.08200353890801904,False,3.0,1.0,1.0,0.3333333333333333,0.3333333333333333
1,synonymous,YPD,-0.3862214498845253,-0.40313808895656056,0.016916639072035278,False,18.0,2.0,8.0,0.1111111111111111,0.4444444444444444
10,missense,YPD,-0.399765359275646,-0.40313808895656056,0.0033727296809145657,False,8.0,3.0,5.0,0.375,0.625
10,synonymous,YPD,-0.42344691983099336,-0.40313808895656056,-0.020308830874432804,False,13.0,1.0,3.0,0.07692307692307693,0.23076923076923078
11,missense,YPD,-0.32916361397725485,-0.40313808895656056,0.0739744749793057,False,11.0,1.0,4.0,0.09090909090909091,0.36363636363636365
11,synonymous,YPD,-0.437748774209381,-0.40313808895656056,-0.03461068525282046,False,11.0,2.0,5.0,0.18181818181818182,0.45454545454545453
20,synonymous,YPD,-0.40770804149293693,-0.40313808895656056,-0.004569952536376376,False,7.0,0.0,3.0,0.0,0.42857142857142855
20,missense,YPD,-0.38920229604685014,-0.40313808895656056,0.01393579290971042,False,5.0,1.0,2.0,0.2,0.4
19,synonymous,YPD,-0.5681568868075272,-0.40313808895656056,-0.16501879785096663,False,2.0,0.0,0.0,0.0,0.0
19,missense,YPD,-0.40905873818749383,-0.40313808895656056,-0.0059206492309332726,False,5.0,1.0,1.0,0.2,0.2
18,synonymous,YPD,-0.4125536646354924,-0.40313808895656056,-0.009415575678931865,False,13.0,3.0,8.0,0.23076923076923078,0.6153846153846154
18,missense,YPD,-0.3310033209309905,-0.40313808895656056,0.07213476802557006,False,10.0,0.0,4.0,0.0,0.4
17,synonymous,YPD,-0.33814894566010145,-0.40313808895656056,0.0649891432964591,False,8.0,1.0,4.0,0.125,0.5
17,missense,YPD,-0.3118890105710477,-0.40313808895656056,0.09124907838551288,False,8.0,0.0,2.0,0.0,0.25
45,missense,YPD,-0.0424736620753892,-0.40313808895656056,0.36066442688117134,True,1.0,1.0,1.0,1.0,1.0
16,synonymous,YPD,-0.4026711174617846,-0.40313808895656056,0.00046697149477598066,False,6.0,1.0,4.0,0.16666666666666666,0.6666666666666666
15,synonymous,YPD,-0.43795369200634754,-0.40313808895656056,-0.03481560304978698,False,7.0,2.0,6.0,0.2857142857142857,0.8571428571428571
15,missense,YPD,-0.40316959992962315,-0.40313808895656056,-3.151097306258732e-05,False,6.0,1.0,4.0,0.16666666666666666,0.6666666666666666
14,synonymous,YPD,-0.405154826750403,-0.40313808895656056,-0.002016737793842427,False,8.0,1.0,4.0,0.125,0.5
14,missense,YPD,-0.07606297524090991,-0.40313808895656056,0.3270751137156507,False,4.0,2.0,3.0,0.5,0.75
13,synonymous,YPD,-0.40417515165837925,-0.40313808895656056,-0.0010370627018186918,False,15.0,4.0,6.0,0.26666666666666666,0.4
13,missense,YPD,-0.39103551506131784,-0.40313808895656056,0.012102573895242719,False,6.0,0.0,2.0,0.0,0.3333333333333333
12,synonymous,YPD,-0.5876271585138688,-0.40313808895656056,-0.18448906955730826,False,5.0,0.0,4.0,0.0,0.8
12,missense,YPD,-0.4299261374682898,-0.40313808895656056,-0.026788048511729223,False,6.0,0.0,1.0,0.0,0.16666666666666666
16,missense,YPD,-0.3782107234714242,-0.40313808895656056,0.024927365485136355,False,15.0,5.0,11.0,0.3333333333333333,0.7333333333333333
47,missense,YPD,-0.3999600278982119,-0.40313808895656056,0.003178061058348669,False,1.0,0.0,0.0,0.0,0.0
48,missense,YPD,-0.41152612264949384,-0.40313808895656056,-0.008388033692933283,False,1.0,0.0,0.0,0.0,0.0
48,synonymous,YPD,-0.35328213893408705,-0.40313808895656056,0.049855950022473505,False,2.0,0.0,1.0,0.0,0.5
80,synonymous,YPD,-0.13247930843252703,-0.40313808895656056,0.2706587805240335,False,3.0,1.0,1.0,0.3333333333333333,0.3333333333333333
80,missense,YPD,-0.4678888976871994,-0.40313808895656056,-0.06475080873063882,False,7.0,1.0,3.0,0.14285714285714285,0.42857142857142855
79,synonymous,YPD,-0.5896063558546744,-0.40313808895656056,-0.1864682668981138,False,1.0,0.0,0.0,0.0,0.0
79,missense,YPD,-0.42451256403662896,-0.40313808895656056,-0.0213744750800684,False,4.0,0.0,2.0,0.0,0.5
78,synonymous,YPD,-0.3920444788011492,-0.40313808895656056,0.011093610155411382,False,3.0,0.0,1.0,0.0,0.3333333333333333
78,missense,YPD,-0.1096437765546884,-0.40313808895656056,0.2934943124018722,False,2.0,0.0,1.0,0.0,0.5
77,missense,YPD,-0.1724376382930389,-0.40313808895656056,0.23070045066352166,False,6.0,1.0,2.0,0.16666666666666666,0.3333333333333333
76,missense,YPD,-0.40700095192472935,-0.40313808895656056,-0.00386286296816879,False,3.0,1.0,1.0,0.3333333333333333,0.3333333333333333
75,synonymous,YPD,-0.35904718960851323,-0.40313808895656056,0.04409089934804733,False,4.0,0.0,3.0,0.0,0.75
75,missense,YPD,-0.41768743171861566,-0.40313808895656056,-0.014549342762055106,False,3.0,1.0,2.0,0.3333333333333333,0.6666666666666666
74,synonymous,YPD,-0.4107085014447953,-0.40313808895656056,-0.007570412488234757,False,4.0,1.0,1.0,0.25,0.25
74,missense,YPD,-0.4079615892293898,-0.40313808895656056,-0.00482350027282924,False,5.0,0.0,1.0,0.0,0.2
73,synonymous,YPD,-0.41874608903691735,-0.40313808895656056,-0.015608000080356788,False,8.0,1.0,4.0,0.125,0.5
73,missense,YPD,-0.4320495230526682,-0.40313808895656056,-0.028911434096107635,False,5.0,1.0,1.0,0.2,0.2
72,synonymous,YPD,-0.41221536909604906,-0.40313808895656056,-0.009077280139488497,False,8.0,0.0,3.0,0.0,0.375
72,missense,YPD,-0.38434854477864394,-0.40313808895656056,0.018789544177916617,True,2.0,2.0,2.0,1.0,1.0
71,synonymous,YPD,-0.403106577983498,-0.40313808895656056,3.151097306253181e-05,False,3.0,1.0,2.0,0.3333333333333333,0.6666666666666666
81,missense,YPD,-0.03141003673778665,-0.40313808895656056,0.3717280522187739,False,1.0,0.0,0.0,0.0,0.0
81,synonymous,YPD,-0.3971110326122212,-0.40313808895656056,0.0060270563443393654,False,1.0,0.0,1.0,0.0,1.0
82,missense,YPD,-0.3982805834661412,-0.40313808895656056,0.004857505490419356,False,4.0,0.0,1.0,0.0,0.25
82,synonymous,YPD,-0.4220509136052491,-0.40313808895656056,-0.018912824648688542,False,1.0,0.0,0.0,0.0,0.0
91,synonymous,YPD,-0.4406980174717939,-0.40313808895656056,-0.03755992851523332,False,2.0,0.0,1.0,0.0,0.5
91,missense,YPD,-0.14055949891412015,-0.40313808895656056,0.26257859004244044,False,3.0,0.0,1.0,0.0,0.3333333333333333
90,synonymous,YPD,-0.44259961692815397,-0.40313808895656056,-0.03946152797159341,False,5.0,0.0,3.0,0.0,0.6
90,missense,YPD,-0.49434737252829386,-0.40313808895656056,-0.0912092835717333,False,3.0,0.0,2.0,0.0,0.6666666666666666
89,synonymous,YPD,-0.38668564685340834,-0.40313808895656056,0.01645244210315222,True,1.0,1.0,1.0,1.0,1.0
89,missense,YPD,-0.43258064523877277,-0.40313808895656056,-0.029442556282212207,False,5.0,1.0,3.0,0.2,0.6
88,synonymous,YPD,-0.4002257440446908,-0.40313808895656056,0.0029123449118697575,False,5.0,0.0,2.0,0.0,0.4
88,missense,YPD,-0.3728797632551448,-0.40313808895656056,0.030258325701415734,False,2.0,0.0,0.0,0.0,0.0
71,missense,YPD,-0.3747941180430688,-0.40313808895656056,0.02834397091349178,False,2.0,1.0,1.0,0.5,0.5
87,synonymous,YPD,-0.3929395192545429,-0.40313808895656056,0.010198569702017657,False,6.0,1.0,1.0,0.16666666666666666,0.16666666666666666
86,synonymous,YPD,-0.3446430785780873,-0.40313808895656056,0.05849501037847327,False,2.0,0.0,2.0,0.0,1.0
86,missense,YPD,-0.5220930325044556,-0.40313808895656056,-0.11895494354789504,False,3.0,0.0,2.0,0.0,0.6666666666666666
85,synonymous,YPD,-0.38452511656384897,-0.40313808895656056,0.01861297239271159,False,3.0,0.0,0.0,0.0,0.0
85,missense,YPD,-0.41255289510270987,-0.40313808895656056,-0.009414806146149313,True,1.0,1.0,1.0,1.0,1.0
84,synonymous,YPD,-0.38500751907925945,-0.40313808895656056,0.018130569877301106,False,4.0,1.0,1.0,0.25,0.25
84,missense,YPD,-0.3859483275671316,-0.40313808895656056,0.01718976138942896,False,3.0,0.0,2.0,0.0,0.6666666666666666
83,synonymous,YPD,-0.43701527750014335,-0.40313808895656056,-0.03387718854358279,False,3.0,0.0,2.0,0.0,0.6666666666666666
83,missense,YPD,-0.39423708648948425,-0.40313808895656056,0.008901002467076313,False,2.0,0.0,0.0,0.0,0.0
87,missense,YPD,-0.405665904780341,-0.40313808895656056,-0.0025278158237804216,False,2.0,0.0,0.0,0.0,0.0
92,synonymous,YPD,-0.4060478705299838,-0.40313808895656056,-0.0029097815734232535,False,3.0,1.0,2.0,0.3333333333333333,0.6666666666666666
70,synonymous,YPD,-0.41246400530305255,-0.40313808895656056,-0.009325916346491991,False,5.0,0.0,2.0,0.0,0.4
68,synonymous,YPD,-0.40264906220006225,-0.40313808895656056,0.000489026756498312,False,3.0,0.0,0.0,0.0,0.0
57,missense,YPD,-0.39713671020054275,-0.40313808895656056,0.006001378756017806,False,10.0,1.0,4.0,0.1,0.4
56,synonymous,YPD,-0.3919623532138644,-0.40313808895656056,0.011175735742696147,False,8.0,0.0,4.0,0.0,0.5
56,missense,YPD,-0.413830086974358,-0.40313808895656056,-0.010691998017797466,False,5.0,0.0,1.0,0.0,0.2
55,synonymous,YPD,-0.36871916657776355,-0.40313808895656056,0.03441892237879701,False,3.0,1.0,2.0,0.3333333333333333,0.6666666666666666
55,missense,YPD,-0.35437663873945,-0.40313808895656056,0.048761450217110536,False,6.0,1.0,3.0,0.16666666666666666,0.5
54,synonymous,YPD,-0.38339833828529324,-0.40313808895656056,0.01973975067126732,False,6.0,0.0,1.0,0.0,0.16666666666666666
54,missense,YPD,-0.4898638194681397,-0.40313808895656056,-0.08672573051157917,False,8.0,0.0,3.0,0.0,0.375
53,synonymous,YPD,-0.4256462962432478,-0.40313808895656056,-0.022508207286687232,False,5.0,1.0,3.0,0.2,0.6
53,missense,YPD,-0.4039970527267378,-0.40313808895656056,-0.0008589637701772457,False,4.0,2.0,4.0,0.5,1.0
52,synonymous,YPD,-0.074178979912874,-0.40313808895656056,0.3289591090436865,False,3.0,0.0,2.0,0.0,0.6666666666666666
52,missense,YPD,-0.38802931198716123,-0.40313808895656056,0.015108776969399329,False,3.0,0.0,2.0,0.0,0.6666666666666666
51,synonymous,YPD,-0.4525110516441569,-0.40313808895656056,-0.04937296268759633,False,2.0,0.0,0.0,0.0,0.0
51,missense,YPD,-0.10581091151793812,-0.40313808895656056,0.29732717743862247,False,2.0,0.0,1.0,0.0,0.5
50,synonymous,YPD,-0.6352562524203241,-0.40313808895656056,-0.23211816346376357,False,1.0,0.0,1.0,0.0,1.0
50,PTC,YPD,-0.4114307618149672,-0.40313808895656056,-0.008292672858406624,False,1.0,0.0,0.0,0.0,0.0
49,synonymous,YPD,-0.3623527740464874,-0.40313808895656056,0.040785314910073145,False,3.0,0.0,0.0,0.0,0.0
49,missense,YPD,-0.4176472913977689,-0.40313808895656056,-0.014509202441208346,False,1.0,0.0,0.0,0.0,0.0
57,synonymous,YPD,-0.3418947919624471,-0.40313808895656056,0.06124329699411346,False,13.0,0.0,5.0,0.0,0.38461538461538464
58,missense,YPD,-0.4049649160405786,-0.40313808895656056,-0.0018268270840180456,False,5.0,2.0,2.0,0.4,0.4
58,synonymous,YPD,-0.4039273226815816,-0.40313808895656056,-0.0007892337250210435,False,6.0,2.0,3.0,0.3333333333333333,0.5
59,missense,YPD,-0.4010047745049452,-0.40313808895656056,0.0021333144516153535,False,8.0,0.0,2.0,0.0,0.25
68,missense,YPD,-0.39435069868079414,-0.40313808895656056,0.008787390275766416,False,5.0,1.0,2.0,0.2,0.4
67,synonymous,YPD,-0.4279116018374732,-0.40313808895656056,-0.024773512880912618,False,4.0,0.0,2.0,0.0,0.5
67,missense,YPD,-0.5356149937328818,-0.40313808895656056,-0.13247690477632124,False,4.0,0.0,3.0,0.0,0.75
66,synonymous,YPD,-0.31792714394847055,-0.40313808895656056,0.08521094500809001,False,6.0,0.0,0.0,0.0,0.0
66,missense,YPD,-0.08727291357489536,-0.40313808895656056,0.3158651753816652,False,2.0,0.0,1.0,0.0,0.5
65,synonymous,YPD,-0.3714233925595466,-0.40313808895656056,0.031714696397013964,False,12.0,1.0,7.0,0.08333333333333333,0.5833333333333334
65,missense,YPD,-0.2693713619513377,-0.40313808895656056,0.13376672700522285,False,9.0,1.0,4.0,0.1111111111111111,0.4444444444444444
64,synonymous,YPD,-0.3222840402209248,-0.40313808895656056,0.08085404873563579,False,3.0,0.0,1.0,0.0,0.3333333333333333
69,missense,YPD,-0.4124949157009777,-0.40313808895656056,-0.009356826744417124,False,1.0,0.0,1.0,0.0,1.0
64,missense,YPD,-0.3866690677955767,-0.40313808895656056,0.016469021160983865,False,8.0,0.0,2.0,0.0,0.25
63,missense,YPD,-0.4010473598090465,-0.40313808895656056,0.00209072914751407,False,6.0,0.0,2.0,0.0,0.3333333333333333
62,synonymous,YPD,-0.4011143317351912,-0.40313808895656056,0.002023757221369382,False,2.0,0.0,0.0,0.0,0.0
62,missense,YPD,-0.40102800871454675,-0.40313808895656056,0.002110080242013812,False,5.0,0.0,1.0,0.0,0.2
61,synonymous,YPD,-0.337569916290331,-0.40313808895656056,0.06556817266622955,False,1.0,0.0,0.0,0.0,0.0
61,missense,YPD,-0.4011415102140505,-0.40313808895656056,0.00199657874251008,False,5.0,0.0,3.0,0.0,0.6
60,synonymous,YPD,-0.3462285389350427,-0.40313808895656056,0.056909550021517874,False,8.0,0.0,4.0,0.0,0.5
60,missense,YPD,-0.42436223521365074,-0.40313808895656056,-0.021224146257090182,False,8.0,1.0,5.0,0.125,0.625
59,synonymous,YPD,-0.42235335268686675,-0.40313808895656056,-0.019215263730306187,False,6.0,0.0,1.0,0.0,0.16666666666666666
63,synonymous,YPD,-0.37371113001469924,-0.40313808895656056,0.029426958941861314,False,4.0,0.0,0.0,0.0,0.0
182,synonymous,YPD,-0.42523612877821537,-0.40313808895656056,-0.022098039821654814,False,9.0,2.0,4.0,0.2222222222222222,0.4444444444444444
183,missense,YPD,-0.3684491056704281,-0.40313808895656056,0.03468898328613246,False,11.0,1.0,5.0,0.09090909090909091,0.45454545454545453
183,synonymous,YPD,-0.4185504335485099,-0.40313808895656056,-0.015412344591949345,False,15.0,0.0,4.0,0.0,0.26666666666666666
311,missense,YPD,-0.4005686481832761,-0.40313808895656056,0.0025694407732844704,False,10.0,4.0,5.0,0.4,0.5
310,synonymous,YPD,-0.40237686336068573,-0.40313808895656056,0.000761225595874826,False,5.0,3.0,5.0,0.6,1.0
310,missense,YPD,-0.5184285994601324,-0.40313808895656056,-0.11529051050357186,False,5.0,0.0,3.0,0.0,0.6
309,synonymous,YPD,-0.38959214872896664,-0.40313808895656056,0.013545940227593922,False,5.0,0.0,1.0,0.0,0.2
309,missense,YPD,-0.4187432754938585,-0.40313808895656056,-0.015605186537297921,False,10.0,2.0,4.0,0.2,0.4
308,synonymous,YPD,-0.4282300701396935,-0.40313808895656056,-0.02509198118313294,False,7.0,1.0,2.0,0.14285714285714285,0.2857142857142857
308,missense,YPD,-0.4184944794123957,-0.40313808895656056,-0.015356390455835145,False,8.0,1.0,4.0,0.125,0.5
307,synonymous,YPD,-0.40357584269286145,-0.40313808895656056,-0.0004377537363008943,False,11.0,1.0,2.0,0.09090909090909091,0.18181818181818182
307,missense,YPD,-0.41783900787775313,-0.40313808895656056,-0.014700918921192574,False,7.0,0.0,1.0,0.0,0.14285714285714285
306,synonymous,YPD,-0.44496808182741304,-0.40313808895656056,-0.041829992870852484,False,10.0,2.0,7.0,0.2,0.7
306,missense,YPD,-0.4136336227363627,-0.40313808895656056,-0.010495533779802169,False,13.0,3.0,6.0,0.23076923076923078,0.46153846153846156
305,synonymous,YPD,-0.32170740645321566,-0.40313808895656056,0.0814306825033449,False,14.0,1.0,6.0,0.07142857142857142,0.42857142857142855
305,missense,YPD,-0.4072534412982715,-0.40313808895656056,-0.004115352341710954,False,10.0,0.0,6.0,0.0,0.6
304,synonymous,YPD,-0.24310945299624923,-0.40313808895656056,0.16002863596031133,False,9.0,0.0,2.0,0.0,0.2222222222222222
304,missense,YPD,-0.3050437983421734,-0.40313808895656056,0.09809429061438718,False,11.0,0.0,2.0,0.0,0.18181818181818182
303,synonymous,YPD,-0.3888310497812505,-0.40313808895656056,0.014307039175310066,False,5.0,3.0,3.0,0.6,0.6
303,missense,YPD,-0.39795467742140644,-0.40313808895656056,0.005183411535154114,False,4.0,0.0,0.0,0.0,0.0
311,synonymous,YPD,-0.39875400965371294,-0.40313808895656056,0.004384079302847621,False,10.0,0.0,2.0,0.0,0.2
302,synonymous,YPD,-0.4329684771641808,-0.40313808895656056,-0.02983038820762024,False,1.0,0.0,0.0,0.0,0.0
312,missense,YPD,-0.40649745772774093,-0.40313808895656056,-0.003359368771180371,False,2.0,0.0,0.0,0.0,0.0
313,missense,YPD,-0.3980794147264656,-0.40313808895656056,0.005058674230094984,False,5.0,0.0,1.0,0.0,0.2
322,missense,YPD,-0.4028159956117447,-0.40313808895656056,0.0003220933448158658,False,15.0,1.0,8.0,0.06666666666666667,0.5333333333333333
321,synonymous,YPD,-0.41707430110373567,-0.40313808895656056,-0.013936212147175109,False,5.0,1.0,2.0,0.2,0.4
321,missense,YPD,-0.40789055027589455,-0.40313808895656056,-0.004752461319333989,False,4.0,0.0,2.0,0.0,0.5
320,synonymous,YPD,-0.4069255401211491,-0.40313808895656056,-0.0037874511645885622,False,27.0,3.0,16.0,0.1111111111111111,0.5925925925925926
320,missense,YPD,-0.41127134263491494,-0.40313808895656056,-0.00813325367835438,False,7.0,1.0,3.0,0.14285714285714285,0.42857142857142855
319,synonymous,YPD,-0.19648109823862425,-0.40313808895656056,0.2066569907179363,False,9.0,0.0,3.0,0.0,0.3333333333333333
318,synonymous,YPD,-0.3811835318598066,-0.40313808895656056,0.02195455709675398,False,1.0,1.0,1.0,1.0,1.0
318,missense,YPD,-0.270338804600972,-0.40313808895656056,0.13279928435558858,False,3.0,1.0,1.0,0.3333333333333333,0.3333333333333333
317,synonymous,YPD,-0.41826703283485495,-0.40313808895656056,-0.015128943878294387,False,8.0,1.0,2.0,0.125,0.25
317,missense,YPD,-0.40832909406501217,-0.40313808895656056,-0.005191005108451607,False,1.0,0.0,0.0,0.0,0.0
316,synonymous,YPD,-0.18980482046611885,-0.40313808895656056,0.2133332684904417,False,8.0,1.0,3.0,0.125,0.375
316,missense,YPD,-0.4008485665637283,-0.40313808895656056,0.002289522392832255,False,4.0,0.0,1.0,0.0,0.25
315,synonymous,YPD,-0.20340203482436642,-0.40313808895656056,0.19973605413219414,False,13.0,0.0,5.0,0.0,0.38461538461538464
315,missense,YPD,-0.40432380028294324,-0.40313808895656056,-0.0011857113263826768,False,9.0,0.0,1.0,0.0,0.1111111111111111
314,synonymous,YPD,-0.4501193287661117,-0.40313808895656056,-0.046981239809551156,False,5.0,1.0,3.0,0.2,0.6
314,missense,YPD,-0.41103073329737916,-0.40313808895656056,-0.0078926443408186,False,4.0,1.0,3.0,0.25,0.75
313,synonymous,YPD,-0.4183420959129203,-0.40313808895656056,-0.015204006956359761,False,10.0,1.0,5.0,0.1,0.5
312,synonymous,YPD,-0.3942826446645201,-0.40313808895656056,0.008855444292040437,False,5.0,1.0,3.0,0.2,0.6
302,missense,YPD,-0.4594267840390588,-0.40313808895656056,-0.05628869508249823,False,4.0,0.0,2.0,0.0,0.5
301,synonymous,YPD,-0.3886436643850637,-0.40313808895656056,0.014494424571496856,False,5.0,0.0,2.0,0.0,0.4
301,missense,YPD,-0.1128779335823001,-0.40313808895656056,0.2902601553742605,False,3.0,0.0,0.0,0.0,0.0
288,synonymous,YPD,-0.40869228004469876,-0.40313808895656056,-0.005554191088138205,False,9.0,4.0,6.0,0.4444444444444444,0.6666666666666666
288,missense,YPD,-0.40743059923015074,-0.40313808895656056,-0.004292510273590178,False,3.0,0.0,1.0,0.0,0.3333333333333333
287,missense,YPD,-0.39387016887175336,-0.40313808895656056,0.009267920084807202,False,1.0,0.0,0.0,0.0,0.0
286,synonymous,YPD,-0.3827418733753872,-0.40313808895656056,0.020396215581173383,False,4.0,0.0,4.0,0.0,1.0
285,synonymous,YPD,-0.42722540999744935,-0.40313808895656056,-0.024087321040888787,False,8.0,1.0,4.0,0.125,0.5
285,missense,YPD,-1.5030722564656587,-0.40313808895656056,-1.0999341675090981,False,1.0,0.0,0.0,0.0,0.0
284,synonymous,YPD,-0.4109291255492952,-0.40313808895656056,-0.007791036592734668,False,8.0,1.0,5.0,0.125,0.625
284,missense,YPD,-0.4255995717962806,-0.40313808895656056,-0.02246148283972005,False,2.0,0.0,0.0,0.0,0.0
283,synonymous,YPD,-0.41938746864878723,-0.40313808895656056,-0.016249379692226673,False,5.0,1.0,3.0,0.2,0.6
283,missense,YPD,-0.35999545637734026,-0.40313808895656056,0.0431426325792203,False,6.0,1.0,3.0,0.16666666666666666,0.5
282,synonymous,YPD,-0.42111719881785203,-0.40313808895656056,-0.017979109861291476,False,3.0,1.0,2.0,0.3333333333333333,0.6666666666666666
282,missense,YPD,-0.43007974846663344,-0.40313808895656056,-0.02694165951007288,False,2.0,1.0,2.0,0.5,1.0
281,synonymous,YPD,-0.39734687240344096,-0.40313808895656056,0.005791216553119594,False,2.0,0.0,1.0,0.0,0.5
281,missense,YPD,-0.38841728176786194,-0.40313808895656056,0.014720807188698615,False,6.0,2.0,5.0,0.3333333333333333,0.8333333333333334
280,synonymous,YPD,-0.37391921841522174,-0.40313808895656056,0.029218870541338815,False,4.0,1.0,3.0,0.25,0.75
280,missense,YPD,-0.3943192898064128,-0.40313808895656056,0.008818799150147771,False,7.0,1.0,3.0,0.14285714285714285,0.42857142857142855
279,synonymous,YPD,-0.40271648167654445,-0.40313808895656056,0.0004216072800161119,False,3.0,0.0,1.0,0.0,0.3333333333333333
289,missense,YPD,-0.43138850201247225,-0.40313808895656056,-0.028250413055911694,False,2.0,0.0,1.0,0.0,0.5
290,missense,YPD,-0.41120731725081094,-0.40313808895656056,-0.008069228294250386,False,5.0,1.0,2.0,0.2,0.4
290,synonymous,YPD,-0.3740874412932573,-0.40313808895656056,0.029050647663303286,False,3.0,1.0,2.0,0.3333333333333333,0.6666666666666666
291,missense,YPD,-0.2416693498896894,-0.40313808895656056,0.16146873906687115,False,7.0,0.0,2.0,0.0,0.2857142857142857
300,synonymous,YPD,-0.3963551556998089,-0.40313808895656056,0.0067829332567516665,False,3.0,0.0,1.0,0.0,0.3333333333333333
300,missense,YPD,-0.4094249890202812,-0.40313808895656056,-0.006286900063720624,False,3.0,0.0,2.0,0.0,0.6666666666666666
300,PTC,YPD,-0.26809778873522605,-0.40313808895656056,0.1350403002213345,True,1.0,1.0,1.0,1.0,1.0
299,synonymous,YPD,-0.4268753706311977,-0.40313808895656056,-0.023737281674637123,False,5.0,1.0,3.0,0.2,0.6
299,missense,YPD,-0.357689034540656,-0.40313808895656056,0.04544905441590458,False,6.0,1.0,4.0,0.16666666666666666,0.6666666666666666
298,synonymous,YPD,-0.4026935590169606,-0.40313808895656056,0.0004445299395999802,False,5.0,0.0,4.0,0.0,0.8
298,missense,YPD,-0.41392169608948565,-0.40313808895656056,-0.010783607132925088,False,6.0,1.0,3.0,0.16666666666666666,0.5
297,synonymous,YPD,-0.40296701795259493,-0.40313808895656056,0.00017107100396562824,False,2.0,1.0,1.0,0.5,0.5
322,synonymous,YPD,-0.39262384019650826,-0.40313808895656056,0.010514248760052303,False,2.0,0.0,0.0,0.0,0.0
297,missense,YPD,-0.4412237893213889,-0.40313808895656056,-0.038085700364828334,False,5.0,1.0,3.0,0.2,0.6
296,missense,YPD,-0.43878584800321646,-0.40313808895656056,-0.0356477590466559,False,3.0,1.0,2.0,0.3333333333333333,0.6666666666666666
295,missense,YPD,-0.5020364410842924,-0.40313808895656056,-0.09889835212773179,False,4.0,1.0,3.0,0.25,0.75
294,synonymous,YPD,-0.36012914403886076,-0.40313808895656056,0.0430089449176998,False,28.0,2.0,15.0,0.07142857142857142,0.5357142857142857
294,missense,YPD,-0.4124143920032743,-0.40313808895656056,-0.00927630304671373,False,12.0,2.0,8.0,0.16666666666666666,0.6666666666666666
293,synonymous,YPD,-0.41419466825212736,-0.40313808895656056,-0.011056579295566804,False,9.0,0.0,4.0,0.0,0.4444444444444444
293,missense,YPD,-0.41339961415345067,-0.40313808895656056,-0.010261525196890109,False,9.0,2.0,5.0,0.2222222222222222,0.5555555555555556
292,synonymous,YPD,-0.3589894742791413,-0.40313808895656056,0.04414861467741926,False,2.0,0.0,0.0,0.0,0.0
291,synonymous,YPD,-0.3918362142718082,-0.40313808895656056,0.011301874684752355,False,4.0,0.0,2.0,0.0,0.5
296,synonymous,YPD,-0.4177467513740146,-0.40313808895656056,-0.014608662417454066,False,4.0,0.0,1.0,0.0,0.25
323,missense,YPD,-0.428182877444279,-0.40313808895656056,-0.02504478848771846,False,3.0,0.0,1.0,0.0,0.3333333333333333
323,synonymous,YPD,-0.4043663515836426,-0.40313808895656056,-0.001228262627082033,False,10.0,1.0,4.0,0.1,0.4
324,missense,YPD,-0.35879997666427765,-0.40313808895656056,0.044338112292282905,False,10.0,1.0,3.0,0.1,0.3
355,synonymous,YPD,-0.41928958231779934,-0.40313808895656056,-0.016151493361238778,False,3.0,0.0,1.0,0.0,0.3333333333333333
355,missense,YPD,-0.20592197217594205,-0.40313808895656056,0.1972161167806185,False,3.0,0.0,1.0,0.0,0.3333333333333333
354,synonymous,YPD,-0.39387308978379154,-0.40313808895656056,0.009264999172769017,False,6.0,0.0,3.0,0.0,0.5
354,missense,YPD,-0.3824315301005386,-0.40313808895656056,0.02070655885602196,False,2.0,0.0,0.0,0.0,0.0
353,synonymous,YPD,-0.37416927020069873,-0.40313808895656056,0.028968818755861825,False,3.0,0.0,2.0,0.0,0.6666666666666666
353,missense,YPD,-0.4437788527805149,-0.40313808895656056,-0.04064076382395432,False,5.0,0.0,3.0,0.0,0.6
352,synonymous,YPD,-0.4057691359079629,-0.40313808895656056,-0.002631046951402316,False,10.0,2.0,5.0,0.2,0.5
352,missense,YPD,-0.4348434729279717,-0.40313808895656056,-0.03170538397141115,False,6.0,1.0,2.0,0.16666666666666666,0.3333333333333333
351,synonymous,YPD,-0.3933062156095019,-0.40313808895656056,0.00983187334705865,False,5.0,0.0,2.0,0.0,0.4
351,missense,YPD,-0.3932542621616102,-0.40313808895656056,0.009883826794950368,False,14.0,2.0,5.0,0.14285714285714285,0.35714285714285715
350,synonymous,YPD,-0.39664917429555424,-0.40313808895656056,0.0064889146610063175,False,12.0,3.0,5.0,0.25,0.4166666666666667
350,missense,YPD,-0.34632359952102737,-0.40313808895656056,0.05681448943553319,False,15.0,1.0,5.0,0.06666666666666667,0.3333333333333333
349,synonymous,YPD,-0.36370671925223963,-0.40313808895656056,0.03943136970432093,False,18.0,4.0,9.0,0.2222222222222222,0.5
349,missense,YPD,-0.4074923965478499,-0.40313808895656056,-0.0043543075912893525,False,10.0,0.0,5.0,0.0,0.5
348,synonymous,YPD,-0.3855203445120075,-0.40313808895656056,0.017617744444553052,False,10.0,1.0,3.0,0.1,0.3
348,missense,YPD,-0.39058982336547815,-0.40313808895656056,0.012548265591082408,False,15.0,0.0,3.0,0.0,0.2
347,synonymous,YPD,-0.4061367609882315,-0.40313808895656056,-0.0029986720316709237,False,12.0,0.0,2.0,0.0,0.16666666666666666
356,missense,YPD,-0.4265884035493412,-0.40313808895656056,-0.02345031459278063,False,6.0,0.0,2.0,0.0,0.3333333333333333
356,synonymous,YPD,-0.345105739303219,-0.40313808895656056,0.058032349653341586,False,1.0,0.0,0.0,0.0,0.0
357,missense,YPD,-0.3944742727432711,-0.40313808895656056,0.008663816213289433,False,2.0,0.0,0.0,0.0,0.0
358,missense,YPD,-0.40723980957653577,-0.40313808895656056,-0.004101720619975213,False,17.0,4.0,8.0,0.23529411764705882,0.47058823529411764
367,synonymous,YPD,-0.39151606897868474,-0.40313808895656056,0.01162201997787582,False,8.0,1.0,4.0,0.125,0.5
367,missense,YPD,-0.3984025299884795,-0.40313808895656056,0.004735558968081033,False,14.0,3.0,10.0,0.21428571428571427,0.7142857142857143
366,synonymous,YPD,-0.19531770089408834,-0.40313808895656056,0.20782038806247222,False,14.0,2.0,6.0,0.14285714285714285,0.42857142857142855
366,missense,YPD,-0.28189565870703076,-0.40313808895656056,0.1212424302495298,False,20.0,4.0,9.0,0.2,0.45
365,synonymous,YPD,-0.2752586212825611,-0.40313808895656056,0.12787946767399944,False,7.0,0.0,1.0,0.0,0.14285714285714285
365,missense,YPD,-0.4091574831376888,-0.40313808895656056,-0.006019394181128235,False,11.0,1.0,5.0,0.09090909090909091,0.45454545454545453
364,synonymous,YPD,-0.3929568047307046,-0.40313808895656056,0.010181284225855958,False,1.0,0.0,0.0,0.0,0.0
364,missense,YPD,-0.3935666286706901,-0.40313808895656056,0.00957146028587047,False,9.0,0.0,1.0,0.0,0.1111111111111111
347,missense,YPD,-0.4075525815854436,-0.40313808895656056,-0.004414492628883049,False,16.0,1.0,5.0,0.0625,0.3125
363,missense,YPD,-0.3394271541341742,-0.40313808895656056,0.06371093482238638,False,9.0,0.0,5.0,0.0,0.5555555555555556
362,missense,YPD,-0.16502842566521794,-0.40313808895656056,0.23810966329134262,False,13.0,0.0,7.0,0.0,0.5384615384615384
361,synonymous,YPD,-0.3772479197267921,-0.40313808895656056,0.025890169229768445,False,11.0,1.0,5.0,0.09090909090909091,0.45454545454545453
361,missense,YPD,-0.4070895478622493,-0.40313808895656056,-0.003951458905688765,False,12.0,1.0,7.0,0.08333333333333333,0.5833333333333334
360,synonymous,YPD,-0.30227950724478697,-0.40313808895656056,0.10085858171177359,False,18.0,1.0,8.0,0.05555555555555555,0.4444444444444444
360,missense,YPD,-0.4253457252569688,-0.40313808895656056,-0.02220763630040823,False,16.0,2.0,8.0,0.125,0.5
359,synonymous,YPD,-0.3619215306494727,-0.40313808895656056,0.04121655830708787,False,16.0,3.0,8.0,0.1875,0.5
359,missense,YPD,-0.4062334700073402,-0.40313808895656056,-0.0030953810507796664,False,12.0,6.0,9.0,0.5,0.75
358,synonymous,YPD,-0.4191884389332678,-0.40313808895656056,-0.016050349976707234,False,6.0,0.0,2.0,0.0,0.3333333333333333
362,synonymous,YPD,-0.3651875194715578,-0.40313808895656056,0.03795056948500275,False,19.0,2.0,12.0,0.10526315789473684,0.631578947368421
279,missense,YPD,-0.3894585485700233,-0.40313808895656056,0.013679540386537237,False,4.0,0.0,2.0,0.0,0.5
346,synonymous,YPD,-0.4078856409440546,-0.40313808895656056,-0.0047475519874940475,False,5.0,1.0,5.0,0.2,1.0
345,synonymous,YPD,-0.43332628160659376,-0.40313808895656056,-0.030188192650033197,False,25.0,3.0,12.0,0.12,0.48
333,missense,YPD,-0.40603728908541464,-0.40313808895656056,-0.0028992001288540847,False,9.0,2.0,4.0,0.2222222222222222,0.4444444444444444
332,synonymous,YPD,-0.41247761235598007,-0.40313808895656056,-0.009339523399419514,False,3.0,1.0,2.0,0.3333333333333333,0.6666666666666666
332,missense,YPD,-0.39647551478091975,-0.40313808895656056,0.006662574175640812,False,4.0,0.0,1.0,0.0,0.25
331,synonymous,YPD,-0.3731481532602073,-0.40313808895656056,0.029989935696353276,False,5.0,1.0,3.0,0.2,0.6
331,missense,YPD,-0.36025528169613197,-0.40313808895656056,0.04288280726042859,False,6.0,3.0,3.0,0.5,0.5
330,synonymous,YPD,-0.35534172150886945,-0.40313808895656056,0.04779636744769111,False,2.0,1.0,2.0,0.5,1.0
330,missense,YPD,-0.40727213345094604,-0.40313808895656056,-0.00413404449438548,False,2.0,2.0,2.0,1.0,1.0
329,synonymous,YPD,-0.4085626299238029,-0.40313808895656056,-0.0054245409672423195,False,7.0,1.0,4.0,0.14285714285714285,0.5714285714285714
329,missense,YPD,-0.36737537904053985,-0.40313808895656056,0.03576270991602071,False,2.0,0.0,1.0,0.0,0.5
328,synonymous,YPD,-0.3534109069584737,-0.40313808895656056,0.049727181998086845,False,2.0,0.0,2.0,0.0,1.0
328,missense,YPD,-0.37887303353023827,-0.40313808895656056,0.02426505542632229,False,1.0,0.0,0.0,0.0,0.0
327,synonymous,YPD,-0.03749490296966078,-0.40313808895656056,0.36564318598689977,False,1.0,0.0,0.0,0.0,0.0
327,missense,YPD,-0.3776075672615892,-0.40313808895656056,0.02553052169497133,False,2.0,0.0,2.0,0.0,1.0
326,synonymous,YPD,-0.49035785250110125,-0.40313808895656056,-0.0872197635445407,False,3.0,0.0,0.0,0.0,0.0
326,missense,YPD,-0.4004335498761534,-0.40313808895656056,0.002704539080407131,False,3.0,1.0,1.0,0.3333333333333333,0.3333333333333333
325,synonymous,YPD,-0.38879499812303076,-0.40313808895656056,0.014343090833529804,False,4.0,1.0,1.0,0.25,0.25
325,missense,YPD,-0.41448476482600144,-0.40313808895656056,-0.011346675869440881,False,10.0,1.0,3.0,0.1,0.3
334,missense,YPD,-0.10323638415905222,-0.40313808895656056,0.29990170479750833,False,3.0,0.0,2.0,0.0,0.6666666666666666
334,synonymous,YPD,-0.3617387520117055,-0.40313808895656056,0.041399336944855036,False,2.0,0.0,2.0,0.0,1.0
335,missense,YPD,-0.3763011595446906,-0.40313808895656056,0.026836929411869936,False,4.0,0.0,2.0,0.0,0.5
335,synonymous,YPD,-0.43164833563997945,-0.40313808895656056,-0.028510246683418894,False,3.0,0.0,2.0,0.0,0.6666666666666666
345,missense,YPD,-0.39111993322524313,-0.40313808895656056,0.012018155731317426,False,6.0,2.0,4.0,0.3333333333333333,0.6666666666666666
344,synonymous,YPD,-0.38353277772624894,-0.40313808895656056,0.019605311230311617,False,3.0,1.0,2.0,0.3333333333333333,0.6666666666666666
344,missense,YPD,-0.41725634188250693,-0.40313808895656056,-0.014118252925946373,False,7.0,2.0,7.0,0.2857142857142857,1.0
343,synonymous,YPD,-0.39707771065660347,-0.40313808895656056,0.006060378299957092,False,9.0,1.0,4.0,0.1111111111111111,0.4444444444444444
343,missense,YPD,-0.4139847707473417,-0.40313808895656056,-0.010846681790781132,False,10.0,0.0,3.0,0.0,0.3
342,missense,YPD,-0.4285376846987022,-0.40313808895656056,-0.025399595742141623,True,7.0,5.0,7.0,0.7142857142857143,1.0
341,synonymous,YPD,-0.14572696605049737,-0.40313808895656056,0.25741112290606316,False,21.0,1.0,9.0,0.047619047619047616,0.42857142857142855
341,missense,YPD,-0.4146055294556489,-0.40313808895656056,-0.011467440499088322,False,12.0,1.0,4.0,0.08333333333333333,0.3333333333333333
346,missense,YPD,-0.1720837936028714,-0.40313808895656056,0.23105429535368915,False,5.0,1.0,1.0,0.2,0.2
340,synonymous,YPD,-0.4129325607888292,-0.40313808895656056,-0.009794471832268614,False,5.0,1.0,1.0,0.2,0.2
339,synonymous,YPD,-0.43270799896519857,-0.40313808895656056,-0.029569910008638012,False,7.0,2.0,4.0,0.2857142857142857,0.5714285714285714
339,missense,YPD,-0.3956812542073521,-0.40313808895656056,0.007456834749208441,True,4.0,3.0,4.0,0.75,1.0
338,synonymous,YPD,-0.4229840917432485,-0.40313808895656056,-0.019846002786687966,False,4.0,0.0,0.0,0.0,0.0
338,missense,YPD,-0.06260444873389287,-0.40313808895656056,0.3405336402226677,False,1.0,0.0,0.0,0.0,0.0
337,synonymous,YPD,-0.41484980583597547,-0.40313808895656056,-0.011711716879414913,False,2.0,1.0,2.0,0.5,1.0
337,missense,YPD,-0.4025606485799526,-0.40313808895656056,0.0005774403766079517,False,7.0,2.0,3.0,0.2857142857142857,0.42857142857142855
336,synonymous,YPD,-0.4304685593063689,-0.40313808895656056,-0.027330470349808345,False,4.0,0.0,2.0,0.0,0.5
336,missense,YPD,-0.3324411971814785,-0.40313808895656056,0.07069689177508204,False,6.0,1.0,3.0,0.16666666666666666,0.5
340,missense,YPD,-0.32763449921813026,-0.40313808895656056,0.0755035897384303,True,8.0,8.0,8.0,1.0,1.0
278,synonymous,YPD,-0.38390618076553124,-0.40313808895656056,0.019231908191029323,False,2.0,0.0,1.0,0.0,0.5
277,synonymous,YPD,-0.6383121477973596,-0.40313808895656056,-0.235174058840799,False,2.0,0.0,1.0,0.0,0.5
277,missense,YPD,-0.4265193009156077,-0.40313808895656056,-0.023381211959047132,False,1.0,0.0,0.0,0.0,0.0
214,missense,YPD,-0.41460713909280933,-0.40313808895656056,-0.01146905013624877,False,2.0,0.0,1.0,0.0,0.5
213,missense,YPD,-0.38992923463507506,-0.40313808895656056,0.013208854321485497,False,3.0,0.0,2.0,0.0,0.6666666666666666
212,synonymous,YPD,-0.4604797306378464,-0.40313808895656056,-0.05734164168128586,False,2.0,0.0,0.0,0.0,0.0
212,missense,YPD,-0.4322229686116295,-0.40313808895656056,-0.02908487965506895,False,8.0,2.0,4.0,0.25,0.5
211,synonymous,YPD,-0.37085929678917984,-0.40313808895656056,0.03227879216738072,False,4.0,1.0,3.0,0.25,0.75
211,missense,YPD,-0.41873428580614075,-0.40313808895656056,-0.01559619684958019,False,8.0,2.0,3.0,0.25,0.375
210,synonymous,YPD,-0.45829202394224655,-0.40313808895656056,-0.05515393498568599,False,4.0,0.0,0.0,0.0,0.0
210,missense,YPD,-0.4268214082447045,-0.40313808895656056,-0.023683319288143934,False,7.0,3.0,3.0,0.42857142857142855,0.42857142857142855
209,synonymous,YPD,-0.44296203825942626,-0.40313808895656056,-0.0398239493028657,False,4.0,0.0,2.0,0.0,0.5
209,missense,YPD,-0.35886076524799404,-0.40313808895656056,0.04427732370856652,False,3.0,1.0,2.0,0.3333333333333333,0.6666666666666666
208,synonymous,YPD,-0.11278997989828765,-0.40313808895656056,0.2903481090582729,False,6.0,1.0,3.0,0.16666666666666666,0.5
208,missense,YPD,-0.41327853912729584,-0.40313808895656056,-0.010140450170735282,False,15.0,1.0,10.0,0.06666666666666667,0.6666666666666666
207,synonymous,YPD,-0.26304852193882167,-0.40313808895656056,0.1400895670177389,False,14.0,3.0,6.0,0.21428571428571427,0.42857142857142855
207,missense,YPD,-0.3944818603196348,-0.40313808895656056,0.008656228636925778,False,3.0,0.0,1.0,0.0,0.3333333333333333
206,synonymous,YPD,-0.4096480423696376,-0.40313808895656056,-0.00650995341307703,False,4.0,1.0,2.0,0.25,0.5
206,missense,YPD,-0.35504505962602884,-0.40313808895656056,0.04809302933053172,False,11.0,0.0,6.0,0.0,0.5454545454545454
205,synonymous,YPD,-0.41114778020513,-0.40313808895656056,-0.008009691248569428,False,2.0,1.0,1.0,0.5,0.5
214,synonymous,YPD,-0.39454170139295924,-0.40313808895656056,0.008596387563601315,False,2.0,1.0,1.0,0.5,0.5
215,missense,YPD,-0.41341122541732883,-0.40313808895656056,-0.010273136460768273,False,3.0,0.0,0.0,0.0,0.0
215,synonymous,YPD,-0.29413432433151815,-0.40313808895656056,0.10900376462504241,False,6.0,2.0,5.0,0.3333333333333333,0.8333333333333334
216,missense,YPD,-0.41094166070521854,-0.40313808895656056,-0.007803571748657978,False,11.0,4.0,7.0,0.36363636363636365,0.6363636363636364
226,missense,YPD,-0.40041555136543866,-0.40313808895656056,0.0027225375911218985,False,3.0,1.0,1.0,0.3333333333333333,0.3333333333333333
225,missense,YPD,-0.33932784009770034,-0.40313808895656056,0.06381024885886022,False,1.0,1.0,1.0,1.0,1.0
224,synonymous,YPD,-0.39809902197832925,-0.40313808895656056,0.00503906697823131,False,3.0,0.0,0.0,0.0,0.0
224,missense,YPD,-0.4032825578667374,-0.40313808895656056,-0.0001444689101768315,False,1.0,0.0,0.0,0.0,0.0
223,synonymous,YPD,-0.42399577964677315,-0.40313808895656056,-0.020857690690212594,False,2.0,0.0,0.0,0.0,0.0
222,synonymous,YPD,-0.387978814741545,-0.40313808895656056,0.015159274215015561,False,4.0,0.0,1.0,0.0,0.25
222,missense,YPD,-0.4084978615603018,-0.40313808895656056,-0.005359772603741264,False,2.0,0.0,2.0,0.0,1.0
221,synonymous,YPD,-0.43010963507080613,-0.40313808895656056,-0.02697154611424557,False,5.0,0.0,3.0,0.0,0.6
205,missense,YPD,-0.3471789502592996,-0.40313808895656056,0.055959138697260935,False,10.0,1.0,7.0,0.1,0.7
221,missense,YPD,-1.090715849600241,-0.40313808895656056,-0.6875777606436804,False,1.0,0.0,1.0,0.0,1.0
220,missense,YPD,-0.43691581686784037,-0.40313808895656056,-0.03377772791127981,False,4.0,0.0,2.0,0.0,0.5
219,synonymous,YPD,-0.39801362207629437,-0.40313808895656056,0.0051244668802661875,False,2.0,0.0,1.0,0.0,0.5
219,missense,YPD,-0.4123070652724292,-0.40313808895656056,-0.00916897631586866,False,1.0,0.0,0.0,0.0,0.0
218,synonymous,YPD,-0.6576154897563281,-0.40313808895656056,-0.25447740079976755,False,1.0,1.0,1.0,1.0,1.0
218,missense,YPD,-0.3858561966775951,-0.40313808895656056,0.017281892278965483,False,2.0,0.0,2.0,0.0,1.0
217,synonymous,YPD,-0.3866663869235794,-0.40313808895656056,0.01647170203298115,False,4.0,1.0,2.0,0.25,0.5
217,missense,YPD,-0.39695431391781044,-0.40313808895656056,0.006183775038750117,False,8.0,1.0,4.0,0.125,0.5
216,synonymous,YPD,-0.4154141719298186,-0.40313808895656056,-0.012276082973258051,False,2.0,1.0,1.0,0.5,0.5
220,synonymous,YPD,-0.39378297347145386,-0.40313808895656056,0.009355115485106702,False,3.0,0.0,2.0,0.0,0.6666666666666666
226,synonymous,YPD,-0.22063525516712262,-0.40313808895656056,0.18250283378943793,False,8.0,1.0,7.0,0.125,0.875
204,synonymous,YPD,-0.398743100677581,-0.40313808895656056,0.00439498827897955,False,1.0,0.0,0.0,0.0,0.0
203,synonymous,YPD,-0.3697377026802627,-0.40313808895656056,0.03340038627629788,False,12.0,1.0,4.0,0.08333333333333333,0.3333333333333333
192,synonymous,YPD,-0.31442236138187013,-0.40313808895656056,0.08871572757469043,False,11.0,1.0,5.0,0.09090909090909091,0.45454545454545453
192,missense,YPD,-0.4495681842247984,-0.40313808895656056,-0.046430095268237825,False,7.0,2.0,2.0,0.2857142857142857,0.2857142857142857
191,synonymous,YPD,-0.3027934354236811,-0.40313808895656056,0.10034465353287947,False,15.0,0.0,6.0,0.0,0.4
191,missense,YPD,-0.24739502938683258,-0.40313808895656056,0.15574305956972798,False,11.0,2.0,5.0,0.18181818181818182,0.45454545454545453
190,synonymous,YPD,-0.3849767738725322,-0.40313808895656056,0.01816131508402835,False,5.0,0.0,2.0,0.0,0.4
190,missense,YPD,-0.4055238591190161,-0.40313808895656056,-0.0023857701624555583,False,12.0,1.0,7.0,0.08333333333333333,0.5833333333333334
189,missense,YPD,-0.29460656645164746,-0.40313808895656056,0.1085315225049131,False,6.0,3.0,5.0,0.5,0.8333333333333334
188,synonymous,YPD,-0.3440662631733623,-0.40313808895656056,0.05907182578319825,False,2.0,1.0,2.0,0.5,1.0
188,missense,YPD,-0.39353362726922175,-0.40313808895656056,0.009604461687338806,False,13.0,2.0,8.0,0.15384615384615385,0.6153846153846154
187,synonymous,YPD,-0.4135107091899087,-0.40313808895656056,-0.010372620233348118,False,10.0,0.0,3.0,0.0,0.3
187,missense,YPD,-0.3014315248244958,-0.40313808895656056,0.10170656413206475,False,8.0,0.0,4.0,0.0,0.5
186,synonymous,YPD,-0.38869327160008277,-0.40313808895656056,0.01444481735647779,False,10.0,1.0,6.0,0.1,0.6
186,missense,YPD,-0.42658727075832586,-0.40313808895656056,-0.023449181801765306,False,17.0,3.0,9.0,0.17647058823529413,0.5294117647058824
185,synonymous,YPD,-0.4012828440838047,-0.40313808895656056,0.0018552448727558457,False,12.0,2.0,8.0,0.16666666666666666,0.6666666666666666
185,missense,YPD,-0.4069273760578051,-0.40313808895656056,-0.003789287101244543,False,14.0,3.0,4.0,0.21428571428571427,0.2857142857142857
184,synonymous,YPD,-0.39860377089787075,-0.40313808895656056,0.004534318058689812,False,12.0,3.0,6.0,0.25,0.5
184,missense,YPD,-0.42080895765390536,-0.40313808895656056,-0.0176708686973448,False,15.0,2.0,7.0,0.13333333333333333,0.4666666666666667
193,missense,YPD,-0.3819898057683025,-0.40313808895656056,0.021148283188258066,False,10.0,4.0,5.0,0.4,0.5
193,synonymous,YPD,-0.4241534910464384,-0.40313808895656056,-0.021015402089877844,False,8.0,1.0,5.0,0.125,0.625
194,missense,YPD,-0.42137437362885305,-0.40313808895656056,-0.01823628467229249,False,5.0,2.0,5.0,0.4,1.0
194,synonymous,YPD,-0.3797594922265642,-0.40313808895656056,0.02337859672999637,False,7.0,1.0,3.0,0.14285714285714285,0.42857142857142855
203,missense,YPD,-0.41078729596097613,-0.40313808895656056,-0.00764920700441557,False,10.0,3.0,5.0,0.3,0.5
202,synonymous,YPD,-0.40569997240126415,-0.40313808895656056,-0.0025618834447035943,False,8.0,1.0,4.0,0.125,0.5
202,missense,YPD,-0.4183924547255065,-0.40313808895656056,-0.015254365768945954,False,9.0,4.0,6.0,0.4444444444444444,0.6666666666666666
201,synonymous,YPD,-0.4030630926041052,-0.40313808895656056,7.499635245533653e-05,False,19.0,2.0,6.0,0.10526315789473684,0.3157894736842105
201,missense,YPD,-0.35984800301333314,-0.40313808895656056,0.04329008594322742,False,8.0,2.0,3.0,0.25,0.375
200,synonymous,YPD,-0.38615343227214893,-0.40313808895656056,0.016984656684411625,False,6.0,0.0,4.0,0.0,0.6666666666666666
200,missense,YPD,-0.41398507168866017,-0.40313808895656056,-0.010846982732099608,False,6.0,0.0,5.0,0.0,0.8333333333333334
200,PTC,YPD,-0.5629355908837675,-0.40313808895656056,-0.159797501927207,True,6.0,6.0,6.0,1.0,1.0
204,missense,YPD,-0.3810381917604489,-0.40313808895656056,0.022099897196111662,False,7.0,1.0,3.0,0.14285714285714285,0.42857142857142855
199,synonymous,YPD,-0.3966804380249365,-0.40313808895656056,0.006457650931624037,False,6.0,0.0,1.0,0.0,0.16666666666666666
198,synonymous,YPD,-0.4165562304467946,-0.40313808895656056,-0.013418141490234015,False,7.0,3.0,4.0,0.42857142857142855,0.5714285714285714
198,missense,YPD,-0.40577172672635364,-0.40313808895656056,-0.0026336377697930846,False,16.0,1.0,5.0,0.0625,0.3125
197,synonymous,YPD,-0.41057498306468215,-0.40313808895656056,-0.0074368941081215945,False,5.0,1.0,2.0,0.2,0.4
197,missense,YPD,-0.40954832407125497,-0.40313808895656056,-0.006410235114694407,False,5.0,0.0,2.0,0.0,0.4
196,synonymous,YPD,-0.4034229561903979,-0.40313808895656056,-0.00028486723383736035,False,4.0,0.0,1.0,0.0,0.25
196,missense,YPD,-0.38215884260941374,-0.40313808895656056,0.020979246347146818,False,4.0,0.0,1.0,0.0,0.25
195,synonymous,YPD,-0.413308967251678,-0.40313808895656056,-0.010170878295117425,False,4.0,1.0,3.0,0.25,0.75
195,missense,YPD,-0.4023231845037532,-0.40313808895656056,0.0008149044528073524,False,8.0,1.0,2.0,0.125,0.25
199,missense,YPD,-0.4376780561687745,-0.40313808895656056,-0.03453996721221392,False,7.0,1.0,4.0,0.14285714285714285,0.5714285714285714
368,synonymous,YPD,-0.4039581313737342,-0.40313808895656056,-0.0008200424171736498,False,15.0,1.0,9.0,0.06666666666666667,0.6
227,missense,YPD,-0.40782028086306343,-0.40313808895656056,-0.004682191906502875,False,5.0,1.0,3.0,0.2,0.6
228,synonymous,YPD,-0.4257498005802537,-0.40313808895656056,-0.02261171162369313,False,7.0,1.0,3.0,0.14285714285714285,0.42857142857142855
264,synonymous,YPD,-0.38909489248766027,-0.40313808895656056,0.014043196468900287,False,3.0,1.0,1.0,0.3333333333333333,0.3333333333333333
264,missense,YPD,-0.4217067542634764,-0.40313808895656056,-0.018568665306915866,False,3.0,1.0,2.0,0.3333333333333333,0.6666666666666666
263,synonymous,YPD,-0.41203199313282163,-0.40313808895656056,-0.00889390417626107,False,4.0,2.0,4.0,0.5,1.0
263,missense,YPD,-0.38147169322379776,-0.40313808895656056,0.0216663957327628,False,2.0,0.0,1.0,0.0,0.5
262,synonymous,YPD,-0.14436449425556944,-0.40313808895656056,0.25877359470099115,False,3.0,0.0,0.0,0.0,0.0
262,missense,YPD,-0.40915575250270964,-0.40313808895656056,-0.006017663546149077,False,3.0,1.0,3.0,0.3333333333333333,1.0
261,synonymous,YPD,-0.38716369905534903,-0.40313808895656056,0.015974389901211528,False,4.0,0.0,2.0,0.0,0.5
261,missense,YPD,-0.3766952068571385,-0.40313808895656056,0.026442882099422083,False,3.0,1.0,2.0,0.3333333333333333,0.6666666666666666
260,synonymous,YPD,-0.42932197525261007,-0.40313808895656056,-0.026183886296049508,False,6.0,1.0,3.0,0.16666666666666666,0.5
260,missense,YPD,-0.3654626023545076,-0.40313808895656056,0.03767548660205294,False,4.0,2.0,4.0,0.5,1.0
259,synonymous,YPD,-0.40607385555198666,-0.40313808895656056,-0.0029357665954261036,False,3.0,0.0,0.0,0.0,0.0
259,missense,YPD,-0.3861731783305334,-0.40313808895656056,0.016964910626027174,False,3.0,0.0,1.0,0.0,0.3333333333333333
258,synonymous,YPD,-0.40092192970117363,-0.40313808895656056,0.002216159255386929,False,4.0,0.0,3.0,0.0,0.75
258,missense,YPD,-0.43283506949321243,-0.40313808895656056,-0.029696980536651874,False,5.0,0.0,2.0,0.0,0.4
257,synonymous,YPD,-0.44925321738262236,-0.40313808895656056,-0.0461151284260618,False,3.0,0.0,2.0,0.0,0.6666666666666666
257,missense,YPD,-0.4175607596065725,-0.40313808895656056,-0.01442267065001196,False,3.0,0.0,1.0,0.0,0.3333333333333333
256,synonymous,YPD,-0.4175418545776776,-0.40313808895656056,-0.01440376562111706,False,4.0,1.0,1.0,0.25,0.25
265,missense,YPD,-0.12404101832194574,-0.40313808895656056,0.2790970706346148,False,5.0,1.0,3.0,0.2,0.6
265,synonymous,YPD,-0.4026025788671836,-0.40313808895656056,0.0005355100893769671,False,3.0,2.0,2.0,0.6666666666666666,0.6666666666666666
266,missense,YPD,-0.4130995115679099,-0.40313808895656056,-0.009961422611349358,False,6.0,0.0,4.0,0.0,0.6666666666666666
266,synonymous,YPD,-0.1541854437153543,-0.40313808895656056,0.24895264524120625,False,9.0,2.0,4.0,0.2222222222222222,0.4444444444444444
276,missense,YPD,-0.4083728358678752,-0.40313808895656056,-0.005234746911314647,False,3.0,0.0,0.0,0.0,0.0
275,synonymous,YPD,-0.4232452397978082,-0.40313808895656056,-0.020107150841247645,False,7.0,2.0,3.0,0.2857142857142857,0.42857142857142855
275,missense,YPD,-0.6807553058137711,-0.40313808895656056,-0.2776172168572105,False,1.0,0.0,1.0,0.0,1.0
274,synonymous,YPD,-0.43514021183983864,-0.40313808895656056,-0.032002122883278084,False,2.0,0.0,0.0,0.0,0.0
274,missense,YPD,-0.43046195808822146,-0.40313808895656056,-0.027323869131660905,False,5.0,0.0,0.0,0.0,0.0
273,synonymous,YPD,-0.32582309288713407,-0.40313808895656056,0.07731499606942649,False,7.0,1.0,3.0,0.14285714285714285,0.42857142857142855
273,missense,YPD,-0.3882466185750234,-0.40313808895656056,0.014891470381537153,False,1.0,0.0,0.0,0.0,0.0
272,synonymous,YPD,-0.3961982260909374,-0.40313808895656056,0.006939862865623148,False,4.0,1.0,1.0,0.25,0.25
256,missense,YPD,-0.3900273835739561,-0.40313808895656056,0.013110705382604448,False,3.0,0.0,0.0,0.0,0.0
272,missense,YPD,-0.41034082989496773,-0.40313808895656056,-0.0072027409384071706,False,5.0,0.0,2.0,0.0,0.4
270,synonymous,YPD,-0.42081813192185163,-0.40313808895656056,-0.017680042965291076,False,5.0,1.0,2.0,0.2,0.4
270,missense,YPD,-0.3895048177222577,-0.40313808895656056,0.013633271234302857,False,2.0,0.0,0.0,0.0,0.0
269,synonymous,YPD,-0.41774763624165623,-0.40313808895656056,-0.01460954728509567,False,5.0,1.0,1.0,0.2,0.2
269,missense,YPD,-0.17541579555639725,-0.40313808895656056,0.2277222934001633,False,11.0,2.0,7.0,0.18181818181818182,0.6363636363636364
268,synonymous,YPD,-0.418938049526105,-0.40313808895656056,-0.01579996056954447,False,7.0,1.0,3.0,0.14285714285714285,0.42857142857142855
268,missense,YPD,-0.4134608537290635,-0.40313808895656056,-0.010322764772502935,False,6.0,0.0,2.0,0.0,0.3333333333333333
267,synonymous,YPD,-0.40598391106286036,-0.40313808895656056,-0.0028458221062998,False,7.0,1.0,5.0,0.14285714285714285,0.7142857142857143
267,missense,YPD,-0.4006508976468297,-0.40313808895656056,0.002487191309730852,False,7.0,0.0,3.0,0.0,0.42857142857142855
271,missense,YPD,-0.39325535118410687,-0.40313808895656056,0.009882737772453687,False,6.0,1.0,2.0,0.16666666666666666,0.3333333333333333
228,missense,YPD,-0.4090678134547303,-0.40313808895656056,-0.005929724498169753,False,4.0,0.0,1.0,0.0,0.25
255,synonymous,YPD,-0.4174246557733256,-0.40313808895656056,-0.014286566816765045,False,5.0,1.0,1.0,0.2,0.2
254,synonymous,YPD,-0.38380295431058287,-0.40313808895656056,0.019335134645977692,False,5.0,1.0,2.0,0.2,0.4
238,missense,YPD,-0.6447192566066335,-0.40313808895656056,-0.24158116765007298,False,1.0,0.0,1.0,0.0,1.0
237,synonymous,YPD,-0.3330928710730628,-0.40313808895656056,0.07004521788349777,False,3.0,0.0,0.0,0.0,0.0
237,missense,YPD,-0.4540687353122129,-0.40313808895656056,-0.050930646355652365,False,4.0,1.0,1.0,0.25,0.25
236,synonymous,YPD,-0.18226910266233026,-0.40313808895656056,0.2208689862942303,False,9.0,1.0,4.0,0.1111111111111111,0.4444444444444444
236,missense,YPD,-0.40835464235752966,-0.40313808895656056,-0.005216553400969104,False,6.0,1.0,1.0,0.16666666666666666,0.16666666666666666
235,synonymous,YPD,-0.33419499102027644,-0.40313808895656056,0.06894309793628411,False,12.0,2.0,4.0,0.16666666666666666,0.3333333333333333
235,missense,YPD,-0.4198107059162611,-0.40313808895656056,-0.016672616959700515,False,5.0,0.0,0.0,0.0,0.0
234,synonymous,YPD,-0.4499997653336593,-0.40313808895656056,-0.04686167637709876,False,4.0,1.0,3.0,0.25,0.75
234,missense,YPD,-0.39825378050739507,-0.40313808895656056,0.0048843084491654865,False,2.0,0.0,0.0,0.0,0.0
233,synonymous,YPD,-0.39651976565132974,-0.40313808895656056,0.006618323305230822,False,4.0,0.0,1.0,0.0,0.25
233,missense,YPD,-0.404468627134345,-0.40313808895656056,-0.001330538177784446,False,1.0,0.0,0.0,0.0,0.0
232,synonymous,YPD,-0.4005681305282286,-0.40313808895656056,0.0025699584283319643,False,4.0,0.0,2.0,0.0,0.5
232,missense,YPD,-0.41126691671761434,-0.40313808895656056,-0.00812882776105378,False,2.0,1.0,1.0,0.5,0.5
231,synonymous,YPD,-0.3741866414293016,-0.40313808895656056,0.028951447527258978,False,7.0,1.0,3.0,0.14285714285714285,0.42857142857142855
231,missense,YPD,-0.4097524743025831,-0.40313808895656056,-0.006614385346022544,False,3.0,0.0,1.0,0.0,0.3333333333333333
230,missense,YPD,-0.41821361891985875,-0.40313808895656056,-0.015075529963298195,False,1.0,0.0,1.0,0.0,1.0
229,missense,YPD,-0.40159875802075107,-0.40313808895656056,0.0015393309358094909,False,1.0,0.0,0.0,0.0,0.0
238,synonymous,YPD,-0.41262012598583614,-0.40313808895656056,-0.00948203702927558,False,2.0,0.0,0.0,0.0,0.0
239,missense,YPD,-0.41345215855234735,-0.40313808895656056,-0.01031406959578679,False,3.0,1.0,2.0,0.3333333333333333,0.6666666666666666
239,synonymous,YPD,-0.43864308967119964,-0.40313808895656056,-0.03550500071463908,False,1.0,0.0,0.0,0.0,0.0
240,missense,YPD,-0.3803403942351189,-0.40313808895656056,0.022797694721441664,False,3.0,0.0,1.0,0.0,0.3333333333333333
254,missense,YPD,-0.3646391137294211,-0.40313808895656056,0.038498975227139465,False,1.0,1.0,1.0,1.0,1.0
253,synonymous,YPD,-0.3847446354541145,-0.40313808895656056,0.018393453502446033,False,2.0,0.0,0.0,0.0,0.0
253,missense,YPD,-0.26449917519871374,-0.40313808895656056,0.13863891375784682,False,2.0,1.0,1.0,0.5,0.5
252,missense,YPD,-0.9014449185536778,-0.40313808895656056,-0.49830682959711725,False,1.0,0.0,0.0,0.0,0.0
251,synonymous,YPD,-0.44475073481951505,-0.40313808895656056,-0.04161264586295449,False,4.0,2.0,2.0,0.5,0.5
251,missense,YPD,-0.43812461238228534,-0.40313808895656056,-0.03498652342572478,False,4.0,0.0,0.0,0.0,0.0
248,missense,YPD,-0.39627025184675674,-0.40313808895656056,0.0068678371098038205,False,1.0,1.0,1.0,1.0,1.0
247,synonymous,YPD,-0.372866573711423,-0.40313808895656056,0.030271515245137548,False,1.0,0.0,0.0,0.0,0.0
255,missense,YPD,-0.3988989705543957,-0.40313808895656056,0.004239118402164843,False,5.0,1.0,3.0,0.2,0.6
247,missense,YPD,-0.18600465781757453,-0.40313808895656056,0.21713343113898603,False,5.0,0.0,1.0,0.0,0.2
244,synonymous,YPD,-0.3847154534518465,-0.40313808895656056,0.01842263550471407,False,1.0,1.0,1.0,1.0,1.0
244,missense,YPD,-0.4163169336616993,-0.40313808895656056,-0.013178844705138748,False,5.0,0.0,2.0,0.0,0.4
243,missense,YPD,-0.4036542550930445,-0.40313808895656056,-0.0005161661364839198,False,6.0,1.0,3.0,0.16666666666666666,0.5
242,synonymous,YPD,-0.4369743552717762,-0.40313808895656056,-0.033836266315215635,False,6.0,1.0,3.0,0.16666666666666666,0.5
242,missense,YPD,-0.4561728106684231,-0.40313808895656056,-0.05303472171186252,False,4.0,0.0,1.0,0.0,0.25
241,synonymous,YPD,-0.4137182312142181,-0.40313808895656056,-0.010580142257657521,False,5.0,0.0,2.0,0.0,0.4
241,missense,YPD,-0.44046183108652526,-0.40313808895656056,-0.0373237421299647,False,3.0,0.0,0.0,0.0,0.0
240,synonymous,YPD,-0.4639343653594542,-0.40313808895656056,-0.060796276402893645,False,10.0,0.0,2.0,0.0,0.2
245,synonymous,YPD,-0.4283593585316967,-0.40313808895656056,-0.02522126957513615,False,2.0,0.0,1.0,0.0,0.5
278,missense,YPD,-0.5856271679071025,-0.40313808895656056,-0.1824890789505419,False,1.0,0.0,0.0,0.0,0.0
1,PTC,,-1.2308950678666581,-0.02418076560366907,-1.2067143022629891,True,4.0,2.0,2.0,0.5,0.5
1,PTC,,-1.2458041380947487,-0.021432881468198148,-1.2243712566265506,True,4.0,2.0,2.0,0.5,0.5
1,PTC,,-1.649632282254738,-0.01258497811287108,-1.637047304141867,True,4.0,2.0,2.0,0.5,0.5
1,PTC,,-1.21534803182001,-0.007415820815841421,-1.2079322110041686,True,4.0,2.0,2.0,0.5,0.5
1,PTC,,-1.1529694810423812,-0.013292266709090617,-1.1396772143332905,True,4.0,2.0,2.0,0.5,0.5
1,PTC,,-1.2295248266692118,-0.017661751236162718,-1.211863075433049,True,4.0,2.0,2.0,0.5,0.5
1,synonymous,,-0.04099671576718963,-0.02418076560366907,-0.016815950163520558,False,18.0,2.0,8.0,0.1111111111111111,0.4444444444444444
1,synonymous,,-0.041988418119042366,-0.021432881468198148,-0.020555536650844218,False,18.0,2.0,8.0,0.1111111111111111,0.4444444444444444
1,synonymous,,-0.006858087931406055,-0.01258497811287108,0.005726890181465025,False,18.0,2.0,8.0,0.1111111111111111,0.4444444444444444
1,synonymous,,-0.01339813190673119,-0.007415820815841421,-0.005982311090889769,False,18.0,2.0,8.0,0.1111111111111111,0.4444444444444444
1,synonymous,,-0.024400241116498054,-0.013292266709090617,-0.011107974407407437,False,18.0,2.0,8.0,0.1111111111111111,0.4444444444444444
1,synonymous,,-0.06317990730552558,-0.017661751236162718,-0.04551815606936287,False,18.0,2.0,8.0,0.1111111111111111,0.4444444444444444
2,missense,,-0.31331074288983174,-0.02418076560366907,-0.2891299772861627,False,3.0,1.0,1.0,0.3333333333333333,0.3333333333333333
2,missense,,-0.23489669652548215,-0.021432881468198148,-0.213463815057284,False,3.0,1.0,1.0,0.3333333333333333,0.3333333333333333
2,missense,,-0.048534007619915075,-0.01258497811287108,-0.035949029507044,False,3.0,1.0,1.0,0.3333333333333333,0.3333333333333333
2,missense,,-0.12207045482806025,-0.007415820815841421,-0.11465463401221883,False,3.0,1.0,1.0,0.3333333333333333,0.3333333333333333
2,missense,,-0.12102738322951612,-0.013292266709090617,-0.1077351165204255,False,3.0,1.0,1.0,0.3333333333333333,0.3333333333333333
2,missense,,-0.0514118445475463,-0.017661751236162718,-0.03375009331138358,False,3.0,1.0,1.0,0.3333333333333333,0.3333333333333333
2,synonymous,,-0.19110316613834696,-0.02418076560366907,-0.16692240053467788,False,2.0,0.0,1.0,0.0,0.5
2,synonymous,,-0.09570514582994706,-0.021432881468198148,-0.07427226436174891,False,2.0,0.0,1.0,0.0,0.5
2,synonymous,,-0.01691070094049809,-0.01258497811287108,-0.004325722827627009,False,2.0,0.0,1.0,0.0,0.5
2,synonymous,,0.06065174326377733,-0.007415820815841421,0.06806756407961875,False,2.0,0.0,1.0,0.0,0.5
2,synonymous,,-0.01048830849867648,-0.013292266709090617,0.0028039582104141363,False,2.0,0.0,1.0,0.0,0.5
2,synonymous,,-0.07693543952071975,-0.017661751236162718,-0.059273688284557036,False,2.0,0.0,1.0,0.0,0.5
3,missense,,-0.02089236223905142,-0.02418076560366907,0.003288403364617651,False,3.0,0.0,1.0,0.0,0.3333333333333333
3,missense,,-0.05396986717834176,-0.021432881468198148,-0.032536985710143615,False,3.0,0.0,1.0,0.0,0.3333333333333333
3,missense,,-0.03096469841924921,-0.01258497811287108,-0.01837972030637813,False,3.0,0.0,1.0,0.0,0.3333333333333333
3,missense,,-0.007370628051351059,-0.007415820815841421,4.519276449036196e-05,False,3.0,0.0,1.0,0.0,0.3333333333333333
3,missense,,-0.0513705420767197,-0.013292266709090617,-0.03807827536762908,False,3.0,0.0,1.0,0.0,0.3333333333333333
3,missense,,-0.00616742459765822,-0.017661751236162718,0.011494326638504498,False,3.0,0.0,1.0,0.0,0.3333333333333333
3,synonymous,,-0.004852643256067793,-0.02418076560366907,0.019328122347601277,False,3.0,0.0,1.0,0.0,0.3333333333333333
3,synonymous,,-0.1285340395822594,-0.021432881468198148,-0.10710115811406125,False,3.0,0.0,1.0,0.0,0.3333333333333333
3,synonymous,,-0.11342288950985834,-0.01258497811287108,-0.10083791139698725,False,3.0,0.0,1.0,0.0,0.3333333333333333
3,synonymous,,-0.06319992767434672,-0.007415820815841421,-0.0557841068585053,False,3.0,0.0,1.0,0.0,0.3333333333333333
3,synonymous,,-0.007542867929355774,-0.013292266709090617,0.005749398779734843,False,3.0,0.0,1.0,0.0,0.3333333333333333
3,synonymous,,0.022748737013349504,-0.017661751236162718,0.040410488249512225,False,3.0,0.0,1.0,0.0,0.3333333333333333
4,missense,,-0.0030783314485623367,-0.02418076560366907,0.021102434155106733,False,3.0,1.0,2.0,0.3333333333333333,0.6666666666666666
4,missense,,-0.004155299926462554,-0.021432881468198148,0.017277581541735594,False,3.0,1.0,2.0,0.3333333333333333,0.6666666666666666
4,missense,,0.003796418043071498,-0.01258497811287108,0.016381396155942578,False,3.0,1.0,2.0,0.3333333333333333,0.6666666666666666
4,missense,,0.0003890928953386127,-0.007415820815841421,0.007804913711180034,False,3.0,1.0,2.0,0.3333333333333333,0.6666666666666666
4,missense,,-0.0028148653999899927,-0.013292266709090617,0.010477401309100624,False,3.0,1.0,2.0,0.3333333333333333,0.6666666666666666
4,missense,,-0.009366034929922244,-0.017661751236162718,0.008295716306240474,False,3.0,1.0,2.0,0.3333333333333333,0.6666666666666666
4,synonymous,,-0.04301047249674283,-0.02418076560366907,-0.01882970689307376,False,2.0,0.0,1.0,0.0,0.5
4,synonymous,,-0.01165018773831696,-0.021432881468198148,0.009782693729881187,False,2.0,0.0,1.0,0.0,0.5
4,synonymous,,0.015241737875289865,-0.01258497811287108,0.027826715988160944,False,2.0,0.0,1.0,0.0,0.5
4,synonymous,,-0.005609995960475348,-0.007415820815841421,0.0018058248553660733,False,2.0,0.0,1.0,0.0,0.5
4,synonymous,,-0.024928872626624028,-0.013292266709090617,-0.011636605917533412,False,2.0,0.0,1.0,0.0,0.5
4,synonymous,,-0.026419257676495535,-0.017661751236162718,-0.008757506440332817,False,2.0,0.0,1.0,0.0,0.5
5,missense,,-0.005749814531084262,-0.02418076560366907,0.018430951072584807,False,4.0,0.0,0.0,0.0,0.0
5,missense,,-0.0009818716028361927,-0.021432881468198148,0.020451009865361955,False,4.0,0.0,0.0,0.0,0.0
5,missense,,0.004570158193049932,-0.01258497811287108,0.017155136305921012,False,4.0,0.0,0.0,0.0,0.0
5,missense,,0.002018619570623024,-0.007415820815841421,0.009434440386464446,False,4.0,0.0,0.0,0.0,0.0
5,missense,,-0.008880649042574826,-0.013292266709090617,0.00441161766651579,False,4.0,0.0,0.0,0.0,0.0
5,missense,,-0.0005641014453888587,-0.017661751236162718,0.01709764979077386,False,4.0,0.0,0.0,0.0,0.0
5,synonymous,,-0.03942951544530463,-0.02418076560366907,-0.015248749841635562,False,11.0,1.0,5.0,0.09090909090909091,0.45454545454545453
5,synonymous,,-0.0012161150824121915,-0.021432881468198148,0.020216766385785956,False,11.0,1.0,5.0,0.09090909090909091,0.45454545454545453
5,synonymous,,-0.03442647910529495,-0.01258497811287108,-0.02184150099242387,False,11.0,1.0,5.0,0.09090909090909091,0.45454545454545453
5,synonymous,,-0.021071467041061463,-0.007415820815841421,-0.013655646225220041,False,11.0,1.0,5.0,0.09090909090909091,0.45454545454545453
5,synonymous,,0.010155032706363523,-0.013292266709090617,0.02344729941545414,False,11.0,1.0,5.0,0.09090909090909091,0.45454545454545453
5,synonymous,,-0.03527968361294235,-0.017661751236162718,-0.01761793237677963,False,11.0,1.0,5.0,0.09090909090909091,0.45454545454545453
6,missense,,0.001098462648259317,-0.02418076560366907,0.025279228251928385,False,3.0,0.0,1.0,0.0,0.3333333333333333
6,missense,,0.014917110093121884,-0.021432881468198148,0.03634999156132003,False,3.0,0.0,1.0,0.0,0.3333333333333333
6,missense,,0.01773323632023392,-0.01258497811287108,0.030318214433105,False,3.0,0.0,1.0,0.0,0.3333333333333333
6,missense,,-0.003720821685366089,-0.007415820815841421,0.0036949991304753324,False,3.0,0.0,1.0,0.0,0.3333333333333333
6,missense,,-0.02430229332838469,-0.013292266709090617,-0.011010026619294074,False,3.0,0.0,1.0,0.0,0.3333333333333333
6,missense,,-0.002508635979752985,-0.017661751236162718,0.015153115256409732,False,3.0,0.0,1.0,0.0,0.3333333333333333
6,synonymous,,-0.00041113510957837234,-0.02418076560366907,0.0237696304940907,False,4.0,1.0,2.0,0.25,0.5
6,synonymous,,-0.054687669724322444,-0.021432881468198148,-0.033254788256124296,False,4.0,1.0,2.0,0.25,0.5
6,synonymous,,-0.05805319277401745,-0.01258497811287108,-0.04546821466114637,False,4.0,1.0,2.0,0.25,0.5
6,synonymous,,-0.07079128492871035,-0.007415820815841421,-0.06337546411286893,False,4.0,1.0,2.0,0.25,0.5
6,synonymous,,-0.023959752658879955,-0.013292266709090617,-0.010667485949789338,False,4.0,1.0,2.0,0.25,0.5
6,synonymous,,-0.34647855337731076,-0.017661751236162718,-0.32881680214114806,False,4.0,1.0,2.0,0.25,0.5
7,missense,,-0.1667328126554847,-0.02418076560366907,-0.14255204705181562,False,5.0,1.0,1.0,0.2,0.2
7,missense,,-0.000899728656809727,-0.021432881468198148,0.02053315281138842,False,5.0,1.0,1.0,0.2,0.2
7,missense,,-0.005991468697421628,-0.01258497811287108,0.006593509415449453,False,5.0,1.0,1.0,0.2,0.2
7,missense,,-0.03323743207149192,-0.007415820815841421,-0.0258216112556505,False,5.0,1.0,1.0,0.2,0.2
7,missense,,0.02858860805109581,-0.013292266709090617,0.041880874760186426,False,5.0,1.0,1.0,0.2,0.2
7,missense,,-0.05815435802645261,-0.017661751236162718,-0.04049260679028989,False,5.0,1.0,1.0,0.2,0.2
7,synonymous,,-0.08391724848243949,-0.02418076560366907,-0.059736482878770425,False,3.0,0.0,2.0,0.0,0.6666666666666666
7,synonymous,,-0.06924219019212036,-0.021432881468198148,-0.04780930872392221,False,3.0,0.0,2.0,0.0,0.6666666666666666
7,synonymous,,0.02285841806913732,-0.01258497811287108,0.035443396182008396,False,3.0,0.0,2.0,0.0,0.6666666666666666
7,synonymous,,-0.0005077335702944242,-0.007415820815841421,0.006908087245546997,False,3.0,0.0,2.0,0.0,0.6666666666666666
7,synonymous,,0.03017379250631911,-0.013292266709090617,0.043466059215409726,False,3.0,0.0,2.0,0.0,0.6666666666666666
7,synonymous,,0.056124510727087094,-0.017661751236162718,0.0737862619632498,False,3.0,0.0,2.0,0.0,0.6666666666666666
8,missense,,-0.019848232081350062,-0.02418076560366907,0.004332533522319007,False,5.0,0.0,0.0,0.0,0.0
8,missense,,-0.015218620209247616,-0.021432881468198148,0.006214261258950532,False,5.0,0.0,0.0,0.0,0.0
8,missense,,-0.00887651681221867,-0.01258497811287108,0.0037084613006524107,False,5.0,0.0,0.0,0.0,0.0
8,missense,,-0.0007308262334993976,-0.007415820815841421,0.006684994582342024,False,5.0,0.0,0.0,0.0,0.0
8,missense,,0.020779440358459966,-0.013292266709090617,0.03407170706755058,False,5.0,0.0,0.0,0.0,0.0
8,missense,,-0.01916731888227194,-0.017661751236162718,-0.001505567646109221,False,5.0,0.0,0.0,0.0,0.0
8,synonymous,,-0.12208019767483383,-0.02418076560366907,-0.09789943207116476,False,8.0,1.0,4.0,0.125,0.5
8,synonymous,,-0.1960110894964227,-0.021432881468198148,-0.17457820802822455,False,8.0,1.0,4.0,0.125,0.5
8,synonymous,,-0.133732281546601,-0.01258497811287108,-0.12114730343372991,False,8.0,1.0,4.0,0.125,0.5
8,synonymous,,-0.050559951080266625,-0.007415820815841421,-0.04314413026442521,False,8.0,1.0,4.0,0.125,0.5
8,synonymous,,-0.07086878928034489,-0.013292266709090617,-0.05757652257125427,False,8.0,1.0,4.0,0.125,0.5
8,synonymous,,-0.04219348943655079,-0.017661751236162718,-0.02453173820038807,False,8.0,1.0,4.0,0.125,0.5
9,missense,,0.000949673895138,-0.02418076560366907,0.02513043949880707,False,1.0,0.0,0.0,0.0,0.0
9,missense,,-0.008084985277647408,-0.021432881468198148,0.01334789619055074,False,1.0,0.0,0.0,0.0,0.0
9,missense,,-0.017544769385529957,-0.01258497811287108,-0.004959791272658876,False,1.0,0.0,0.0,0.0,0.0
9,missense,,0.0015831056778373455,-0.007415820815841421,0.008998926493678767,False,1.0,0.0,0.0,0.0,0.0
9,missense,,0.001080916230534103,-0.013292266709090617,0.01437318293962472,False,1.0,0.0,0.0,0.0,0.0
9,missense,,-0.004289225842573584,-0.017661751236162718,0.013372525393589133,False,1.0,0.0,0.0,0.0,0.0
9,synonymous,,-0.06423017435872684,-0.02418076560366907,-0.040049408755057775,False,5.0,0.0,4.0,0.0,0.8
9,synonymous,,-0.12423498120288949,-0.021432881468198148,-0.10280209973469134,False,5.0,0.0,4.0,0.0,0.8
9,synonymous,,-0.02766340395006128,-0.01258497811287108,-0.015078425837190199,False,5.0,0.0,4.0,0.0,0.8
9,synonymous,,0.011282783124628316,-0.007415820815841421,0.018698603940469738,False,5.0,0.0,4.0,0.0,0.8
9,synonymous,,-0.10578659286959854,-0.013292266709090617,-0.09249432616050793,False,5.0,0.0,4.0,0.0,0.8
9,synonymous,,-0.048956583807405044,-0.017661751236162718,-0.031294832571242326,False,5.0,0.0,4.0,0.0,0.8
10,missense,,-0.1455148478326904,-0.02418076560366907,-0.12133408222902133,False,8.0,3.0,5.0,0.375,0.625
10,missense,,-0.09968379710595647,-0.021432881468198148,-0.07825091563775832,False,8.0,3.0,5.0,0.375,0.625
10,missense,,-0.0608506293734512,-0.01258497811287108,-0.04826565126058012,False,8.0,3.0,5.0,0.375,0.625
10,missense,,-0.09941399642964399,-0.007415820815841421,-0.09199817561380257,False,8.0,3.0,5.0,0.375,0.625
10,missense,,-0.10439762937888276,-0.013292266709090617,-0.09110536266979215,False,8.0,3.0,5.0,0.375,0.625
10,missense,,-0.11232159136018148,-0.017661751236162718,-0.09465984012401876,False,8.0,3.0,5.0,0.375,0.625
10,synonymous,,-0.009504453464340574,-0.02418076560366907,0.014676312139328495,False,13.0,1.0,3.0,0.07692307692307693,0.23076923076923078
10,synonymous,,-0.004212000150961329,-0.021432881468198148,0.01722088131723682,False,13.0,1.0,3.0,0.07692307692307693,0.23076923076923078
10,synonymous,,-0.008406856818880247,-0.01258497811287108,0.004178121293990833,False,13.0,1.0,3.0,0.07692307692307693,0.23076923076923078
10,synonymous,,0.009995389210886937,-0.007415820815841421,0.01741121002672836,False,13.0,1.0,3.0,0.07692307692307693,0.23076923076923078
10,synonymous,,0.009067153261501825,-0.013292266709090617,0.02235941997059244,False,13.0,1.0,3.0,0.07692307692307693,0.23076923076923078
10,synonymous,,-0.005098569994350935,-0.017661751236162718,0.012563181241811782,False,13.0,1.0,3.0,0.07692307692307693,0.23076923076923078
11,missense,,-0.08053171756575114,-0.02418076560366907,-0.05635095196208208,False,11.0,1.0,4.0,0.09090909090909091,0.36363636363636365
11,missense,,-0.03338507092063497,-0.021432881468198148,-0.011952189452436819,False,11.0,1.0,4.0,0.09090909090909091,0.36363636363636365
11,missense,,-0.09684216235052001,-0.01258497811287108,-0.08425718423764893,False,11.0,1.0,4.0,0.09090909090909091,0.36363636363636365
11,missense,,-0.024305241391131605,-0.007415820815841421,-0.016889420575290182,False,11.0,1.0,4.0,0.09090909090909091,0.36363636363636365
11,missense,,0.01357754707154582,-0.013292266709090617,0.026869813780636437,False,11.0,1.0,4.0,0.09090909090909091,0.36363636363636365
11,missense,,0.001586607421194248,-0.017661751236162718,0.019248358657356964,False,11.0,1.0,4.0,0.09090909090909091,0.36363636363636365
11,synonymous,,-0.01710395968391539,-0.02418076560366907,0.007076805919753678,False,11.0,2.0,5.0,0.18181818181818182,0.45454545454545453
11,synonymous,,8.255736571105565e-05,-0.021432881468198148,0.021515438833909203,False,11.0,2.0,5.0,0.18181818181818182,0.45454545454545453
11,synonymous,,-0.04745653223813338,-0.01258497811287108,-0.0348715541252623,False,11.0,2.0,5.0,0.18181818181818182,0.45454545454545453
11,synonymous,,-0.004407317625494284,-0.007415820815841421,0.0030085031903471374,False,11.0,2.0,5.0,0.18181818181818182,0.45454545454545453
11,synonymous,,0.0097709436540456,-0.013292266709090617,0.023063210363136216,False,11.0,2.0,5.0,0.18181818181818182,0.45454545454545453
11,synonymous,,-0.001249530097136849,-0.017661751236162718,0.01641222113902587,False,11.0,2.0,5.0,0.18181818181818182,0.45454545454545453
12,missense,,-0.002429579264041567,-0.02418076560366907,0.021751186339627502,False,6.0,0.0,1.0,0.0,0.16666666666666666
12,missense,,-0.13171365266304338,-0.021432881468198148,-0.11028077119484524,False,6.0,0.0,1.0,0.0,0.16666666666666666
12,missense,,-0.040675204922548044,-0.01258497811287108,-0.028090226809676964,False,6.0,0.0,1.0,0.0,0.16666666666666666
12,missense,,-0.03234116509936388,-0.007415820815841421,-0.02492534428352246,False,6.0,0.0,1.0,0.0,0.16666666666666666
12,missense,,-0.062483009400435954,-0.013292266709090617,-0.04919074269134534,False,6.0,0.0,1.0,0.0,0.16666666666666666
12,missense,,-0.06352439732477277,-0.017661751236162718,-0.04586264608861006,False,6.0,0.0,1.0,0.0,0.16666666666666666
12,synonymous,,-0.37562386550993954,-0.02418076560366907,-0.3514430999062705,False,5.0,0.0,4.0,0.0,0.8
12,synonymous,,-0.2517528341725879,-0.021432881468198148,-0.23031995270438976,False,5.0,0.0,4.0,0.0,0.8
12,synonymous,,-0.11769465006332276,-0.01258497811287108,-0.10510967195045168,False,5.0,0.0,4.0,0.0,0.8
12,synonymous,,-0.12673378923087922,-0.007415820815841421,-0.11931796841503779,False,5.0,0.0,4.0,0.0,0.8
12,synonymous,,-0.05757466611074641,-0.013292266709090617,-0.04428239940165579,False,5.0,0.0,4.0,0.0,0.8
12,synonymous,,-0.1328857044940695,-0.017661751236162718,-0.11522395325790678,False,5.0,0.0,4.0,0.0,0.8
13,missense,,-0.014554968138038268,-0.02418076560366907,0.009625797465630801,False,6.0,0.0,2.0,0.0,0.3333333333333333
13,missense,,-0.005498743428021933,-0.021432881468198148,0.015934138040176214,False,6.0,0.0,2.0,0.0,0.3333333333333333
13,missense,,-0.001992244326473689,-0.01258497811287108,0.010592733786397392,False,6.0,0.0,2.0,0.0,0.3333333333333333
13,missense,,0.010043945457207508,-0.007415820815841421,0.01745976627304893,False,6.0,0.0,2.0,0.0,0.3333333333333333
13,missense,,0.011494767388436841,-0.013292266709090617,0.024787034097527458,False,6.0,0.0,2.0,0.0,0.3333333333333333
13,missense,,-0.01675191311442613,-0.017661751236162718,0.0009098381217365892,False,6.0,0.0,2.0,0.0,0.3333333333333333
13,synonymous,,-0.030702783071319625,-0.02418076560366907,-0.006522017467650555,False,15.0,4.0,6.0,0.26666666666666666,0.4
13,synonymous,,-0.040277785043404304,-0.021432881468198148,-0.018844903575206157,False,15.0,4.0,6.0,0.26666666666666666,0.4
13,synonymous,,-0.03797791193177016,-0.01258497811287108,-0.025392933818899076,False,15.0,4.0,6.0,0.26666666666666666,0.4
13,synonymous,,-0.03575635697714282,-0.007415820815841421,-0.0283405361613014,False,15.0,4.0,6.0,0.26666666666666666,0.4
13,synonymous,,0.001878569249899609,-0.013292266709090617,0.015170835958990226,False,15.0,4.0,6.0,0.26666666666666666,0.4
13,synonymous,,-0.014404233042479148,-0.017661751236162718,0.00325751819368357,False,15.0,4.0,6.0,0.26666666666666666,0.4
14,missense,,-0.11459629758393049,-0.02418076560366907,-0.09041553198026142,False,4.0,2.0,3.0,0.5,0.75
14,missense,,-0.10800724252809288,-0.021432881468198148,-0.08657436105989473,False,4.0,2.0,3.0,0.5,0.75
14,missense,,-0.08222479473809512,-0.01258497811287108,-0.06963981662522403,False,4.0,2.0,3.0,0.5,0.75
14,missense,,-0.10180492187239866,-0.007415820815841421,-0.09438910105655723,False,4.0,2.0,3.0,0.5,0.75
14,missense,,-0.17941037151284592,-0.013292266709090617,-0.1661181048037553,False,4.0,2.0,3.0,0.5,0.75
14,missense,,-0.09902146381965495,-0.017661751236162718,-0.08135971258349223,False,4.0,2.0,3.0,0.5,0.75
14,synonymous,,-0.03197765524064183,-0.02418076560366907,-0.007796889636972757,False,8.0,1.0,4.0,0.125,0.5
14,synonymous,,-0.04394372108219212,-0.021432881468198148,-0.02251083961399397,False,8.0,1.0,4.0,0.125,0.5
14,synonymous,,-0.0010172301965961329,-0.01258497811287108,0.011567747916274948,False,8.0,1.0,4.0,0.125,0.5
14,synonymous,,0.018848824978324137,-0.007415820815841421,0.02626464579416556,False,8.0,1.0,4.0,0.125,0.5
14,synonymous,,0.0032757901824281904,-0.013292266709090617,0.016568056891518808,False,8.0,1.0,4.0,0.125,0.5
14,synonymous,,-0.04688307244088751,-0.017661751236162718,-0.029221321204724794,False,8.0,1.0,4.0,0.125,0.5
15,missense,,-0.012242373948588693,-0.02418076560366907,0.011938391655080377,False,6.0,1.0,4.0,0.16666666666666666,0.6666666666666666
15,missense,,-0.05085491731302559,-0.021432881468198148,-0.029422035844827443,False,6.0,1.0,4.0,0.16666666666666666,0.6666666666666666
15,missense,,-0.0468163077470958,-0.01258497811287108,-0.03423132963422472,False,6.0,1.0,4.0,0.16666666666666666,0.6666666666666666
15,missense,,-0.011035924885351765,-0.007415820815841421,-0.0036201040695103435,False,6.0,1.0,4.0,0.16666666666666666,0.6666666666666666
15,missense,,-0.08871356588311925,-0.013292266709090617,-0.07542129917402864,False,6.0,1.0,4.0,0.16666666666666666,0.6666666666666666
15,missense,,-0.023777331276865803,-0.017661751236162718,-0.006115580040703086,False,6.0,1.0,4.0,0.16666666666666666,0.6666666666666666
15,synonymous,,-0.3305947111098425,-0.02418076560366907,-0.30641394550617346,False,7.0,2.0,6.0,0.2857142857142857,0.8571428571428571
15,synonymous,,-0.30809490845161264,-0.021432881468198148,-0.2866620269834145,False,7.0,2.0,6.0,0.2857142857142857,0.8571428571428571
15,synonymous,,-0.22353717356161126,-0.01258497811287108,-0.2109521954487402,False,7.0,2.0,6.0,0.2857142857142857,0.8571428571428571
15,synonymous,,-0.2336389513259215,-0.007415820815841421,-0.22622313051008008,False,7.0,2.0,6.0,0.2857142857142857,0.8571428571428571
15,synonymous,,-0.19423089951583092,-0.013292266709090617,-0.1809386328067403,False,7.0,2.0,6.0,0.2857142857142857,0.8571428571428571
15,synonymous,,-0.2275459073438238,-0.017661751236162718,-0.2098841561076611,False,7.0,2.0,6.0,0.2857142857142857,0.8571428571428571
16,missense,,-0.020084208806899977,-0.02418076560366907,0.004096556796769093,False,15.0,5.0,11.0,0.3333333333333333,0.7333333333333333
16,missense,,-0.03559059212598409,-0.021432881468198148,-0.01415771065778594,False,15.0,5.0,11.0,0.3333333333333333,0.7333333333333333
16,missense,,-0.03265905711411625,-0.01258497811287108,-0.02007407900124517,False,15.0,5.0,11.0,0.3333333333333333,0.7333333333333333
16,missense,,0.018495656237658385,-0.007415820815841421,0.025911477053499807,False,15.0,5.0,11.0,0.3333333333333333,0.7333333333333333
16,missense,,-0.01748278848167097,-0.013292266709090617,-0.004190521772580353,False,15.0,5.0,11.0,0.3333333333333333,0.7333333333333333
16,missense,,-0.02817934742384116,-0.017661751236162718,-0.010517596187678443,False,15.0,5.0,11.0,0.3333333333333333,0.7333333333333333
16,synonymous,,-0.020690308342605504,-0.02418076560366907,0.0034904572610635655,False,6.0,1.0,4.0,0.16666666666666666,0.6666666666666666
16,synonymous,,0.001374718009789747,-0.021432881468198148,0.022807599477987894,False,6.0,1.0,4.0,0.16666666666666666,0.6666666666666666
16,synonymous,,-0.0031737275100431595,-0.01258497811287108,0.00941125060282792,False,6.0,1.0,4.0,0.16666666666666666,0.6666666666666666
16,synonymous,,-0.04031352326135857,-0.007415820815841421,-0.03289770244551715,False,6.0,1.0,4.0,0.16666666666666666,0.6666666666666666
16,synonymous,,0.03647948004149249,-0.013292266709090617,0.04977174675058311,False,6.0,1.0,4.0,0.16666666666666666,0.6666666666666666
16,synonymous,,-0.11880736362263752,-0.017661751236162718,-0.1011456123864748,False,6.0,1.0,4.0,0.16666666666666666,0.6666666666666666
17,missense,,0.00841082800965923,-0.02418076560366907,0.0325915936133283,False,8.0,0.0,2.0,0.0,0.25
17,missense,,-0.010922208313154862,-0.021432881468198148,0.010510673155043285,False,8.0,0.0,2.0,0.0,0.25
17,missense,,0.018525612482175716,-0.01258497811287108,0.031110590595046797,False,8.0,0.0,2.0,0.0,0.25
17,missense,,-0.0204808242344823,-0.007415820815841421,-0.013065003418640878,False,8.0,0.0,2.0,0.0,0.25
17,missense,,-0.0558452397896678,-0.013292266709090617,-0.042552973080577185,False,8.0,0.0,2.0,0.0,0.25
17,missense,,-0.0004241661779288802,-0.017661751236162718,0.017237585058233838,False,8.0,0.0,2.0,0.0,0.25
17,synonymous,,-0.06483160117537412,-0.02418076560366907,-0.040650835571705055,False,8.0,1.0,4.0,0.125,0.5
17,synonymous,,-0.041767244760663874,-0.021432881468198148,-0.020334363292465726,False,8.0,1.0,4.0,0.125,0.5
17,synonymous,,-0.06185847637271623,-0.01258497811287108,-0.049273498259845144,False,8.0,1.0,4.0,0.125,0.5
17,synonymous,,-0.00772511799021977,-0.007415820815841421,-0.0003092971743783486,False,8.0,1.0,4.0,0.125,0.5
17,synonymous,,-0.019388388556658108,-0.013292266709090617,-0.006096121847567491,False,8.0,1.0,4.0,0.125,0.5
17,synonymous,,-0.01700980375809079,-0.017661751236162718,0.0006519474780719292,False,8.0,1.0,4.0,0.125,0.5
18,missense,,-0.031541082966652145,-0.02418076560366907,-0.007360317362983076,False,10.0,0.0,4.0,0.0,0.4
18,missense,,-0.03648989734269513,-0.021432881468198148,-0.015057015874496982,False,10.0,0.0,4.0,0.0,0.4
18,missense,,-0.006415819246375242,-0.01258497811287108,0.006169158866495839,False,10.0,0.0,4.0,0.0,0.4
18,missense,,0.003502610301631824,-0.007415820815841421,0.010918431117473246,False,10.0,0.0,4.0,0.0,0.4
18,missense,,-0.01033178489055278,-0.013292266709090617,0.0029604818185378374,False,10.0,0.0,4.0,0.0,0.4
18,missense,,-0.017840469780798788,-0.017661751236162718,-0.0001787185446360702,False,10.0,0.0,4.0,0.0,0.4
18,synonymous,,-0.04217790843733685,-0.02418076560366907,-0.017997142833667778,False,13.0,3.0,8.0,0.23076923076923078,0.6153846153846154
18,synonymous,,-0.049528935443505236,-0.021432881468198148,-0.028096053975307088,False,13.0,3.0,8.0,0.23076923076923078,0.6153846153846154
18,synonymous,,0.01537366158070883,-0.01258497811287108,0.02795863969357991,False,13.0,3.0,8.0,0.23076923076923078,0.6153846153846154
18,synonymous,,-0.0053179595463368765,-0.007415820815841421,0.002097861269504545,False,13.0,3.0,8.0,0.23076923076923078,0.6153846153846154
18,synonymous,,-0.07029039482492615,-0.013292266709090617,-0.05699812811583553,False,13.0,3.0,8.0,0.23076923076923078,0.6153846153846154
18,synonymous,,0.019630121849419712,-0.017661751236162718,0.03729187308558243,False,13.0,3.0,8.0,0.23076923076923078,0.6153846153846154
19,missense,,-0.002920179717549668,-0.02418076560366907,0.021260585886119402,False,5.0,1.0,1.0,0.2,0.2
19,missense,,0.00820358694600012,-0.021432881468198148,0.02963646841419827,False,5.0,1.0,1.0,0.2,0.2
19,missense,,-0.011305363415899846,-0.01258497811287108,0.0012796146969712343,False,5.0,1.0,1.0,0.2,0.2
19,missense,,-0.014098812458729643,-0.007415820815841421,-0.006682991642888222,False,5.0,1.0,1.0,0.2,0.2
19,missense,,0.020320587377643175,-0.013292266709090617,0.03361285408673379,False,5.0,1.0,1.0,0.2,0.2
19,missense,,-0.016021748094141756,-0.017661751236162718,0.001640003142020962,False,5.0,1.0,1.0,0.2,0.2
19,synonymous,,-1.2567247920278874,-0.02418076560366907,-1.2325440264242185,False,2.0,0.0,0.0,0.0,0.0
19,synonymous,,-0.37440465751555513,-0.021432881468198148,-0.35297177604735697,False,2.0,0.0,0.0,0.0,0.0
19,synonymous,,-0.6723828880255602,-0.01258497811287108,-0.6597979099126892,False,2.0,0.0,0.0,0.0,0.0
19,synonymous,,-0.3693829643489101,-0.007415820815841421,-0.3619671435330687,False,2.0,0.0,0.0,0.0,0.0
19,synonymous,,-0.30845977955867204,-0.013292266709090617,-0.2951675128495814,False,2.0,0.0,0.0,0.0,0.0
19,synonymous,,0.09166454151825831,-0.017661751236162718,0.10932629275442103,False,2.0,0.0,0.0,0.0,0.0
20,missense,,-0.02022122137825867,-0.02418076560366907,0.003959544225410401,False,5.0,1.0,2.0,0.2,0.4
20,missense,,-0.025479695343033557,-0.021432881468198148,-0.004046813874835409,False,5.0,1.0,2.0,0.2,0.4
20,missense,,0.0797015081443338,-0.01258497811287108,0.09228648625720488,False,5.0,1.0,2.0,0.2,0.4
20,missense,,-0.013010886458559238,-0.007415820815841421,-0.005595065642717817,False,5.0,1.0,2.0,0.2,0.4
20,missense,,0.012538499366187382,-0.013292266709090617,0.025830766075277997,False,5.0,1.0,2.0,0.2,0.4
20,missense,,-0.01856117429795683,-0.017661751236162718,-0.0008994230617941114,False,5.0,1.0,2.0,0.2,0.4
20,synonymous,,-0.017123240766892166,-0.02418076560366907,0.007057524836776904,False,7.0,0.0,3.0,0.0,0.42857142857142855
20,synonymous,,-0.0031998914183270295,-0.021432881468198148,0.01823299004987112,False,7.0,0.0,3.0,0.0,0.42857142857142855
20,synonymous,,-0.005746509927503877,-0.01258497811287108,0.006838468185367204,False,7.0,0.0,3.0,0.0,0.42857142857142855
20,synonymous,,-0.024523784026597353,-0.007415820815841421,-0.01710796321075593,False,7.0,0.0,3.0,0.0,0.42857142857142855
20,synonymous,,0.0020127692367512434,-0.013292266709090617,0.01530503594584186,False,7.0,0.0,3.0,0.0,0.42857142857142855
20,synonymous,,-0.007629969396291822,-0.017661751236162718,0.010031781839870895,False,7.0,0.0,3.0,0.0,0.42857142857142855
21,missense,,0.0673585076399465,-0.02418076560366907,0.09153927324361556,False,2.0,0.0,0.0,0.0,0.0
21,missense,,0.04643949989708781,-0.021432881468198148,0.06787238136528595,False,2.0,0.0,0.0,0.0,0.0
21,missense,,0.00020954461031363254,-0.01258497811287108,0.012794522723184713,False,2.0,0.0,0.0,0.0,0.0
21,missense,,-0.07175658516965562,-0.007415820815841421,-0.0643407643538142,False,2.0,0.0,0.0,0.0,0.0
21,missense,,-0.11962530010495827,-0.013292266709090617,-0.10633303339586765,False,2.0,0.0,0.0,0.0,0.0
21,missense,,0.016299393318607722,-0.017661751236162718,0.03396114455477044,False,2.0,0.0,0.0,0.0,0.0
21,synonymous,,-1.7725643875091983,-0.02418076560366907,-1.7483836219055293,False,3.0,1.0,1.0,0.3333333333333333,0.3333333333333333
21,synonymous,,-0.7467302557250954,-0.021432881468198148,-0.7252973742568973,False,3.0,1.0,1.0,0.3333333333333333,0.3333333333333333
21,synonymous,,-1.553694890544731,-0.01258497811287108,-1.54110991243186,False,3.0,1.0,1.0,0.3333333333333333,0.3333333333333333
21,synonymous,,-0.8641019717513649,-0.007415820815841421,-0.8566861509355235,False,3.0,1.0,1.0,0.3333333333333333,0.3333333333333333
21,synonymous,,-1.0159330556880257,-0.013292266709090617,-1.002640788978935,False,3.0,1.0,1.0,0.3333333333333333,0.3333333333333333
21,synonymous,,-1.2372023465278845,-0.017661751236162718,-1.2195405952917218,False,3.0,1.0,1.0,0.3333333333333333,0.3333333333333333
22,missense,,-0.01782405654194138,-0.02418076560366907,0.006356709061727691,False,16.0,1.0,9.0,0.0625,0.5625
22,missense,,0.005276746306911814,-0.021432881468198148,0.026709627775109962,False,16.0,1.0,9.0,0.0625,0.5625
22,missense,,-0.03393912782034194,-0.01258497811287108,-0.02135414970747086,False,16.0,1.0,9.0,0.0625,0.5625
22,missense,,-0.00864871163276224,-0.007415820815841421,-0.0012328908169208187,False,16.0,1.0,9.0,0.0625,0.5625
22,missense,,-0.01715301707741468,-0.013292266709090617,-0.003860750368324062,False,16.0,1.0,9.0,0.0625,0.5625
22,missense,,0.0007213469362120845,-0.017661751236162718,0.018383098172374802,False,16.0,1.0,9.0,0.0625,0.5625
22,synonymous,,-0.04696769015287197,-0.02418076560366907,-0.022786924549202902,False,14.0,0.0,7.0,0.0,0.5
22,synonymous,,-0.03837231399416078,-0.021432881468198148,-0.016939432525962632,False,14.0,0.0,7.0,0.0,0.5
22,synonymous,,-0.02041086152031985,-0.01258497811287108,-0.007825883407448768,False,14.0,0.0,7.0,0.0,0.5
22,synonymous,,-0.00941299516679016,-0.007415820815841421,-0.001997174350948739,False,14.0,0.0,7.0,0.0,0.5
22,synonymous,,-0.02027163994640193,-0.013292266709090617,-0.0069793732373113135,False,14.0,0.0,7.0,0.0,0.5
22,synonymous,,-0.02743838419215295,-0.017661751236162718,-0.009776632955990232,False,14.0,0.0,7.0,0.0,0.5
23,missense,,0.010330204276125134,-0.02418076560366907,0.034510969879794205,False,6.0,0.0,4.0,0.0,0.6666666666666666
23,missense,,-0.10859185521273713,-0.021432881468198148,-0.08715897374453899,False,6.0,0.0,4.0,0.0,0.6666666666666666
23,missense,,0.06619215581611451,-0.01258497811287108,0.0787771339289856,False,6.0,0.0,4.0,0.0,0.6666666666666666
23,missense,,-0.020441317204797003,-0.007415820815841421,-0.01302549638895558,False,6.0,0.0,4.0,0.0,0.6666666666666666
23,missense,,-0.06766948362370606,-0.013292266709090617,-0.054377216914615445,False,6.0,0.0,4.0,0.0,0.6666666666666666
23,missense,,0.003175464707831481,-0.017661751236162718,0.020837215943994198,False,6.0,0.0,4.0,0.0,0.6666666666666666
23,synonymous,,-0.026641965465803306,-0.02418076560366907,-0.0024611998621342362,False,7.0,0.0,2.0,0.0,0.2857142857142857
23,synonymous,,-0.021662475954178372,-0.021432881468198148,-0.00022959448598022444,False,7.0,0.0,2.0,0.0,0.2857142857142857
23,synonymous,,-0.02132227060865124,-0.01258497811287108,-0.00873729249578016,False,7.0,0.0,2.0,0.0,0.2857142857142857
23,synonymous,,-0.028741117688355716,-0.007415820815841421,-0.021325296872514294,False,7.0,0.0,2.0,0.0,0.2857142857142857
23,synonymous,,-0.006485829322870846,-0.013292266709090617,0.006806437386219771,False,7.0,0.0,2.0,0.0,0.2857142857142857
23,synonymous,,-0.034406444381550196,-0.017661751236162718,-0.016744693145387478,False,7.0,0.0,2.0,0.0,0.2857142857142857
24,missense,,-0.039302639018979776,-0.02418076560366907,-0.015121873415310707,False,6.0,1.0,4.0,0.16666666666666666,0.6666666666666666
24,missense,,-0.025442976572083865,-0.021432881468198148,-0.004010095103885718,False,6.0,1.0,4.0,0.16666666666666666,0.6666666666666666
24,missense,,-0.008046799336468102,-0.01258497811287108,0.004538178776402979,False,6.0,1.0,4.0,0.16666666666666666,0.6666666666666666
24,missense,,-0.030963462568867284,-0.007415820815841421,-0.02354764175302586,False,6.0,1.0,4.0,0.16666666666666666,0.6666666666666666
24,missense,,-0.03418897654440728,-0.013292266709090617,-0.020896709835316662,False,6.0,1.0,4.0,0.16666666666666666,0.6666666666666666
24,missense,,-0.030853203887231714,-0.017661751236162718,-0.013191452651068997,False,6.0,1.0,4.0,0.16666666666666666,0.6666666666666666
24,synonymous,,-0.0002625438219362738,-0.02418076560366907,0.023918221781732796,False,5.0,1.0,2.0,0.2,0.4
24,synonymous,,-0.05206158642650393,-0.021432881468198148,-0.03062870495830578,False,5.0,1.0,2.0,0.2,0.4
24,synonymous,,-0.03225556587701601,-0.01258497811287108,-0.019670587764144928,False,5.0,1.0,2.0,0.2,0.4
24,synonymous,,-0.006091322197858496,-0.007415820815841421,0.0013244986179829256,False,5.0,1.0,2.0,0.2,0.4
24,synonymous,,-0.009836014343033196,-0.013292266709090617,0.0034562523660574204,False,5.0,1.0,2.0,0.2,0.4
24,synonymous,,0.02005876853040896,-0.017661751236162718,0.037720519766571675,False,5.0,1.0,2.0,0.2,0.4
25,missense,,-0.011477144328057992,-0.02418076560366907,0.012703621275611077,False,2.0,1.0,1.0,0.5,0.5
25,missense,,0.019252434385965238,-0.021432881468198148,0.040685315854163386,False,2.0,1.0,1.0,0.5,0.5
25,missense,,0.004580984417242824,-0.01258497811287108,0.017165962530113904,False,2.0,1.0,1.0,0.5,0.5
25,missense,,0.0042934727654140355,-0.007415820815841421,0.011709293581255456,False,2.0,1.0,1.0,0.5,0.5
25,missense,,0.013306749316770797,-0.013292266709090617,0.026599016025861413,False,2.0,1.0,1.0,0.5,0.5
25,missense,,-8.448854889563551e-05,-0.017661751236162718,0.017577262687267083,False,2.0,1.0,1.0,0.5,0.5
25,synonymous,,-0.017303962485853544,-0.02418076560366907,0.0068768031178155255,False,1.0,0.0,0.0,0.0,0.0
25,synonymous,,0.006783183923603673,-0.021432881468198148,0.02821606539180182,False,1.0,0.0,0.0,0.0,0.0
25,synonymous,,-0.006466860673875405,-0.01258497811287108,0.006118117438995676,False,1.0,0.0,0.0,0.0,0.0
25,synonymous,,-0.011669609361021826,-0.007415820815841421,-0.004253788545180405,False,1.0,0.0,0.0,0.0,0.0
25,synonymous,,0.02611286437535891,-0.013292266709090617,0.03940513108444953,False,1.0,0.0,0.0,0.0,0.0
25,synonymous,,0.0026529923501772226,-0.017661751236162718,0.02031474358633994,False,1.0,0.0,0.0,0.0,0.0
26,missense,,-0.21149132208908672,-0.02418076560366907,-0.18731055648541764,False,7.0,2.0,5.0,0.2857142857142857,0.7142857142857143
26,missense,,-0.149692208620822,-0.021432881468198148,-0.12825932715262384,False,7.0,2.0,5.0,0.2857142857142857,0.7142857142857143
26,missense,,-0.12544866768983223,-0.01258497811287108,-0.11286368957696115,False,7.0,2.0,5.0,0.2857142857142857,0.7142857142857143
26,missense,,-0.13924894717250685,-0.007415820815841421,-0.13183312635666544,False,7.0,2.0,5.0,0.2857142857142857,0.7142857142857143
26,missense,,-0.229160757159364,-0.013292266709090617,-0.21586849045027337,False,7.0,2.0,5.0,0.2857142857142857,0.7142857142857143
26,missense,,-0.16520394685521778,-0.017661751236162718,-0.14754219561905507,False,7.0,2.0,5.0,0.2857142857142857,0.7142857142857143
26,synonymous,,-0.05973551628736089,-0.02418076560366907,-0.03555475068369182,False,4.0,0.0,1.0,0.0,0.25
26,synonymous,,-0.09604120038849576,-0.021432881468198148,-0.07460831892029761,False,4.0,0.0,1.0,0.0,0.25
26,synonymous,,-0.026135598694330426,-0.01258497811287108,-0.013550620581459345,False,4.0,0.0,1.0,0.0,0.25
26,synonymous,,0.014592518570901334,-0.007415820815841421,0.022008339386742754,False,4.0,0.0,1.0,0.0,0.25
26,synonymous,,-0.13633421173109628,-0.013292266709090617,-0.12304194502200566,False,4.0,0.0,1.0,0.0,0.25
26,synonymous,,-0.025023743752825248,-0.017661751236162718,-0.00736199251666253,False,4.0,0.0,1.0,0.0,0.25
27,missense,,-0.1023054552512296,-0.02418076560366907,-0.07812468964756053,False,5.0,1.0,5.0,0.2,1.0
27,missense,,-0.12692222069629697,-0.021432881468198148,-0.10548933922809882,False,5.0,1.0,5.0,0.2,1.0
27,missense,,0.012782694734218863,-0.01258497811287108,0.025367672847089944,False,5.0,1.0,5.0,0.2,1.0
27,missense,,-0.044782727829820956,-0.007415820815841421,-0.03736690701397954,False,5.0,1.0,5.0,0.2,1.0
27,missense,,-0.06028427098128995,-0.013292266709090617,-0.046992004272199336,False,5.0,1.0,5.0,0.2,1.0
27,missense,,-0.19340652465585337,-0.017661751236162718,-0.17574477341969064,False,5.0,1.0,5.0,0.2,1.0
27,synonymous,,-0.02849780437566681,-0.02418076560366907,-0.004317038771997739,False,4.0,0.0,2.0,0.0,0.5
27,synonymous,,-0.03774708719488459,-0.021432881468198148,-0.016314205726686445,False,4.0,0.0,2.0,0.0,0.5
27,synonymous,,-0.08976916379800641,-0.01258497811287108,-0.07718418568513533,False,4.0,0.0,2.0,0.0,0.5
27,synonymous,,0.019727707916703665,-0.007415820815841421,0.027143528732545087,False,4.0,0.0,2.0,0.0,0.5
27,synonymous,,0.03414779857234932,-0.013292266709090617,0.04744006528143994,False,4.0,0.0,2.0,0.0,0.5
27,synonymous,,-0.033200356522675493,-0.017661751236162718,-0.015538605286512776,False,4.0,0.0,2.0,0.0,0.5
28,missense,,0.005477811940353211,-0.02418076560366907,0.02965857754402228,False,3.0,0.0,0.0,0.0,0.0
28,missense,,-0.0056993120062795045,-0.021432881468198148,0.015733569461918645,False,3.0,0.0,0.0,0.0,0.0
28,missense,,-0.006523742508900535,-0.01258497811287108,0.006061235603970545,False,3.0,0.0,0.0,0.0,0.0
28,missense,,-0.012410144160454675,-0.007415820815841421,-0.004994323344613254,False,3.0,0.0,0.0,0.0,0.0
28,missense,,0.009635602494008053,-0.013292266709090617,0.02292786920309867,False,3.0,0.0,0.0,0.0,0.0
28,missense,,0.013569760010966578,-0.017661751236162718,0.031231511247129296,False,3.0,0.0,0.0,0.0,0.0
29,missense,,0.0030464940008456992,-0.02418076560366907,0.02722725960451477,False,5.0,0.0,3.0,0.0,0.6
29,missense,,0.010069542019143382,-0.021432881468198148,0.03150242348734153,False,5.0,0.0,3.0,0.0,0.6
29,missense,,0.01710598295475584,-0.01258497811287108,0.02969096106762692,False,5.0,0.0,3.0,0.0,0.6
29,missense,,-0.00589663830841672,-0.007415820815841421,0.0015191825074247012,False,5.0,0.0,3.0,0.0,0.6
29,missense,,-0.053120612017064986,-0.013292266709090617,-0.03982834530797437,False,5.0,0.0,3.0,0.0,0.6
29,missense,,-0.006470424607567324,-0.017661751236162718,0.011191326628595392,False,5.0,0.0,3.0,0.0,0.6
29,synonymous,,0.0035211739623980482,-0.02418076560366907,0.02770193956606712,False,6.0,0.0,3.0,0.0,0.5
29,synonymous,,-0.060176805750346896,-0.021432881468198148,-0.03874392428214875,False,6.0,0.0,3.0,0.0,0.5
29,synonymous,,0.03157767517801562,-0.01258497811287108,0.0441626532908867,False,6.0,0.0,3.0,0.0,0.5
29,synonymous,,-0.02619411628454228,-0.007415820815841421,-0.018778295468700856,False,6.0,0.0,3.0,0.0,0.5
29,synonymous,,-0.0694387241574242,-0.013292266709090617,-0.05614645744833359,False,6.0,0.0,3.0,0.0,0.5
29,synonymous,,-0.03582658864443478,-0.017661751236162718,-0.018164837408272065,False,6.0,0.0,3.0,0.0,0.5
30,missense,,0.010122338642457809,-0.02418076560366907,0.03430310424612688,False,3.0,1.0,2.0,0.3333333333333333,0.6666666666666666
30,missense,,-0.014569823946599215,-0.021432881468198148,0.006863057521598933,False,3.0,1.0,2.0,0.3333333333333333,0.6666666666666666
30,missense,,0.001739664192606078,-0.01258497811287108,0.01432464230547716,False,3.0,1.0,2.0,0.3333333333333333,0.6666666666666666
30,missense,,-0.0024105061408308424,-0.007415820815841421,0.005005314675010579,False,3.0,1.0,2.0,0.3333333333333333,0.6666666666666666
30,missense,,-0.009205968223939305,-0.013292266709090617,0.004086298485151312,False,3.0,1.0,2.0,0.3333333333333333,0.6666666666666666
30,missense,,-0.01537907223181899,-0.017661751236162718,0.0022826790043437278,False,3.0,1.0,2.0,0.3333333333333333,0.6666666666666666
31,missense,,-0.3791573444570411,-0.02418076560366907,-0.354976578853372,False,2.0,0.0,0.0,0.0,0.0
31,missense,,-0.01406623418098517,-0.021432881468198148,0.007366647287212978,False,2.0,0.0,0.0,0.0,0.0
31,missense,,-0.08495941152136802,-0.01258497811287108,-0.07237443340849693,False,2.0,0.0,0.0,0.0,0.0
31,missense,,-0.040110814749229715,-0.007415820815841421,-0.032694993933388296,False,2.0,0.0,0.0,0.0,0.0
31,missense,,0.09721196755209754,-0.013292266709090617,0.11050423426118816,False,2.0,0.0,0.0,0.0,0.0
31,missense,,0.019518501984579988,-0.017661751236162718,0.037180253220742705,False,2.0,0.0,0.0,0.0,0.0
31,synonymous,,-0.01995122166637765,-0.02418076560366907,0.00422954393729142,False,9.0,0.0,3.0,0.0,0.3333333333333333
31,synonymous,,-0.06425940273318613,-0.021432881468198148,-0.04282652126498798,False,9.0,0.0,3.0,0.0,0.3333333333333333
31,synonymous,,-0.01830685449028641,-0.01258497811287108,-0.005721876377415329,False,9.0,0.0,3.0,0.0,0.3333333333333333
31,synonymous,,0.01729611206301902,-0.007415820815841421,0.02471193287886044,False,9.0,0.0,3.0,0.0,0.3333333333333333
31,synonymous,,-0.05731548938525632,-0.013292266709090617,-0.0440232226761657,False,9.0,0.0,3.0,0.0,0.3333333333333333
31,synonymous,,-0.005300725640766951,-0.017661751236162718,0.012361025595395767,False,9.0,0.0,3.0,0.0,0.3333333333333333
32,missense,,-0.07096348249596685,-0.02418076560366907,-0.04678271689229778,False,5.0,0.0,2.0,0.0,0.4
32,missense,,-0.038187394470706036,-0.021432881468198148,-0.01675451300250789,False,5.0,0.0,2.0,0.0,0.4
32,missense,,0.04635901994975402,-0.01258497811287108,0.0589439980626251,False,5.0,0.0,2.0,0.0,0.4
32,missense,,-0.0588464259752727,-0.007415820815841421,-0.05143060515943128,False,5.0,0.0,2.0,0.0,0.4
32,missense,,-0.020462182037725922,-0.013292266709090617,-0.007169915328635305,False,5.0,0.0,2.0,0.0,0.4
32,missense,,-0.056928536663719054,-0.017661751236162718,-0.039266785427556336,False,5.0,0.0,2.0,0.0,0.4
32,synonymous,,0.059961051514242636,-0.02418076560366907,0.0841418171179117,False,2.0,0.0,0.0,0.0,0.0
32,synonymous,,-0.0856608893948522,-0.021432881468198148,-0.06422800792665405,False,2.0,0.0,0.0,0.0,0.0
32,synonymous,,-0.015354018535539365,-0.01258497811287108,-0.0027690404226682844,False,2.0,0.0,0.0,0.0,0.0
32,synonymous,,0.017711165756253675,-0.007415820815841421,0.025126986572095097,False,2.0,0.0,0.0,0.0,0.0
32,synonymous,,-0.07287672336790542,-0.013292266709090617,-0.0595844566588148,False,2.0,0.0,0.0,0.0,0.0
32,synonymous,,-0.02336450591869792,-0.017661751236162718,-0.005702754682535203,False,2.0,0.0,0.0,0.0,0.0
33,missense,,-0.08182170089510107,-0.02418076560366907,-0.05764093529143201,False,8.0,0.0,5.0,0.0,0.625
33,missense,,-0.08459175309136374,-0.021432881468198148,-0.0631588716231656,False,8.0,0.0,5.0,0.0,0.625
33,missense,,-0.08391150131742195,-0.01258497811287108,-0.07132652320455087,False,8.0,0.0,5.0,0.0,0.625
33,missense,,-0.05526758599784826,-0.007415820815841421,-0.047851765182006845,False,8.0,0.0,5.0,0.0,0.625
33,missense,,-0.0798347827036188,-0.013292266709090617,-0.06654251599452818,False,8.0,0.0,5.0,0.0,0.625
33,missense,,-0.058857591829922624,-0.017661751236162718,-0.04119584059375991,False,8.0,0.0,5.0,0.0,0.625
33,synonymous,,-0.003557587843942789,-0.02418076560366907,0.02062317775972628,False,10.0,1.0,3.0,0.1,0.3
33,synonymous,,-0.0013678008291117614,-0.021432881468198148,0.020065080639086387,False,10.0,1.0,3.0,0.1,0.3
33,synonymous,,-0.016336559072195417,-0.01258497811287108,-0.003751580959324336,False,10.0,1.0,3.0,0.1,0.3
33,synonymous,,0.010396326831995822,-0.007415820815841421,0.017812147647837243,False,10.0,1.0,3.0,0.1,0.3
33,synonymous,,-0.0007124659969193607,-0.013292266709090617,0.012579800712171256,False,10.0,1.0,3.0,0.1,0.3
33,synonymous,,-0.015022144027765,-0.017661751236162718,0.002639607208397718,False,10.0,1.0,3.0,0.1,0.3
34,missense,,-0.02290063801635044,-0.02418076560366907,0.0012801275873186302,False,5.0,1.0,2.0,0.2,0.4
34,missense,,-0.009098082175439155,-0.021432881468198148,0.012334799292758993,False,5.0,1.0,2.0,0.2,0.4
34,missense,,-0.01372254286888259,-0.01258497811287108,-0.0011375647560115092,False,5.0,1.0,2.0,0.2,0.4
34,missense,,-0.000201379365838944,-0.007415820815841421,0.007214441450002477,False,5.0,1.0,2.0,0.2,0.4
34,missense,,-0.003524977177018432,-0.013292266709090617,0.009767289532072185,False,5.0,1.0,2.0,0.2,0.4
34,missense,,-0.010507673220832304,-0.017661751236162718,0.0071540780153304135,False,5.0,1.0,2.0,0.2,0.4
34,synonymous,,-0.05632186448357025,-0.02418076560366907,-0.032141098879901187,False,3.0,0.0,2.0,0.0,0.6666666666666666
34,synonymous,,0.047087442173239014,-0.021432881468198148,0.06852032364143716,False,3.0,0.0,2.0,0.0,0.6666666666666666
34,synonymous,,-0.052464723872073446,-0.01258497811287108,-0.03987974575920236,False,3.0,0.0,2.0,0.0,0.6666666666666666
34,synonymous,,-0.03910518835880367,-0.007415820815841421,-0.031689367542962255,False,3.0,0.0,2.0,0.0,0.6666666666666666
34,synonymous,,0.05706630860731063,-0.013292266709090617,0.07035857531640125,False,3.0,0.0,2.0,0.0,0.6666666666666666
34,synonymous,,-0.027815222560014567,-0.017661751236162718,-0.010153471323851849,False,3.0,0.0,2.0,0.0,0.6666666666666666
35,missense,,-0.03084336025135035,-0.02418076560366907,-0.006662594647681281,False,6.0,0.0,3.0,0.0,0.5
35,missense,,-0.0629618692798318,-0.021432881468198148,-0.04152898781163365,False,6.0,0.0,3.0,0.0,0.5
35,missense,,-0.05662472571616766,-0.01258497811287108,-0.04403974760329658,False,6.0,0.0,3.0,0.0,0.5
35,missense,,0.002181193924116287,-0.007415820815841421,0.009597014739957709,False,6.0,0.0,3.0,0.0,0.5
35,missense,,-0.02741420113789817,-0.013292266709090617,-0.014121934428807555,False,6.0,0.0,3.0,0.0,0.5
35,missense,,-0.036302705412845776,-0.017661751236162718,-0.01864095417668306,False,6.0,0.0,3.0,0.0,0.5
35,synonymous,,-0.017060964995416206,-0.02418076560366907,0.007119800608252864,False,1.0,0.0,0.0,0.0,0.0
35,synonymous,,-0.00303833061052506,-0.021432881468198148,0.018394550857673088,False,1.0,0.0,0.0,0.0,0.0
35,synonymous,,-0.641877765227782,-0.01258497811287108,-0.6292927871149109,False,1.0,0.0,0.0,0.0,0.0
35,synonymous,,-0.07915756396535378,-0.007415820815841421,-0.07174174314951236,False,1.0,0.0,0.0,0.0,0.0
35,synonymous,,0.012907664043301577,-0.013292266709090617,0.026199930752392193,False,1.0,0.0,0.0,0.0,0.0
35,synonymous,,-0.03568092629756526,-0.017661751236162718,-0.01801917506140254,False,1.0,0.0,0.0,0.0,0.0
36,missense,,-0.026225309112881012,-0.02418076560366907,-0.002044543509211943,False,3.0,0.0,0.0,0.0,0.0
36,missense,,0.00952141936863543,-0.021432881468198148,0.03095430083683358,False,3.0,0.0,0.0,0.0,0.0
36,missense,,0.004684977300268196,-0.01258497811287108,0.017269955413139276,False,3.0,0.0,0.0,0.0,0.0
36,missense,,-0.005357215539764451,-0.007415820815841421,0.00205860527607697,False,3.0,0.0,0.0,0.0,0.0
36,missense,,-0.005372018851823622,-0.013292266709090617,0.007920247857266995,False,3.0,0.0,0.0,0.0,0.0
36,missense,,-0.01058424888360897,-0.017661751236162718,0.007077502352553748,False,3.0,0.0,0.0,0.0,0.0
37,missense,,-0.03180742247877495,-0.02418076560366907,-0.007626656875105883,False,6.0,0.0,3.0,0.0,0.5
37,missense,,0.0005031984632557745,-0.021432881468198148,0.02193607993145392,False,6.0,0.0,3.0,0.0,0.5
37,missense,,0.0023757653023797082,-0.01258497811287108,0.014960743415250789,False,6.0,0.0,3.0,0.0,0.5
37,missense,,0.026724691383320866,-0.007415820815841421,0.03414051219916229,False,6.0,0.0,3.0,0.0,0.5
37,missense,,-0.0006286791445367849,-0.013292266709090617,0.012663587564553831,False,6.0,0.0,3.0,0.0,0.5
37,missense,,-0.013283326878789678,-0.017661751236162718,0.00437842435737304,False,6.0,0.0,3.0,0.0,0.5
38,synonymous,,-0.04999106739985915,-0.02418076560366907,-0.025810301796190083,False,9.0,3.0,4.0,0.3333333333333333,0.4444444444444444
38,synonymous,,-0.007462891606786139,-0.021432881468198148,0.01396998986141201,False,9.0,3.0,4.0,0.3333333333333333,0.4444444444444444
38,synonymous,,-0.028988128524020728,-0.01258497811287108,-0.016403150411149647,False,9.0,3.0,4.0,0.3333333333333333,0.4444444444444444
38,synonymous,,0.013160817254145113,-0.007415820815841421,0.020576638069986535,False,9.0,3.0,4.0,0.3333333333333333,0.4444444444444444
38,synonymous,,-0.01384591856660808,-0.013292266709090617,-0.0005536518575174638,False,9.0,3.0,4.0,0.3333333333333333,0.4444444444444444
38,synonymous,,-0.032819419822073315,-0.017661751236162718,-0.015157668585910597,False,9.0,3.0,4.0,0.3333333333333333,0.4444444444444444
39,missense,,-0.10465132399921263,-0.02418076560366907,-0.08047055839554357,False,5.0,0.0,1.0,0.0,0.2
39,missense,,0.009205502944054101,-0.021432881468198148,0.03063838441225225,False,5.0,0.0,1.0,0.0,0.2
39,missense,,-0.08458655391395091,-0.01258497811287108,-0.07200157580107983,False,5.0,0.0,1.0,0.0,0.2
39,missense,,-0.023623390212134422,-0.007415820815841421,-0.016207569396293,False,5.0,0.0,1.0,0.0,0.2
39,missense,,-0.01253265671214521,-0.013292266709090617,0.0007596099969454061,False,5.0,0.0,1.0,0.0,0.2
39,missense,,-0.029105634312008508,-0.017661751236162718,-0.01144388307584579,False,5.0,0.0,1.0,0.0,0.2
39,synonymous,,-0.07405793035959667,-0.02418076560366907,-0.0498771647559276,False,9.0,1.0,6.0,0.1111111111111111,0.6666666666666666
39,synonymous,,-0.10112066037736679,-0.021432881468198148,-0.07968777890916864,False,9.0,1.0,6.0,0.1111111111111111,0.6666666666666666
39,synonymous,,-0.1255487674140031,-0.01258497811287108,-0.112963789301132,False,9.0,1.0,6.0,0.1111111111111111,0.6666666666666666
39,synonymous,,-0.029379539638187714,-0.007415820815841421,-0.021963718822346292,False,9.0,1.0,6.0,0.1111111111111111,0.6666666666666666
39,synonymous,,-0.013385347681315088,-0.013292266709090617,-9.308097222447166e-05,False,9.0,1.0,6.0,0.1111111111111111,0.6666666666666666
39,synonymous,,-0.1008968852784504,-0.017661751236162718,-0.08323513404228768,False,9.0,1.0,6.0,0.1111111111111111,0.6666666666666666
40,missense,,-0.06529611427024946,-0.02418076560366907,-0.0411153486665804,False,4.0,0.0,0.0,0.0,0.0
40,missense,,-0.023870969357377543,-0.021432881468198148,-0.0024380878891793953,False,4.0,0.0,0.0,0.0,0.0
40,missense,,-0.09597995811188495,-0.01258497811287108,-0.08339497999901387,False,4.0,0.0,0.0,0.0,0.0
40,missense,,-0.054503208084470345,-0.007415820815841421,-0.047087387268628926,False,4.0,0.0,0.0,0.0,0.0
40,missense,,0.007710154796384962,-0.013292266709090617,0.02100242150547558,False,4.0,0.0,0.0,0.0,0.0
40,missense,,-0.010241681551856204,-0.017661751236162718,0.007420069684306514,False,4.0,0.0,0.0,0.0,0.0
40,synonymous,,0.0021309917947104273,-0.02418076560366907,0.026311757398379498,False,3.0,0.0,0.0,0.0,0.0
40,synonymous,,-0.0015169812472739575,-0.021432881468198148,0.01991590022092419,False,3.0,0.0,0.0,0.0,0.0
40,synonymous,,0.012190996561027286,-0.01258497811287108,0.024775974673898367,False,3.0,0.0,0.0,0.0,0.0
40,synonymous,,-0.007021449105635226,-0.007415820815841421,0.0003943717102061952,False,3.0,0.0,0.0,0.0,0.0
40,synonymous,,-0.018969962914751656,-0.013292266709090617,-0.00567769620566104,False,3.0,0.0,0.0,0.0,0.0
40,synonymous,,-0.0005575413473734198,-0.017661751236162718,0.017104209888789298,False,3.0,0.0,0.0,0.0,0.0
41,missense,,-0.16471150970455786,-0.02418076560366907,-0.14053074410088878,False,2.0,1.0,1.0,0.5,0.5
41,missense,,0.0956886649280662,-0.021432881468198148,0.11712154639626435,False,2.0,1.0,1.0,0.5,0.5
41,missense,,-0.07368004043737328,-0.01258497811287108,-0.061095062324502195,False,2.0,1.0,1.0,0.5,0.5
41,missense,,-0.053607844159208905,-0.007415820815841421,-0.046192023343367486,False,2.0,1.0,1.0,0.5,0.5
41,missense,,0.01713021773922181,-0.013292266709090617,0.030422484448312425,False,2.0,1.0,1.0,0.5,0.5
41,missense,,0.13175775690352923,-0.017661751236162718,0.14941950813969196,False,2.0,1.0,1.0,0.5,0.5
41,synonymous,,-0.028984599013085872,-0.02418076560366907,-0.004803833409416803,False,4.0,0.0,2.0,0.0,0.5
41,synonymous,,-0.02037047117887401,-0.021432881468198148,0.0010624102893241373,False,4.0,0.0,2.0,0.0,0.5
41,synonymous,,-0.04944205803718061,-0.01258497811287108,-0.03685707992430953,False,4.0,0.0,2.0,0.0,0.5
41,synonymous,,0.01853678254662913,-0.007415820815841421,0.02595260336247055,False,4.0,0.0,2.0,0.0,0.5
41,synonymous,,0.00015516603574286644,-0.013292266709090617,0.013447432744833484,False,4.0,0.0,2.0,0.0,0.5
41,synonymous,,0.009151477747002007,-0.017661751236162718,0.026813228983164725,False,4.0,0.0,2.0,0.0,0.5
42,missense,,-0.007091260743659395,-0.02418076560366907,0.017089504860009673,False,4.0,0.0,0.0,0.0,0.0
42,missense,,-0.0004417649512105695,-0.021432881468198148,0.02099111651698758,False,4.0,0.0,0.0,0.0,0.0
42,missense,,-0.0025886951848203706,-0.01258497811287108,0.00999628292805071,False,4.0,0.0,0.0,0.0,0.0
42,missense,,-0.0003225910312264603,-0.007415820815841421,0.007093229784614961,False,4.0,0.0,0.0,0.0,0.0
42,missense,,0.011512847965765688,-0.013292266709090617,0.024805114674856306,False,4.0,0.0,0.0,0.0,0.0
42,missense,,-0.007685619087815699,-0.017661751236162718,0.009976132148347019,False,4.0,0.0,0.0,0.0,0.0
42,synonymous,,-0.09104087304898083,-0.02418076560366907,-0.06686010744531176,False,3.0,1.0,2.0,0.3333333333333333,0.6666666666666666
42,synonymous,,-0.100597223347743,-0.021432881468198148,-0.07916434187954485,False,3.0,1.0,2.0,0.3333333333333333,0.6666666666666666
42,synonymous,,0.06393846016260891,-0.01258497811287108,0.07652343827548,False,3.0,1.0,2.0,0.3333333333333333,0.6666666666666666
42,synonymous,,-0.014260416752761677,-0.007415820815841421,-0.006844595936920256,False,3.0,1.0,2.0,0.3333333333333333,0.6666666666666666
42,synonymous,,0.04043041875584112,-0.013292266709090617,0.05372268546493174,False,3.0,1.0,2.0,0.3333333333333333,0.6666666666666666
42,synonymous,,-0.05964126164630681,-0.017661751236162718,-0.04197951041014409,False,3.0,1.0,2.0,0.3333333333333333,0.6666666666666666
43,missense,,-0.005869546036974583,-0.02418076560366907,0.018311219566694487,False,3.0,1.0,1.0,0.3333333333333333,0.3333333333333333
43,missense,,-0.023476235737115277,-0.021432881468198148,-0.002043354268917129,False,3.0,1.0,1.0,0.3333333333333333,0.3333333333333333
43,missense,,-0.01103376762237044,-0.01258497811287108,0.0015512104905006409,False,3.0,1.0,1.0,0.3333333333333333,0.3333333333333333
43,missense,,0.002557435434010247,-0.007415820815841421,0.009973256249851669,False,3.0,1.0,1.0,0.3333333333333333,0.3333333333333333
43,missense,,-0.004805887654133726,-0.013292266709090617,0.00848637905495689,False,3.0,1.0,1.0,0.3333333333333333,0.3333333333333333
43,missense,,-0.005671190347622391,-0.017661751236162718,0.011990560888540325,False,3.0,1.0,1.0,0.3333333333333333,0.3333333333333333
43,synonymous,,-0.023045241940175484,-0.02418076560366907,0.0011355236634935859,False,1.0,0.0,0.0,0.0,0.0
43,synonymous,,-0.018942735155156966,-0.021432881468198148,0.002490146313041182,False,1.0,0.0,0.0,0.0,0.0
43,synonymous,,0.0014923157908819068,-0.01258497811287108,0.014077293903752987,False,1.0,0.0,0.0,0.0,0.0
43,synonymous,,0.0044496007295274885,-0.007415820815841421,0.01186542154536891,False,1.0,0.0,0.0,0.0,0.0
43,synonymous,,0.026980770950667962,-0.013292266709090617,0.04027303765975858,False,1.0,0.0,0.0,0.0,0.0
43,synonymous,,0.0014668779073001206,-0.017661751236162718,0.01912862914346284,False,1.0,0.0,0.0,0.0,0.0
44,synonymous,,0.01999583879111835,-0.02418076560366907,0.04417660439478742,False,2.0,0.0,1.0,0.0,0.5
44,synonymous,,0.0025546804640396653,-0.021432881468198148,0.023987561932237812,False,2.0,0.0,1.0,0.0,0.5
44,synonymous,,-0.008090858145081729,-0.01258497811287108,0.004494119967789352,False,2.0,0.0,1.0,0.0,0.5
44,synonymous,,0.005267105390654871,-0.007415820815841421,0.012682926206496293,False,2.0,0.0,1.0,0.0,0.5
44,synonymous,,0.0077648220357986785,-0.013292266709090617,0.021057088744889294,False,2.0,0.0,1.0,0.0,0.5
44,synonymous,,0.0029166648523776713,-0.017661751236162718,0.02057841608854039,False,2.0,0.0,1.0,0.0,0.5
45,missense,,-2.1983813530369853,-0.02418076560366907,-2.174200587433316,True,1.0,1.0,1.0,1.0,1.0
45,missense,,-2.355057199596967,-0.021432881468198148,-2.3336243181287686,True,1.0,1.0,1.0,1.0,1.0
45,missense,,-2.1566776971883854,-0.01258497811287108,-2.1440927190755144,True,1.0,1.0,1.0,1.0,1.0
45,missense,,-2.5989059387802396,-0.007415820815841421,-2.591490117964398,True,1.0,1.0,1.0,1.0,1.0
45,missense,,-2.3323613687379336,-0.013292266709090617,-2.319069102028843,True,1.0,1.0,1.0,1.0,1.0
45,missense,,-2.1536763770469394,-0.017661751236162718,-2.136014625810777,True,1.0,1.0,1.0,1.0,1.0
47,missense,,0.009719864304516204,-0.02418076560366907,0.03390062990818527,False,1.0,0.0,0.0,0.0,0.0
47,missense,,0.032516556722340266,-0.021432881468198148,0.053949438190538414,False,1.0,0.0,0.0,0.0,0.0
47,missense,,0.03003694626463554,-0.01258497811287108,0.04262192437750662,False,1.0,0.0,0.0,0.0,0.0
47,missense,,0.001390040392549714,-0.007415820815841421,0.008805861208391136,False,1.0,0.0,0.0,0.0,0.0
47,missense,,0.01819179870035897,-0.013292266709090617,0.03148406540944959,False,1.0,0.0,0.0,0.0,0.0
47,missense,,-0.02635759885786975,-0.017661751236162718,-0.008695847621707033,False,1.0,0.0,0.0,0.0,0.0
48,missense,,-0.01084224505819109,-0.02418076560366907,0.01333852054547798,False,1.0,0.0,0.0,0.0,0.0
48,missense,,0.020757883421544245,-0.021432881468198148,0.042190764889742396,False,1.0,0.0,0.0,0.0,0.0
48,missense,,0.0012868888434012197,-0.01258497811287108,0.013871866956272301,False,1.0,0.0,0.0,0.0,0.0
48,missense,,0.0028686820175055578,-0.007415820815841421,0.01028450283334698,False,1.0,0.0,0.0,0.0,0.0
48,missense,,0.016245959628024036,-0.013292266709090617,0.029538226337114653,False,1.0,0.0,0.0,0.0,0.0
48,missense,,0.02362423696398561,-0.017661751236162718,0.041285988200148324,False,1.0,0.0,0.0,0.0,0.0
48,synonymous,,0.10335975151427176,-0.02418076560366907,0.12754051711794084,False,2.0,0.0,1.0,0.0,0.5
48,synonymous,,-0.20616898293710825,-0.021432881468198148,-0.18473610146891012,False,2.0,0.0,1.0,0.0,0.5
48,synonymous,,0.07114844330936523,-0.01258497811287108,0.08373342142223632,False,2.0,0.0,1.0,0.0,0.5
48,synonymous,,-0.013904965624469462,-0.007415820815841421,-0.006489144808628041,False,2.0,0.0,1.0,0.0,0.5
48,synonymous,,0.011878749271986795,-0.013292266709090617,0.02517101598107741,False,2.0,0.0,1.0,0.0,0.5
48,synonymous,,-0.1340306289332997,-0.017661751236162718,-0.11636887769713698,False,2.0,0.0,1.0,0.0,0.5
49,missense,,-0.000664036260558273,-0.02418076560366907,0.023516729343110797,False,1.0,0.0,0.0,0.0,0.0
49,missense,,0.012185934667166186,-0.021432881468198148,0.033618816135364334,False,1.0,0.0,0.0,0.0,0.0
49,missense,,-0.019538185873173977,-0.01258497811287108,-0.0069532077603028965,False,1.0,0.0,0.0,0.0,0.0
49,missense,,0.006987666130181053,-0.007415820815841421,0.014403486946022474,False,1.0,0.0,0.0,0.0,0.0
49,missense,,0.00902742715331485,-0.013292266709090617,0.022319693862405468,False,1.0,0.0,0.0,0.0,0.0
49,missense,,-0.012439070907498243,-0.017661751236162718,0.0052226803286644745,False,1.0,0.0,0.0,0.0,0.0
49,synonymous,,-0.024350085733717452,-0.02418076560366907,-0.00016932013004838237,False,3.0,0.0,0.0,0.0,0.0
49,synonymous,,-0.08251346384390647,-0.021432881468198148,-0.06108058237570832,False,3.0,0.0,0.0,0.0,0.0
49,synonymous,,-0.01337216906779777,-0.01258497811287108,-0.0007871909549266899,False,3.0,0.0,0.0,0.0,0.0
49,synonymous,,-0.0004176532252506707,-0.007415820815841421,0.00699816759059075,False,3.0,0.0,0.0,0.0,0.0
49,synonymous,,-0.1243555351715616,-0.013292266709090617,-0.11106326846247098,False,3.0,0.0,0.0,0.0,0.0
49,synonymous,,-0.01564385970511123,-0.017661751236162718,0.0020178915310514883,False,3.0,0.0,0.0,0.0,0.0
50,PTC,,-0.005304371842572436,-0.02418076560366907,0.018876393761096635,False,1.0,0.0,0.0,0.0,0.0
50,PTC,,0.11383791880437966,-0.021432881468198148,0.13527080027257782,False,1.0,0.0,0.0,0.0,0.0
50,PTC,,-0.02467448818233632,-0.01258497811287108,-0.01208951006946524,False,1.0,0.0,0.0,0.0,0.0
50,PTC,,-0.03995889124303077,-0.007415820815841421,-0.032543070427189354,False,1.0,0.0,0.0,0.0,0.0
50,PTC,,-0.01302073186249966,-0.013292266709090617,0.0002715348465909574,False,1.0,0.0,0.0,0.0,0.0
50,PTC,,-0.020832158803316302,-0.017661751236162718,-0.0031704075671535846,False,1.0,0.0,0.0,0.0,0.0
50,synonymous,,0.13866589971907575,-0.02418076560366907,0.16284666532274483,False,1.0,0.0,1.0,0.0,1.0
50,synonymous,,0.08630780757782212,-0.021432881468198148,0.10774068904602027,False,1.0,0.0,1.0,0.0,1.0
50,synonymous,,-0.32036384775233023,-0.01258497811287108,-0.30777886963945916,False,1.0,0.0,1.0,0.0,1.0
50,synonymous,,-0.19711868590839204,-0.007415820815841421,-0.18970286509255063,False,1.0,0.0,1.0,0.0,1.0
50,synonymous,,-0.30998682174653336,-0.013292266709090617,-0.29669455503744274,False,1.0,0.0,1.0,0.0,1.0
50,synonymous,,-0.1754805691039015,-0.017661751236162718,-0.15781881786773877,False,1.0,0.0,1.0,0.0,1.0
51,missense,,-0.19821415495209496,-0.02418076560366907,-0.17403338934842588,False,2.0,0.0,1.0,0.0,0.5
51,missense,,-0.1955250775277905,-0.021432881468198148,-0.17409219605959236,False,2.0,0.0,1.0,0.0,0.5
51,missense,,-0.11881192832915377,-0.01258497811287108,-0.10622695021628269,False,2.0,0.0,1.0,0.0,0.5
51,missense,,0.001588729024624868,-0.007415820815841421,0.00900454984046629,False,2.0,0.0,1.0,0.0,0.5
51,missense,,-0.0022366786833108395,-0.013292266709090617,0.011055588025779777,False,2.0,0.0,1.0,0.0,0.5
51,missense,,-0.0375876745979063,-0.017661751236162718,-0.019925923361743585,False,2.0,0.0,1.0,0.0,0.5
51,synonymous,,-0.031195756917170622,-0.02418076560366907,-0.007014991313501553,False,2.0,0.0,0.0,0.0,0.0
51,synonymous,,-0.03968730671547804,-0.021432881468198148,-0.018254425247279896,False,2.0,0.0,0.0,0.0,0.0
51,synonymous,,0.011030574377587476,-0.01258497811287108,0.023615552490458557,False,2.0,0.0,0.0,0.0,0.0
51,synonymous,,-0.027969766281252487,-0.007415820815841421,-0.020553945465411064,False,2.0,0.0,0.0,0.0,0.0
51,synonymous,,-0.014702778382389889,-0.013292266709090617,-0.001410511673299272,False,2.0,0.0,0.0,0.0,0.0
51,synonymous,,-0.006001219869922443,-0.017661751236162718,0.011660531366240276,False,2.0,0.0,0.0,0.0,0.0
52,missense,,-0.04259741242274976,-0.02418076560366907,-0.01841664681908069,False,3.0,0.0,2.0,0.0,0.6666666666666666
52,missense,,-0.05084501506425696,-0.021432881468198148,-0.029412133596058813,False,3.0,0.0,2.0,0.0,0.6666666666666666
52,missense,,0.02270540592386333,-0.01258497811287108,0.035290384036734415,False,3.0,0.0,2.0,0.0,0.6666666666666666
52,missense,,0.016384458877507377,-0.007415820815841421,0.0238002796933488,False,3.0,0.0,2.0,0.0,0.6666666666666666
52,missense,,-0.06602514092568215,-0.013292266709090617,-0.052732874216591535,False,3.0,0.0,2.0,0.0,0.6666666666666666
52,missense,,-0.08404020784874779,-0.017661751236162718,-0.06637845661258507,False,3.0,0.0,2.0,0.0,0.6666666666666666
52,synonymous,,0.008519268391804702,-0.02418076560366907,0.03270003399547377,False,3.0,0.0,2.0,0.0,0.6666666666666666
52,synonymous,,-0.05007846183544405,-0.021432881468198148,-0.028645580367245904,False,3.0,0.0,2.0,0.0,0.6666666666666666
52,synonymous,,0.0014009089451005466,-0.01258497811287108,0.013985887057971626,False,3.0,0.0,2.0,0.0,0.6666666666666666
52,synonymous,,0.009165439165446041,-0.007415820815841421,0.016581259981287462,False,3.0,0.0,2.0,0.0,0.6666666666666666
52,synonymous,,-0.02601459045036889,-0.013292266709090617,-0.012722323741278272,False,3.0,0.0,2.0,0.0,0.6666666666666666
52,synonymous,,0.02039003042016365,-0.017661751236162718,0.03805178165632637,False,3.0,0.0,2.0,0.0,0.6666666666666666
53,missense,,-0.5236476584093162,-0.02418076560366907,-0.4994668928056471,False,4.0,2.0,4.0,0.5,1.0
53,missense,,-0.05430230304417678,-0.021432881468198148,-0.032869421575978636,False,4.0,2.0,4.0,0.5,1.0
53,missense,,0.04496474099862761,-0.01258497811287108,0.057549719111498684,False,4.0,2.0,4.0,0.5,1.0
53,missense,,-0.2292959924493257,-0.007415820815841421,-0.22188017163348428,False,4.0,2.0,4.0,0.5,1.0
53,missense,,-1.263854742070384,-0.013292266709090617,-1.2505624753612934,False,4.0,2.0,4.0,0.5,1.0
53,missense,,0.0035014323598183436,-0.017661751236162718,0.02116318359598106,False,4.0,2.0,4.0,0.5,1.0
53,synonymous,,-0.007010420423470731,-0.02418076560366907,0.01717034518019834,False,5.0,1.0,3.0,0.2,0.6
53,synonymous,,-0.0197724969372096,-0.021432881468198148,0.0016603845309885491,False,5.0,1.0,3.0,0.2,0.6
53,synonymous,,-0.014191341633360471,-0.01258497811287108,-0.0016063635204893907,False,5.0,1.0,3.0,0.2,0.6
53,synonymous,,0.004814306488944549,-0.007415820815841421,0.012230127304785971,False,5.0,1.0,3.0,0.2,0.6
53,synonymous,,-0.015149618015817715,-0.013292266709090617,-0.0018573513067270987,False,5.0,1.0,3.0,0.2,0.6
53,synonymous,,-0.014304289745685041,-0.017661751236162718,0.0033574614904776767,False,5.0,1.0,3.0,0.2,0.6
54,missense,,-0.03897636979752634,-0.02418076560366907,-0.014795604193857271,False,8.0,0.0,3.0,0.0,0.375
54,missense,,-0.09271973964730594,-0.021432881468198148,-0.07128685817910779,False,8.0,0.0,3.0,0.0,0.375
54,missense,,-0.06898908244492384,-0.01258497811287108,-0.05640410433205276,False,8.0,0.0,3.0,0.0,0.375
54,missense,,-0.06475306526044566,-0.007415820815841421,-0.057337244444604245,False,8.0,0.0,3.0,0.0,0.375
54,missense,,-0.020198057638980523,-0.013292266709090617,-0.006905790929889907,False,8.0,0.0,3.0,0.0,0.375
54,missense,,-0.0679018134722807,-0.017661751236162718,-0.05024006223611799,False,8.0,0.0,3.0,0.0,0.375
54,synonymous,,-0.017731322204338457,-0.02418076560366907,0.006449443399330613,False,6.0,0.0,1.0,0.0,0.16666666666666666
54,synonymous,,-0.0021361696640857203,-0.021432881468198148,0.019296711804112427,False,6.0,0.0,1.0,0.0,0.16666666666666666
54,synonymous,,-0.026732619761368297,-0.01258497811287108,-0.014147641648497217,False,6.0,0.0,1.0,0.0,0.16666666666666666
54,synonymous,,-0.003000828441588537,-0.007415820815841421,0.004414992374252884,False,6.0,0.0,1.0,0.0,0.16666666666666666
54,synonymous,,-0.006694835914456983,-0.013292266709090617,0.006597430794633634,False,6.0,0.0,1.0,0.0,0.16666666666666666
54,synonymous,,-0.008906717702053639,-0.017661751236162718,0.008755033534109079,False,6.0,0.0,1.0,0.0,0.16666666666666666
55,missense,,-0.0415161513486115,-0.02418076560366907,-0.017335385744942432,False,6.0,1.0,3.0,0.16666666666666666,0.5
55,missense,,-0.06157704214925707,-0.021432881468198148,-0.04014416068105892,False,6.0,1.0,3.0,0.16666666666666666,0.5
55,missense,,-0.0469212624746641,-0.01258497811287108,-0.03433628436179302,False,6.0,1.0,3.0,0.16666666666666666,0.5
55,missense,,-0.04531366416201138,-0.007415820815841421,-0.03789784334616996,False,6.0,1.0,3.0,0.16666666666666666,0.5
55,missense,,-0.008291745450611352,-0.013292266709090617,0.005000521258479265,False,6.0,1.0,3.0,0.16666666666666666,0.5
55,missense,,-0.02315115541609874,-0.017661751236162718,-0.005489404179936021,False,6.0,1.0,3.0,0.16666666666666666,0.5
55,synonymous,,-0.02000877253484724,-0.02418076560366907,0.004171993068821829,False,3.0,1.0,2.0,0.3333333333333333,0.6666666666666666
55,synonymous,,-0.009678681682511856,-0.021432881468198148,0.011754199785686292,False,3.0,1.0,2.0,0.3333333333333333,0.6666666666666666
55,synonymous,,0.10606923675377418,-0.01258497811287108,0.11865421486664526,False,3.0,1.0,2.0,0.3333333333333333,0.6666666666666666
55,synonymous,,0.015679473418281558,-0.007415820815841421,0.02309529423412298,False,3.0,1.0,2.0,0.3333333333333333,0.6666666666666666
55,synonymous,,-0.017934825123268393,-0.013292266709090617,-0.004642558414177777,False,3.0,1.0,2.0,0.3333333333333333,0.6666666666666666
55,synonymous,,-0.05094699421736528,-0.017661751236162718,-0.03328524298120256,False,3.0,1.0,2.0,0.3333333333333333,0.6666666666666666
56,missense,,-0.008642826756567816,-0.02418076560366907,0.015537938847101253,False,5.0,0.0,1.0,0.0,0.2
56,missense,,-0.027593267389077893,-0.021432881468198148,-0.006160385920879745,False,5.0,0.0,1.0,0.0,0.2
56,missense,,0.0042043042429768755,-0.01258497811287108,0.016789282355847958,False,5.0,0.0,1.0,0.0,0.2
56,missense,,0.0010383862201623537,-0.007415820815841421,0.008454207036003775,False,5.0,0.0,1.0,0.0,0.2
56,missense,,0.0022937848672767536,-0.013292266709090617,0.01558605157636737,False,5.0,0.0,1.0,0.0,0.2
56,missense,,0.0011788054184589862,-0.017661751236162718,0.018840556654621705,False,5.0,0.0,1.0,0.0,0.2
56,synonymous,,-0.026902773569162187,-0.02418076560366907,-0.002722007965493118,False,8.0,0.0,4.0,0.0,0.5
56,synonymous,,-0.0037326597921760133,-0.021432881468198148,0.017700221676022136,False,8.0,0.0,4.0,0.0,0.5
56,synonymous,,0.00042037783482925313,-0.01258497811287108,0.013005355947700335,False,8.0,0.0,4.0,0.0,0.5
56,synonymous,,-0.015776613566529877,-0.007415820815841421,-0.008360792750688455,False,8.0,0.0,4.0,0.0,0.5
56,synonymous,,0.012306742152154685,-0.013292266709090617,0.025599008861245304,False,8.0,0.0,4.0,0.0,0.5
56,synonymous,,-0.015281513652949769,-0.017661751236162718,0.0023802375832129487,False,8.0,0.0,4.0,0.0,0.5
57,missense,,-0.032181212766390764,-0.02418076560366907,-0.008000447162721695,False,10.0,1.0,4.0,0.1,0.4
57,missense,,-0.00748034794755271,-0.021432881468198148,0.013952533520645438,False,10.0,1.0,4.0,0.1,0.4
57,missense,,-0.0002198828411427275,-0.01258497811287108,0.012365095271728353,False,10.0,1.0,4.0,0.1,0.4
57,missense,,-0.0045357754020936055,-0.007415820815841421,0.002880045413747816,False,10.0,1.0,4.0,0.1,0.4
57,missense,,-0.006257796223140086,-0.013292266709090617,0.007034470485950531,False,10.0,1.0,4.0,0.1,0.4
57,missense,,-0.02775026277387781,-0.017661751236162718,-0.010088511537715093,False,10.0,1.0,4.0,0.1,0.4
57,synonymous,,-0.0493142584261348,-0.02418076560366907,-0.02513349282246573,False,13.0,0.0,5.0,0.0,0.38461538461538464
57,synonymous,,-0.0214801733902825,-0.021432881468198148,-4.7291922084351234e-05,False,13.0,0.0,5.0,0.0,0.38461538461538464
57,synonymous,,-0.02281725087140633,-0.01258497811287108,-0.010232272758535249,False,13.0,0.0,5.0,0.0,0.38461538461538464
57,synonymous,,-0.007908300378463335,-0.007415820815841421,-0.000492479562621914,False,13.0,0.0,5.0,0.0,0.38461538461538464
57,synonymous,,-0.007240174095088422,-0.013292266709090617,0.006052092614002195,False,13.0,0.0,5.0,0.0,0.38461538461538464
57,synonymous,,-0.0346488005253743,-0.017661751236162718,-0.016987049289211582,False,13.0,0.0,5.0,0.0,0.38461538461538464
58,missense,,-0.0031737143522738613,-0.02418076560366907,0.02100705125139521,False,5.0,2.0,2.0,0.4,0.4
58,missense,,-0.004294721072048323,-0.021432881468198148,0.017138160396149824,False,5.0,2.0,2.0,0.4,0.4
58,missense,,-0.013475285871379432,-0.01258497811287108,-0.0008903077585083515,False,5.0,2.0,2.0,0.4,0.4
58,missense,,-0.011787494902717917,-0.007415820815841421,-0.0043716740868764955,False,5.0,2.0,2.0,0.4,0.4
58,missense,,0.008815331269455159,-0.013292266709090617,0.022107597978545775,False,5.0,2.0,2.0,0.4,0.4
58,missense,,-0.027757024608617342,-0.017661751236162718,-0.010095273372454625,False,5.0,2.0,2.0,0.4,0.4
58,synonymous,,-0.01727681892283593,-0.02418076560366907,0.006903946680833141,False,6.0,2.0,3.0,0.3333333333333333,0.5
58,synonymous,,-0.028806367952730512,-0.021432881468198148,-0.007373486484532364,False,6.0,2.0,3.0,0.3333333333333333,0.5
58,synonymous,,-0.00881118595721845,-0.01258497811287108,0.003773792155652631,False,6.0,2.0,3.0,0.3333333333333333,0.5
58,synonymous,,-0.03596895199363351,-0.007415820815841421,-0.028553131177792086,False,6.0,2.0,3.0,0.3333333333333333,0.5
58,synonymous,,0.001791999432555437,-0.013292266709090617,0.015084266141646053,False,6.0,2.0,3.0,0.3333333333333333,0.5
58,synonymous,,-0.01008650494517043,-0.017661751236162718,0.007575246290992288,False,6.0,2.0,3.0,0.3333333333333333,0.5
59,missense,,-0.011480836851026547,-0.02418076560366907,0.012699928752642522,False,8.0,0.0,2.0,0.0,0.25
59,missense,,9.907600420848904e-05,-0.021432881468198148,0.021531957472406636,False,8.0,0.0,2.0,0.0,0.25
59,missense,,-0.016359452451157285,-0.01258497811287108,-0.0037744743382862045,False,8.0,0.0,2.0,0.0,0.25
59,missense,,0.004434350921317484,-0.007415820815841421,0.011850171737158906,False,8.0,0.0,2.0,0.0,0.25
59,missense,,5.738465935061835e-06,-0.013292266709090617,0.013298005175025678,False,8.0,0.0,2.0,0.0,0.25
59,missense,,0.009670214123811792,-0.017661751236162718,0.02733196535997451,False,8.0,0.0,2.0,0.0,0.25
59,synonymous,,-0.029936571698926294,-0.02418076560366907,-0.0057558060952572244,False,6.0,0.0,1.0,0.0,0.16666666666666666
59,synonymous,,-0.054099167575412416,-0.021432881468198148,-0.03266628610721427,False,6.0,0.0,1.0,0.0,0.16666666666666666
59,synonymous,,0.054444837374886694,-0.01258497811287108,0.06702981548775777,False,6.0,0.0,1.0,0.0,0.16666666666666666
59,synonymous,,-0.019356971538680583,-0.007415820815841421,-0.011941150722839161,False,6.0,0.0,1.0,0.0,0.16666666666666666
59,synonymous,,-0.04227531746824169,-0.013292266709090617,-0.02898305075915107,False,6.0,0.0,1.0,0.0,0.16666666666666666
59,synonymous,,-0.005938743615157742,-0.017661751236162718,0.011723007621004975,False,6.0,0.0,1.0,0.0,0.16666666666666666
60,missense,,-0.0777505969052379,-0.02418076560366907,-0.05356983130156884,False,8.0,1.0,5.0,0.125,0.625
60,missense,,-0.049188466626219916,-0.021432881468198148,-0.02775558515802177,False,8.0,1.0,5.0,0.125,0.625
60,missense,,-0.07903068155952243,-0.01258497811287108,-0.06644570344665135,False,8.0,1.0,5.0,0.125,0.625
60,missense,,-0.02408059166643544,-0.007415820815841421,-0.016664770850594018,False,8.0,1.0,5.0,0.125,0.625
60,missense,,-0.046238677083268155,-0.013292266709090617,-0.03294641037417754,False,8.0,1.0,5.0,0.125,0.625
60,missense,,-0.08182335407648678,-0.017661751236162718,-0.06416160284032406,False,8.0,1.0,5.0,0.125,0.625
60,synonymous,,0.003778325600341381,-0.02418076560366907,0.02795909120401045,False,8.0,0.0,4.0,0.0,0.5
60,synonymous,,-0.09125958566602888,-0.021432881468198148,-0.06982670419783073,False,8.0,0.0,4.0,0.0,0.5
60,synonymous,,-0.1610032023885536,-0.01258497811287108,-0.14841822427568252,False,8.0,0.0,4.0,0.0,0.5
60,synonymous,,-0.05848670085231185,-0.007415820815841421,-0.05107088003647043,False,8.0,0.0,4.0,0.0,0.5
60,synonymous,,0.004012474038541241,-0.013292266709090617,0.017304740747631858,False,8.0,0.0,4.0,0.0,0.5
60,synonymous,,-0.02100758506847471,-0.017661751236162718,-0.003345833832311993,False,8.0,0.0,4.0,0.0,0.5
61,missense,,-0.035794250917886336,-0.02418076560366907,-0.011613485314217267,False,5.0,0.0,3.0,0.0,0.6
61,missense,,0.005025819631356802,-0.021432881468198148,0.02645870109955495,False,5.0,0.0,3.0,0.0,0.6
61,missense,,0.02961387481649097,-0.01258497811287108,0.042198852929362055,False,5.0,0.0,3.0,0.0,0.6
61,missense,,5.05527589295832e-05,-0.007415820815841421,0.007466373574771004,False,5.0,0.0,3.0,0.0,0.6
61,missense,,-0.010386280860150561,-0.013292266709090617,0.0029059858489400552,False,5.0,0.0,3.0,0.0,0.6
61,missense,,0.011530133015263205,-0.017661751236162718,0.029191884251425923,False,5.0,0.0,3.0,0.0,0.6
61,synonymous,,-0.3976832404290163,-0.02418076560366907,-0.37350247482534726,False,1.0,0.0,0.0,0.0,0.0
61,synonymous,,-0.2781797057556967,-0.021432881468198148,-0.25674682428749857,False,1.0,0.0,0.0,0.0,0.0
61,synonymous,,-0.2572925338814543,-0.01258497811287108,-0.24470755576858322,False,1.0,0.0,0.0,0.0,0.0
61,synonymous,,-0.15140706643778568,-0.007415820815841421,-0.14399124562194426,False,1.0,0.0,0.0,0.0,0.0
61,synonymous,,-0.13685140785394787,-0.013292266709090617,-0.12355914114485725,False,1.0,0.0,0.0,0.0,0.0
61,synonymous,,0.16078860052164573,-0.017661751236162718,0.17845035175780843,False,1.0,0.0,0.0,0.0,0.0
62,missense,,0.0029661606765426364,-0.02418076560366907,0.027146926280211706,False,5.0,0.0,1.0,0.0,0.2
62,missense,,-0.03052270750910286,-0.021432881468198148,-0.009089826040904712,False,5.0,0.0,1.0,0.0,0.2
62,missense,,-0.03118295090385885,-0.01258497811287108,-0.01859797279098777,False,5.0,0.0,1.0,0.0,0.2
62,missense,,-0.01282612333175967,-0.007415820815841421,-0.005410302515918249,False,5.0,0.0,1.0,0.0,0.2
62,missense,,-0.0645829219855862,-0.013292266709090617,-0.05129065527649558,False,5.0,0.0,1.0,0.0,0.2
62,missense,,-0.04035810935100809,-0.017661751236162718,-0.02269635811484537,False,5.0,0.0,1.0,0.0,0.2
62,synonymous,,0.0064791081757563426,-0.02418076560366907,0.03065987377942541,False,2.0,0.0,0.0,0.0,0.0
62,synonymous,,-0.015968203209289832,-0.021432881468198148,0.0054646782589083155,False,2.0,0.0,0.0,0.0,0.0
62,synonymous,,-0.004437378660906294,-0.01258497811287108,0.008147599451964787,False,2.0,0.0,0.0,0.0,0.0
62,synonymous,,0.008025470950523092,-0.007415820815841421,0.015441291766364513,False,2.0,0.0,0.0,0.0,0.0
62,synonymous,,-0.009252604214928415,-0.013292266709090617,0.004039662494162202,False,2.0,0.0,0.0,0.0,0.0
62,synonymous,,0.021415607126871166,-0.017661751236162718,0.03907735836303389,False,2.0,0.0,0.0,0.0,0.0
63,missense,,0.006942460135561636,-0.02418076560366907,0.031123225739230705,False,6.0,0.0,2.0,0.0,0.3333333333333333
63,missense,,-0.024542749275369383,-0.021432881468198148,-0.003109867807171235,False,6.0,0.0,2.0,0.0,0.3333333333333333
63,missense,,-0.0009882031951034583,-0.01258497811287108,0.011596774917767623,False,6.0,0.0,2.0,0.0,0.3333333333333333
63,missense,,-0.022676573772350755,-0.007415820815841421,-0.015260752956509333,False,6.0,0.0,2.0,0.0,0.3333333333333333
63,missense,,-0.07738450716543636,-0.013292266709090617,-0.06409224045634575,False,6.0,0.0,2.0,0.0,0.3333333333333333
63,missense,,-0.018757861988075393,-0.017661751236162718,-0.0010961107519126753,False,6.0,0.0,2.0,0.0,0.3333333333333333
63,synonymous,,3.5728478409432106e-05,-0.02418076560366907,0.024216494082078502,False,4.0,0.0,0.0,0.0,0.0
63,synonymous,,-0.017096432379610768,-0.021432881468198148,0.00433644908858738,False,4.0,0.0,0.0,0.0,0.0
63,synonymous,,-0.033443119673084144,-0.01258497811287108,-0.020858141560213064,False,4.0,0.0,0.0,0.0,0.0
63,synonymous,,0.00917261315371599,-0.007415820815841421,0.01658843396955741,False,4.0,0.0,0.0,0.0,0.0
63,synonymous,,0.0033938578792866467,-0.013292266709090617,0.016686124588377264,False,4.0,0.0,0.0,0.0,0.0
63,synonymous,,-0.002446923794962604,-0.017661751236162718,0.015214827441200113,False,4.0,0.0,0.0,0.0,0.0
64,missense,,0.011260388836563617,-0.02418076560366907,0.035441154440232686,False,8.0,0.0,2.0,0.0,0.25
64,missense,,-0.02455845198032331,-0.021432881468198148,-0.003125570512125163,False,8.0,0.0,2.0,0.0,0.25
64,missense,,0.0023005960402724067,-0.01258497811287108,0.014885574153143488,False,8.0,0.0,2.0,0.0,0.25
64,missense,,-0.00869611966290101,-0.007415820815841421,-0.0012802988470595892,False,8.0,0.0,2.0,0.0,0.25
64,missense,,-0.045448465484491087,-0.013292266709090617,-0.03215619877540047,False,8.0,0.0,2.0,0.0,0.25
64,missense,,0.0034211560097053514,-0.017661751236162718,0.02108290724586807,False,8.0,0.0,2.0,0.0,0.25
64,synonymous,,-0.014948041096814002,-0.02418076560366907,0.009232724506855068,False,3.0,0.0,1.0,0.0,0.3333333333333333
64,synonymous,,0.003468201399807989,-0.021432881468198148,0.024901082868006137,False,3.0,0.0,1.0,0.0,0.3333333333333333
64,synonymous,,-0.01350486230102351,-0.01258497811287108,-0.0009198841881524287,False,3.0,0.0,1.0,0.0,0.3333333333333333
64,synonymous,,0.010083986418124274,-0.007415820815841421,0.017499807233965697,False,3.0,0.0,1.0,0.0,0.3333333333333333
64,synonymous,,0.01933839543167241,-0.013292266709090617,0.03263066214076303,False,3.0,0.0,1.0,0.0,0.3333333333333333
64,synonymous,,-0.026537305666719187,-0.017661751236162718,-0.00887555443055647,False,3.0,0.0,1.0,0.0,0.3333333333333333
65,missense,,-0.0179886693338362,-0.02418076560366907,0.006192096269832869,False,9.0,1.0,4.0,0.1111111111111111,0.4444444444444444
65,missense,,-0.011031677100912492,-0.021432881468198148,0.010401204367285656,False,9.0,1.0,4.0,0.1111111111111111,0.4444444444444444
65,missense,,-0.006372936340973456,-0.01258497811287108,0.0062120417718976246,False,9.0,1.0,4.0,0.1111111111111111,0.4444444444444444
65,missense,,0.0018898789231800196,-0.007415820815841421,0.009305699739021442,False,9.0,1.0,4.0,0.1111111111111111,0.4444444444444444
65,missense,,0.010638246027357055,-0.013292266709090617,0.02393051273644767,False,9.0,1.0,4.0,0.1111111111111111,0.4444444444444444
65,missense,,-0.0012940804403361408,-0.017661751236162718,0.016367670795826576,False,9.0,1.0,4.0,0.1111111111111111,0.4444444444444444
65,synonymous,,-0.17595703136063318,-0.02418076560366907,-0.1517762657569641,False,12.0,1.0,7.0,0.08333333333333333,0.5833333333333334
65,synonymous,,-0.1450169989178224,-0.021432881468198148,-0.12358411744962426,False,12.0,1.0,7.0,0.08333333333333333,0.5833333333333334
65,synonymous,,-0.1207954716615689,-0.01258497811287108,-0.10821049354869781,False,12.0,1.0,7.0,0.08333333333333333,0.5833333333333334
65,synonymous,,-0.10278608721590976,-0.007415820815841421,-0.09537026640006833,False,12.0,1.0,7.0,0.08333333333333333,0.5833333333333334
65,synonymous,,-0.15161879840088188,-0.013292266709090617,-0.13832653169179127,False,12.0,1.0,7.0,0.08333333333333333,0.5833333333333334
65,synonymous,,-0.16364086763154956,-0.017661751236162718,-0.14597911639538685,False,12.0,1.0,7.0,0.08333333333333333,0.5833333333333334
66,missense,,-0.308630746836138,-0.02418076560366907,-0.28444998123246895,False,2.0,0.0,1.0,0.0,0.5
66,missense,,-0.005760178261666829,-0.021432881468198148,0.01567270320653132,False,2.0,0.0,1.0,0.0,0.5
66,missense,,0.004997769735103083,-0.01258497811287108,0.017582747847974162,False,2.0,0.0,1.0,0.0,0.5
66,missense,,-0.11042208949521833,-0.007415820815841421,-0.1030062686793769,False,2.0,0.0,1.0,0.0,0.5
66,missense,,-0.3875482488182595,-0.013292266709090617,-0.3742559821091689,False,2.0,0.0,1.0,0.0,0.5
66,missense,,0.008687489539044198,-0.017661751236162718,0.026349240775206915,False,2.0,0.0,1.0,0.0,0.5
66,synonymous,,-0.013263784751661917,-0.02418076560366907,0.010916980852007152,False,6.0,0.0,0.0,0.0,0.0
66,synonymous,,0.005021621461572402,-0.021432881468198148,0.02645450292977055,False,6.0,0.0,0.0,0.0,0.0
66,synonymous,,0.009028597871674598,-0.01258497811287108,0.021613575984545677,False,6.0,0.0,0.0,0.0,0.0
66,synonymous,,0.002688279089981186,-0.007415820815841421,0.010104099905822608,False,6.0,0.0,0.0,0.0,0.0
66,synonymous,,0.005106245928063815,-0.013292266709090617,0.018398512637154432,False,6.0,0.0,0.0,0.0,0.0
66,synonymous,,-0.00466121003176137,-0.017661751236162718,0.013000541204401347,False,6.0,0.0,0.0,0.0,0.0
67,missense,,-0.28938136486471083,-0.02418076560366907,-0.2652005992610418,False,4.0,0.0,3.0,0.0,0.75
67,missense,,0.09211508368919862,-0.021432881468198148,0.11354796515739676,False,4.0,0.0,3.0,0.0,0.75
67,missense,,0.06654489512782671,-0.01258497811287108,0.0791298732406978,False,4.0,0.0,3.0,0.0,0.75
67,missense,,-0.15791415150738192,-0.007415820815841421,-0.1504983306915405,False,4.0,0.0,3.0,0.0,0.75
67,missense,,-0.6204043236751928,-0.013292266709090617,-0.6071120569661022,False,4.0,0.0,3.0,0.0,0.75
67,missense,,-0.0009005828609813582,-0.017661751236162718,0.016761168375181358,False,4.0,0.0,3.0,0.0,0.75
67,synonymous,,-0.00037562334784783474,-0.02418076560366907,0.023805142255821234,False,4.0,0.0,2.0,0.0,0.5
67,synonymous,,0.009735913701470898,-0.021432881468198148,0.031168795169669045,False,4.0,0.0,2.0,0.0,0.5
67,synonymous,,-0.010903948686276465,-0.01258497811287108,0.001681029426594616,False,4.0,0.0,2.0,0.0,0.5
67,synonymous,,-0.0021932324462302496,-0.007415820815841421,0.005222588369611172,False,4.0,0.0,2.0,0.0,0.5
67,synonymous,,-0.026688623904754943,-0.013292266709090617,-0.013396357195664326,False,4.0,0.0,2.0,0.0,0.5
67,synonymous,,4.345219958499156e-05,-0.017661751236162718,0.017705203435747708,False,4.0,0.0,2.0,0.0,0.5
68,missense,,0.008687816254887001,-0.02418076560366907,0.03286858185855607,False,5.0,1.0,2.0,0.2,0.4
68,missense,,-0.025765315084135734,-0.021432881468198148,-0.004332433615937586,False,5.0,1.0,2.0,0.2,0.4
68,missense,,0.012249842599430743,-0.01258497811287108,0.024834820712301822,False,5.0,1.0,2.0,0.2,0.4
68,missense,,-0.014022006939511824,-0.007415820815841421,-0.006606186123670403,False,5.0,1.0,2.0,0.2,0.4
68,missense,,-0.14918980881461621,-0.013292266709090617,-0.1358975421055256,False,5.0,1.0,2.0,0.2,0.4
68,missense,,0.01678680364673954,-0.017661751236162718,0.03444855488290226,False,5.0,1.0,2.0,0.2,0.4
68,synonymous,,-0.00027210419285307586,-0.02418076560366907,0.023908661410815994,False,3.0,0.0,0.0,0.0,0.0
68,synonymous,,-0.011331028086418537,-0.021432881468198148,0.01010185338177961,False,3.0,0.0,0.0,0.0,0.0
68,synonymous,,-0.024481338365419717,-0.01258497811287108,-0.011896360252548636,False,3.0,0.0,0.0,0.0,0.0
68,synonymous,,0.001826030517636367,-0.007415820815841421,0.009241851333477788,False,3.0,0.0,0.0,0.0,0.0
68,synonymous,,-0.006494619601911711,-0.013292266709090617,0.006797647107178906,False,3.0,0.0,0.0,0.0,0.0
68,synonymous,,0.002179033218653888,-0.017661751236162718,0.019840784454816605,False,3.0,0.0,0.0,0.0,0.0
69,missense,,-0.08681276288566853,-0.02418076560366907,-0.06263199728199946,False,1.0,0.0,1.0,0.0,1.0
69,missense,,0.0019290402856233675,-0.021432881468198148,0.023361921753821516,False,1.0,0.0,1.0,0.0,1.0
69,missense,,-0.011639998188640924,-0.01258497811287108,0.0009449799242301563,False,1.0,0.0,1.0,0.0,1.0
69,missense,,-0.06679244301903754,-0.007415820815841421,-0.059376622203196124,False,1.0,0.0,1.0,0.0,1.0
69,missense,,-0.2955097849118927,-0.013292266709090617,-0.2822175182028021,False,1.0,0.0,1.0,0.0,1.0
69,missense,,0.00029431552378411305,-0.017661751236162718,0.01795606675994683,False,1.0,0.0,1.0,0.0,1.0
70,synonymous,,-0.0180421815815259,-0.02418076560366907,0.006138584022143168,False,5.0,0.0,2.0,0.0,0.4
70,synonymous,,-0.02588413178368758,-0.021432881468198148,-0.0044512503154894335,False,5.0,0.0,2.0,0.0,0.4
70,synonymous,,-0.00331411097793443,-0.01258497811287108,0.00927086713493665,False,5.0,0.0,2.0,0.0,0.4
70,synonymous,,-0.0032199522340449756,-0.007415820815841421,0.004195868581796446,False,5.0,0.0,2.0,0.0,0.4
70,synonymous,,0.005086299419585003,-0.013292266709090617,0.018378566128675618,False,5.0,0.0,2.0,0.0,0.4
70,synonymous,,-0.002193920766922604,-0.017661751236162718,0.015467830469240114,False,5.0,0.0,2.0,0.0,0.4
71,missense,,0.01017010434409829,-0.02418076560366907,0.03435086994776736,False,2.0,1.0,1.0,0.5,0.5
71,missense,,0.009561746058127202,-0.021432881468198148,0.030994627526325348,False,2.0,1.0,1.0,0.5,0.5
71,missense,,-0.064361058417982,-0.01258497811287108,-0.05177608030511091,False,2.0,1.0,1.0,0.5,0.5
71,missense,,-0.012427428874991884,-0.007415820815841421,-0.005011608059150462,False,2.0,1.0,1.0,0.5,0.5
71,missense,,0.010969250209269305,-0.013292266709090617,0.02426151691835992,False,2.0,1.0,1.0,0.5,0.5
71,missense,,0.008251369859352356,-0.017661751236162718,0.025913121095515072,False,2.0,1.0,1.0,0.5,0.5
71,synonymous,,-0.0007802539173364439,-0.02418076560366907,0.023400511686332625,False,3.0,1.0,2.0,0.3333333333333333,0.6666666666666666
71,synonymous,,-0.0825524906784317,-0.021432881468198148,-0.06111960921023356,False,3.0,1.0,2.0,0.3333333333333333,0.6666666666666666
71,synonymous,,-0.06896514886471938,-0.01258497811287108,-0.0563801707518483,False,3.0,1.0,2.0,0.3333333333333333,0.6666666666666666
71,synonymous,,0.03261098162751347,-0.007415820815841421,0.04002680244335489,False,3.0,1.0,2.0,0.3333333333333333,0.6666666666666666
71,synonymous,,0.010500136512290606,-0.013292266709090617,0.023792403221381223,False,3.0,1.0,2.0,0.3333333333333333,0.6666666666666666
71,synonymous,,-0.04399553600773357,-0.017661751236162718,-0.026333784771570855,False,3.0,1.0,2.0,0.3333333333333333,0.6666666666666666
72,missense,,-2.471404289385156,-0.02418076560366907,-2.4472235237814868,True,2.0,2.0,2.0,1.0,1.0
72,missense,,-2.2017889257741636,-0.021432881468198148,-2.1803560443059653,True,2.0,2.0,2.0,1.0,1.0
72,missense,,-1.9653205631307389,-0.01258497811287108,-1.9527355850178678,True,2.0,2.0,2.0,1.0,1.0
72,missense,,-1.776852991493809,-0.007415820815841421,-1.7694371706779675,True,2.0,2.0,2.0,1.0,1.0
72,missense,,-2.4518122972079106,-0.013292266709090617,-2.43852003049882,True,2.0,2.0,2.0,1.0,1.0
72,missense,,-1.748077273778567,-0.017661751236162718,-1.7304155225424043,True,2.0,2.0,2.0,1.0,1.0
72,synonymous,,-0.028801793321227058,-0.02418076560366907,-0.0046210277175579885,False,8.0,0.0,3.0,0.0,0.375
72,synonymous,,-0.022890905574469073,-0.021432881468198148,-0.0014580241062709248,False,8.0,0.0,3.0,0.0,0.375
72,synonymous,,-0.011337827453163071,-0.01258497811287108,0.0012471506597080094,False,8.0,0.0,3.0,0.0,0.375
72,synonymous,,-0.007867084396910312,-0.007415820815841421,-0.0004512635810688904,False,8.0,0.0,3.0,0.0,0.375
72,synonymous,,0.00949399109920923,-0.013292266709090617,0.022786257808299848,False,8.0,0.0,3.0,0.0,0.375
72,synonymous,,-0.007081001287750369,-0.017661751236162718,0.010580749948412349,False,8.0,0.0,3.0,0.0,0.375
73,missense,,-0.06908900892521716,-0.02418076560366907,-0.044908243321548094,False,5.0,1.0,1.0,0.2,0.2
73,missense,,-0.13067224131046218,-0.021432881468198148,-0.10923935984226403,False,5.0,1.0,1.0,0.2,0.2
73,missense,,0.04382398782929104,-0.01258497811287108,0.05640896594216212,False,5.0,1.0,1.0,0.2,0.2
73,missense,,-0.02687512224494999,-0.007415820815841421,-0.019459301429108566,False,5.0,1.0,1.0,0.2,0.2
73,missense,,-0.011059519768071924,-0.013292266709090617,0.0022327469410186925,False,5.0,1.0,1.0,0.2,0.2
73,missense,,-0.009539505178083305,-0.017661751236162718,0.008122246058079412,False,5.0,1.0,1.0,0.2,0.2
73,synonymous,,-0.039456342828803836,-0.02418076560366907,-0.015275577225134767,False,8.0,1.0,4.0,0.125,0.5
73,synonymous,,-0.05145585690070516,-0.021432881468198148,-0.03002297543250701,False,8.0,1.0,4.0,0.125,0.5
73,synonymous,,-0.049817007626607325,-0.01258497811287108,-0.03723202951373625,False,8.0,1.0,4.0,0.125,0.5
73,synonymous,,-0.017235236133748156,-0.007415820815841421,-0.009819415317906734,False,8.0,1.0,4.0,0.125,0.5
73,synonymous,,-0.02712978281874466,-0.013292266709090617,-0.013837516109654044,False,8.0,1.0,4.0,0.125,0.5
73,synonymous,,0.0027007887673727413,-0.017661751236162718,0.02036254000353546,False,8.0,1.0,4.0,0.125,0.5
74,missense,,-0.002392107319494278,-0.02418076560366907,0.02178865828417479,False,5.0,0.0,1.0,0.0,0.2
74,missense,,0.006569470475189274,-0.021432881468198148,0.028002351943387422,False,5.0,0.0,1.0,0.0,0.2
74,missense,,0.009829208262277588,-0.01258497811287108,0.022414186375148668,False,5.0,0.0,1.0,0.0,0.2
74,missense,,-0.009826779156751562,-0.007415820815841421,-0.0024109583409101408,False,5.0,0.0,1.0,0.0,0.2
74,missense,,-0.03844960689067821,-0.013292266709090617,-0.025157340181587592,False,5.0,0.0,1.0,0.0,0.2
74,missense,,-0.008400461447350934,-0.017661751236162718,0.009261289788811784,False,5.0,0.0,1.0,0.0,0.2
74,synonymous,,-0.0016136748909784248,-0.02418076560366907,0.022567090712690644,False,4.0,1.0,1.0,0.25,0.25
74,synonymous,,0.008779212509489527,-0.021432881468198148,0.030212093977687676,False,4.0,1.0,1.0,0.25,0.25
74,synonymous,,0.026323029654229845,-0.01258497811287108,0.038908007767100926,False,4.0,1.0,1.0,0.25,0.25
74,synonymous,,0.007373721545040616,-0.007415820815841421,0.014789542360882037,False,4.0,1.0,1.0,0.25,0.25
74,synonymous,,0.016129486165855376,-0.013292266709090617,0.029421752874945993,False,4.0,1.0,1.0,0.25,0.25
74,synonymous,,0.004626482663350565,-0.017661751236162718,0.02228823389951328,False,4.0,1.0,1.0,0.25,0.25
75,missense,,-0.0026365884299325297,-0.02418076560366907,0.02154417717373654,False,3.0,1.0,2.0,0.3333333333333333,0.6666666666666666
75,missense,,0.002321999952550385,-0.021432881468198148,0.023754881420748532,False,3.0,1.0,2.0,0.3333333333333333,0.6666666666666666
75,missense,,-0.02620017643914554,-0.01258497811287108,-0.01361519832627446,False,3.0,1.0,2.0,0.3333333333333333,0.6666666666666666
75,missense,,-0.02310328631014598,-0.007415820815841421,-0.015687465494304557,False,3.0,1.0,2.0,0.3333333333333333,0.6666666666666666
75,missense,,-0.004461382657159884,-0.013292266709090617,0.008830884051930733,False,3.0,1.0,2.0,0.3333333333333333,0.6666666666666666
75,missense,,-0.00635576050601096,-0.017661751236162718,0.011305990730151757,False,3.0,1.0,2.0,0.3333333333333333,0.6666666666666666
75,synonymous,,-0.04365525917175076,-0.02418076560366907,-0.019474493568081692,False,4.0,0.0,3.0,0.0,0.75
75,synonymous,,-0.23626862932755022,-0.021432881468198148,-0.21483574785935206,False,4.0,0.0,3.0,0.0,0.75
75,synonymous,,-0.13763411561001412,-0.01258497811287108,-0.12504913749714305,False,4.0,0.0,3.0,0.0,0.75
75,synonymous,,-0.055982592305895765,-0.007415820815841421,-0.048566771490054346,False,4.0,0.0,3.0,0.0,0.75
75,synonymous,,-0.06560327536876191,-0.013292266709090617,-0.052311008659671296,False,4.0,0.0,3.0,0.0,0.75
75,synonymous,,-0.07738477923194557,-0.017661751236162718,-0.05972302799578286,False,4.0,0.0,3.0,0.0,0.75
76,missense,,0.001309622103799672,-0.02418076560366907,0.025490387707468743,False,3.0,1.0,1.0,0.3333333333333333,0.3333333333333333
76,missense,,-0.02803911053457129,-0.021432881468198148,-0.006606229066373141,False,3.0,1.0,1.0,0.3333333333333333,0.3333333333333333
76,missense,,-0.0008650605572756558,-0.01258497811287108,0.011719917555595425,False,3.0,1.0,1.0,0.3333333333333333,0.3333333333333333
76,missense,,0.007462355333839654,-0.007415820815841421,0.014878176149681076,False,3.0,1.0,1.0,0.3333333333333333,0.3333333333333333
76,missense,,-0.04063290438676381,-0.013292266709090617,-0.027340637677673196,False,3.0,1.0,1.0,0.3333333333333333,0.3333333333333333
76,missense,,0.013275309654650905,-0.017661751236162718,0.030937060890813623,False,3.0,1.0,1.0,0.3333333333333333,0.3333333333333333
77,missense,,-0.006632338087833771,-0.02418076560366907,0.017548427515835296,False,6.0,1.0,2.0,0.16666666666666666,0.3333333333333333
77,missense,,-0.022624088991091824,-0.021432881468198148,-0.001191207522893676,False,6.0,1.0,2.0,0.16666666666666666,0.3333333333333333
77,missense,,0.0008367354128436727,-0.01258497811287108,0.013421713525714753,False,6.0,1.0,2.0,0.16666666666666666,0.3333333333333333
77,missense,,-0.00525519069652666,-0.007415820815841421,0.0021606301193147614,False,6.0,1.0,2.0,0.16666666666666666,0.3333333333333333
77,missense,,0.004995478928886399,-0.013292266709090617,0.018287745637977016,False,6.0,1.0,2.0,0.16666666666666666,0.3333333333333333
77,missense,,-0.014636487170384464,-0.017661751236162718,0.003025264065778254,False,6.0,1.0,2.0,0.16666666666666666,0.3333333333333333
78,missense,,-0.03392674519650413,-0.02418076560366907,-0.009745979592835057,False,2.0,0.0,1.0,0.0,0.5
78,missense,,-0.028534683549067692,-0.021432881468198148,-0.0071018020808695445,False,2.0,0.0,1.0,0.0,0.5
78,missense,,-0.02656575353607728,-0.01258497811287108,-0.0139807754232062,False,2.0,0.0,1.0,0.0,0.5
78,missense,,-0.03218511091067271,-0.007415820815841421,-0.024769290094831285,False,2.0,0.0,1.0,0.0,0.5
78,missense,,-0.012463169312355525,-0.013292266709090617,0.0008290973967350918,False,2.0,0.0,1.0,0.0,0.5
78,missense,,0.007096162909622962,-0.017661751236162718,0.02475791414578568,False,2.0,0.0,1.0,0.0,0.5
78,synonymous,,-0.03886988699818373,-0.02418076560366907,-0.01468912139451466,False,3.0,0.0,1.0,0.0,0.3333333333333333
78,synonymous,,0.010746271444229431,-0.021432881468198148,0.03217915291242758,False,3.0,0.0,1.0,0.0,0.3333333333333333
78,synonymous,,-0.028209948442068082,-0.01258497811287108,-0.015624970329197001,False,3.0,0.0,1.0,0.0,0.3333333333333333
78,synonymous,,0.0060046212221649044,-0.007415820815841421,0.013420442038006325,False,3.0,0.0,1.0,0.0,0.3333333333333333
78,synonymous,,0.004762598523324611,-0.013292266709090617,0.01805486523241523,False,3.0,0.0,1.0,0.0,0.3333333333333333
78,synonymous,,0.0124662154946989,-0.017661751236162718,0.030127966730861617,False,3.0,0.0,1.0,0.0,0.3333333333333333
79,missense,,-0.13771710138898383,-0.02418076560366907,-0.11353633578531476,False,4.0,0.0,2.0,0.0,0.5
79,missense,,0.011861541061251906,-0.021432881468198148,0.03329442252945006,False,4.0,0.0,2.0,0.0,0.5
79,missense,,-0.030130590037830314,-0.01258497811287108,-0.017545611924959233,False,4.0,0.0,2.0,0.0,0.5
79,missense,,-0.03515145987390581,-0.007415820815841421,-0.02773563905806439,False,4.0,0.0,2.0,0.0,0.5
79,missense,,0.014909630805026605,-0.013292266709090617,0.02820189751411722,False,4.0,0.0,2.0,0.0,0.5
79,missense,,-0.054535239811560124,-0.017661751236162718,-0.036873488575397406,False,4.0,0.0,2.0,0.0,0.5
79,synonymous,,-0.040795658042527105,-0.02418076560366907,-0.016614892438858036,False,1.0,0.0,0.0,0.0,0.0
79,synonymous,,-0.9144545416448546,-0.021432881468198148,-0.8930216601766565,False,1.0,0.0,0.0,0.0,0.0
79,synonymous,,-0.3526671968296706,-0.01258497811287108,-0.34008221871679956,False,1.0,0.0,0.0,0.0,0.0
79,synonymous,,0.24418890766583756,-0.007415820815841421,0.251604728481679,False,1.0,0.0,0.0,0.0,0.0
79,synonymous,,-0.06413675813487763,-0.013292266709090617,-0.05084449142578701,False,1.0,0.0,0.0,0.0,0.0
79,synonymous,,-0.12480283269551504,-0.017661751236162718,-0.10714108145935232,False,1.0,0.0,0.0,0.0,0.0
80,missense,,-0.10526695198290517,-0.02418076560366907,-0.0810861863792361,False,7.0,1.0,3.0,0.14285714285714285,0.42857142857142855
80,missense,,-0.20304245982856134,-0.021432881468198148,-0.18160957836036318,False,7.0,1.0,3.0,0.14285714285714285,0.42857142857142855
80,missense,,-0.16266216209011006,-0.01258497811287108,-0.150077183977239,False,7.0,1.0,3.0,0.14285714285714285,0.42857142857142855
80,missense,,-0.029028321059665907,-0.007415820815841421,-0.021612500243824485,False,7.0,1.0,3.0,0.14285714285714285,0.42857142857142855
80,missense,,-0.052584192666378406,-0.013292266709090617,-0.03929192595728779,False,7.0,1.0,3.0,0.14285714285714285,0.42857142857142855
80,missense,,-0.12084887741327335,-0.017661751236162718,-0.10318712617711064,False,7.0,1.0,3.0,0.14285714285714285,0.42857142857142855
80,synonymous,,-0.15064491899777624,-0.02418076560366907,-0.12646415339410716,False,3.0,1.0,1.0,0.3333333333333333,0.3333333333333333
80,synonymous,,-0.13832366629545811,-0.021432881468198148,-0.11689078482725997,False,3.0,1.0,1.0,0.3333333333333333,0.3333333333333333
80,synonymous,,-0.10132233518166882,-0.01258497811287108,-0.08873735706879773,False,3.0,1.0,1.0,0.3333333333333333,0.3333333333333333
80,synonymous,,0.029178574487077835,-0.007415820815841421,0.036594395302919254,False,3.0,1.0,1.0,0.3333333333333333,0.3333333333333333
80,synonymous,,-0.01034450362342479,-0.013292266709090617,0.002947763085665826,False,3.0,1.0,1.0,0.3333333333333333,0.3333333333333333
80,synonymous,,-0.11076886496192553,-0.017661751236162718,-0.09310711372576282,False,3.0,1.0,1.0,0.3333333333333333,0.3333333333333333
81,missense,,0.008263011485438274,-0.02418076560366907,0.03244377708910734,False,1.0,0.0,0.0,0.0,0.0
81,missense,,0.00884111200114076,-0.021432881468198148,0.030273993469338907,False,1.0,0.0,0.0,0.0,0.0
81,missense,,0.01021195669461118,-0.01258497811287108,0.02279693480748226,False,1.0,0.0,0.0,0.0,0.0
81,missense,,0.007276575118528307,-0.007415820815841421,0.014692395934369728,False,1.0,0.0,0.0,0.0,0.0
81,missense,,0.001545518820551646,-0.013292266709090617,0.014837785529642263,False,1.0,0.0,0.0,0.0,0.0
81,missense,,-0.006773068866573534,-0.017661751236162718,0.010888682369589182,False,1.0,0.0,0.0,0.0,0.0
81,synonymous,,0.000914662040405441,-0.02418076560366907,0.02509542764407451,False,1.0,0.0,1.0,0.0,1.0
81,synonymous,,0.013967460496131283,-0.021432881468198148,0.03540034196432943,False,1.0,0.0,1.0,0.0,1.0
81,synonymous,,-0.015679955223346784,-0.01258497811287108,-0.0030949771104757037,False,1.0,0.0,1.0,0.0,1.0
81,synonymous,,-0.02838911193762332,-0.007415820815841421,-0.0209732911217819,False,1.0,0.0,1.0,0.0,1.0
81,synonymous,,0.001757360362368769,-0.013292266709090617,0.015049627071459386,False,1.0,0.0,1.0,0.0,1.0
81,synonymous,,0.006794663338354119,-0.017661751236162718,0.024456414574516836,False,1.0,0.0,1.0,0.0,1.0
82,missense,,-0.02184018079472097,-0.02418076560366907,0.002340584808948099,False,4.0,0.0,1.0,0.0,0.25
82,missense,,-0.02321116519069883,-0.021432881468198148,-0.0017782837225006828,False,4.0,0.0,1.0,0.0,0.25
82,missense,,-0.07318056401224328,-0.01258497811287108,-0.060595585899372195,False,4.0,0.0,1.0,0.0,0.25
82,missense,,-0.017415486290819224,-0.007415820815841421,-0.009999665474977801,False,4.0,0.0,1.0,0.0,0.25
82,missense,,0.03864992526728115,-0.013292266709090617,0.05194219197637177,False,4.0,0.0,1.0,0.0,0.25
82,missense,,-0.0106891611527504,-0.017661751236162718,0.006972590083412318,False,4.0,0.0,1.0,0.0,0.25
82,synonymous,,-0.006893401689333356,-0.02418076560366907,0.01728736391433571,False,1.0,0.0,0.0,0.0,0.0
82,synonymous,,0.025267821226911416,-0.021432881468198148,0.046700702695109564,False,1.0,0.0,0.0,0.0,0.0
82,synonymous,,0.02200472112816448,-0.01258497811287108,0.03458969924103556,False,1.0,0.0,0.0,0.0,0.0
82,synonymous,,-0.007943881975091067,-0.007415820815841421,-0.0005280611592496454,False,1.0,0.0,0.0,0.0,0.0
82,synonymous,,-0.02134751304143193,-0.013292266709090617,-0.008055246332341313,False,1.0,0.0,0.0,0.0,0.0
82,synonymous,,-0.011047395409946594,-0.017661751236162718,0.006614355826216124,False,1.0,0.0,0.0,0.0,0.0
83,missense,,0.02254685763206596,-0.02418076560366907,0.046727623235735025,False,2.0,0.0,0.0,0.0,0.0
83,missense,,0.008315078177805362,-0.021432881468198148,0.029747959646003512,False,2.0,0.0,0.0,0.0,0.0
83,missense,,0.010479286045655284,-0.01258497811287108,0.023064264158526367,False,2.0,0.0,0.0,0.0,0.0
83,missense,,0.008284394480892058,-0.007415820815841421,0.015700215296733478,False,2.0,0.0,0.0,0.0,0.0
83,missense,,-0.06592097150855655,-0.013292266709090617,-0.052628704799465936,False,2.0,0.0,0.0,0.0,0.0
83,missense,,0.07436406172418625,-0.017661751236162718,0.09202581296034897,False,2.0,0.0,0.0,0.0,0.0
83,synonymous,,-0.08323009282893311,-0.02418076560366907,-0.05904932722526404,False,3.0,0.0,2.0,0.0,0.6666666666666666
83,synonymous,,0.004798473723057648,-0.021432881468198148,0.026231355191255794,False,3.0,0.0,2.0,0.0,0.6666666666666666
83,synonymous,,-0.02867472282174538,-0.01258497811287108,-0.0160897447088743,False,3.0,0.0,2.0,0.0,0.6666666666666666
83,synonymous,,0.012232112389279012,-0.007415820815841421,0.019647933205120434,False,3.0,0.0,2.0,0.0,0.6666666666666666
83,synonymous,,-0.04069271429214446,-0.013292266709090617,-0.027400447583053843,False,3.0,0.0,2.0,0.0,0.6666666666666666
83,synonymous,,0.001590424226188117,-0.017661751236162718,0.019252175462350835,False,3.0,0.0,2.0,0.0,0.6666666666666666
84,missense,,-0.014721159270332202,-0.02418076560366907,0.009459606333336867,False,3.0,0.0,2.0,0.0,0.6666666666666666
84,missense,,-0.23786096085322966,-0.021432881468198148,-0.2164280793850315,False,3.0,0.0,2.0,0.0,0.6666666666666666
84,missense,,-0.024356187894754664,-0.01258497811287108,-0.011771209781883583,False,3.0,0.0,2.0,0.0,0.6666666666666666
84,missense,,0.035817713912618725,-0.007415820815841421,0.04323353472846014,False,3.0,0.0,2.0,0.0,0.6666666666666666
84,missense,,-0.026919245014352063,-0.013292266709090617,-0.013626978305261446,False,3.0,0.0,2.0,0.0,0.6666666666666666
84,missense,,-0.1251431501762445,-0.017661751236162718,-0.10748139894008178,False,3.0,0.0,2.0,0.0,0.6666666666666666
84,synonymous,,-0.22581250749396667,-0.02418076560366907,-0.2016317418902976,False,4.0,1.0,1.0,0.25,0.25
84,synonymous,,-0.14112892643809444,-0.021432881468198148,-0.11969604496989629,False,4.0,1.0,1.0,0.25,0.25
84,synonymous,,0.11036173447633718,-0.01258497811287108,0.12294671258920827,False,4.0,1.0,1.0,0.25,0.25
84,synonymous,,0.03292421239507007,-0.007415820815841421,0.04034003321091149,False,4.0,1.0,1.0,0.25,0.25
84,synonymous,,-0.16652648268869177,-0.013292266709090617,-0.15323421597960116,False,4.0,1.0,1.0,0.25,0.25
84,synonymous,,0.020594052036280654,-0.017661751236162718,0.03825580327244337,False,4.0,1.0,1.0,0.25,0.25
85,missense,,-2.383407702081578,-0.02418076560366907,-2.3592269364779086,True,1.0,1.0,1.0,1.0,1.0
85,missense,,-2.4342412748698457,-0.021432881468198148,-2.4128083934016473,True,1.0,1.0,1.0,1.0,1.0
85,missense,,-2.706893037933493,-0.01258497811287108,-2.6943080598206217,True,1.0,1.0,1.0,1.0,1.0
85,missense,,-2.3389961319466996,-0.007415820815841421,-2.331580311130858,True,1.0,1.0,1.0,1.0,1.0
85,missense,,-2.3486933911799652,-0.013292266709090617,-2.3354011244708746,True,1.0,1.0,1.0,1.0,1.0
85,missense,,-2.174139308815081,-0.017661751236162718,-2.1564775575789183,True,1.0,1.0,1.0,1.0,1.0
85,synonymous,,-0.1333794497727638,-0.02418076560366907,-0.10919868416909474,False,3.0,0.0,0.0,0.0,0.0
85,synonymous,,0.09755424254922009,-0.021432881468198148,0.11898712401741823,False,3.0,0.0,0.0,0.0,0.0
85,synonymous,,-0.004854589497331798,-0.01258497811287108,0.007730388615539283,False,3.0,0.0,0.0,0.0,0.0
85,synonymous,,0.0033441097992270336,-0.007415820815841421,0.010759930615068455,False,3.0,0.0,0.0,0.0,0.0
85,synonymous,,-0.16166334871973967,-0.013292266709090617,-0.14837108201064905,False,3.0,0.0,0.0,0.0,0.0
85,synonymous,,0.042943715062567674,-0.017661751236162718,0.06060546629873039,False,3.0,0.0,0.0,0.0,0.0
86,missense,,-0.038933701054398334,-0.02418076560366907,-0.014752935450729265,False,3.0,0.0,2.0,0.0,0.6666666666666666
86,missense,,-0.13759647639093267,-0.021432881468198148,-0.11616359492273452,False,3.0,0.0,2.0,0.0,0.6666666666666666
86,missense,,-0.2060955518488264,-0.01258497811287108,-0.19351057373595534,False,3.0,0.0,2.0,0.0,0.6666666666666666
86,missense,,-0.03163008632662649,-0.007415820815841421,-0.02421426551078507,False,3.0,0.0,2.0,0.0,0.6666666666666666
86,missense,,-0.0901338545208652,-0.013292266709090617,-0.07684158781177458,False,3.0,0.0,2.0,0.0,0.6666666666666666
86,missense,,-0.03294466734911922,-0.017661751236162718,-0.015282916112956499,False,3.0,0.0,2.0,0.0,0.6666666666666666
86,synonymous,,-0.08806684648204295,-0.02418076560366907,-0.06388608087837389,False,2.0,0.0,2.0,0.0,1.0
86,synonymous,,0.06260851913261585,-0.021432881468198148,0.084041400600814,False,2.0,0.0,2.0,0.0,1.0
86,synonymous,,-0.06808803437159094,-0.01258497811287108,-0.05550305625871986,False,2.0,0.0,2.0,0.0,1.0
86,synonymous,,-0.05405652625973084,-0.007415820815841421,-0.04664070544388942,False,2.0,0.0,2.0,0.0,1.0
86,synonymous,,-0.05635386860843003,-0.013292266709090617,-0.04306160189933941,False,2.0,0.0,2.0,0.0,1.0
86,synonymous,,-0.05131539722641379,-0.017661751236162718,-0.03365364599025107,False,2.0,0.0,2.0,0.0,1.0
87,missense,,-0.016364290615441205,-0.02418076560366907,0.007816474988227864,False,2.0,0.0,0.0,0.0,0.0
87,missense,,-0.004693968648639907,-0.021432881468198148,0.016738912819558242,False,2.0,0.0,0.0,0.0,0.0
87,missense,,-0.005472099716647831,-0.01258497811287108,0.00711287839622325,False,2.0,0.0,0.0,0.0,0.0
87,missense,,-0.019193997889659233,-0.007415820815841421,-0.01177817707381781,False,2.0,0.0,0.0,0.0,0.0
87,missense,,-0.013243763609417437,-0.013292266709090617,4.850309967317952e-05,False,2.0,0.0,0.0,0.0,0.0
87,missense,,-0.017186226960221974,-0.017661751236162718,0.00047552427594074395,False,2.0,0.0,0.0,0.0,0.0
87,synonymous,,-0.30757297700670144,-0.02418076560366907,-0.2833922114030324,False,6.0,1.0,1.0,0.16666666666666666,0.16666666666666666
87,synonymous,,-0.30669721824859003,-0.021432881468198148,-0.28526433678039187,False,6.0,1.0,1.0,0.16666666666666666,0.16666666666666666
87,synonymous,,-0.3148752590514063,-0.01258497811287108,-0.3022902809385352,False,6.0,1.0,1.0,0.16666666666666666,0.16666666666666666
87,synonymous,,-0.3476395237284824,-0.007415820815841421,-0.340223702912641,False,6.0,1.0,1.0,0.16666666666666666,0.16666666666666666
87,synonymous,,-0.31592503855374576,-0.013292266709090617,-0.30263277184465515,False,6.0,1.0,1.0,0.16666666666666666,0.16666666666666666
87,synonymous,,-0.3510446156429472,-0.017661751236162718,-0.3333828644067845,False,6.0,1.0,1.0,0.16666666666666666,0.16666666666666666
88,missense,,0.000671442322023665,-0.02418076560366907,0.024852207925692735,False,2.0,0.0,0.0,0.0,0.0
88,missense,,-0.011020199508001701,-0.021432881468198148,0.010412681960196447,False,2.0,0.0,0.0,0.0,0.0
88,missense,,-0.1015095319618584,-0.01258497811287108,-0.08892455384898731,False,2.0,0.0,0.0,0.0,0.0
88,missense,,0.0230625516522557,-0.007415820815841421,0.030478372468097124,False,2.0,0.0,0.0,0.0,0.0
88,missense,,-0.07721732464831456,-0.013292266709090617,-0.06392505793922394,False,2.0,0.0,0.0,0.0,0.0
88,missense,,-0.3812894085953223,-0.017661751236162718,-0.3636276573591596,False,2.0,0.0,0.0,0.0,0.0
88,synonymous,,-0.0206170115754054,-0.02418076560366907,0.003563754028263668,False,5.0,0.0,2.0,0.0,0.4
88,synonymous,,-0.0056582226962436045,-0.021432881468198148,0.015774658771954542,False,5.0,0.0,2.0,0.0,0.4
88,synonymous,,0.01362739758248321,-0.01258497811287108,0.02621237569535429,False,5.0,0.0,2.0,0.0,0.4
88,synonymous,,-0.00019898616027287777,-0.007415820815841421,0.007216834655568544,False,5.0,0.0,2.0,0.0,0.4
88,synonymous,,-0.010075618418270368,-0.013292266709090617,0.003216648290820249,False,5.0,0.0,2.0,0.0,0.4
88,synonymous,,-0.005717468296408662,-0.017661751236162718,0.011944282939754056,False,5.0,0.0,2.0,0.0,0.4
89,missense,,-0.007224602590399555,-0.02418076560366907,0.016956163013269514,False,5.0,1.0,3.0,0.2,0.6
89,missense,,0.010989436297272778,-0.021432881468198148,0.03242231776547093,False,5.0,1.0,3.0,0.2,0.6
89,missense,,-0.005246882157688602,-0.01258497811287108,0.0073380959551824785,False,5.0,1.0,3.0,0.2,0.6
89,missense,,0.006435733645922721,-0.007415820815841421,0.013851554461764143,False,5.0,1.0,3.0,0.2,0.6
89,missense,,-0.0310061064416655,-0.013292266709090617,-0.017713839732574885,False,5.0,1.0,3.0,0.2,0.6
89,missense,,0.004138051742073029,-0.017661751236162718,0.021799802978235746,False,5.0,1.0,3.0,0.2,0.6
89,synonymous,,-2.342146482132557,-0.02418076560366907,-2.317965716528888,True,1.0,1.0,1.0,1.0,1.0
89,synonymous,,-2.3316449004007316,-0.021432881468198148,-2.3102120189325333,True,1.0,1.0,1.0,1.0,1.0
89,synonymous,,-2.3455174861631622,-0.01258497811287108,-2.332932508050291,True,1.0,1.0,1.0,1.0,1.0
89,synonymous,,-2.3245535019637997,-0.007415820815841421,-2.3171376811479583,True,1.0,1.0,1.0,1.0,1.0
89,synonymous,,-2.3301715032307535,-0.013292266709090617,-2.316879236521663,True,1.0,1.0,1.0,1.0,1.0
89,synonymous,,-2.3567716617815946,-0.017661751236162718,-2.339109910545432,True,1.0,1.0,1.0,1.0,1.0
90,missense,,-0.113492221354336,-0.02418076560366907,-0.08931145575066693,False,3.0,0.0,2.0,0.0,0.6666666666666666
90,missense,,-0.19354241013750803,-0.021432881468198148,-0.1721095286693099,False,3.0,0.0,2.0,0.0,0.6666666666666666
90,missense,,0.0931704720906343,-0.01258497811287108,0.10575545020350538,False,3.0,0.0,2.0,0.0,0.6666666666666666
90,missense,,0.03609800423707566,-0.007415820815841421,0.04351382505291708,False,3.0,0.0,2.0,0.0,0.6666666666666666
90,missense,,-0.006856688043397647,-0.013292266709090617,0.0064355786656929695,False,3.0,0.0,2.0,0.0,0.6666666666666666
90,missense,,-0.14561798208235752,-0.017661751236162718,-0.12795623084619479,False,3.0,0.0,2.0,0.0,0.6666666666666666
90,synonymous,,-0.08938563387621147,-0.02418076560366907,-0.0652048682725424,False,5.0,0.0,3.0,0.0,0.6
90,synonymous,,0.0061744874203530364,-0.021432881468198148,0.027607368888551184,False,5.0,0.0,3.0,0.0,0.6
90,synonymous,,0.005251017651028908,-0.01258497811287108,0.01783599576389999,False,5.0,0.0,3.0,0.0,0.6
90,synonymous,,-0.03474873288185271,-0.007415820815841421,-0.02733291206601129,False,5.0,0.0,3.0,0.0,0.6
90,synonymous,,-0.038529148321482215,-0.013292266709090617,-0.0252368816123916,False,5.0,0.0,3.0,0.0,0.6
90,synonymous,,0.03736076093884647,-0.017661751236162718,0.05502251217500919,False,5.0,0.0,3.0,0.0,0.6
91,missense,,-0.0006252838245051123,-0.02418076560366907,0.02355548177916396,False,3.0,0.0,1.0,0.0,0.3333333333333333
91,missense,,-0.009419892665915124,-0.021432881468198148,0.012012988802283023,False,3.0,0.0,1.0,0.0,0.3333333333333333
91,missense,,0.004680603646470438,-0.01258497811287108,0.01726558175934152,False,3.0,0.0,1.0,0.0,0.3333333333333333
91,missense,,0.025381792594769036,-0.007415820815841421,0.03279761341061046,False,3.0,0.0,1.0,0.0,0.3333333333333333
91,missense,,-0.013151516081437813,-0.013292266709090617,0.00014075062765280325,False,3.0,0.0,1.0,0.0,0.3333333333333333
91,missense,,0.005789473973933282,-0.017661751236162718,0.023451225210096,False,3.0,0.0,1.0,0.0,0.3333333333333333
91,synonymous,,-0.024292922559485244,-0.02418076560366907,-0.00011215695581617488,False,2.0,0.0,1.0,0.0,0.5
91,synonymous,,0.002852801700978531,-0.021432881468198148,0.02428568316917668,False,2.0,0.0,1.0,0.0,0.5
91,synonymous,,-0.010211346215699467,-0.01258497811287108,0.002373631897171614,False,2.0,0.0,1.0,0.0,0.5
91,synonymous,,0.004789914298411323,-0.007415820815841421,0.012205735114252745,False,2.0,0.0,1.0,0.0,0.5
91,synonymous,,0.012677662609511866,-0.013292266709090617,0.02596992931860248,False,2.0,0.0,1.0,0.0,0.5
91,synonymous,,-0.009259922026250169,-0.017661751236162718,0.008401829209912549,False,2.0,0.0,1.0,0.0,0.5
92,missense,,-0.06857375917427044,-0.02418076560366907,-0.04439299357060138,False,2.0,0.0,1.0,0.0,0.5
92,missense,,-0.028992806362266046,-0.021432881468198148,-0.007559924894067899,False,2.0,0.0,1.0,0.0,0.5
92,missense,,-0.05234201451157223,-0.01258497811287108,-0.03975703639870115,False,2.0,0.0,1.0,0.0,0.5
92,missense,,-0.04858026740880375,-0.007415820815841421,-0.04116444659296233,False,2.0,0.0,1.0,0.0,0.5
92,missense,,-0.023669928908595195,-0.013292266709090617,-0.010377662199504579,False,2.0,0.0,1.0,0.0,0.5
92,missense,,-0.06961612894464014,-0.017661751236162718,-0.051954377708477426,False,2.0,0.0,1.0,0.0,0.5
92,synonymous,,-0.060251901079621674,-0.02418076560366907,-0.0360711354759526,False,3.0,1.0,2.0,0.3333333333333333,0.6666666666666666
92,synonymous,,-0.07076168698155962,-0.021432881468198148,-0.04932880551336147,False,3.0,1.0,2.0,0.3333333333333333,0.6666666666666666
92,synonymous,,0.1044092128466836,-0.01258497811287108,0.11699419095955468,False,3.0,1.0,2.0,0.3333333333333333,0.6666666666666666
92,synonymous,,-0.10347028242427794,-0.007415820815841421,-0.09605446160843652,False,3.0,1.0,2.0,0.3333333333333333,0.6666666666666666
92,synonymous,,-0.000925312463108777,-0.013292266709090617,0.01236695424598184,False,3.0,1.0,2.0,0.3333333333333333,0.6666666666666666
92,synonymous,,-0.017041760768622186,-0.017661751236162718,0.0006199904675405314,False,3.0,1.0,2.0,0.3333333333333333,0.6666666666666666
93,missense,,-1.1435866828310874,-0.02418076560366907,-1.1194059172274184,False,5.0,1.0,1.0,0.2,0.2
93,missense,,-1.3195893594422534,-0.021432881468198148,-1.2981564779740553,False,5.0,1.0,1.0,0.2,0.2
93,missense,,-1.07054951431927,-0.01258497811287108,-1.057964536206399,False,5.0,1.0,1.0,0.2,0.2
93,missense,,-1.1384426961242091,-0.007415820815841421,-1.1310268753083677,False,5.0,1.0,1.0,0.2,0.2
93,missense,,-1.0608048584842433,-0.013292266709090617,-1.0475125917751527,False,5.0,1.0,1.0,0.2,0.2
93,missense,,-1.0775969577039253,-0.017661751236162718,-1.0599352064677625,False,5.0,1.0,1.0,0.2,0.2
93,synonymous,,-0.008613584643043374,-0.02418076560366907,0.015567180960625695,False,1.0,0.0,1.0,0.0,1.0
93,synonymous,,0.030989370212878908,-0.021432881468198148,0.05242225168107706,False,1.0,0.0,1.0,0.0,1.0
93,synonymous,,-0.00549560791929036,-0.01258497811287108,0.00708937019358072,False,1.0,0.0,1.0,0.0,1.0
93,synonymous,,-0.0042573537226655266,-0.007415820815841421,0.003158467093175895,False,1.0,0.0,1.0,0.0,1.0
93,synonymous,,0.029242484001512525,-0.013292266709090617,0.04253475071060314,False,1.0,0.0,1.0,0.0,1.0
93,synonymous,,0.009004148516198403,-0.017661751236162718,0.02666589975236112,False,1.0,0.0,1.0,0.0,1.0
94,missense,,-0.007628926557516412,-0.02418076560366907,0.016551839046152657,False,3.0,0.0,1.0,0.0,0.3333333333333333
94,missense,,-0.014351256561490357,-0.021432881468198148,0.00708162490670779,False,3.0,0.0,1.0,0.0,0.3333333333333333
94,missense,,-0.0008460915897562476,-0.01258497811287108,0.011738886523114833,False,3.0,0.0,1.0,0.0,0.3333333333333333
94,missense,,-0.003765152519738129,-0.007415820815841421,0.003650668296103292,False,3.0,0.0,1.0,0.0,0.3333333333333333
94,missense,,0.0027243408223959036,-0.013292266709090617,0.01601660753148652,False,3.0,0.0,1.0,0.0,0.3333333333333333
94,missense,,-0.011971244348303711,-0.017661751236162718,0.0056905068878590065,False,3.0,0.0,1.0,0.0,0.3333333333333333
94,synonymous,,-0.014863493680942195,-0.02418076560366907,0.009317271922726874,False,13.0,4.0,6.0,0.3076923076923077,0.46153846153846156
94,synonymous,,-0.005673286738010901,-0.021432881468198148,0.015759594730187246,False,13.0,4.0,6.0,0.3076923076923077,0.46153846153846156
94,synonymous,,0.003929256409631057,-0.01258497811287108,0.016514234522502138,False,13.0,4.0,6.0,0.3076923076923077,0.46153846153846156
94,synonymous,,0.005899308595916661,-0.007415820815841421,0.013315129411758083,False,13.0,4.0,6.0,0.3076923076923077,0.46153846153846156
94,synonymous,,-0.0007204154603341488,-0.013292266709090617,0.012571851248756467,False,13.0,4.0,6.0,0.3076923076923077,0.46153846153846156
94,synonymous,,0.004721771107589359,-0.017661751236162718,0.02238352234375208,False,13.0,4.0,6.0,0.3076923076923077,0.46153846153846156
95,missense,,-0.015818088119306108,-0.02418076560366907,0.008362677484362962,False,3.0,0.0,0.0,0.0,0.0
95,missense,,-0.019718700863181213,-0.021432881468198148,0.001714180605016935,False,3.0,0.0,0.0,0.0,0.0
95,missense,,0.0003959705030939817,-0.01258497811287108,0.012980948615965063,False,3.0,0.0,0.0,0.0,0.0
95,missense,,0.00047107178592458967,-0.007415820815841421,0.007886892601766012,False,3.0,0.0,0.0,0.0,0.0
95,missense,,0.01377132253605497,-0.013292266709090617,0.027063589245145587,False,3.0,0.0,0.0,0.0,0.0
95,missense,,-0.0068637628183425975,-0.017661751236162718,0.01079798841782012,False,3.0,0.0,0.0,0.0,0.0
95,synonymous,,-0.018503122751796507,-0.02418076560366907,0.005677642851872562,False,11.0,2.0,6.0,0.18181818181818182,0.5454545454545454
95,synonymous,,-0.025769839873018875,-0.021432881468198148,-0.004336958404820727,False,11.0,2.0,6.0,0.18181818181818182,0.5454545454545454
95,synonymous,,-0.018470028256193725,-0.01258497811287108,-0.005885050143322645,False,11.0,2.0,6.0,0.18181818181818182,0.5454545454545454
95,synonymous,,-0.002933398524739233,-0.007415820815841421,0.004482422291102189,False,11.0,2.0,6.0,0.18181818181818182,0.5454545454545454
95,synonymous,,-0.02530507362202937,-0.013292266709090617,-0.012012806912938753,False,11.0,2.0,6.0,0.18181818181818182,0.5454545454545454
95,synonymous,,6.474955694881668e-05,-0.017661751236162718,0.017726500793111534,False,11.0,2.0,6.0,0.18181818181818182,0.5454545454545454
96,missense,,-0.00025418045695738015,-0.02418076560366907,0.023926585146711688,False,8.0,0.0,4.0,0.0,0.5
96,missense,,-0.012163584497950658,-0.021432881468198148,0.00926929697024749,False,8.0,0.0,4.0,0.0,0.5
96,missense,,0.013482837780840072,-0.01258497811287108,0.026067815893711155,False,8.0,0.0,4.0,0.0,0.5
96,missense,,-0.014296322411081213,-0.007415820815841421,-0.006880501595239791,False,8.0,0.0,4.0,0.0,0.5
96,missense,,0.011968882299359619,-0.013292266709090617,0.025261149008450237,False,8.0,0.0,4.0,0.0,0.5
96,missense,,0.0009976621260459292,-0.017661751236162718,0.018659413362208648,False,8.0,0.0,4.0,0.0,0.5
96,synonymous,,-0.037204652299327824,-0.02418076560366907,-0.013023886695658755,False,5.0,1.0,1.0,0.2,0.2
96,synonymous,,-0.01232179000810433,-0.021432881468198148,0.009111091460093817,False,5.0,1.0,1.0,0.2,0.2
96,synonymous,,7.269928609532766e-05,-0.01258497811287108,0.012657677398966408,False,5.0,1.0,1.0,0.2,0.2
96,synonymous,,0.005122302520009738,-0.007415820815841421,0.01253812333585116,False,5.0,1.0,1.0,0.2,0.2
96,synonymous,,-0.016193954562400515,-0.013292266709090617,-0.0029016878533098985,False,5.0,1.0,1.0,0.2,0.2
96,synonymous,,-0.01459876226717221,-0.017661751236162718,0.0030629889689905085,False,5.0,1.0,1.0,0.2,0.2
97,missense,,-0.045377834960043065,-0.02418076560366907,-0.021197069356373995,False,7.0,0.0,2.0,0.0,0.2857142857142857
97,missense,,-0.04260260887077173,-0.021432881468198148,-0.021169727402573585,False,7.0,0.0,2.0,0.0,0.2857142857142857
97,missense,,-0.03980307696416748,-0.01258497811287108,-0.0272180988512964,False,7.0,0.0,2.0,0.0,0.2857142857142857
97,missense,,-0.0007444534177576874,-0.007415820815841421,0.006671367398083734,False,7.0,0.0,2.0,0.0,0.2857142857142857
97,missense,,-0.00022185687506636178,-0.013292266709090617,0.013070409834024254,False,7.0,0.0,2.0,0.0,0.2857142857142857
97,missense,,-7.09833665173215e-05,-0.017661751236162718,0.017590767869645398,False,7.0,0.0,2.0,0.0,0.2857142857142857
97,synonymous,,-0.04803209057969202,-0.02418076560366907,-0.023851324976022954,False,14.0,2.0,3.0,0.14285714285714285,0.21428571428571427
97,synonymous,,0.006030933160511841,-0.021432881468198148,0.02746381462870999,False,14.0,2.0,3.0,0.14285714285714285,0.21428571428571427
97,synonymous,,-0.010488464690524736,-0.01258497811287108,0.002096513422346345,False,14.0,2.0,3.0,0.14285714285714285,0.21428571428571427
97,synonymous,,-0.015165000112113379,-0.007415820815841421,-0.007749179296271958,False,14.0,2.0,3.0,0.14285714285714285,0.21428571428571427
97,synonymous,,0.0008082573389172631,-0.013292266709090617,0.01410052404800788,False,14.0,2.0,3.0,0.14285714285714285,0.21428571428571427
97,synonymous,,-0.035101519980930945,-0.017661751236162718,-0.017439768744768228,False,14.0,2.0,3.0,0.14285714285714285,0.21428571428571427
98,missense,,-0.06536747344890577,-0.02418076560366907,-0.0411867078452367,False,19.0,6.0,11.0,0.3157894736842105,0.5789473684210527
98,missense,,0.007585970932784185,-0.021432881468198148,0.029018852400982332,False,19.0,6.0,11.0,0.3157894736842105,0.5789473684210527
98,missense,,-0.02026044374350607,-0.01258497811287108,-0.007675465630634988,False,19.0,6.0,11.0,0.3157894736842105,0.5789473684210527
98,missense,,-0.04267107033677911,-0.007415820815841421,-0.03525524952093769,False,19.0,6.0,11.0,0.3157894736842105,0.5789473684210527
98,missense,,-0.2174477759033329,-0.013292266709090617,-0.20415550919424227,False,19.0,6.0,11.0,0.3157894736842105,0.5789473684210527
98,missense,,-0.024937162503386557,-0.017661751236162718,-0.007275411267223839,False,19.0,6.0,11.0,0.3157894736842105,0.5789473684210527
98,synonymous,,-0.04614436363335585,-0.02418076560366907,-0.021963598029686778,False,17.0,3.0,10.0,0.17647058823529413,0.5882352941176471
98,synonymous,,-0.012500899904154783,-0.021432881468198148,0.008931981564043364,False,17.0,3.0,10.0,0.17647058823529413,0.5882352941176471
98,synonymous,,-0.08517941389852163,-0.01258497811287108,-0.07259443578565054,False,17.0,3.0,10.0,0.17647058823529413,0.5882352941176471
98,synonymous,,-0.04469638668228313,-0.007415820815841421,-0.03728056586644171,False,17.0,3.0,10.0,0.17647058823529413,0.5882352941176471
98,synonymous,,-0.005753743289445073,-0.013292266709090617,0.007538523419645543,False,17.0,3.0,10.0,0.17647058823529413,0.5882352941176471
98,synonymous,,-0.07899005370744117,-0.017661751236162718,-0.06132830247127845,False,17.0,3.0,10.0,0.17647058823529413,0.5882352941176471
99,missense,,-0.014238719257490042,-0.02418076560366907,0.009942046346179028,False,6.0,0.0,4.0,0.0,0.6666666666666666
99,missense,,-0.004322396084009562,-0.021432881468198148,0.017110485384188585,False,6.0,0.0,4.0,0.0,0.6666666666666666
99,missense,,-0.021633708882949035,-0.01258497811287108,-0.009048730770077954,False,6.0,0.0,4.0,0.0,0.6666666666666666
99,missense,,0.014638937038781944,-0.007415820815841421,0.022054757854623366,False,6.0,0.0,4.0,0.0,0.6666666666666666
99,missense,,-0.008970182115632132,-0.013292266709090617,0.004322084593458484,False,6.0,0.0,4.0,0.0,0.6666666666666666
99,missense,,-0.023736817357519906,-0.017661751236162718,-0.006075066121357189,False,6.0,0.0,4.0,0.0,0.6666666666666666
100,missense,,-0.03376563635413085,-0.02418076560366907,-0.009584870750461782,False,1.0,0.0,0.0,0.0,0.0
100,missense,,0.12188082195026355,-0.021432881468198148,0.1433137034184617,False,1.0,0.0,0.0,0.0,0.0
100,missense,,-0.05100326053991597,-0.01258497811287108,-0.038418282427044884,False,1.0,0.0,0.0,0.0,0.0
100,missense,,-0.039876479033786244,-0.007415820815841421,-0.032460658217944825,False,1.0,0.0,0.0,0.0,0.0
100,missense,,0.012741154520641089,-0.013292266709090617,0.026033421229731707,False,1.0,0.0,0.0,0.0,0.0
100,missense,,-0.012990149152824612,-0.017661751236162718,0.004671602083338106,False,1.0,0.0,0.0,0.0,0.0
100,synonymous,,-0.01625777169189731,-0.02418076560366907,0.007922993911771758,False,6.0,1.0,3.0,0.16666666666666666,0.5
100,synonymous,,-0.1639476886055842,-0.021432881468198148,-0.14251480713738607,False,6.0,1.0,3.0,0.16666666666666666,0.5
100,synonymous,,-0.03321349832578254,-0.01258497811287108,-0.02062852021291146,False,6.0,1.0,3.0,0.16666666666666666,0.5
100,synonymous,,-0.030034607227195982,-0.007415820815841421,-0.02261878641135456,False,6.0,1.0,3.0,0.16666666666666666,0.5
100,synonymous,,-0.016915188196516447,-0.013292266709090617,-0.00362292148742583,False,6.0,1.0,3.0,0.16666666666666666,0.5
100,synonymous,,-0.10841882642511316,-0.017661751236162718,-0.09075707518895045,False,6.0,1.0,3.0,0.16666666666666666,0.5
101,missense,,-0.005676109352378604,-0.02418076560366907,0.018504656251290465,False,5.0,0.0,1.0,0.0,0.2
101,missense,,-0.0023451483131121287,-0.021432881468198148,0.01908773315508602,False,5.0,0.0,1.0,0.0,0.2
101,missense,,0.01943593708272025,-0.01258497811287108,0.03202091519559133,False,5.0,0.0,1.0,0.0,0.2
101,missense,,-0.004728777382254205,-0.007415820815841421,0.0026870434335872165,False,5.0,0.0,1.0,0.0,0.2
101,missense,,-0.047362364829098176,-0.013292266709090617,-0.03407009812000756,False,5.0,0.0,1.0,0.0,0.2
101,missense,,-0.016250124947574995,-0.017661751236162718,0.0014116262885877223,False,5.0,0.0,1.0,0.0,0.2
102,missense,,-0.020174054646241887,-0.02418076560366907,0.004006710957427183,False,1.0,0.0,0.0,0.0,0.0
102,missense,,0.04409262692597215,-0.021432881468198148,0.06552550839417029,False,1.0,0.0,0.0,0.0,0.0
102,missense,,-0.05051651662799042,-0.01258497811287108,-0.03793153851511934,False,1.0,0.0,0.0,0.0,0.0
102,missense,,0.26084015044206194,-0.007415820815841421,0.26825597125790335,False,1.0,0.0,0.0,0.0,0.0
102,missense,,0.009761286634402054,-0.013292266709090617,0.02305355334349267,False,1.0,0.0,0.0,0.0,0.0
102,missense,,-0.22674121107129042,-0.017661751236162718,-0.2090794598351277,False,1.0,0.0,0.0,0.0,0.0
102,synonymous,,-0.02104588602548446,-0.02418076560366907,0.003134879578184608,False,3.0,0.0,1.0,0.0,0.3333333333333333
102,synonymous,,-0.00238380398184079,-0.021432881468198148,0.019049077486357358,False,3.0,0.0,1.0,0.0,0.3333333333333333
102,synonymous,,-0.005269592661111641,-0.01258497811287108,0.0073153854517594395,False,3.0,0.0,1.0,0.0,0.3333333333333333
102,synonymous,,-0.012606997705274113,-0.007415820815841421,-0.005191176889432692,False,3.0,0.0,1.0,0.0,0.3333333333333333
102,synonymous,,-0.0016753694883073877,-0.013292266709090617,0.01161689722078323,False,3.0,0.0,1.0,0.0,0.3333333333333333
102,synonymous,,2.6783206516410785e-05,-0.017661751236162718,0.01768853444267913,False,3.0,0.0,1.0,0.0,0.3333333333333333
103,missense,,-0.027488385057688358,-0.02418076560366907,-0.0033076194540192887,False,5.0,1.0,3.0,0.2,0.6
103,missense,,-0.043702296247975614,-0.021432881468198148,-0.022269414779777466,False,5.0,1.0,3.0,0.2,0.6
103,missense,,-0.03438679869553186,-0.01258497811287108,-0.021801820582660777,False,5.0,1.0,3.0,0.2,0.6
103,missense,,-0.024214244904796345,-0.007415820815841421,-0.016798424088954923,False,5.0,1.0,3.0,0.2,0.6
103,missense,,-0.0943228174766145,-0.013292266709090617,-0.08103055076752388,False,5.0,1.0,3.0,0.2,0.6
103,missense,,-0.008752228697455204,-0.017661751236162718,0.008909522538707514,False,5.0,1.0,3.0,0.2,0.6
103,synonymous,,-0.044291346762659396,-0.02418076560366907,-0.020110581158990327,False,1.0,0.0,1.0,0.0,1.0
103,synonymous,,-0.3548152450117086,-0.021432881468198148,-0.3333823635435104,False,1.0,0.0,1.0,0.0,1.0
103,synonymous,,-0.29116300322385885,-0.01258497811287108,-0.2785780251109878,False,1.0,0.0,1.0,0.0,1.0
103,synonymous,,0.13743553661567015,-0.007415820815841421,0.14485135743151156,False,1.0,0.0,1.0,0.0,1.0
103,synonymous,,-0.19678723126332648,-0.013292266709090617,-0.18349496455423586,False,1.0,0.0,1.0,0.0,1.0
103,synonymous,,-0.1924655331534108,-0.017661751236162718,-0.1748037819172481,False,1.0,0.0,1.0,0.0,1.0
104,missense,,-0.10549295935112209,-0.02418076560366907,-0.08131219374745302,False,5.0,0.0,2.0,0.0,0.4
104,missense,,-0.002939550323466281,-0.021432881468198148,0.018493331144731867,False,5.0,0.0,2.0,0.0,0.4
104,missense,,0.028086170395463794,-0.01258497811287108,0.04067114850833488,False,5.0,0.0,2.0,0.0,0.4
104,missense,,-0.0005691308958163642,-0.007415820815841421,0.006846689920025057,False,5.0,0.0,2.0,0.0,0.4
104,missense,,-0.04703757648433278,-0.013292266709090617,-0.03374530977524216,False,5.0,0.0,2.0,0.0,0.4
104,missense,,-0.1118425628640422,-0.017661751236162718,-0.09418081162787949,False,5.0,0.0,2.0,0.0,0.4
104,synonymous,,0.005632219938517165,-0.02418076560366907,0.029812985542186234,False,6.0,0.0,2.0,0.0,0.3333333333333333
104,synonymous,,-0.01606695018990548,-0.021432881468198148,0.0053659312782926676,False,6.0,0.0,2.0,0.0,0.3333333333333333
104,synonymous,,-0.010738005259492535,-0.01258497811287108,0.0018469728533785455,False,6.0,0.0,2.0,0.0,0.3333333333333333
104,synonymous,,0.0068840664049481136,-0.007415820815841421,0.014299887220789535,False,6.0,0.0,2.0,0.0,0.3333333333333333
104,synonymous,,-0.024080761701441973,-0.013292266709090617,-0.010788494992351357,False,6.0,0.0,2.0,0.0,0.3333333333333333
104,synonymous,,-0.020498371352146296,-0.017661751236162718,-0.0028366201159835784,False,6.0,0.0,2.0,0.0,0.3333333333333333
105,missense,,0.01560397533464535,-0.02418076560366907,0.03978474093831442,False,1.0,0.0,0.0,0.0,0.0
105,missense,,0.040292145552317006,-0.021432881468198148,0.061725027020515154,False,1.0,0.0,0.0,0.0,0.0
105,missense,,0.015061695324842545,-0.01258497811287108,0.027646673437713626,False,1.0,0.0,0.0,0.0,0.0
105,missense,,0.005494863940066244,-0.007415820815841421,0.012910684755907665,False,1.0,0.0,0.0,0.0,0.0
105,missense,,0.012438684697458244,-0.013292266709090617,0.02573095140654886,False,1.0,0.0,0.0,0.0,0.0
105,missense,,0.012840349810970238,-0.017661751236162718,0.030502101047132954,False,1.0,0.0,0.0,0.0,0.0
105,synonymous,,-0.056282039228997056,-0.02418076560366907,-0.03210127362532798,False,3.0,1.0,1.0,0.3333333333333333,0.3333333333333333
105,synonymous,,0.08959105309060891,-0.021432881468198148,0.11102393455880706,False,3.0,1.0,1.0,0.3333333333333333,0.3333333333333333
105,synonymous,,-0.002505617701824636,-0.01258497811287108,0.010079360411046444,False,3.0,1.0,1.0,0.3333333333333333,0.3333333333333333
105,synonymous,,0.052588048875893974,-0.007415820815841421,0.06000386969173539,False,3.0,1.0,1.0,0.3333333333333333,0.3333333333333333
105,synonymous,,0.009823015120946677,-0.013292266709090617,0.023115281830037294,False,3.0,1.0,1.0,0.3333333333333333,0.3333333333333333
105,synonymous,,-0.020719899326646075,-0.017661751236162718,-0.003058148090483357,False,3.0,1.0,1.0,0.3333333333333333,0.3333333333333333
106,missense,,-0.008876321853451098,-0.02418076560366907,0.015304443750217972,False,1.0,0.0,1.0,0.0,1.0
106,missense,,-0.37038920205003883,-0.021432881468198148,-0.3489563205818407,False,1.0,0.0,1.0,0.0,1.0
106,missense,,-0.01084255598190322,-0.01258497811287108,0.0017424221309678602,False,1.0,0.0,1.0,0.0,1.0
106,missense,,-0.04483284656118856,-0.007415820815841421,-0.03741702574534714,False,1.0,0.0,1.0,0.0,1.0
106,missense,,0.01939699455486046,-0.013292266709090617,0.03268926126395108,False,1.0,0.0,1.0,0.0,1.0
106,missense,,-0.004379501882573407,-0.017661751236162718,0.01328224935358931,False,1.0,0.0,1.0,0.0,1.0
106,synonymous,,-0.2876105181904203,-0.02418076560366907,-0.2634297525867512,False,3.0,0.0,2.0,0.0,0.6666666666666666
106,synonymous,,-0.4845420534777214,-0.021432881468198148,-0.46310917200952323,False,3.0,0.0,2.0,0.0,0.6666666666666666
106,synonymous,,0.281300564320179,-0.01258497811287108,0.2938855424330501,False,3.0,0.0,2.0,0.0,0.6666666666666666
106,synonymous,,-0.4214947071775368,-0.007415820815841421,-0.4140788863616954,False,3.0,0.0,2.0,0.0,0.6666666666666666
106,synonymous,,-0.35181467719934634,-0.013292266709090617,-0.3385224104902557,False,3.0,0.0,2.0,0.0,0.6666666666666666
106,synonymous,,-0.42583729866992936,-0.017661751236162718,-0.40817554743376666,False,3.0,0.0,2.0,0.0,0.6666666666666666
107,missense,,0.07168547655992875,-0.02418076560366907,0.09586624216359782,False,1.0,0.0,0.0,0.0,0.0
107,missense,,-1.015744047451872,-0.021432881468198148,-0.9943111659836739,False,1.0,0.0,0.0,0.0,0.0
107,missense,,-0.7579836767471679,-0.01258497811287108,-0.7453986986342969,False,1.0,0.0,0.0,0.0,0.0
107,missense,,-0.6620684206487274,-0.007415820815841421,-0.6546525998328859,False,1.0,0.0,0.0,0.0,0.0
107,missense,,-0.5677892182619333,-0.013292266709090617,-0.5544969515528426,False,1.0,0.0,0.0,0.0,0.0
107,missense,,-0.9755452229983061,-0.017661751236162718,-0.9578834717621434,False,1.0,0.0,0.0,0.0,0.0
107,synonymous,,0.0053197915633962515,-0.02418076560366907,0.02950055716706532,False,2.0,0.0,0.0,0.0,0.0
107,synonymous,,-0.007337292202892038,-0.021432881468198148,0.014095589265306109,False,2.0,0.0,0.0,0.0,0.0
107,synonymous,,-0.009844252147673423,-0.01258497811287108,0.0027407259651976573,False,2.0,0.0,0.0,0.0,0.0
107,synonymous,,0.012165095798346083,-0.007415820815841421,0.019580916614187503,False,2.0,0.0,0.0,0.0,0.0
107,synonymous,,-0.027172754050499005,-0.013292266709090617,-0.013880487341408388,False,2.0,0.0,0.0,0.0,0.0
107,synonymous,,0.006377186443545763,-0.017661751236162718,0.02403893767970848,False,2.0,0.0,0.0,0.0,0.0
108,missense,,-0.08957845801805671,-0.02418076560366907,-0.06539769241438764,False,1.0,1.0,1.0,1.0,1.0
108,missense,,-0.004962401790922895,-0.021432881468198148,0.016470479677275253,False,1.0,1.0,1.0,1.0,1.0
108,missense,,0.055758504584624634,-0.01258497811287108,0.06834348269749571,False,1.0,1.0,1.0,1.0,1.0
108,missense,,-0.3537807201847555,-0.007415820815841421,-0.34636489936891407,False,1.0,1.0,1.0,1.0,1.0
108,missense,,0.20287379996774318,-0.013292266709090617,0.2161660666768338,False,1.0,1.0,1.0,1.0,1.0
108,missense,,-0.05157114710694372,-0.017661751236162718,-0.033909395870781005,False,1.0,1.0,1.0,1.0,1.0
109,missense,,0.02140560833984964,-0.02418076560366907,0.04558637394351871,False,1.0,0.0,0.0,0.0,0.0
109,missense,,-0.0008274352759239363,-0.021432881468198148,0.02060544619227421,False,1.0,0.0,0.0,0.0,0.0
109,missense,,-0.02545322727811604,-0.01258497811287108,-0.012868249165244958,False,1.0,0.0,0.0,0.0,0.0
109,missense,,0.006924292187106897,-0.007415820815841421,0.014340113002948318,False,1.0,0.0,0.0,0.0,0.0
109,missense,,0.014393652928567438,-0.013292266709090617,0.027685919637658055,False,1.0,0.0,0.0,0.0,0.0
109,missense,,0.023541462006364422,-0.017661751236162718,0.04120321324252714,False,1.0,0.0,0.0,0.0,0.0
110,synonymous,,-0.4387659424421602,-0.02418076560366907,-0.41458517683849117,False,1.0,0.0,1.0,0.0,1.0
110,synonymous,,-0.6550479278029347,-0.021432881468198148,-0.6336150463347366,False,1.0,0.0,1.0,0.0,1.0
110,synonymous,,-1.7352650742236098,-0.01258497811287108,-1.7226800961107387,False,1.0,0.0,1.0,0.0,1.0
110,synonymous,,0.05197354180116229,-0.007415820815841421,0.059389362617003706,False,1.0,0.0,1.0,0.0,1.0
110,synonymous,,0.05778075933727477,-0.013292266709090617,0.0710730260463654,False,1.0,0.0,1.0,0.0,1.0
110,synonymous,,-0.4971322488693161,-0.017661751236162718,-0.4794704976331534,False,1.0,0.0,1.0,0.0,1.0
111,synonymous,,0.006649294065631537,-0.02418076560366907,0.030830059669300608,False,1.0,0.0,0.0,0.0,0.0
111,synonymous,,0.014587712961832316,-0.021432881468198148,0.036020594430030466,False,1.0,0.0,0.0,0.0,0.0
111,synonymous,,-0.02574368504399743,-0.01258497811287108,-0.013158706931126349,False,1.0,0.0,0.0,0.0,0.0
111,synonymous,,0.003271146415188849,-0.007415820815841421,0.01068696723103027,False,1.0,0.0,0.0,0.0,0.0
111,synonymous,,0.012861994884796678,-0.013292266709090617,0.026154261593887295,False,1.0,0.0,0.0,0.0,0.0
111,synonymous,,-0.0026544822824450913,-0.017661751236162718,0.015007268953717626,False,1.0,0.0,0.0,0.0,0.0
112,missense,,0.003750346499882393,-0.02418076560366907,0.027931112103551464,False,3.0,0.0,2.0,0.0,0.6666666666666666
112,missense,,-0.08587809481507538,-0.021432881468198148,-0.06444521334687724,False,3.0,0.0,2.0,0.0,0.6666666666666666
112,missense,,-0.09461604767674439,-0.01258497811287108,-0.08203106956387331,False,3.0,0.0,2.0,0.0,0.6666666666666666
112,missense,,0.04536667052648196,-0.007415820815841421,0.05278249134232338,False,3.0,0.0,2.0,0.0,0.6666666666666666
112,missense,,0.002586902623188063,-0.013292266709090617,0.01587916933227868,False,3.0,0.0,2.0,0.0,0.6666666666666666
112,missense,,-0.11348868016365073,-0.017661751236162718,-0.09582692892748801,False,3.0,0.0,2.0,0.0,0.6666666666666666
112,synonymous,,-0.04739165582521275,-0.02418076560366907,-0.02321089022154368,False,3.0,0.0,2.0,0.0,0.6666666666666666
112,synonymous,,0.030686373306533246,-0.021432881468198148,0.052119254774731394,False,3.0,0.0,2.0,0.0,0.6666666666666666
112,synonymous,,-0.055716547009631794,-0.01258497811287108,-0.043131568896760716,False,3.0,0.0,2.0,0.0,0.6666666666666666
112,synonymous,,-0.01781742115812143,-0.007415820815841421,-0.010401600342280007,False,3.0,0.0,2.0,0.0,0.6666666666666666
112,synonymous,,-0.004309481370338714,-0.013292266709090617,0.008982785338751902,False,3.0,0.0,2.0,0.0,0.6666666666666666
112,synonymous,,-0.013835814961122562,-0.017661751236162718,0.003825936275040156,False,3.0,0.0,2.0,0.0,0.6666666666666666
113,missense,,-0.06013658212727272,-0.02418076560366907,-0.03595581652360365,False,1.0,0.0,1.0,0.0,1.0
113,missense,,-0.9907758387616379,-0.021432881468198148,-0.9693429572934398,False,1.0,0.0,1.0,0.0,1.0
113,missense,,-0.0618158489905165,-0.01258497811287108,-0.049230870877645425,False,1.0,0.0,1.0,0.0,1.0
113,missense,,-1.2795296169058887,-0.007415820815841421,-1.2721137960900473,False,1.0,0.0,1.0,0.0,1.0
113,missense,,0.2240864189760835,-0.013292266709090617,0.23737868568517412,False,1.0,0.0,1.0,0.0,1.0
113,missense,,-0.00962279862713394,-0.017661751236162718,0.008038952609028777,False,1.0,0.0,1.0,0.0,1.0
113,synonymous,,0.01215774233994349,-0.02418076560366907,0.036338507943612555,False,5.0,0.0,1.0,0.0,0.2
113,synonymous,,-0.017547175138156665,-0.021432881468198148,0.003885706330041483,False,5.0,0.0,1.0,0.0,0.2
113,synonymous,,-0.06888655188322221,-0.01258497811287108,-0.056301573770351124,False,5.0,0.0,1.0,0.0,0.2
113,synonymous,,0.00954134951192777,-0.007415820815841421,0.01695717032776919,False,5.0,0.0,1.0,0.0,0.2
113,synonymous,,-0.010215376211016806,-0.013292266709090617,0.00307689049807381,False,5.0,0.0,1.0,0.0,0.2
113,synonymous,,-0.013599028271072401,-0.017661751236162718,0.004062722965090316,False,5.0,0.0,1.0,0.0,0.2
114,synonymous,,0.006321634546610569,-0.02418076560366907,0.03050240015027964,False,2.0,0.0,1.0,0.0,0.5
114,synonymous,,0.0006863182991596606,-0.021432881468198148,0.02211919976735781,False,2.0,0.0,1.0,0.0,0.5
114,synonymous,,0.01294619915614742,-0.01258497811287108,0.0255311772690185,False,2.0,0.0,1.0,0.0,0.5
114,synonymous,,0.0027130657112260964,-0.007415820815841421,0.010128886527067518,False,2.0,0.0,1.0,0.0,0.5
114,synonymous,,0.006698431328192339,-0.013292266709090617,0.019990698037282956,False,2.0,0.0,1.0,0.0,0.5
114,synonymous,,-0.0053865918953081085,-0.017661751236162718,0.01227515934085461,False,2.0,0.0,1.0,0.0,0.5
115,missense,,-0.1658279134462762,-0.02418076560366907,-0.14164714784260712,False,9.0,0.0,7.0,0.0,0.7777777777777778
115,missense,,0.04672613052442119,-0.021432881468198148,0.06815901199261934,False,9.0,0.0,7.0,0.0,0.7777777777777778
115,missense,,-0.06840238115269272,-0.01258497811287108,-0.055817403039821634,False,9.0,0.0,7.0,0.0,0.7777777777777778
115,missense,,-0.005875129774807717,-0.007415820815841421,0.0015406910410337045,False,9.0,0.0,7.0,0.0,0.7777777777777778
115,missense,,-0.00027261316949678217,-0.013292266709090617,0.013019653539593834,False,9.0,0.0,7.0,0.0,0.7777777777777778
115,missense,,-0.009245578656183327,-0.017661751236162718,0.00841617257997939,False,9.0,0.0,7.0,0.0,0.7777777777777778
115,synonymous,,-0.0038464189060862645,-0.02418076560366907,0.020334346697582804,False,5.0,1.0,3.0,0.2,0.6
115,synonymous,,-0.0017156735122044139,-0.021432881468198148,0.019717207955993733,False,5.0,1.0,3.0,0.2,0.6
115,synonymous,,-0.006210053121208048,-0.01258497811287108,0.006374924991663033,False,5.0,1.0,3.0,0.2,0.6
115,synonymous,,0.007283713685855831,-0.007415820815841421,0.014699534501697253,False,5.0,1.0,3.0,0.2,0.6
115,synonymous,,0.016360728801039955,-0.013292266709090617,0.02965299551013057,False,5.0,1.0,3.0,0.2,0.6
115,synonymous,,-0.010556650486628412,-0.017661751236162718,0.007105100749534306,False,5.0,1.0,3.0,0.2,0.6
116,missense,,-0.010171160008094295,-0.02418076560366907,0.014009605595574775,False,4.0,1.0,3.0,0.25,0.75
116,missense,,0.004958082494499334,-0.021432881468198148,0.02639096396269748,False,4.0,1.0,3.0,0.25,0.75
116,missense,,-0.01093735040754141,-0.01258497811287108,0.0016476277053296701,False,4.0,1.0,3.0,0.25,0.75
116,missense,,-0.018953828351030887,-0.007415820815841421,-0.011538007535189465,False,4.0,1.0,3.0,0.25,0.75
116,missense,,0.02475318986317291,-0.013292266709090617,0.03804545657226353,False,4.0,1.0,3.0,0.25,0.75
116,missense,,-0.0035767407723066276,-0.017661751236162718,0.014085010463856091,False,4.0,1.0,3.0,0.25,0.75
116,synonymous,,0.01469701769561433,-0.02418076560366907,0.0388777832992834,False,4.0,0.0,1.0,0.0,0.25
116,synonymous,,-0.012807313939691693,-0.021432881468198148,0.008625567528506455,False,4.0,0.0,1.0,0.0,0.25
116,synonymous,,0.010997054304482334,-0.01258497811287108,0.023582032417353415,False,4.0,0.0,1.0,0.0,0.25
116,synonymous,,0.014585250861673737,-0.007415820815841421,0.02200107167751516,False,4.0,0.0,1.0,0.0,0.25
116,synonymous,,-0.018742119677600907,-0.013292266709090617,-0.005449852968510291,False,4.0,0.0,1.0,0.0,0.25
116,synonymous,,-0.0018176949363058364,-0.017661751236162718,0.01584405629985688,False,4.0,0.0,1.0,0.0,0.25
117,missense,,-0.3061846151783696,-0.02418076560366907,-0.28200384957470054,False,2.0,0.0,1.0,0.0,0.5
117,missense,,-0.32813402609013226,-0.021432881468198148,-0.3067011446219341,False,2.0,0.0,1.0,0.0,0.5
117,missense,,0.17783411696277104,-0.01258497811287108,0.19041909507564211,False,2.0,0.0,1.0,0.0,0.5
117,missense,,-0.30846605904601304,-0.007415820815841421,-0.30105023823017163,False,2.0,0.0,1.0,0.0,0.5
117,missense,,-0.28877023356279463,-0.013292266709090617,-0.275477966853704,False,2.0,0.0,1.0,0.0,0.5
117,missense,,0.031758090140713145,-0.017661751236162718,0.04941984137687586,False,2.0,0.0,1.0,0.0,0.5
117,synonymous,,0.0030655120342015867,-0.02418076560366907,0.027246277637870655,False,4.0,1.0,3.0,0.25,0.75
117,synonymous,,-0.3029560506225163,-0.021432881468198148,-0.28152316915431813,False,4.0,1.0,3.0,0.25,0.75
117,synonymous,,-0.0913473620319948,-0.01258497811287108,-0.07876238391912371,False,4.0,1.0,3.0,0.25,0.75
117,synonymous,,-0.03302414913370149,-0.007415820815841421,-0.025608328317860068,False,4.0,1.0,3.0,0.25,0.75
117,synonymous,,-0.11407966621021773,-0.013292266709090617,-0.10078739950112711,False,4.0,1.0,3.0,0.25,0.75
117,synonymous,,-0.01955276941844031,-0.017661751236162718,-0.0018910181822775936,False,4.0,1.0,3.0,0.25,0.75
118,missense,,-0.011107720846367257,-0.02418076560366907,0.013073044757301812,False,7.0,2.0,4.0,0.2857142857142857,0.5714285714285714
118,missense,,-0.0654638768254166,-0.021432881468198148,-0.04403099535721845,False,7.0,2.0,4.0,0.2857142857142857,0.5714285714285714
118,missense,,-0.023202181211534206,-0.01258497811287108,-0.010617203098663125,False,7.0,2.0,4.0,0.2857142857142857,0.5714285714285714
118,missense,,-0.02911067669489946,-0.007415820815841421,-0.021694855879058037,False,7.0,2.0,4.0,0.2857142857142857,0.5714285714285714
118,missense,,-0.06562694666661376,-0.013292266709090617,-0.05233467995752314,False,7.0,2.0,4.0,0.2857142857142857,0.5714285714285714
118,missense,,-0.00801718837525963,-0.017661751236162718,0.009644562860903087,False,7.0,2.0,4.0,0.2857142857142857,0.5714285714285714
118,synonymous,,-0.1328777942806828,-0.02418076560366907,-0.10869702867701374,False,6.0,1.0,2.0,0.16666666666666666,0.3333333333333333
118,synonymous,,-0.07758391573279581,-0.021432881468198148,-0.056151034264597666,False,6.0,1.0,2.0,0.16666666666666666,0.3333333333333333
118,synonymous,,-0.09083468026113502,-0.01258497811287108,-0.07824970214826393,False,6.0,1.0,2.0,0.16666666666666666,0.3333333333333333
118,synonymous,,-0.06496779581214127,-0.007415820815841421,-0.05755197499629985,False,6.0,1.0,2.0,0.16666666666666666,0.3333333333333333
118,synonymous,,-0.1490451747286955,-0.013292266709090617,-0.13575290801960488,False,6.0,1.0,2.0,0.16666666666666666,0.3333333333333333
118,synonymous,,-0.15173908727203014,-0.017661751236162718,-0.1340773360358674,False,6.0,1.0,2.0,0.16666666666666666,0.3333333333333333
119,missense,,-0.07627044882775443,-0.02418076560366907,-0.05208968322408536,False,9.0,2.0,5.0,0.2222222222222222,0.5555555555555556
119,missense,,-0.0026694096077979046,-0.021432881468198148,0.018763471860400244,False,9.0,2.0,5.0,0.2222222222222222,0.5555555555555556
119,missense,,0.021748670849374676,-0.01258497811287108,0.03433364896224576,False,9.0,2.0,5.0,0.2222222222222222,0.5555555555555556
119,missense,,-0.011299292342232007,-0.007415820815841421,-0.003883471526390586,False,9.0,2.0,5.0,0.2222222222222222,0.5555555555555556
119,missense,,-0.01352253103580767,-0.013292266709090617,-0.00023026432671705357,False,9.0,2.0,5.0,0.2222222222222222,0.5555555555555556
119,missense,,-0.03783214522073162,-0.017661751236162718,-0.0201703939845689,False,9.0,2.0,5.0,0.2222222222222222,0.5555555555555556
119,synonymous,,-0.06170009909772399,-0.02418076560366907,-0.037519333494054924,False,6.0,2.0,3.0,0.3333333333333333,0.5
119,synonymous,,-0.012073679660744003,-0.021432881468198148,0.009359201807454144,False,6.0,2.0,3.0,0.3333333333333333,0.5
119,synonymous,,0.025927491411354524,-0.01258497811287108,0.0385124695242256,False,6.0,2.0,3.0,0.3333333333333333,0.5
119,synonymous,,-0.009001653000199278,-0.007415820815841421,-0.0015858321843578568,False,6.0,2.0,3.0,0.3333333333333333,0.5
119,synonymous,,-0.01100975297296965,-0.013292266709090617,0.002282513736120966,False,6.0,2.0,3.0,0.3333333333333333,0.5
119,synonymous,,-0.06779162783913197,-0.017661751236162718,-0.05012987660296925,False,6.0,2.0,3.0,0.3333333333333333,0.5
120,missense,,-0.011198183098386268,-0.02418076560366907,0.012982582505282801,False,5.0,1.0,2.0,0.2,0.4
120,missense,,-0.004937352183052148,-0.021432881468198148,0.016495529285146,False,5.0,1.0,2.0,0.2,0.4
120,missense,,-0.010951610550847214,-0.01258497811287108,0.0016333675620238668,False,5.0,1.0,2.0,0.2,0.4
120,missense,,-0.010945655300925788,-0.007415820815841421,-0.0035298344850843667,False,5.0,1.0,2.0,0.2,0.4
120,missense,,0.011036232059285122,-0.013292266709090617,0.02432849876837574,False,5.0,1.0,2.0,0.2,0.4
120,missense,,0.01635419843346594,-0.017661751236162718,0.03401594966962866,False,5.0,1.0,2.0,0.2,0.4
120,synonymous,,-0.013778175782653793,-0.02418076560366907,0.010402589821015277,False,7.0,0.0,2.0,0.0,0.2857142857142857
120,synonymous,,-0.007392368792084934,-0.021432881468198148,0.014040512676113214,False,7.0,0.0,2.0,0.0,0.2857142857142857
120,synonymous,,-0.021134096718504167,-0.01258497811287108,-0.008549118605633087,False,7.0,0.0,2.0,0.0,0.2857142857142857
120,synonymous,,-0.0035877467407888376,-0.007415820815841421,0.003828074075052584,False,7.0,0.0,2.0,0.0,0.2857142857142857
120,synonymous,,-0.005814056967992581,-0.013292266709090617,0.007478209741098036,False,7.0,0.0,2.0,0.0,0.2857142857142857
120,synonymous,,-0.008646015478863877,-0.017661751236162718,0.00901573575729884,False,7.0,0.0,2.0,0.0,0.2857142857142857
121,missense,,-0.14334100420034346,-0.02418076560366907,-0.11916023859667439,False,8.0,1.0,4.0,0.125,0.5
121,missense,,-0.054648076356828924,-0.021432881468198148,-0.03321519488863078,False,8.0,1.0,4.0,0.125,0.5
121,missense,,0.0637493268005895,-0.01258497811287108,0.07633430491346059,False,8.0,1.0,4.0,0.125,0.5
121,missense,,-0.07099606057409258,-0.007415820815841421,-0.06358023975825115,False,8.0,1.0,4.0,0.125,0.5
121,missense,,-0.04580909508372702,-0.013292266709090617,-0.0325168283746364,False,8.0,1.0,4.0,0.125,0.5
121,missense,,-0.045935001750034433,-0.017661751236162718,-0.028273250513871716,False,8.0,1.0,4.0,0.125,0.5
121,synonymous,,-0.10419798517421552,-0.02418076560366907,-0.08001721957054646,False,13.0,6.0,8.0,0.46153846153846156,0.6153846153846154
121,synonymous,,-0.06301705514727536,-0.021432881468198148,-0.04158417367907721,False,13.0,6.0,8.0,0.46153846153846156,0.6153846153846154
121,synonymous,,-0.037858964796196645,-0.01258497811287108,-0.025273986683325565,False,13.0,6.0,8.0,0.46153846153846156,0.6153846153846154
121,synonymous,,-0.01842178091675147,-0.007415820815841421,-0.011005960100910046,False,13.0,6.0,8.0,0.46153846153846156,0.6153846153846154
121,synonymous,,-0.043463590939771285,-0.013292266709090617,-0.03017132423068067,False,13.0,6.0,8.0,0.46153846153846156,0.6153846153846154
121,synonymous,,-0.031597304602273224,-0.017661751236162718,-0.013935553366110506,False,13.0,6.0,8.0,0.46153846153846156,0.6153846153846154
122,missense,,-0.0955619544578822,-0.02418076560366907,-0.07138118885421313,False,10.0,3.0,5.0,0.3,0.5
122,missense,,-0.13816746933555032,-0.021432881468198148,-0.11673458786735218,False,10.0,3.0,5.0,0.3,0.5
122,missense,,-0.10493548203858945,-0.01258497811287108,-0.09235050392571836,False,10.0,3.0,5.0,0.3,0.5
122,missense,,-0.06766239404721111,-0.007415820815841421,-0.06024657323136969,False,10.0,3.0,5.0,0.3,0.5
122,missense,,-0.0931086121887075,-0.013292266709090617,-0.07981634547961688,False,10.0,3.0,5.0,0.3,0.5
122,missense,,-0.08261575157895867,-0.017661751236162718,-0.06495400034279596,False,10.0,3.0,5.0,0.3,0.5
122,synonymous,,-0.28312792447474816,-0.02418076560366907,-0.2589471588710791,False,7.0,4.0,4.0,0.5714285714285714,0.5714285714285714
122,synonymous,,-0.2393692000170004,-0.021432881468198148,-0.21793631854880224,False,7.0,4.0,4.0,0.5714285714285714,0.5714285714285714
122,synonymous,,-0.2007626118082612,-0.01258497811287108,-0.18817763369539012,False,7.0,4.0,4.0,0.5714285714285714,0.5714285714285714
122,synonymous,,-0.20641335811421424,-0.007415820815841421,-0.19899753729837283,False,7.0,4.0,4.0,0.5714285714285714,0.5714285714285714
122,synonymous,,-0.12192932294451564,-0.013292266709090617,-0.10863705623542502,False,7.0,4.0,4.0,0.5714285714285714,0.5714285714285714
122,synonymous,,-0.2009914086539776,-0.017661751236162718,-0.18332965741781487,False,7.0,4.0,4.0,0.5714285714285714,0.5714285714285714
123,missense,,-0.021154240795809506,-0.02418076560366907,0.003026524807859563,False,10.0,1.0,6.0,0.1,0.6
123,missense,,-0.044791697924982145,-0.021432881468198148,-0.023358816456783997,False,10.0,1.0,6.0,0.1,0.6
123,missense,,0.01063265512980858,-0.01258497811287108,0.023217633242679662,False,10.0,1.0,6.0,0.1,0.6
123,missense,,-0.030210342878273354,-0.007415820815841421,-0.022794522062431932,False,10.0,1.0,6.0,0.1,0.6
123,missense,,-0.01319142146873863,-0.013292266709090617,0.00010084524035198703,False,10.0,1.0,6.0,0.1,0.6
123,missense,,-0.03505799212911744,-0.017661751236162718,-0.017396240892954724,False,10.0,1.0,6.0,0.1,0.6
123,synonymous,,-0.07331776901769174,-0.02418076560366907,-0.049137003414022676,False,12.0,1.0,5.0,0.08333333333333333,0.4166666666666667
123,synonymous,,0.001151334879002591,-0.021432881468198148,0.022584216347200738,False,12.0,1.0,5.0,0.08333333333333333,0.4166666666666667
123,synonymous,,-0.04352602373809594,-0.01258497811287108,-0.030941045625224862,False,12.0,1.0,5.0,0.08333333333333333,0.4166666666666667
123,synonymous,,0.02902858449440911,-0.007415820815841421,0.03644440531025053,False,12.0,1.0,5.0,0.08333333333333333,0.4166666666666667
123,synonymous,,0.014879199877841632,-0.013292266709090617,0.02817146658693225,False,12.0,1.0,5.0,0.08333333333333333,0.4166666666666667
123,synonymous,,-0.0012513158158664174,-0.017661751236162718,0.0164104354202963,False,12.0,1.0,5.0,0.08333333333333333,0.4166666666666667
124,missense,,-0.0003767199233869506,-0.02418076560366907,0.023804045680282118,False,16.0,3.0,6.0,0.1875,0.375
124,missense,,-0.01249501690588836,-0.021432881468198148,0.008937864562309788,False,16.0,3.0,6.0,0.1875,0.375
124,missense,,0.004305720447826123,-0.01258497811287108,0.016890698560697203,False,16.0,3.0,6.0,0.1875,0.375
124,missense,,-0.013386421981460467,-0.007415820815841421,-0.005970601165619046,False,16.0,3.0,6.0,0.1875,0.375
124,missense,,-0.00890626789627738,-0.013292266709090617,0.004385998812813237,False,16.0,3.0,6.0,0.1875,0.375
124,missense,,-0.023776978080445762,-0.017661751236162718,-0.006115226844283044,False,16.0,3.0,6.0,0.1875,0.375
124,synonymous,,-0.045782964117729814,-0.02418076560366907,-0.021602198514060745,False,16.0,2.0,5.0,0.125,0.3125
124,synonymous,,-0.018602181784098795,-0.021432881468198148,0.0028306996840993526,False,16.0,2.0,5.0,0.125,0.3125
124,synonymous,,-0.05819506168356522,-0.01258497811287108,-0.04561008357069414,False,16.0,2.0,5.0,0.125,0.3125
124,synonymous,,-0.03747462942432183,-0.007415820815841421,-0.030058808608480408,False,16.0,2.0,5.0,0.125,0.3125
124,synonymous,,-0.018658332406202724,-0.013292266709090617,-0.005366065697112107,False,16.0,2.0,5.0,0.125,0.3125
124,synonymous,,-0.03192624194851012,-0.017661751236162718,-0.014264490712347401,False,16.0,2.0,5.0,0.125,0.3125
125,missense,,-0.03274996731820502,-0.02418076560366907,-0.008569201714535953,False,13.0,1.0,5.0,0.07692307692307693,0.38461538461538464
125,missense,,-0.0013445737417593204,-0.021432881468198148,0.02008830772643883,False,13.0,1.0,5.0,0.07692307692307693,0.38461538461538464
125,missense,,-0.0032513090024016656,-0.01258497811287108,0.009333669110469414,False,13.0,1.0,5.0,0.07692307692307693,0.38461538461538464
125,missense,,-0.007372927494583933,-0.007415820815841421,4.289332125748807e-05,False,13.0,1.0,5.0,0.07692307692307693,0.38461538461538464
125,missense,,-0.008365248259271782,-0.013292266709090617,0.004927018449818835,False,13.0,1.0,5.0,0.07692307692307693,0.38461538461538464
125,missense,,-0.010339311316700527,-0.017661751236162718,0.0073224399194621904,False,13.0,1.0,5.0,0.07692307692307693,0.38461538461538464
125,synonymous,,-0.019705701978055455,-0.02418076560366907,0.004475063625613614,False,2.0,1.0,1.0,0.5,0.5
125,synonymous,,-0.004090509763297508,-0.021432881468198148,0.01734237170490064,False,2.0,1.0,1.0,0.5,0.5
125,synonymous,,0.005458273156852771,-0.01258497811287108,0.01804325126972385,False,2.0,1.0,1.0,0.5,0.5
125,synonymous,,0.007765059833993033,-0.007415820815841421,0.015180880649834454,False,2.0,1.0,1.0,0.5,0.5
125,synonymous,,0.0047540751582196734,-0.013292266709090617,0.01804634186731029,False,2.0,1.0,1.0,0.5,0.5
125,synonymous,,0.00875925176371597,-0.017661751236162718,0.026421002999878686,False,2.0,1.0,1.0,0.5,0.5
126,missense,,-0.01407683022614148,-0.02418076560366907,0.010103935377527589,False,9.0,2.0,5.0,0.2222222222222222,0.5555555555555556
126,missense,,-0.0632331694358798,-0.021432881468198148,-0.04180028796768165,False,9.0,2.0,5.0,0.2222222222222222,0.5555555555555556
126,missense,,-0.029958162394000214,-0.01258497811287108,-0.017373184281129134,False,9.0,2.0,5.0,0.2222222222222222,0.5555555555555556
126,missense,,-0.05377412711812486,-0.007415820815841421,-0.04635830630228344,False,9.0,2.0,5.0,0.2222222222222222,0.5555555555555556
126,missense,,-0.03427029632248398,-0.013292266709090617,-0.020978029613393366,False,9.0,2.0,5.0,0.2222222222222222,0.5555555555555556
126,missense,,-0.026736551555471496,-0.017661751236162718,-0.009074800319308778,False,9.0,2.0,5.0,0.2222222222222222,0.5555555555555556
126,synonymous,,-0.029001281821154787,-0.02418076560366907,-0.004820516217485717,False,31.0,6.0,16.0,0.1935483870967742,0.5161290322580645
126,synonymous,,-0.02973305122638875,-0.021432881468198148,-0.008300169758190604,False,31.0,6.0,16.0,0.1935483870967742,0.5161290322580645
126,synonymous,,-0.013667105209234287,-0.01258497811287108,-0.001082127096363206,False,31.0,6.0,16.0,0.1935483870967742,0.5161290322580645
126,synonymous,,-0.007536444657829807,-0.007415820815841421,-0.00012062384198838552,False,31.0,6.0,16.0,0.1935483870967742,0.5161290322580645
126,synonymous,,-0.014545204943275422,-0.013292266709090617,-0.0012529382341848055,False,31.0,6.0,16.0,0.1935483870967742,0.5161290322580645
126,synonymous,,-0.021080030734183203,-0.017661751236162718,-0.0034182794980204857,False,31.0,6.0,16.0,0.1935483870967742,0.5161290322580645
127,missense,,-1.5640394482257989,-0.02418076560366907,-1.5398586826221299,False,11.0,5.0,9.0,0.45454545454545453,0.8181818181818182
127,missense,,-0.06695019874312685,-0.021432881468198148,-0.045517317274928706,False,11.0,5.0,9.0,0.45454545454545453,0.8181818181818182
127,missense,,-0.004222996966852068,-0.01258497811287108,0.008361981146019014,False,11.0,5.0,9.0,0.45454545454545453,0.8181818181818182
127,missense,,-0.2994979562129109,-0.007415820815841421,-0.2920821353970695,False,11.0,5.0,9.0,0.45454545454545453,0.8181818181818182
127,missense,,-1.6952853749015535,-0.013292266709090617,-1.6819931081924628,False,11.0,5.0,9.0,0.45454545454545453,0.8181818181818182
127,missense,,-0.017772568101700807,-0.017661751236162718,-0.00011081686553808881,False,11.0,5.0,9.0,0.45454545454545453,0.8181818181818182
128,missense,,-0.018453651978671194,-0.02418076560366907,0.005727113624997875,False,16.0,2.0,5.0,0.125,0.3125
128,missense,,-0.06049873004198038,-0.021432881468198148,-0.03906584857378223,False,16.0,2.0,5.0,0.125,0.3125
128,missense,,-0.07495495185939287,-0.01258497811287108,-0.062369973746521784,False,16.0,2.0,5.0,0.125,0.3125
128,missense,,-0.060283448241013754,-0.007415820815841421,-0.052867627425172335,False,16.0,2.0,5.0,0.125,0.3125
128,missense,,-0.08116202301642382,-0.013292266709090617,-0.0678697563073332,False,16.0,2.0,5.0,0.125,0.3125
128,missense,,-0.07817932481322976,-0.017661751236162718,-0.06051757357706704,False,16.0,2.0,5.0,0.125,0.3125
128,synonymous,,-0.042397291169509695,-0.02418076560366907,-0.018216525565840625,False,22.0,4.0,11.0,0.18181818181818182,0.5
128,synonymous,,-0.008474748602489614,-0.021432881468198148,0.012958132865708533,False,22.0,4.0,11.0,0.18181818181818182,0.5
128,synonymous,,-0.029093383034939257,-0.01258497811287108,-0.016508404922068176,False,22.0,4.0,11.0,0.18181818181818182,0.5
128,synonymous,,0.002641784745163466,-0.007415820815841421,0.010057605561004887,False,22.0,4.0,11.0,0.18181818181818182,0.5
128,synonymous,,-0.019497437364688598,-0.013292266709090617,-0.006205170655597982,False,22.0,4.0,11.0,0.18181818181818182,0.5
128,synonymous,,-0.05181744240678313,-0.017661751236162718,-0.034155691170620416,False,22.0,4.0,11.0,0.18181818181818182,0.5
129,missense,,-0.02535041578325293,-0.02418076560366907,-0.0011696501795838594,False,28.0,5.0,13.0,0.17857142857142858,0.4642857142857143
129,missense,,-0.03711303721956085,-0.021432881468198148,-0.015680155751362702,False,28.0,5.0,13.0,0.17857142857142858,0.4642857142857143
129,missense,,-0.010591522473940511,-0.01258497811287108,0.00199345563893057,False,28.0,5.0,13.0,0.17857142857142858,0.4642857142857143
129,missense,,-0.016469439872497542,-0.007415820815841421,-0.00905361905665612,False,28.0,5.0,13.0,0.17857142857142858,0.4642857142857143
129,missense,,-0.05496201551626465,-0.013292266709090617,-0.041669748807174035,False,28.0,5.0,13.0,0.17857142857142858,0.4642857142857143
129,missense,,-0.04041153125922282,-0.017661751236162718,-0.0227497800230601,False,28.0,5.0,13.0,0.17857142857142858,0.4642857142857143
129,synonymous,,-0.04243899179777258,-0.02418076560366907,-0.01825822619410351,False,14.0,1.0,7.0,0.07142857142857142,0.5
129,synonymous,,-0.006764130906600318,-0.021432881468198148,0.014668750561597829,False,14.0,1.0,7.0,0.07142857142857142,0.5
129,synonymous,,0.03678056971748421,-0.01258497811287108,0.049365547830355294,False,14.0,1.0,7.0,0.07142857142857142,0.5
129,synonymous,,-0.008160553089571473,-0.007415820815841421,-0.0007447322737300513,False,14.0,1.0,7.0,0.07142857142857142,0.5
129,synonymous,,-0.02846830024189083,-0.013292266709090617,-0.015176033532800212,False,14.0,1.0,7.0,0.07142857142857142,0.5
129,synonymous,,-0.043767008132641706,-0.017661751236162718,-0.02610525689647899,False,14.0,1.0,7.0,0.07142857142857142,0.5
130,missense,,-0.06877019913091006,-0.02418076560366907,-0.044589433527241,False,15.0,1.0,7.0,0.06666666666666667,0.4666666666666667
130,missense,,-0.1656437511322046,-0.021432881468198148,-0.14421086966400642,False,15.0,1.0,7.0,0.06666666666666667,0.4666666666666667
130,missense,,-0.04673166750768639,-0.01258497811287108,-0.03414668939481531,False,15.0,1.0,7.0,0.06666666666666667,0.4666666666666667
130,missense,,-0.05142254046110378,-0.007415820815841421,-0.044006719645262364,False,15.0,1.0,7.0,0.06666666666666667,0.4666666666666667
130,missense,,-0.1794533888101148,-0.013292266709090617,-0.16616112210102418,False,15.0,1.0,7.0,0.06666666666666667,0.4666666666666667
130,missense,,-0.10494832210102838,-0.017661751236162718,-0.08728657086486566,False,15.0,1.0,7.0,0.06666666666666667,0.4666666666666667
130,synonymous,,-0.009442356303531607,-0.02418076560366907,0.014738409300137463,False,1.0,0.0,0.0,0.0,0.0
130,synonymous,,-0.026709919652614596,-0.021432881468198148,-0.005277038184416449,False,1.0,0.0,0.0,0.0,0.0
130,synonymous,,0.03271341801440335,-0.01258497811287108,0.04529839612727443,False,1.0,0.0,0.0,0.0,0.0
130,synonymous,,-0.11088324225401386,-0.007415820815841421,-0.10346742143817243,False,1.0,0.0,0.0,0.0,0.0
130,synonymous,,-0.01889116570117937,-0.013292266709090617,-0.005598898992088753,False,1.0,0.0,0.0,0.0,0.0
130,synonymous,,-0.09706993818160274,-0.017661751236162718,-0.07940818694544002,False,1.0,0.0,0.0,0.0,0.0
131,missense,,-2.1190816132019776,-0.02418076560366907,-2.0949008475983084,True,8.0,6.0,7.0,0.75,0.875
131,missense,,-1.9607292486931016,-0.021432881468198148,-1.9392963672249035,True,8.0,6.0,7.0,0.75,0.875
131,missense,,-2.456741747573833,-0.01258497811287108,-2.444156769460962,True,8.0,6.0,7.0,0.75,0.875
131,missense,,-2.1583730154491603,-0.007415820815841421,-2.150957194633319,True,8.0,6.0,7.0,0.75,0.875
131,missense,,-2.0208320456340942,-0.013292266709090617,-2.0075397789250036,True,8.0,6.0,7.0,0.75,0.875
131,missense,,-2.088754288688218,-0.017661751236162718,-2.0710925374520555,True,8.0,6.0,7.0,0.75,0.875
131,synonymous,,-0.012091411728495562,-0.02418076560366907,0.012089353875173507,False,14.0,2.0,6.0,0.14285714285714285,0.42857142857142855
131,synonymous,,-0.06255986163311607,-0.021432881468198148,-0.04112698016491792,False,14.0,2.0,6.0,0.14285714285714285,0.42857142857142855
131,synonymous,,-0.01594038986302487,-0.01258497811287108,-0.003355411750153789,False,14.0,2.0,6.0,0.14285714285714285,0.42857142857142855
131,synonymous,,-0.027171388588401575,-0.007415820815841421,-0.019755567772560153,False,14.0,2.0,6.0,0.14285714285714285,0.42857142857142855
131,synonymous,,-0.03253833396120733,-0.013292266709090617,-0.019246067252116715,False,14.0,2.0,6.0,0.14285714285714285,0.42857142857142855
131,synonymous,,-0.031649423939654614,-0.017661751236162718,-0.013987672703491896,False,14.0,2.0,6.0,0.14285714285714285,0.42857142857142855
132,missense,,-0.06996082819777844,-0.02418076560366907,-0.04578006259410937,False,4.0,0.0,2.0,0.0,0.5
132,missense,,-0.0009420522721529276,-0.021432881468198148,0.02049082919604522,False,4.0,0.0,2.0,0.0,0.5
132,missense,,0.059173680335380244,-0.01258497811287108,0.07175865844825133,False,4.0,0.0,2.0,0.0,0.5
132,missense,,-0.09063089939449068,-0.007415820815841421,-0.08321507857864925,False,4.0,0.0,2.0,0.0,0.5
132,missense,,-0.06647972491874192,-0.013292266709090617,-0.0531874582096513,False,4.0,0.0,2.0,0.0,0.5
132,missense,,-0.027485074447588513,-0.017661751236162718,-0.009823323211425795,False,4.0,0.0,2.0,0.0,0.5
132,synonymous,,-0.02561974296572909,-0.02418076560366907,-0.0014389773620600219,False,19.0,2.0,8.0,0.10526315789473684,0.42105263157894735
132,synonymous,,-0.03353672361368781,-0.021432881468198148,-0.012103842145489666,False,19.0,2.0,8.0,0.10526315789473684,0.42105263157894735
132,synonymous,,-0.008678393865075983,-0.01258497811287108,0.003906584247795098,False,19.0,2.0,8.0,0.10526315789473684,0.42105263157894735
132,synonymous,,-0.0059573881564643025,-0.007415820815841421,0.0014584326593771188,False,19.0,2.0,8.0,0.10526315789473684,0.42105263157894735
132,synonymous,,-0.004402568311277024,-0.013292266709090617,0.008889698397813593,False,19.0,2.0,8.0,0.10526315789473684,0.42105263157894735
132,synonymous,,-0.02406006824489895,-0.017661751236162718,-0.006398317008736231,False,19.0,2.0,8.0,0.10526315789473684,0.42105263157894735
133,missense,,-0.027052099756670812,-0.02418076560366907,-0.002871334153001743,False,7.0,2.0,3.0,0.2857142857142857,0.42857142857142855
133,missense,,-0.0063424797519356976,-0.021432881468198148,0.01509040171626245,False,7.0,2.0,3.0,0.2857142857142857,0.42857142857142855
133,missense,,-0.0011010034900776305,-0.01258497811287108,0.01148397462279345,False,7.0,2.0,3.0,0.2857142857142857,0.42857142857142855
133,missense,,-0.013102282079771816,-0.007415820815841421,-0.005686461263930394,False,7.0,2.0,3.0,0.2857142857142857,0.42857142857142855
133,missense,,-0.01505085769115199,-0.013292266709090617,-0.001758590982061374,False,7.0,2.0,3.0,0.2857142857142857,0.42857142857142855
133,missense,,-0.0012347281290704796,-0.017661751236162718,0.016427023107092237,False,7.0,2.0,3.0,0.2857142857142857,0.42857142857142855
133,synonymous,,-0.1555490642033646,-0.02418076560366907,-0.1313682985996955,False,13.0,1.0,7.0,0.07692307692307693,0.5384615384615384
133,synonymous,,-0.08446022349674374,-0.021432881468198148,-0.0630273420285456,False,13.0,1.0,7.0,0.07692307692307693,0.5384615384615384
133,synonymous,,0.06765695449391272,-0.01258497811287108,0.0802419326067838,False,13.0,1.0,7.0,0.07692307692307693,0.5384615384615384
133,synonymous,,-0.1223801242192616,-0.007415820815841421,-0.11496430340342018,False,13.0,1.0,7.0,0.07692307692307693,0.5384615384615384
133,synonymous,,-0.04293087220299094,-0.013292266709090617,-0.029638605493900322,False,13.0,1.0,7.0,0.07692307692307693,0.5384615384615384
133,synonymous,,-0.03092509584201167,-0.017661751236162718,-0.01326334460584895,False,13.0,1.0,7.0,0.07692307692307693,0.5384615384615384
134,missense,,-0.02873304241164818,-0.02418076560366907,-0.004552276807979112,False,2.0,1.0,1.0,0.5,0.5
134,missense,,-0.036039997779902,-0.021432881468198148,-0.014607116311703854,False,2.0,1.0,1.0,0.5,0.5
134,missense,,-0.059116643120258966,-0.01258497811287108,-0.04653166500738788,False,2.0,1.0,1.0,0.5,0.5
134,missense,,-0.03154564026218981,-0.007415820815841421,-0.02412981944634839,False,2.0,1.0,1.0,0.5,0.5
134,missense,,-0.016850682476936586,-0.013292266709090617,-0.0035584157678459696,False,2.0,1.0,1.0,0.5,0.5
134,missense,,-0.056092509787171264,-0.017661751236162718,-0.03843075855100855,False,2.0,1.0,1.0,0.5,0.5
134,synonymous,,-0.007521553624731912,-0.02418076560366907,0.016659211978937157,False,15.0,1.0,6.0,0.06666666666666667,0.4
134,synonymous,,-0.026988327150895577,-0.021432881468198148,-0.005555445682697429,False,15.0,1.0,6.0,0.06666666666666667,0.4
134,synonymous,,0.0029055868250030025,-0.01258497811287108,0.015490564937874082,False,15.0,1.0,6.0,0.06666666666666667,0.4
134,synonymous,,0.0011453181743848089,-0.007415820815841421,0.00856113899022623,False,15.0,1.0,6.0,0.06666666666666667,0.4
134,synonymous,,-0.0097710958970029,-0.013292266709090617,0.003521170812087717,False,15.0,1.0,6.0,0.06666666666666667,0.4
134,synonymous,,-0.005760599694344486,-0.017661751236162718,0.011901151541818231,False,15.0,1.0,6.0,0.06666666666666667,0.4
135,missense,,-0.009018391671897115,-0.02418076560366907,0.015162373931771955,False,12.0,2.0,8.0,0.16666666666666666,0.6666666666666666
135,missense,,-0.02499322775467361,-0.021432881468198148,-0.003560346286475464,False,12.0,2.0,8.0,0.16666666666666666,0.6666666666666666
135,missense,,-0.010535171279251175,-0.01258497811287108,0.0020498068336199052,False,12.0,2.0,8.0,0.16666666666666666,0.6666666666666666
135,missense,,-0.007148996318404949,-0.007415820815841421,0.0002668244974364728,False,12.0,2.0,8.0,0.16666666666666666,0.6666666666666666
135,missense,,-0.042293378178180706,-0.013292266709090617,-0.02900111146909009,False,12.0,2.0,8.0,0.16666666666666666,0.6666666666666666
135,missense,,-0.015302705472932266,-0.017661751236162718,0.0023590457632304516,False,12.0,2.0,8.0,0.16666666666666666,0.6666666666666666
135,synonymous,,-0.009308582185782408,-0.02418076560366907,0.014872183417886662,False,5.0,1.0,1.0,0.2,0.2
135,synonymous,,-0.08365189469081868,-0.021432881468198148,-0.06221901322262054,False,5.0,1.0,1.0,0.2,0.2
135,synonymous,,-0.05596829284964077,-0.01258497811287108,-0.04338331473676969,False,5.0,1.0,1.0,0.2,0.2
135,synonymous,,0.01188700047287275,-0.007415820815841421,0.019302821288714172,False,5.0,1.0,1.0,0.2,0.2
135,synonymous,,-0.0034198991393415913,-0.013292266709090617,0.009872367569749026,False,5.0,1.0,1.0,0.2,0.2
135,synonymous,,-0.06468956626801112,-0.017661751236162718,-0.0470278150318484,False,5.0,1.0,1.0,0.2,0.2
136,missense,,-0.09866284759323703,-0.02418076560366907,-0.07448208198956796,False,9.0,1.0,6.0,0.1111111111111111,0.6666666666666666
136,missense,,-0.05123579332441415,-0.021432881468198148,-0.029802911856216002,False,9.0,1.0,6.0,0.1111111111111111,0.6666666666666666
136,missense,,0.017365837294969103,-0.01258497811287108,0.029950815407840184,False,9.0,1.0,6.0,0.1111111111111111,0.6666666666666666
136,missense,,-0.07906922967300005,-0.007415820815841421,-0.07165340885715862,False,9.0,1.0,6.0,0.1111111111111111,0.6666666666666666
136,missense,,-0.5919027050492461,-0.013292266709090617,-0.5786104383401556,False,9.0,1.0,6.0,0.1111111111111111,0.6666666666666666
136,missense,,-0.07281108860313779,-0.017661751236162718,-0.05514933736697507,False,9.0,1.0,6.0,0.1111111111111111,0.6666666666666666
136,synonymous,,-0.012819225820178198,-0.02418076560366907,0.011361539783490871,False,1.0,0.0,1.0,0.0,1.0
136,synonymous,,-0.008821738505503472,-0.021432881468198148,0.012611142962694676,False,1.0,0.0,1.0,0.0,1.0
136,synonymous,,-0.2888254256506035,-0.01258497811287108,-0.2762404475377324,False,1.0,0.0,1.0,0.0,1.0
136,synonymous,,-0.042749847084885564,-0.007415820815841421,-0.035334026269044146,False,1.0,0.0,1.0,0.0,1.0
136,synonymous,,-0.011870302867562589,-0.013292266709090617,0.0014219638415280279,False,1.0,0.0,1.0,0.0,1.0
136,synonymous,,-0.03616385741597113,-0.017661751236162718,-0.018502106179808415,False,1.0,0.0,1.0,0.0,1.0
137,missense,,-0.09603444640926567,-0.02418076560366907,-0.0718536808055966,False,3.0,0.0,2.0,0.0,0.6666666666666666
137,missense,,-0.057265947016154575,-0.021432881468198148,-0.03583306554795643,False,3.0,0.0,2.0,0.0,0.6666666666666666
137,missense,,0.035247249274904774,-0.01258497811287108,0.04783222738777586,False,3.0,0.0,2.0,0.0,0.6666666666666666
137,missense,,0.013196282146282878,-0.007415820815841421,0.0206121029621243,False,3.0,0.0,2.0,0.0,0.6666666666666666
137,missense,,-0.8195008967926996,-0.013292266709090617,-0.8062086300836089,False,3.0,0.0,2.0,0.0,0.6666666666666666
137,missense,,-0.07064727717962661,-0.017661751236162718,-0.052985525943463896,False,3.0,0.0,2.0,0.0,0.6666666666666666
137,synonymous,,0.03345488565915148,-0.02418076560366907,0.05763565126282055,False,1.0,0.0,1.0,0.0,1.0
137,synonymous,,-0.03873101186023606,-0.021432881468198148,-0.01729813039203791,False,1.0,0.0,1.0,0.0,1.0
137,synonymous,,-0.010040496948364706,-0.01258497811287108,0.002544481164506375,False,1.0,0.0,1.0,0.0,1.0
137,synonymous,,0.00462338859061978,-0.007415820815841421,0.0120392094064612,False,1.0,0.0,1.0,0.0,1.0
137,synonymous,,-0.0442806172063205,-0.013292266709090617,-0.03098835049722988,False,1.0,0.0,1.0,0.0,1.0
137,synonymous,,0.009620172272389461,-0.017661751236162718,0.02728192350855218,False,1.0,0.0,1.0,0.0,1.0
138,missense,,-0.02816179882256427,-0.02418076560366907,-0.003981033218895199,False,7.0,0.0,4.0,0.0,0.5714285714285714
138,missense,,-0.025921040073117917,-0.021432881468198148,-0.0044881586049197696,False,7.0,0.0,4.0,0.0,0.5714285714285714
138,missense,,-0.009920773486856696,-0.01258497811287108,0.0026642046260143843,False,7.0,0.0,4.0,0.0,0.5714285714285714
138,missense,,-0.02820932622350156,-0.007415820815841421,-0.02079350540766014,False,7.0,0.0,4.0,0.0,0.5714285714285714
138,missense,,-0.012382927492220228,-0.013292266709090617,0.0009093392168703883,False,7.0,0.0,4.0,0.0,0.5714285714285714
138,missense,,-0.0063311724310421025,-0.017661751236162718,0.011330578805120615,False,7.0,0.0,4.0,0.0,0.5714285714285714
138,synonymous,,-0.10948283092873953,-0.02418076560366907,-0.08530206532507047,False,4.0,2.0,4.0,0.5,1.0
138,synonymous,,-0.027231853801191443,-0.021432881468198148,-0.005798972332993296,False,4.0,2.0,4.0,0.5,1.0
138,synonymous,,-0.09946677107805965,-0.01258497811287108,-0.08688179296518857,False,4.0,2.0,4.0,0.5,1.0
138,synonymous,,-0.15912920401388556,-0.007415820815841421,-0.15171338319804414,False,4.0,2.0,4.0,0.5,1.0
138,synonymous,,-0.10244673607712991,-0.013292266709090617,-0.0891544693680393,False,4.0,2.0,4.0,0.5,1.0
138,synonymous,,-0.17349498044876274,-0.017661751236162718,-0.1558332292126,False,4.0,2.0,4.0,0.5,1.0
139,missense,,0.17136191348901716,-0.02418076560366907,0.19554267909268624,False,1.0,0.0,0.0,0.0,0.0
139,missense,,0.01689093314168911,-0.021432881468198148,0.038323814609887256,False,1.0,0.0,0.0,0.0,0.0
139,missense,,0.0005746049829590213,-0.01258497811287108,0.013159583095830102,False,1.0,0.0,0.0,0.0,0.0
139,missense,,-0.022962335081408086,-0.007415820815841421,-0.015546514265566663,False,1.0,0.0,0.0,0.0,0.0
139,missense,,-0.6929887704026326,-0.013292266709090617,-0.6796965036935421,False,1.0,0.0,0.0,0.0,0.0
139,missense,,0.021174763724788232,-0.017661751236162718,0.038836514960950946,False,1.0,0.0,0.0,0.0,0.0
139,synonymous,,-0.03766991451535843,-0.02418076560366907,-0.013489148911689359,False,12.0,3.0,4.0,0.25,0.3333333333333333
139,synonymous,,-0.025164867156093642,-0.021432881468198148,-0.003731985687895494,False,12.0,3.0,4.0,0.25,0.3333333333333333
139,synonymous,,-0.02759274647057872,-0.01258497811287108,-0.015007768357707639,False,12.0,3.0,4.0,0.25,0.3333333333333333
139,synonymous,,-0.004378000758742947,-0.007415820815841421,0.0030378200570984745,False,12.0,3.0,4.0,0.25,0.3333333333333333
139,synonymous,,-0.00029172292991413155,-0.013292266709090617,0.013000543779176485,False,12.0,3.0,4.0,0.25,0.3333333333333333
139,synonymous,,-0.020654996710736805,-0.017661751236162718,-0.002993245474574087,False,12.0,3.0,4.0,0.25,0.3333333333333333
140,missense,,-0.024233409133754522,-0.02418076560366907,-5.264353008545275e-05,False,3.0,1.0,3.0,0.3333333333333333,1.0
140,missense,,0.007520379371297443,-0.021432881468198148,0.028953260839495593,False,3.0,1.0,3.0,0.3333333333333333,1.0
140,missense,,0.024264366283502457,-0.01258497811287108,0.03684934439637354,False,3.0,1.0,3.0,0.3333333333333333,1.0
140,missense,,0.013079389492869459,-0.007415820815841421,0.02049521030871088,False,3.0,1.0,3.0,0.3333333333333333,1.0
140,missense,,-9.654928899989806e-05,-0.013292266709090617,0.013195717420090718,False,3.0,1.0,3.0,0.3333333333333333,1.0
140,missense,,-0.011418419981411338,-0.017661751236162718,0.006243331254751379,False,3.0,1.0,3.0,0.3333333333333333,1.0
140,synonymous,,-0.017879314391188568,-0.02418076560366907,0.0063014512124805015,False,3.0,1.0,2.0,0.3333333333333333,0.6666666666666666
140,synonymous,,-0.16843145965429426,-0.021432881468198148,-0.14699857818609613,False,3.0,1.0,2.0,0.3333333333333333,0.6666666666666666
140,synonymous,,-0.047026244195838826,-0.01258497811287108,-0.03444126608296774,False,3.0,1.0,2.0,0.3333333333333333,0.6666666666666666
140,synonymous,,-0.003879087405400458,-0.007415820815841421,0.0035367334104409636,False,3.0,1.0,2.0,0.3333333333333333,0.6666666666666666
140,synonymous,,-0.237334364119213,-0.013292266709090617,-0.22404209741012238,False,3.0,1.0,2.0,0.3333333333333333,0.6666666666666666
140,synonymous,,-0.07851330942513833,-0.017661751236162718,-0.06085155818897561,False,3.0,1.0,2.0,0.3333333333333333,0.6666666666666666
141,missense,,-0.029890103786782894,-0.02418076560366907,-0.005709338183113824,False,11.0,2.0,4.0,0.18181818181818182,0.36363636363636365
141,missense,,-0.0141538905909276,-0.021432881468198148,0.007278990877270547,False,11.0,2.0,4.0,0.18181818181818182,0.36363636363636365
141,missense,,-0.02030878868514223,-0.01258497811287108,-0.007723810572271148,False,11.0,2.0,4.0,0.18181818181818182,0.36363636363636365
141,missense,,-0.004300107170202715,-0.007415820815841421,0.0031157136456387065,False,11.0,2.0,4.0,0.18181818181818182,0.36363636363636365
141,missense,,-0.012145882770610059,-0.013292266709090617,0.001146383938480558,False,11.0,2.0,4.0,0.18181818181818182,0.36363636363636365
141,missense,,-0.04577488745794855,-0.017661751236162718,-0.02811313622178583,False,11.0,2.0,4.0,0.18181818181818182,0.36363636363636365
141,synonymous,,-0.09381654377300196,-0.02418076560366907,-0.06963577816933289,False,8.0,2.0,5.0,0.25,0.625
141,synonymous,,-0.028416961325977323,-0.021432881468198148,-0.006984079857779175,False,8.0,2.0,5.0,0.25,0.625
141,synonymous,,-0.0600925564814192,-0.01258497811287108,-0.04750757836854812,False,8.0,2.0,5.0,0.25,0.625
141,synonymous,,-0.026353144047045675,-0.007415820815841421,-0.018937323231204253,False,8.0,2.0,5.0,0.25,0.625
141,synonymous,,-0.042041182404491444,-0.013292266709090617,-0.028748915695400827,False,8.0,2.0,5.0,0.25,0.625
141,synonymous,,-0.0727879577383375,-0.017661751236162718,-0.055126206502174785,False,8.0,2.0,5.0,0.25,0.625
142,missense,,0.0433381953076725,-0.02418076560366907,0.06751896091134157,False,9.0,1.0,4.0,0.1111111111111111,0.4444444444444444
142,missense,,-0.018529266319607243,-0.021432881468198148,0.0029036151485909052,False,9.0,1.0,4.0,0.1111111111111111,0.4444444444444444
142,missense,,-0.008337027330344022,-0.01258497811287108,0.004247950782527059,False,9.0,1.0,4.0,0.1111111111111111,0.4444444444444444
142,missense,,-0.0048604427409524075,-0.007415820815841421,0.002555378074889014,False,9.0,1.0,4.0,0.1111111111111111,0.4444444444444444
142,missense,,-0.05055291906407667,-0.013292266709090617,-0.03726065235498605,False,9.0,1.0,4.0,0.1111111111111111,0.4444444444444444
142,missense,,-0.004422988366627056,-0.017661751236162718,0.013238762869535662,False,9.0,1.0,4.0,0.1111111111111111,0.4444444444444444
142,synonymous,,-0.027545850425853585,-0.02418076560366907,-0.0033650848221845157,False,8.0,1.0,3.0,0.125,0.375
142,synonymous,,-0.03215080291326038,-0.021432881468198148,-0.010717921445062235,False,8.0,1.0,3.0,0.125,0.375
142,synonymous,,-0.012303282922589425,-0.01258497811287108,0.0002816951902816552,False,8.0,1.0,3.0,0.125,0.375
142,synonymous,,-0.017479607729800027,-0.007415820815841421,-0.010063786913958605,False,8.0,1.0,3.0,0.125,0.375
142,synonymous,,-0.027183536658691314,-0.013292266709090617,-0.013891269949600698,False,8.0,1.0,3.0,0.125,0.375
142,synonymous,,-0.02794962744140776,-0.017661751236162718,-0.010287876205245041,False,8.0,1.0,3.0,0.125,0.375
143,missense,,-0.06263889130533806,-0.02418076560366907,-0.038458125701668996,False,6.0,1.0,4.0,0.16666666666666666,0.6666666666666666
143,missense,,-0.05011802344609605,-0.021432881468198148,-0.0286851419778979,False,6.0,1.0,4.0,0.16666666666666666,0.6666666666666666
143,missense,,-0.04326506779895869,-0.01258497811287108,-0.030680089686087608,False,6.0,1.0,4.0,0.16666666666666666,0.6666666666666666
143,missense,,-0.054698710440461755,-0.007415820815841421,-0.047282889624620336,False,6.0,1.0,4.0,0.16666666666666666,0.6666666666666666
143,missense,,-0.014847857164641504,-0.013292266709090617,-0.0015555904555508877,False,6.0,1.0,4.0,0.16666666666666666,0.6666666666666666
143,missense,,-0.018786551181175674,-0.017661751236162718,-0.001124799945012956,False,6.0,1.0,4.0,0.16666666666666666,0.6666666666666666
143,synonymous,,-0.08420283174994708,-0.02418076560366907,-0.060022066146278016,False,5.0,0.0,3.0,0.0,0.6
143,synonymous,,-0.013088430278064193,-0.021432881468198148,0.008344451190133955,False,5.0,0.0,3.0,0.0,0.6
143,synonymous,,-0.018459895559061763,-0.01258497811287108,-0.005874917446190682,False,5.0,0.0,3.0,0.0,0.6
143,synonymous,,-0.06227831887332648,-0.007415820815841421,-0.05486249805748506,False,5.0,0.0,3.0,0.0,0.6
143,synonymous,,0.0006206018017005557,-0.013292266709090617,0.013912868510791172,False,5.0,0.0,3.0,0.0,0.6
143,synonymous,,0.00964417249912834,-0.017661751236162718,0.02730592373529106,False,5.0,0.0,3.0,0.0,0.6
144,missense,,-0.053870132057706556,-0.02418076560366907,-0.029689366454037486,False,15.0,0.0,6.0,0.0,0.4
144,missense,,-0.04878071257992531,-0.021432881468198148,-0.027347831111727165,False,15.0,0.0,6.0,0.0,0.4
144,missense,,-0.016561597595916393,-0.01258497811287108,-0.003976619483045313,False,15.0,0.0,6.0,0.0,0.4
144,missense,,-0.025278163078897617,-0.007415820815841421,-0.017862342263056195,False,15.0,0.0,6.0,0.0,0.4
144,missense,,-0.036297353931384536,-0.013292266709090617,-0.02300508722229392,False,15.0,0.0,6.0,0.0,0.4
144,missense,,-0.05021033481296303,-0.017661751236162718,-0.032548583576800315,False,15.0,0.0,6.0,0.0,0.4
144,synonymous,,-0.02547674932071737,-0.02418076560366907,-0.0012959837170482998,False,16.0,4.0,9.0,0.25,0.5625
144,synonymous,,-0.00041914077019581547,-0.021432881468198148,0.021013740698002333,False,16.0,4.0,9.0,0.25,0.5625
144,synonymous,,0.019381776351352575,-0.01258497811287108,0.03196675446422366,False,16.0,4.0,9.0,0.25,0.5625
144,synonymous,,-0.021059999167501866,-0.007415820815841421,-0.013644178351660444,False,16.0,4.0,9.0,0.25,0.5625
144,synonymous,,-0.023176692783672445,-0.013292266709090617,-0.009884426074581829,False,16.0,4.0,9.0,0.25,0.5625
144,synonymous,,-0.01764912183716705,-0.017661751236162718,1.262939899566648e-05,False,16.0,4.0,9.0,0.25,0.5625
145,missense,,-0.020213985843985198,-0.02418076560366907,0.0039667797596838715,False,12.0,0.0,5.0,0.0,0.4166666666666667
145,missense,,4.203316013168891e-05,-0.021432881468198148,0.021474914628329837,False,12.0,0.0,5.0,0.0,0.4166666666666667
145,missense,,0.0048394976069030425,-0.01258497811287108,0.017424475719774124,False,12.0,0.0,5.0,0.0,0.4166666666666667
145,missense,,-0.01196783233615398,-0.007415820815841421,-0.0045520115203125594,False,12.0,0.0,5.0,0.0,0.4166666666666667
145,missense,,-0.028774717969303875,-0.013292266709090617,-0.015482451260213258,False,12.0,0.0,5.0,0.0,0.4166666666666667
145,missense,,0.0072518840964422935,-0.017661751236162718,0.02491363533260501,False,12.0,0.0,5.0,0.0,0.4166666666666667
145,synonymous,,-0.011178264619811851,-0.02418076560366907,0.013002500983857218,False,12.0,4.0,6.0,0.3333333333333333,0.5
145,synonymous,,0.0028280256703995662,-0.021432881468198148,0.024260907138597715,False,12.0,4.0,6.0,0.3333333333333333,0.5
145,synonymous,,-0.00592283341409339,-0.01258497811287108,0.00666214469877769,False,12.0,4.0,6.0,0.3333333333333333,0.5
145,synonymous,,-0.03515614053998846,-0.007415820815841421,-0.027740319724147037,False,12.0,4.0,6.0,0.3333333333333333,0.5
145,synonymous,,-0.06185511139958235,-0.013292266709090617,-0.048562844690491734,False,12.0,4.0,6.0,0.3333333333333333,0.5
145,synonymous,,-0.03094806029649005,-0.017661751236162718,-0.013286309060327333,False,12.0,4.0,6.0,0.3333333333333333,0.5
146,missense,,-0.03336032533780457,-0.02418076560366907,-0.009179559734135503,False,20.0,2.0,10.0,0.1,0.5
146,missense,,-0.018542584627196417,-0.021432881468198148,0.0028902968410017306,False,20.0,2.0,10.0,0.1,0.5
146,missense,,0.0011306403880558785,-0.01258497811287108,0.013715618500926959,False,20.0,2.0,10.0,0.1,0.5
146,missense,,-0.025638838350403956,-0.007415820815841421,-0.018223017534562534,False,20.0,2.0,10.0,0.1,0.5
146,missense,,-0.07733196155137448,-0.013292266709090617,-0.06403969484228386,False,20.0,2.0,10.0,0.1,0.5
146,missense,,-0.015076291925240817,-0.017661751236162718,0.002585459310921901,False,20.0,2.0,10.0,0.1,0.5
146,synonymous,,-0.01008925898903549,-0.02418076560366907,0.01409150661463358,False,14.0,2.0,5.0,0.14285714285714285,0.35714285714285715
146,synonymous,,-0.03746263343815501,-0.021432881468198148,-0.01602975196995686,False,14.0,2.0,5.0,0.14285714285714285,0.35714285714285715
146,synonymous,,-0.0412984118919482,-0.01258497811287108,-0.028713433779077122,False,14.0,2.0,5.0,0.14285714285714285,0.35714285714285715
146,synonymous,,-0.021335033744124,-0.007415820815841421,-0.013919212928282576,False,14.0,2.0,5.0,0.14285714285714285,0.35714285714285715
146,synonymous,,-0.014546291648435749,-0.013292266709090617,-0.0012540249393451323,False,14.0,2.0,5.0,0.14285714285714285,0.35714285714285715
146,synonymous,,-0.05272945775422188,-0.017661751236162718,-0.03506770651805916,False,14.0,2.0,5.0,0.14285714285714285,0.35714285714285715
147,missense,,-0.016799771475681274,-0.02418076560366907,0.007380994127987796,False,16.0,1.0,7.0,0.0625,0.4375
147,missense,,-0.015167134558391313,-0.021432881468198148,0.006265746909806835,False,16.0,1.0,7.0,0.0625,0.4375
147,missense,,-0.001713954315129334,-0.01258497811287108,0.010871023797741746,False,16.0,1.0,7.0,0.0625,0.4375
147,missense,,-0.003290284629428486,-0.007415820815841421,0.004125536186412935,False,16.0,1.0,7.0,0.0625,0.4375
147,missense,,-0.0028725826975472568,-0.013292266709090617,0.01041968401154336,False,16.0,1.0,7.0,0.0625,0.4375
147,missense,,-0.012713768498266515,-0.017661751236162718,0.0049479827378962025,False,16.0,1.0,7.0,0.0625,0.4375
147,synonymous,,0.006489626657855573,-0.02418076560366907,0.030670392261524643,False,4.0,0.0,1.0,0.0,0.25
147,synonymous,,-0.003591538137267911,-0.021432881468198148,0.017841343330930237,False,4.0,0.0,1.0,0.0,0.25
147,synonymous,,0.01859301423010871,-0.01258497811287108,0.031177992342979792,False,4.0,0.0,1.0,0.0,0.25
147,synonymous,,-0.001176586842352455,-0.007415820815841421,0.006239233973488967,False,4.0,0.0,1.0,0.0,0.25
147,synonymous,,-0.03836781112563135,-0.013292266709090617,-0.02507554441654073,False,4.0,0.0,1.0,0.0,0.25
147,synonymous,,0.018375856303830686,-0.017661751236162718,0.0360376075399934,False,4.0,0.0,1.0,0.0,0.25
148,missense,,0.005908874134615544,-0.02418076560366907,0.030089639738284615,False,12.0,3.0,4.0,0.25,0.3333333333333333
148,missense,,-0.15887160064303302,-0.021432881468198148,-0.13743871917483486,False,12.0,3.0,4.0,0.25,0.3333333333333333
148,missense,,-0.004441024303062083,-0.01258497811287108,0.008143953809808997,False,12.0,3.0,4.0,0.25,0.3333333333333333
148,missense,,-0.01831751538172727,-0.007415820815841421,-0.010901694565885849,False,12.0,3.0,4.0,0.25,0.3333333333333333
148,missense,,-0.13862999196854747,-0.013292266709090617,-0.12533772525945686,False,12.0,3.0,4.0,0.25,0.3333333333333333
148,missense,,0.04109784622764703,-0.017661751236162718,0.058759597463809744,False,12.0,3.0,4.0,0.25,0.3333333333333333
148,synonymous,,-0.06731987604952845,-0.02418076560366907,-0.043139110445859385,False,5.0,1.0,3.0,0.2,0.6
148,synonymous,,0.0037307248450769758,-0.021432881468198148,0.025163606313275123,False,5.0,1.0,3.0,0.2,0.6
148,synonymous,,0.04018560469398847,-0.01258497811287108,0.05277058280685955,False,5.0,1.0,3.0,0.2,0.6
148,synonymous,,-0.025450040932899765,-0.007415820815841421,-0.018034220117058342,False,5.0,1.0,3.0,0.2,0.6
148,synonymous,,0.003299305025274775,-0.013292266709090617,0.01659157173436539,False,5.0,1.0,3.0,0.2,0.6
148,synonymous,,-0.026747359970094243,-0.017661751236162718,-0.009085608733931525,False,5.0,1.0,3.0,0.2,0.6
149,missense,,-0.1523415683918422,-0.02418076560366907,-0.12816080278817313,False,14.0,3.0,11.0,0.21428571428571427,0.7857142857142857
149,missense,,-0.1961893100233446,-0.021432881468198148,-0.17475642855514645,False,14.0,3.0,11.0,0.21428571428571427,0.7857142857142857
149,missense,,-0.030447918856953683,-0.01258497811287108,-0.017862940744082602,False,14.0,3.0,11.0,0.21428571428571427,0.7857142857142857
149,missense,,-0.10444689763864884,-0.007415820815841421,-0.09703107682280741,False,14.0,3.0,11.0,0.21428571428571427,0.7857142857142857
149,missense,,-0.074775247049949,-0.013292266709090617,-0.06148298034085839,False,14.0,3.0,11.0,0.21428571428571427,0.7857142857142857
149,missense,,-0.06692940999905564,-0.017661751236162718,-0.04926765876289292,False,14.0,3.0,11.0,0.21428571428571427,0.7857142857142857
149,synonymous,,-0.01605108337637024,-0.02418076560366907,0.008129682227298828,False,21.0,3.0,10.0,0.14285714285714285,0.47619047619047616
149,synonymous,,-0.015567118794766095,-0.021432881468198148,0.005865762673432053,False,21.0,3.0,10.0,0.14285714285714285,0.47619047619047616
149,synonymous,,-0.01218110798698667,-0.01258497811287108,0.00040387012588441115,False,21.0,3.0,10.0,0.14285714285714285,0.47619047619047616
149,synonymous,,0.007364078742067337,-0.007415820815841421,0.014779899557908758,False,21.0,3.0,10.0,0.14285714285714285,0.47619047619047616
149,synonymous,,-0.019043015343754997,-0.013292266709090617,-0.00575074863466438,False,21.0,3.0,10.0,0.14285714285714285,0.47619047619047616
149,synonymous,,-0.015310621707245842,-0.017661751236162718,0.002351129528916876,False,21.0,3.0,10.0,0.14285714285714285,0.47619047619047616
150,missense,,-0.058477585699583515,-0.02418076560366907,-0.03429682009591445,False,15.0,1.0,9.0,0.06666666666666667,0.6
150,missense,,-0.02900695474196687,-0.021432881468198148,-0.007574073273768724,False,15.0,1.0,9.0,0.06666666666666667,0.6
150,missense,,-0.017523921136813718,-0.01258497811287108,-0.004938943023942637,False,15.0,1.0,9.0,0.06666666666666667,0.6
150,missense,,-0.02243759555423564,-0.007415820815841421,-0.015021774738394219,False,15.0,1.0,9.0,0.06666666666666667,0.6
150,missense,,-0.015438198511899386,-0.013292266709090617,-0.0021459318028087693,False,15.0,1.0,9.0,0.06666666666666667,0.6
150,missense,,-0.033575770547777606,-0.017661751236162718,-0.015914019311614888,False,15.0,1.0,9.0,0.06666666666666667,0.6
150,synonymous,,-0.041326112547554195,-0.02418076560366907,-0.017145346943885125,False,3.0,0.0,1.0,0.0,0.3333333333333333
150,synonymous,,-0.145682403267651,-0.021432881468198148,-0.12424952179945285,False,3.0,0.0,1.0,0.0,0.3333333333333333
150,synonymous,,-0.036245995000933326,-0.01258497811287108,-0.023661016888062245,False,3.0,0.0,1.0,0.0,0.3333333333333333
150,synonymous,,-0.12494870170556746,-0.007415820815841421,-0.11753288088972604,False,3.0,0.0,1.0,0.0,0.3333333333333333
150,synonymous,,0.037309683261616634,-0.013292266709090617,0.05060194997070725,False,3.0,0.0,1.0,0.0,0.3333333333333333
150,synonymous,,-0.03693996128890999,-0.017661751236162718,-0.01927821005274727,False,3.0,0.0,1.0,0.0,0.3333333333333333
151,missense,,-0.010487062984518784,-0.02418076560366907,0.013693702619150285,False,6.0,1.0,3.0,0.16666666666666666,0.5
151,missense,,-0.036307445362390625,-0.021432881468198148,-0.014874563894192477,False,6.0,1.0,3.0,0.16666666666666666,0.5
151,missense,,-0.03617265332290552,-0.01258497811287108,-0.02358767521003444,False,6.0,1.0,3.0,0.16666666666666666,0.5
151,missense,,-0.021398498976446925,-0.007415820815841421,-0.013982678160605503,False,6.0,1.0,3.0,0.16666666666666666,0.5
151,missense,,-0.0679895697427617,-0.013292266709090617,-0.05469730303367108,False,6.0,1.0,3.0,0.16666666666666666,0.5
151,missense,,-0.003643641823812544,-0.017661751236162718,0.014018109412350174,False,6.0,1.0,3.0,0.16666666666666666,0.5
151,synonymous,,-0.05579267414207458,-0.02418076560366907,-0.03161190853840551,False,3.0,0.0,0.0,0.0,0.0
151,synonymous,,0.014640020739158155,-0.021432881468198148,0.0360729022073563,False,3.0,0.0,0.0,0.0,0.0
151,synonymous,,-0.03489280461472754,-0.01258497811287108,-0.02230782650185646,False,3.0,0.0,0.0,0.0,0.0
151,synonymous,,-0.013595422159604662,-0.007415820815841421,-0.006179601343763241,False,3.0,0.0,0.0,0.0,0.0
151,synonymous,,-0.0007324357366756378,-0.013292266709090617,0.01255983097241498,False,3.0,0.0,0.0,0.0,0.0
151,synonymous,,-0.00189086602130241,-0.017661751236162718,0.01577088521486031,False,3.0,0.0,0.0,0.0,0.0
152,missense,,-0.01640657797389585,-0.02418076560366907,0.007774187629773218,False,7.0,3.0,5.0,0.42857142857142855,0.7142857142857143
152,missense,,-0.03728230347866216,-0.021432881468198148,-0.015849422010464013,False,7.0,3.0,5.0,0.42857142857142855,0.7142857142857143
152,missense,,-0.004823431791731675,-0.01258497811287108,0.007761546321139405,False,7.0,3.0,5.0,0.42857142857142855,0.7142857142857143
152,missense,,-0.018380558126007484,-0.007415820815841421,-0.010964737310166062,False,7.0,3.0,5.0,0.42857142857142855,0.7142857142857143
152,missense,,-0.02428885428214725,-0.013292266709090617,-0.010996587573056632,False,7.0,3.0,5.0,0.42857142857142855,0.7142857142857143
152,missense,,-0.04799971526336044,-0.017661751236162718,-0.030337964027197725,False,7.0,3.0,5.0,0.42857142857142855,0.7142857142857143
152,synonymous,,-0.18705857294263106,-0.02418076560366907,-0.16287780733896198,False,2.0,1.0,2.0,0.5,1.0
152,synonymous,,-0.19928581136935963,-0.021432881468198148,-0.17785292990116147,False,2.0,1.0,2.0,0.5,1.0
152,synonymous,,-0.14051406907456543,-0.01258497811287108,-0.12792909096169436,False,2.0,1.0,2.0,0.5,1.0
152,synonymous,,-0.10743511058695555,-0.007415820815841421,-0.10001928977111413,False,2.0,1.0,2.0,0.5,1.0
152,synonymous,,-0.04061291167669447,-0.013292266709090617,-0.027320644967603856,False,2.0,1.0,2.0,0.5,1.0
152,synonymous,,-0.054962702128112474,-0.017661751236162718,-0.037300950891949756,False,2.0,1.0,2.0,0.5,1.0
153,missense,,-0.0627619369489726,-0.02418076560366907,-0.03858117134530353,False,4.0,0.0,1.0,0.0,0.25
153,missense,,-0.046589871607977194,-0.021432881468198148,-0.025156990139779047,False,4.0,0.0,1.0,0.0,0.25
153,missense,,0.09727715568827586,-0.01258497811287108,0.10986213380114694,False,4.0,0.0,1.0,0.0,0.25
153,missense,,-0.07001370576348143,-0.007415820815841421,-0.06259788494764,False,4.0,0.0,1.0,0.0,0.25
153,missense,,-0.02194427045636886,-0.013292266709090617,-0.008652003747278245,False,4.0,0.0,1.0,0.0,0.25
153,missense,,0.003578632089994869,-0.017661751236162718,0.02124038332615759,False,4.0,0.0,1.0,0.0,0.25
153,synonymous,,-0.14898933510776372,-0.02418076560366907,-0.12480856950409465,False,7.0,1.0,3.0,0.14285714285714285,0.42857142857142855
153,synonymous,,-0.04675424205935015,-0.021432881468198148,-0.025321360591152003,False,7.0,1.0,3.0,0.14285714285714285,0.42857142857142855
153,synonymous,,-0.030042079995592243,-0.01258497811287108,-0.017457101882721163,False,7.0,1.0,3.0,0.14285714285714285,0.42857142857142855
153,synonymous,,-0.012506679003448838,-0.007415820815841421,-0.005090858187607417,False,7.0,1.0,3.0,0.14285714285714285,0.42857142857142855
153,synonymous,,-0.05932986756606739,-0.013292266709090617,-0.04603760085697677,False,7.0,1.0,3.0,0.14285714285714285,0.42857142857142855
153,synonymous,,-0.00020606220510324124,-0.017661751236162718,0.017455689031059478,False,7.0,1.0,3.0,0.14285714285714285,0.42857142857142855
154,missense,,-0.06551092519667938,-0.02418076560366907,-0.04133015959301031,False,3.0,0.0,2.0,0.0,0.6666666666666666
154,missense,,-0.07992604577387673,-0.021432881468198148,-0.05849316430567858,False,3.0,0.0,2.0,0.0,0.6666666666666666
154,missense,,0.040620526379059,-0.01258497811287108,0.05320550449193008,False,3.0,0.0,2.0,0.0,0.6666666666666666
154,missense,,0.005327660902455314,-0.007415820815841421,0.012743481718296736,False,3.0,0.0,2.0,0.0,0.6666666666666666
154,missense,,0.06498064410979118,-0.013292266709090617,0.0782729108188818,False,3.0,0.0,2.0,0.0,0.6666666666666666
154,missense,,0.007115065138731085,-0.017661751236162718,0.024776816374893804,False,3.0,0.0,2.0,0.0,0.6666666666666666
154,synonymous,,-0.04149791699553758,-0.02418076560366907,-0.01731715139186851,False,4.0,1.0,2.0,0.25,0.5
154,synonymous,,0.00661434181154305,-0.021432881468198148,0.0280472232797412,False,4.0,1.0,2.0,0.25,0.5
154,synonymous,,0.04530192327572824,-0.01258497811287108,0.057886901388599324,False,4.0,1.0,2.0,0.25,0.5
154,synonymous,,-0.014102009927035315,-0.007415820815841421,-0.006686189111193894,False,4.0,1.0,2.0,0.25,0.5
154,synonymous,,0.006749819889195595,-0.013292266709090617,0.020042086598286213,False,4.0,1.0,2.0,0.25,0.5
154,synonymous,,-0.008771474768485882,-0.017661751236162718,0.008890276467676836,False,4.0,1.0,2.0,0.25,0.5
155,missense,,-0.011698070220050961,-0.02418076560366907,0.012482695383618108,False,5.0,0.0,2.0,0.0,0.4
155,missense,,-0.015926541741011872,-0.021432881468198148,0.0055063397271862755,False,5.0,0.0,2.0,0.0,0.4
155,missense,,0.003028112668899448,-0.01258497811287108,0.015613090781770528,False,5.0,0.0,2.0,0.0,0.4
155,missense,,-0.016077370986560435,-0.007415820815841421,-0.008661550170719012,False,5.0,0.0,2.0,0.0,0.4
155,missense,,-0.020169133040732375,-0.013292266709090617,-0.006876866331641758,False,5.0,0.0,2.0,0.0,0.4
155,missense,,-0.009119813102210769,-0.017661751236162718,0.00854193813395195,False,5.0,0.0,2.0,0.0,0.4
155,synonymous,,-0.010402754906764813,-0.02418076560366907,0.013778010696904257,False,5.0,0.0,3.0,0.0,0.6
155,synonymous,,-0.031048473130373726,-0.021432881468198148,-0.009615591662175578,False,5.0,0.0,3.0,0.0,0.6
155,synonymous,,0.016498354562707374,-0.01258497811287108,0.029083332675578454,False,5.0,0.0,3.0,0.0,0.6
155,synonymous,,-0.036662052132194034,-0.007415820815841421,-0.029246231316352612,False,5.0,0.0,3.0,0.0,0.6
155,synonymous,,-0.06426544634383398,-0.013292266709090617,-0.05097317963474336,False,5.0,0.0,3.0,0.0,0.6
155,synonymous,,-0.0011803202707042478,-0.017661751236162718,0.01648143096545847,False,5.0,0.0,3.0,0.0,0.6
156,missense,,-0.04298621676474189,-0.02418076560366907,-0.01880545116107282,False,5.0,0.0,3.0,0.0,0.6
156,missense,,-0.02472666982740171,-0.021432881468198148,-0.0032937883592035616,False,5.0,0.0,3.0,0.0,0.6
156,missense,,-0.06687422926058148,-0.01258497811287108,-0.054289251147710396,False,5.0,0.0,3.0,0.0,0.6
156,missense,,0.00528274485396643,-0.007415820815841421,0.012698565669807852,False,5.0,0.0,3.0,0.0,0.6
156,missense,,-0.008333036033640514,-0.013292266709090617,0.004959230675450102,False,5.0,0.0,3.0,0.0,0.6
156,missense,,-0.05118001533383049,-0.017661751236162718,-0.033518264097667776,False,5.0,0.0,3.0,0.0,0.6
156,synonymous,,-0.010967416588071191,-0.02418076560366907,0.013213349015597878,False,13.0,2.0,8.0,0.15384615384615385,0.6153846153846154
156,synonymous,,-0.06785484530954383,-0.021432881468198148,-0.046421963841345684,False,13.0,2.0,8.0,0.15384615384615385,0.6153846153846154
156,synonymous,,-0.027857786649447953,-0.01258497811287108,-0.015272808536576872,False,13.0,2.0,8.0,0.15384615384615385,0.6153846153846154
156,synonymous,,-0.00759521552861785,-0.007415820815841421,-0.0001793947127764284,False,13.0,2.0,8.0,0.15384615384615385,0.6153846153846154
156,synonymous,,-0.023040480824378148,-0.013292266709090617,-0.009748214115287531,False,13.0,2.0,8.0,0.15384615384615385,0.6153846153846154
156,synonymous,,-0.02001678075738744,-0.017661751236162718,-0.002355029521224721,False,13.0,2.0,8.0,0.15384615384615385,0.6153846153846154
157,missense,,-0.048243697266314174,-0.02418076560366907,-0.024062931662645105,False,7.0,0.0,2.0,0.0,0.2857142857142857
157,missense,,-0.023253750288311385,-0.021432881468198148,-0.0018208688201132375,False,7.0,0.0,2.0,0.0,0.2857142857142857
157,missense,,-0.02898434146318516,-0.01258497811287108,-0.01639936335031408,False,7.0,0.0,2.0,0.0,0.2857142857142857
157,missense,,-0.05195961275124381,-0.007415820815841421,-0.044543791935402394,False,7.0,0.0,2.0,0.0,0.2857142857142857
157,missense,,-0.0213142524915359,-0.013292266709090617,-0.008021985782445284,False,7.0,0.0,2.0,0.0,0.2857142857142857
157,missense,,-0.04851247129923652,-0.017661751236162718,-0.0308507200630738,False,7.0,0.0,2.0,0.0,0.2857142857142857
157,synonymous,,-0.1892635781521747,-0.02418076560366907,-0.16508281254850563,False,4.0,0.0,3.0,0.0,0.75
157,synonymous,,-0.020124604788228608,-0.021432881468198148,0.0013082766799695396,False,4.0,0.0,3.0,0.0,0.75
157,synonymous,,-0.17364611514616307,-0.01258497811287108,-0.161061137033292,False,4.0,0.0,3.0,0.0,0.75
157,synonymous,,-0.020713868729245608,-0.007415820815841421,-0.013298047913404186,False,4.0,0.0,3.0,0.0,0.75
157,synonymous,,0.034578015698635445,-0.013292266709090617,0.04787028240772606,False,4.0,0.0,3.0,0.0,0.75
157,synonymous,,-0.11343975108514168,-0.017661751236162718,-0.09577799984897896,False,4.0,0.0,3.0,0.0,0.75
158,missense,,-0.009597157623947746,-0.02418076560366907,0.014583607979721323,False,5.0,0.0,2.0,0.0,0.4
158,missense,,-0.016938463373503156,-0.021432881468198148,0.0044944180946949915,False,5.0,0.0,2.0,0.0,0.4
158,missense,,-0.011902088781445764,-0.01258497811287108,0.0006828893314253168,False,5.0,0.0,2.0,0.0,0.4
158,missense,,-0.0036158484174785054,-0.007415820815841421,0.003799972398362916,False,5.0,0.0,2.0,0.0,0.4
158,missense,,-0.010096690783807422,-0.013292266709090617,0.0031955759252831947,False,5.0,0.0,2.0,0.0,0.4
158,missense,,-0.0028366729876049155,-0.017661751236162718,0.014825078248557801,False,5.0,0.0,2.0,0.0,0.4
158,synonymous,,-0.05231744182366746,-0.02418076560366907,-0.02813667621999839,False,5.0,1.0,1.0,0.2,0.2
158,synonymous,,-0.0027103756765058545,-0.021432881468198148,0.018722505791692292,False,5.0,1.0,1.0,0.2,0.2
158,synonymous,,-0.013444456840269521,-0.01258497811287108,-0.0008594787273984404,False,5.0,1.0,1.0,0.2,0.2
158,synonymous,,0.0048295123840505095,-0.007415820815841421,0.01224533319989193,False,5.0,1.0,1.0,0.2,0.2
158,synonymous,,0.015338394548819238,-0.013292266709090617,0.028630661257909855,False,5.0,1.0,1.0,0.2,0.2
158,synonymous,,-0.017967765177690102,-0.017661751236162718,-0.00030601394152738465,False,5.0,1.0,1.0,0.2,0.2
159,missense,,-0.0053547475082151965,-0.02418076560366907,0.018826018095453874,False,7.0,1.0,3.0,0.14285714285714285,0.42857142857142855
159,missense,,0.0006558351036787337,-0.021432881468198148,0.02208871657187688,False,7.0,1.0,3.0,0.14285714285714285,0.42857142857142855
159,missense,,-0.013372516280818423,-0.01258497811287108,-0.0007875381679473426,False,7.0,1.0,3.0,0.14285714285714285,0.42857142857142855
159,missense,,0.012179679453929932,-0.007415820815841421,0.019595500269771353,False,7.0,1.0,3.0,0.14285714285714285,0.42857142857142855
159,missense,,-0.023595166124061345,-0.013292266709090617,-0.010302899414970729,False,7.0,1.0,3.0,0.14285714285714285,0.42857142857142855
159,missense,,0.014733165179893194,-0.017661751236162718,0.03239491641605591,False,7.0,1.0,3.0,0.14285714285714285,0.42857142857142855
159,synonymous,,-0.012444732625577402,-0.02418076560366907,0.011736032978091667,False,3.0,1.0,1.0,0.3333333333333333,0.3333333333333333
159,synonymous,,-0.008465495863527222,-0.021432881468198148,0.012967385604670926,False,3.0,1.0,1.0,0.3333333333333333,0.3333333333333333
159,synonymous,,-0.05937846209523143,-0.01258497811287108,-0.04679348398236034,False,3.0,1.0,1.0,0.3333333333333333,0.3333333333333333
159,synonymous,,0.0016223419196525549,-0.007415820815841421,0.009038162735493977,False,3.0,1.0,1.0,0.3333333333333333,0.3333333333333333
159,synonymous,,0.0048781493828389715,-0.013292266709090617,0.018170416091929587,False,3.0,1.0,1.0,0.3333333333333333,0.3333333333333333
159,synonymous,,-0.004123865051598771,-0.017661751236162718,0.013537886184563946,False,3.0,1.0,1.0,0.3333333333333333,0.3333333333333333
160,missense,,-0.015820307398092794,-0.02418076560366907,0.008360458205576276,False,8.0,0.0,1.0,0.0,0.125
160,missense,,-0.04501702387447699,-0.021432881468198148,-0.02358414240627884,False,8.0,0.0,1.0,0.0,0.125
160,missense,,-0.007294448331944528,-0.01258497811287108,0.005290529780926553,False,8.0,0.0,1.0,0.0,0.125
160,missense,,0.01350588210646309,-0.007415820815841421,0.02092170292230451,False,8.0,0.0,1.0,0.0,0.125
160,missense,,-0.0501557951374862,-0.013292266709090617,-0.03686352842839558,False,8.0,0.0,1.0,0.0,0.125
160,missense,,-0.017906712623756985,-0.017661751236162718,-0.0002449613875942676,False,8.0,0.0,1.0,0.0,0.125
160,synonymous,,-0.055585709479142924,-0.02418076560366907,-0.03140494387547385,False,4.0,2.0,3.0,0.5,0.75
160,synonymous,,-0.06859266389707397,-0.021432881468198148,-0.04715978242887582,False,4.0,2.0,3.0,0.5,0.75
160,synonymous,,0.0014747096143758187,-0.01258497811287108,0.0140596877272469,False,4.0,2.0,3.0,0.5,0.75
160,synonymous,,-0.010316434836150405,-0.007415820815841421,-0.002900614020308984,False,4.0,2.0,3.0,0.5,0.75
160,synonymous,,-0.0581605809738817,-0.013292266709090617,-0.044868314264791084,False,4.0,2.0,3.0,0.5,0.75
160,synonymous,,-0.00011090010228847737,-0.017661751236162718,0.01755085113387424,False,4.0,2.0,3.0,0.5,0.75
161,missense,,-0.02664304531579103,-0.02418076560366907,-0.00246227971212196,False,11.0,1.0,4.0,0.09090909090909091,0.36363636363636365
161,missense,,-0.012058337411449481,-0.021432881468198148,0.009374544056748667,False,11.0,1.0,4.0,0.09090909090909091,0.36363636363636365
161,missense,,-0.012029023064717093,-0.01258497811287108,0.0005559550481539881,False,11.0,1.0,4.0,0.09090909090909091,0.36363636363636365
161,missense,,0.0012300794573147306,-0.007415820815841421,0.008645900273156152,False,11.0,1.0,4.0,0.09090909090909091,0.36363636363636365
161,missense,,-0.0012649587754782496,-0.013292266709090617,0.012027307933612367,False,11.0,1.0,4.0,0.09090909090909091,0.36363636363636365
161,missense,,-0.006483745267558488,-0.017661751236162718,0.01117800596860423,False,11.0,1.0,4.0,0.09090909090909091,0.36363636363636365
161,synonymous,,-0.1697284120264006,-0.02418076560366907,-0.14554764642273152,False,5.0,0.0,4.0,0.0,0.8
161,synonymous,,-0.14879270795542635,-0.021432881468198148,-0.1273598264872282,False,5.0,0.0,4.0,0.0,0.8
161,synonymous,,-0.13415587634261666,-0.01258497811287108,-0.12157089822974558,False,5.0,0.0,4.0,0.0,0.8
161,synonymous,,-0.07196187282866363,-0.007415820815841421,-0.06454605201282221,False,5.0,0.0,4.0,0.0,0.8
161,synonymous,,-0.08016134940825533,-0.013292266709090617,-0.06686908269916471,False,5.0,0.0,4.0,0.0,0.8
161,synonymous,,-0.10308758545589952,-0.017661751236162718,-0.0854258342197368,False,5.0,0.0,4.0,0.0,0.8
162,missense,,-0.04455356221587077,-0.02418076560366907,-0.0203727966122017,False,10.0,0.0,3.0,0.0,0.3
162,missense,,-0.05316358426026372,-0.021432881468198148,-0.03173070279206557,False,10.0,0.0,3.0,0.0,0.3
162,missense,,-0.018906149597187553,-0.01258497811287108,-0.006321171484316473,False,10.0,0.0,3.0,0.0,0.3
162,missense,,-0.010024928182299463,-0.007415820815841421,-0.0026091073664580413,False,10.0,0.0,3.0,0.0,0.3
162,missense,,-0.04112084871055521,-0.013292266709090617,-0.027828582001464597,False,10.0,0.0,3.0,0.0,0.3
162,missense,,-0.05476868282681433,-0.017661751236162718,-0.037106931590651614,False,10.0,0.0,3.0,0.0,0.3
162,synonymous,,-0.011927532006783759,-0.02418076560366907,0.01225323359688531,False,4.0,0.0,2.0,0.0,0.5
162,synonymous,,-0.040251559233597974,-0.021432881468198148,-0.018818677765399826,False,4.0,0.0,2.0,0.0,0.5
162,synonymous,,-0.05379280432261495,-0.01258497811287108,-0.041207826209743864,False,4.0,0.0,2.0,0.0,0.5
162,synonymous,,-0.013395744978359965,-0.007415820815841421,-0.005979924162518544,False,4.0,0.0,2.0,0.0,0.5
162,synonymous,,-0.020660450610608904,-0.013292266709090617,-0.0073681839015182875,False,4.0,0.0,2.0,0.0,0.5
162,synonymous,,0.00479071861753322,-0.017661751236162718,0.022452469853695936,False,4.0,0.0,2.0,0.0,0.5
163,missense,,-0.04584534587132569,-0.02418076560366907,-0.02166458026765662,False,10.0,1.0,5.0,0.1,0.5
163,missense,,-0.019363695874085072,-0.021432881468198148,0.002069185594113076,False,10.0,1.0,5.0,0.1,0.5
163,missense,,0.0040400764724549615,-0.01258497811287108,0.01662505458532604,False,10.0,1.0,5.0,0.1,0.5
163,missense,,0.0015243539678357558,-0.007415820815841421,0.008940174783677177,False,10.0,1.0,5.0,0.1,0.5
163,missense,,0.002170210161071254,-0.013292266709090617,0.01546247687016187,False,10.0,1.0,5.0,0.1,0.5
163,missense,,-0.030118385006710637,-0.017661751236162718,-0.012456633770547919,False,10.0,1.0,5.0,0.1,0.5
163,synonymous,,0.016639705095414972,-0.02418076560366907,0.04082047069908404,False,5.0,1.0,2.0,0.2,0.4
163,synonymous,,-0.0451711454789699,-0.021432881468198148,-0.023738264010771754,False,5.0,1.0,2.0,0.2,0.4
163,synonymous,,0.0013155700557836863,-0.01258497811287108,0.013900548168654768,False,5.0,1.0,2.0,0.2,0.4
163,synonymous,,-0.003070968477797105,-0.007415820815841421,0.004344852338044316,False,5.0,1.0,2.0,0.2,0.4
163,synonymous,,-0.04523144361044836,-0.013292266709090617,-0.031939176901357745,False,5.0,1.0,2.0,0.2,0.4
163,synonymous,,-0.011699699368850992,-0.017661751236162718,0.005962051867311725,False,5.0,1.0,2.0,0.2,0.4
164,missense,,-0.06363277256222678,-0.02418076560366907,-0.03945200695855772,False,6.0,1.0,4.0,0.16666666666666666,0.6666666666666666
164,missense,,-0.060833531009356935,-0.021432881468198148,-0.03940064954115879,False,6.0,1.0,4.0,0.16666666666666666,0.6666666666666666
164,missense,,-0.0435201823726332,-0.01258497811287108,-0.03093520425976212,False,6.0,1.0,4.0,0.16666666666666666,0.6666666666666666
164,missense,,-0.07651063531167204,-0.007415820815841421,-0.06909481449583062,False,6.0,1.0,4.0,0.16666666666666666,0.6666666666666666
164,missense,,-0.026630673909690608,-0.013292266709090617,-0.013338407200599992,False,6.0,1.0,4.0,0.16666666666666666,0.6666666666666666
164,missense,,-0.018960112323915975,-0.017661751236162718,-0.0012983610877532574,False,6.0,1.0,4.0,0.16666666666666666,0.6666666666666666
165,missense,,0.001444672469470845,-0.02418076560366907,0.025625438073139915,False,3.0,0.0,0.0,0.0,0.0
165,missense,,0.012835594615981806,-0.021432881468198148,0.034268476084179954,False,3.0,0.0,0.0,0.0,0.0
165,missense,,0.02782894741905571,-0.01258497811287108,0.04041392553192679,False,3.0,0.0,0.0,0.0,0.0
165,missense,,-0.007802455027094715,-0.007415820815841421,-0.0003866342112532938,False,3.0,0.0,0.0,0.0,0.0
165,missense,,0.007872799902206618,-0.013292266709090617,0.021165066611297235,False,3.0,0.0,0.0,0.0,0.0
165,missense,,-0.016247510470127402,-0.017661751236162718,0.0014142407660353157,False,3.0,0.0,0.0,0.0,0.0
165,synonymous,,-0.022138386833319163,-0.02418076560366907,0.0020423787703499063,False,2.0,0.0,0.0,0.0,0.0
165,synonymous,,0.011561563626881596,-0.021432881468198148,0.03299444509507975,False,2.0,0.0,0.0,0.0,0.0
165,synonymous,,-0.005915578778939649,-0.01258497811287108,0.0066693993339314315,False,2.0,0.0,0.0,0.0,0.0
165,synonymous,,-0.006743499031992518,-0.007415820815841421,0.0006723217838489033,False,2.0,0.0,0.0,0.0,0.0
165,synonymous,,0.02201651174889431,-0.013292266709090617,0.03530877845798493,False,2.0,0.0,0.0,0.0,0.0
165,synonymous,,-0.012063081477218468,-0.017661751236162718,0.00559866975894425,False,2.0,0.0,0.0,0.0,0.0
166,missense,,-0.11790530700593309,-0.02418076560366907,-0.09372454140226402,False,3.0,0.0,2.0,0.0,0.6666666666666666
166,missense,,-0.0254141178900094,-0.021432881468198148,-0.003981236421811252,False,3.0,0.0,2.0,0.0,0.6666666666666666
166,missense,,-0.18222211726514445,-0.01258497811287108,-0.16963713915227338,False,3.0,0.0,2.0,0.0,0.6666666666666666
166,missense,,-0.0626387368761616,-0.007415820815841421,-0.05522291606032018,False,3.0,0.0,2.0,0.0,0.6666666666666666
166,missense,,-0.03748091603591672,-0.013292266709090617,-0.0241886493268261,False,3.0,0.0,2.0,0.0,0.6666666666666666
166,missense,,-0.05810642569808033,-0.017661751236162718,-0.040444674461917615,False,3.0,0.0,2.0,0.0,0.6666666666666666
166,synonymous,,0.00205236840929224,-0.02418076560366907,0.02623313401296131,False,6.0,1.0,3.0,0.16666666666666666,0.5
166,synonymous,,-0.024571834452632054,-0.021432881468198148,-0.0031389529844339063,False,6.0,1.0,3.0,0.16666666666666666,0.5
166,synonymous,,0.007995840543669962,-0.01258497811287108,0.020580818656541044,False,6.0,1.0,3.0,0.16666666666666666,0.5
166,synonymous,,-0.004512961668425297,-0.007415820815841421,0.0029028591474161243,False,6.0,1.0,3.0,0.16666666666666666,0.5
166,synonymous,,-0.0370819225914716,-0.013292266709090617,-0.02378965588238098,False,6.0,1.0,3.0,0.16666666666666666,0.5
166,synonymous,,-0.028877490323914554,-0.017661751236162718,-0.011215739087751836,False,6.0,1.0,3.0,0.16666666666666666,0.5
167,missense,,-0.02219202716179632,-0.02418076560366907,0.0019887384418727505,False,1.0,1.0,1.0,1.0,1.0
167,missense,,0.023706156991464923,-0.021432881468198148,0.04513903845966307,False,1.0,1.0,1.0,1.0,1.0
167,missense,,0.008745455294028256,-0.01258497811287108,0.021330433406899336,False,1.0,1.0,1.0,1.0,1.0
167,missense,,-0.008782593029324347,-0.007415820815841421,-0.0013667722134829254,False,1.0,1.0,1.0,1.0,1.0
167,missense,,0.05488790338494111,-0.013292266709090617,0.06818017009403173,False,1.0,1.0,1.0,1.0,1.0
167,missense,,0.02086551182662711,-0.017661751236162718,0.03852726306278983,False,1.0,1.0,1.0,1.0,1.0
167,synonymous,,-0.06736247755089976,-0.02418076560366907,-0.043181711947230694,False,8.0,0.0,4.0,0.0,0.5
167,synonymous,,-0.0041543331980038855,-0.021432881468198148,0.01727854827019426,False,8.0,0.0,4.0,0.0,0.5
167,synonymous,,0.009381612821509776,-0.01258497811287108,0.02196659093438086,False,8.0,0.0,4.0,0.0,0.5
167,synonymous,,-0.005792318773668699,-0.007415820815841421,0.0016235020421727225,False,8.0,0.0,4.0,0.0,0.5
167,synonymous,,-0.002402503538325134,-0.013292266709090617,0.010889763170765482,False,8.0,0.0,4.0,0.0,0.5
167,synonymous,,-0.040956340149931623,-0.017661751236162718,-0.023294588913768906,False,8.0,0.0,4.0,0.0,0.5
168,missense,,-0.0184002307191696,-0.02418076560366907,0.0057805348844994706,False,5.0,0.0,3.0,0.0,0.6
168,missense,,-0.02575141598293975,-0.021432881468198148,-0.004318534514741602,False,5.0,0.0,3.0,0.0,0.6
168,missense,,-0.011358721765008052,-0.01258497811287108,0.0012262563478630285,False,5.0,0.0,3.0,0.0,0.6
168,missense,,-0.01156408044040876,-0.007415820815841421,-0.004148259624567339,False,5.0,0.0,3.0,0.0,0.6
168,missense,,-0.022141900178924902,-0.013292266709090617,-0.008849633469834285,False,5.0,0.0,3.0,0.0,0.6
168,missense,,-0.03507503937886066,-0.017661751236162718,-0.017413288142697943,False,5.0,0.0,3.0,0.0,0.6
168,synonymous,,-0.013193515464522635,-0.02418076560366907,0.010987250139146434,False,11.0,3.0,5.0,0.2727272727272727,0.45454545454545453
168,synonymous,,-0.023211131577560697,-0.021432881468198148,-0.0017782501093625488,False,11.0,3.0,5.0,0.2727272727272727,0.45454545454545453
168,synonymous,,-0.017840160402537192,-0.01258497811287108,-0.005255182289666111,False,11.0,3.0,5.0,0.2727272727272727,0.45454545454545453
168,synonymous,,-0.002337975171105372,-0.007415820815841421,0.005077845644736049,False,11.0,3.0,5.0,0.2727272727272727,0.45454545454545453
168,synonymous,,-0.005688870091619516,-0.013292266709090617,0.0076033966174711,False,11.0,3.0,5.0,0.2727272727272727,0.45454545454545453
168,synonymous,,-0.031606945178176325,-0.017661751236162718,-0.013945193942013608,False,11.0,3.0,5.0,0.2727272727272727,0.45454545454545453
169,missense,,0.018866683616265558,-0.02418076560366907,0.04304744921993463,False,4.0,0.0,2.0,0.0,0.5
169,missense,,-0.08765862920329807,-0.021432881468198148,-0.06622574773509993,False,4.0,0.0,2.0,0.0,0.5
169,missense,,0.011118244886746705,-0.01258497811287108,0.023703222999617787,False,4.0,0.0,2.0,0.0,0.5
169,missense,,0.0057087896109811985,-0.007415820815841421,0.01312461042682262,False,4.0,0.0,2.0,0.0,0.5
169,missense,,-0.022039430422877634,-0.013292266709090617,-0.008747163713787018,False,4.0,0.0,2.0,0.0,0.5
169,missense,,-0.040237307549582824,-0.017661751236162718,-0.022575556313420106,False,4.0,0.0,2.0,0.0,0.5
169,synonymous,,-0.08057428547591587,-0.02418076560366907,-0.056393519872246806,False,9.0,2.0,6.0,0.2222222222222222,0.6666666666666666
169,synonymous,,0.011648060133726101,-0.021432881468198148,0.03308094160192425,False,9.0,2.0,6.0,0.2222222222222222,0.6666666666666666
169,synonymous,,-0.10630335154282937,-0.01258497811287108,-0.09371837342995828,False,9.0,2.0,6.0,0.2222222222222222,0.6666666666666666
169,synonymous,,-0.07522007044467885,-0.007415820815841421,-0.06780424962883742,False,9.0,2.0,6.0,0.2222222222222222,0.6666666666666666
169,synonymous,,-0.010563426814111255,-0.013292266709090617,0.0027288398949793617,False,9.0,2.0,6.0,0.2222222222222222,0.6666666666666666
169,synonymous,,-0.04559478097817472,-0.017661751236162718,-0.027933029742012006,False,9.0,2.0,6.0,0.2222222222222222,0.6666666666666666
170,missense,,0.014434594090895862,-0.02418076560366907,0.038615359694564935,False,5.0,0.0,2.0,0.0,0.4
170,missense,,-0.0056426561356197,-0.021432881468198148,0.01579022533257845,False,5.0,0.0,2.0,0.0,0.4
170,missense,,0.0066678421567767385,-0.01258497811287108,0.01925282026964782,False,5.0,0.0,2.0,0.0,0.4
170,missense,,0.00915711739562616,-0.007415820815841421,0.016572938211467582,False,5.0,0.0,2.0,0.0,0.4
170,missense,,-0.04402803823281892,-0.013292266709090617,-0.030735771523728306,False,5.0,0.0,2.0,0.0,0.4
170,missense,,-0.026740340250633474,-0.017661751236162718,-0.009078589014470756,False,5.0,0.0,2.0,0.0,0.4
170,synonymous,,-0.015394643631794235,-0.02418076560366907,0.008786121971874835,False,7.0,2.0,2.0,0.2857142857142857,0.2857142857142857
170,synonymous,,0.0027879105083918744,-0.021432881468198148,0.024220791976590023,False,7.0,2.0,2.0,0.2857142857142857,0.2857142857142857
170,synonymous,,-0.015991860733586605,-0.01258497811287108,-0.003406882620715524,False,7.0,2.0,2.0,0.2857142857142857,0.2857142857142857
170,synonymous,,-0.005507575734287405,-0.007415820815841421,0.0019082450815540164,False,7.0,2.0,2.0,0.2857142857142857,0.2857142857142857
170,synonymous,,0.0012803905956690026,-0.013292266709090617,0.01457265730475962,False,7.0,2.0,2.0,0.2857142857142857,0.2857142857142857
170,synonymous,,-0.005475680661887085,-0.017661751236162718,0.012186070574275632,False,7.0,2.0,2.0,0.2857142857142857,0.2857142857142857
171,missense,,-0.01628231060730116,-0.02418076560366907,0.007898454996367911,False,8.0,1.0,5.0,0.125,0.625
171,missense,,-0.0025426385252694623,-0.021432881468198148,0.018890242942928685,False,8.0,1.0,5.0,0.125,0.625
171,missense,,-0.002022016775117235,-0.01258497811287108,0.010562961337753845,False,8.0,1.0,5.0,0.125,0.625
171,missense,,0.0053740828494969846,-0.007415820815841421,0.012789903665338406,False,8.0,1.0,5.0,0.125,0.625
171,missense,,-1.603230957833385e-06,-0.013292266709090617,0.013290663478132783,False,8.0,1.0,5.0,0.125,0.625
171,missense,,-0.009339063575156414,-0.017661751236162718,0.008322687661006304,False,8.0,1.0,5.0,0.125,0.625
171,synonymous,,-0.06583191817400706,-0.02418076560366907,-0.041651152570337996,False,7.0,1.0,3.0,0.14285714285714285,0.42857142857142855
171,synonymous,,-0.03706220997209358,-0.021432881468198148,-0.01562932850389543,False,7.0,1.0,3.0,0.14285714285714285,0.42857142857142855
171,synonymous,,-0.0495852825656821,-0.01258497811287108,-0.03700030445281102,False,7.0,1.0,3.0,0.14285714285714285,0.42857142857142855
171,synonymous,,-0.03059332884303811,-0.007415820815841421,-0.02317750802719669,False,7.0,1.0,3.0,0.14285714285714285,0.42857142857142855
171,synonymous,,-0.08565637453623288,-0.013292266709090617,-0.07236410782714227,False,7.0,1.0,3.0,0.14285714285714285,0.42857142857142855
171,synonymous,,-0.06530644695833546,-0.017661751236162718,-0.04764469572217274,False,7.0,1.0,3.0,0.14285714285714285,0.42857142857142855
172,missense,,0.044509557619403825,-0.02418076560366907,0.06869032322307289,False,5.0,1.0,3.0,0.2,0.6
172,missense,,-0.0673948122839388,-0.021432881468198148,-0.045961930815740654,False,5.0,1.0,3.0,0.2,0.6
172,missense,,0.09311340050447135,-0.01258497811287108,0.10569837861734244,False,5.0,1.0,3.0,0.2,0.6
172,missense,,0.007271024216134576,-0.007415820815841421,0.014686845031975997,False,5.0,1.0,3.0,0.2,0.6
172,missense,,-0.031756346822597176,-0.013292266709090617,-0.01846408011350656,False,5.0,1.0,3.0,0.2,0.6
172,missense,,0.004178095566517191,-0.017661751236162718,0.021839846802679908,False,5.0,1.0,3.0,0.2,0.6
172,synonymous,,-0.010532831227097894,-0.02418076560366907,0.013647934376571176,False,1.0,0.0,0.0,0.0,0.0
172,synonymous,,-0.005383051136278223,-0.021432881468198148,0.016049830331919923,False,1.0,0.0,0.0,0.0,0.0
172,synonymous,,0.02837428990693868,-0.01258497811287108,0.04095926801980976,False,1.0,0.0,0.0,0.0,0.0
172,synonymous,,0.016590194439789995,-0.007415820815841421,0.024006015255631417,False,1.0,0.0,0.0,0.0,0.0
172,synonymous,,-0.0327896619345966,-0.013292266709090617,-0.019497395225505983,False,1.0,0.0,0.0,0.0,0.0
172,synonymous,,-0.0050824915407956675,-0.017661751236162718,0.012579259695367051,False,1.0,0.0,0.0,0.0,0.0
173,missense,,-0.0372001743226283,-0.02418076560366907,-0.013019408718959232,False,10.0,0.0,4.0,0.0,0.4
173,missense,,-0.05632262602294177,-0.021432881468198148,-0.03488974455474362,False,10.0,0.0,4.0,0.0,0.4
173,missense,,-0.031700238332369735,-0.01258497811287108,-0.019115260219498654,False,10.0,0.0,4.0,0.0,0.4
173,missense,,-0.004134172914918073,-0.007415820815841421,0.0032816479009233485,False,10.0,0.0,4.0,0.0,0.4
173,missense,,-0.042184051018482806,-0.013292266709090617,-0.02889178430939219,False,10.0,0.0,4.0,0.0,0.4
173,missense,,0.009759305282615791,-0.017661751236162718,0.02742105651877851,False,10.0,0.0,4.0,0.0,0.4
173,synonymous,,-0.04137134352464235,-0.02418076560366907,-0.01719057792097328,False,9.0,1.0,1.0,0.1111111111111111,0.1111111111111111
173,synonymous,,0.011461239513209244,-0.021432881468198148,0.03289412098140739,False,9.0,1.0,1.0,0.1111111111111111,0.1111111111111111
173,synonymous,,-0.008594184623508224,-0.01258497811287108,0.003990793489362857,False,9.0,1.0,1.0,0.1111111111111111,0.1111111111111111
173,synonymous,,0.0011043637566420634,-0.007415820815841421,0.008520184572483484,False,9.0,1.0,1.0,0.1111111111111111,0.1111111111111111
173,synonymous,,0.008125193192990909,-0.013292266709090617,0.021417459902081527,False,9.0,1.0,1.0,0.1111111111111111,0.1111111111111111
173,synonymous,,-0.014100219015658643,-0.017661751236162718,0.0035615322205040743,False,9.0,1.0,1.0,0.1111111111111111,0.1111111111111111
174,missense,,-0.036415236457024804,-0.02418076560366907,-0.012234470853355734,False,7.0,1.0,3.0,0.14285714285714285,0.42857142857142855
174,missense,,0.0032850647149478373,-0.021432881468198148,0.024717946183145986,False,7.0,1.0,3.0,0.14285714285714285,0.42857142857142855
174,missense,,-0.02649016281786316,-0.01258497811287108,-0.01390518470499208,False,7.0,1.0,3.0,0.14285714285714285,0.42857142857142855
174,missense,,0.02408542535040756,-0.007415820815841421,0.03150124616624898,False,7.0,1.0,3.0,0.14285714285714285,0.42857142857142855
174,missense,,0.015294163327769008,-0.013292266709090617,0.028586430036859622,False,7.0,1.0,3.0,0.14285714285714285,0.42857142857142855
174,missense,,-0.03557186915440377,-0.017661751236162718,-0.01791011791824105,False,7.0,1.0,3.0,0.14285714285714285,0.42857142857142855
174,synonymous,,-0.013306941455172304,-0.02418076560366907,0.010873824148496766,False,4.0,0.0,0.0,0.0,0.0
174,synonymous,,0.008389388972786231,-0.021432881468198148,0.02982227044098438,False,4.0,0.0,0.0,0.0,0.0
174,synonymous,,0.005515504257905196,-0.01258497811287108,0.01810048237077628,False,4.0,0.0,0.0,0.0,0.0
174,synonymous,,0.0014799893220907542,-0.007415820815841421,0.008895810137932175,False,4.0,0.0,0.0,0.0,0.0
174,synonymous,,0.011447199078972455,-0.013292266709090617,0.024739465788063072,False,4.0,0.0,0.0,0.0,0.0
174,synonymous,,-0.0082347283712462,-0.017661751236162718,0.009427022864916517,False,4.0,0.0,0.0,0.0,0.0
175,missense,,-0.029940973719396784,-0.02418076560366907,-0.005760208115727715,False,14.0,0.0,4.0,0.0,0.2857142857142857
175,missense,,-0.02525687659339289,-0.021432881468198148,-0.0038239951251947436,False,14.0,0.0,4.0,0.0,0.2857142857142857
175,missense,,-0.0476432834259065,-0.01258497811287108,-0.035058305313035415,False,14.0,0.0,4.0,0.0,0.2857142857142857
175,missense,,-0.005128496073749417,-0.007415820815841421,0.0022873247420920045,False,14.0,0.0,4.0,0.0,0.2857142857142857
175,missense,,-0.03387174762590646,-0.013292266709090617,-0.020579480916815843,False,14.0,0.0,4.0,0.0,0.2857142857142857
175,missense,,-0.022513685281168223,-0.017661751236162718,-0.004851934045005505,False,14.0,0.0,4.0,0.0,0.2857142857142857
175,synonymous,,-0.0018460891398734015,-0.02418076560366907,0.022334676463795666,False,3.0,0.0,3.0,0.0,1.0
175,synonymous,,-0.037816199665098645,-0.021432881468198148,-0.016383318196900497,False,3.0,0.0,3.0,0.0,1.0
175,synonymous,,-0.031602580920880904,-0.01258497811287108,-0.019017602808009824,False,3.0,0.0,3.0,0.0,1.0
175,synonymous,,-0.005874032449633352,-0.007415820815841421,0.0015417883662080696,False,3.0,0.0,3.0,0.0,1.0
175,synonymous,,-0.039186603591008506,-0.013292266709090617,-0.02589433688191789,False,3.0,0.0,3.0,0.0,1.0
175,synonymous,,-0.03835894206523764,-0.017661751236162718,-0.020697190829074924,False,3.0,0.0,3.0,0.0,1.0
176,missense,,-0.015641150371157535,-0.02418076560366907,0.008539615232511535,False,7.0,0.0,1.0,0.0,0.14285714285714285
176,missense,,-0.14553855165695345,-0.021432881468198148,-0.1241056701887553,False,7.0,0.0,1.0,0.0,0.14285714285714285
176,missense,,-0.05507127672413755,-0.01258497811287108,-0.042486298611266474,False,7.0,0.0,1.0,0.0,0.14285714285714285
176,missense,,-0.022189691015550416,-0.007415820815841421,-0.014773870199708994,False,7.0,0.0,1.0,0.0,0.14285714285714285
176,missense,,-0.023699721517272225,-0.013292266709090617,-0.010407454808181608,False,7.0,0.0,1.0,0.0,0.14285714285714285
176,missense,,-0.05167624694225074,-0.017661751236162718,-0.03401449570608802,False,7.0,0.0,1.0,0.0,0.14285714285714285
176,synonymous,,0.006086794676277044,-0.02418076560366907,0.030267560279946114,False,9.0,3.0,6.0,0.3333333333333333,0.6666666666666666
176,synonymous,,-0.01549753080699081,-0.021432881468198148,0.005935350661207338,False,9.0,3.0,6.0,0.3333333333333333,0.6666666666666666
176,synonymous,,-0.006523466920969823,-0.01258497811287108,0.006061511191901257,False,9.0,3.0,6.0,0.3333333333333333,0.6666666666666666
176,synonymous,,-0.018094994773922103,-0.007415820815841421,-0.010679173958080681,False,9.0,3.0,6.0,0.3333333333333333,0.6666666666666666
176,synonymous,,-0.03275190874684603,-0.013292266709090617,-0.019459642037755416,False,9.0,3.0,6.0,0.3333333333333333,0.6666666666666666
176,synonymous,,-0.04894252528584883,-0.017661751236162718,-0.031280774049686114,False,9.0,3.0,6.0,0.3333333333333333,0.6666666666666666
177,missense,,-0.37823712075437654,-0.02418076560366907,-0.3540563551507075,False,3.0,0.0,2.0,0.0,0.6666666666666666
177,missense,,-0.2184500659664476,-0.021432881468198148,-0.19701718449824945,False,3.0,0.0,2.0,0.0,0.6666666666666666
177,missense,,-0.2960503078003969,-0.01258497811287108,-0.2834653296875258,False,3.0,0.0,2.0,0.0,0.6666666666666666
177,missense,,-0.2077063082726989,-0.007415820815841421,-0.20029048745685749,False,3.0,0.0,2.0,0.0,0.6666666666666666
177,missense,,-0.26589155869598424,-0.013292266709090617,-0.2525992919868936,False,3.0,0.0,2.0,0.0,0.6666666666666666
177,missense,,-0.10375199646271162,-0.017661751236162718,-0.0860902452265489,False,3.0,0.0,2.0,0.0,0.6666666666666666
177,synonymous,,-0.02477423518040104,-0.02418076560366907,-0.0005934695767319705,False,13.0,4.0,5.0,0.3076923076923077,0.38461538461538464
177,synonymous,,0.004720427204144787,-0.021432881468198148,0.026153308672342935,False,13.0,4.0,5.0,0.3076923076923077,0.38461538461538464
177,synonymous,,-0.019318085951110488,-0.01258497811287108,-0.006733107838239407,False,13.0,4.0,5.0,0.3076923076923077,0.38461538461538464
177,synonymous,,0.006895650780372399,-0.007415820815841421,0.01431147159621382,False,13.0,4.0,5.0,0.3076923076923077,0.38461538461538464
177,synonymous,,0.014830075818285583,-0.013292266709090617,0.0281223425273762,False,13.0,4.0,5.0,0.3076923076923077,0.38461538461538464
177,synonymous,,-0.011951195865059825,-0.017661751236162718,0.005710555371102892,False,13.0,4.0,5.0,0.3076923076923077,0.38461538461538464
178,missense,,-0.023708809725969192,-0.02418076560366907,0.00047195587769987765,False,2.0,0.0,2.0,0.0,1.0
178,missense,,0.255858685745605,-0.021432881468198148,0.27729156721380316,False,2.0,0.0,2.0,0.0,1.0
178,missense,,0.032676483752731016,-0.01258497811287108,0.04526146186560209,False,2.0,0.0,2.0,0.0,1.0
178,missense,,-0.13539194494595566,-0.007415820815841421,-0.12797612413011425,False,2.0,0.0,2.0,0.0,1.0
178,missense,,-0.07840330340860432,-0.013292266709090617,-0.06511103669951371,False,2.0,0.0,2.0,0.0,1.0
178,missense,,0.01133777434474222,-0.017661751236162718,0.028999525580904937,False,2.0,0.0,2.0,0.0,1.0
178,synonymous,,-0.08770320323322811,-0.02418076560366907,-0.06352243762955904,False,6.0,1.0,3.0,0.16666666666666666,0.5
178,synonymous,,0.005056481784996929,-0.021432881468198148,0.026489363253195078,False,6.0,1.0,3.0,0.16666666666666666,0.5
178,synonymous,,0.08874435725547014,-0.01258497811287108,0.10132933536834123,False,6.0,1.0,3.0,0.16666666666666666,0.5
178,synonymous,,0.005941710014531276,-0.007415820815841421,0.013357530830372697,False,6.0,1.0,3.0,0.16666666666666666,0.5
178,synonymous,,0.004451548316997525,-0.013292266709090617,0.01774381502608814,False,6.0,1.0,3.0,0.16666666666666666,0.5
178,synonymous,,-0.03988575163631567,-0.017661751236162718,-0.022224000400152953,False,6.0,1.0,3.0,0.16666666666666666,0.5
179,missense,,-0.0989783390432749,-0.02418076560366907,-0.07479757343960583,False,5.0,0.0,2.0,0.0,0.4
179,missense,,-0.009154434674741661,-0.021432881468198148,0.012278446793456486,False,5.0,0.0,2.0,0.0,0.4
179,missense,,0.016541744723801356,-0.01258497811287108,0.029126722836672437,False,5.0,0.0,2.0,0.0,0.4
179,missense,,0.011118820611856546,-0.007415820815841421,0.01853464142769797,False,5.0,0.0,2.0,0.0,0.4
179,missense,,0.00936582934853759,-0.013292266709090617,0.022658096057628207,False,5.0,0.0,2.0,0.0,0.4
179,missense,,0.013499888510120062,-0.017661751236162718,0.03116163974628278,False,5.0,0.0,2.0,0.0,0.4
179,synonymous,,-0.01835630210348447,-0.02418076560366907,0.0058244635001846005,False,3.0,1.0,1.0,0.3333333333333333,0.3333333333333333
179,synonymous,,-0.03327664092883228,-0.021432881468198148,-0.01184375946063413,False,3.0,1.0,1.0,0.3333333333333333,0.3333333333333333
179,synonymous,,0.04658950557054247,-0.01258497811287108,0.05917448368341355,False,3.0,1.0,1.0,0.3333333333333333,0.3333333333333333
179,synonymous,,-0.13170530085734306,-0.007415820815841421,-0.12428948004150163,False,3.0,1.0,1.0,0.3333333333333333,0.3333333333333333
179,synonymous,,-0.17490417324754662,-0.013292266709090617,-0.161611906538456,False,3.0,1.0,1.0,0.3333333333333333,0.3333333333333333
179,synonymous,,-0.11525071915973757,-0.017661751236162718,-0.09758896792357485,False,3.0,1.0,1.0,0.3333333333333333,0.3333333333333333
180,missense,,-0.010996310587681288,-0.02418076560366907,0.013184455015987782,False,10.0,1.0,2.0,0.1,0.2
180,missense,,-0.0320009168515062,-0.021432881468198148,-0.010568035383308055,False,10.0,1.0,2.0,0.1,0.2
180,missense,,-0.017387757019323675,-0.01258497811287108,-0.004802778906452594,False,10.0,1.0,2.0,0.1,0.2
180,missense,,-0.017191823122009335,-0.007415820815841421,-0.009776002306167913,False,10.0,1.0,2.0,0.1,0.2
180,missense,,-0.022504055715480628,-0.013292266709090617,-0.009211789006390012,False,10.0,1.0,2.0,0.1,0.2
180,missense,,-0.012596540435820057,-0.017661751236162718,0.005065210800342661,False,10.0,1.0,2.0,0.1,0.2
180,synonymous,,-0.013007043427571372,-0.02418076560366907,0.011173722176097698,False,11.0,1.0,4.0,0.09090909090909091,0.36363636363636365
180,synonymous,,-0.027753101028700912,-0.021432881468198148,-0.006320219560502764,False,11.0,1.0,4.0,0.09090909090909091,0.36363636363636365
180,synonymous,,-0.014441629284702984,-0.01258497811287108,-0.0018566511718319037,False,11.0,1.0,4.0,0.09090909090909091,0.36363636363636365
180,synonymous,,-0.003915970307957144,-0.007415820815841421,0.0034998505078842777,False,11.0,1.0,4.0,0.09090909090909091,0.36363636363636365
180,synonymous,,-0.013173071243064587,-0.013292266709090617,0.00011919546602602929,False,11.0,1.0,4.0,0.09090909090909091,0.36363636363636365
180,synonymous,,0.0030728257313043187,-0.017661751236162718,0.020734576967467035,False,11.0,1.0,4.0,0.09090909090909091,0.36363636363636365
181,missense,,-0.22980438055971106,-0.02418076560366907,-0.20562361495604198,False,7.0,2.0,4.0,0.2857142857142857,0.5714285714285714
181,missense,,-0.217271765298397,-0.021432881468198148,-0.19583888383019887,False,7.0,2.0,4.0,0.2857142857142857,0.5714285714285714
181,missense,,-0.1686218663135354,-0.01258497811287108,-0.15603688820066433,False,7.0,2.0,4.0,0.2857142857142857,0.5714285714285714
181,missense,,-0.21765912225032868,-0.007415820815841421,-0.21024330143448727,False,7.0,2.0,4.0,0.2857142857142857,0.5714285714285714
181,missense,,-0.22402141893168878,-0.013292266709090617,-0.21072915222259817,False,7.0,2.0,4.0,0.2857142857142857,0.5714285714285714
181,missense,,-0.2719825790165536,-0.017661751236162718,-0.2543208277803909,False,7.0,2.0,4.0,0.2857142857142857,0.5714285714285714
181,synonymous,,0.009164739826746461,-0.02418076560366907,0.033345505430415534,False,3.0,0.0,0.0,0.0,0.0
181,synonymous,,0.02137795609338765,-0.021432881468198148,0.042810837561585796,False,3.0,0.0,0.0,0.0,0.0
181,synonymous,,-0.1013204272035836,-0.01258497811287108,-0.08873544909071251,False,3.0,0.0,0.0,0.0,0.0
181,synonymous,,-0.06669177217139596,-0.007415820815841421,-0.059275951355554544,False,3.0,0.0,0.0,0.0,0.0
181,synonymous,,0.017464038091320588,-0.013292266709090617,0.030756304800411204,False,3.0,0.0,0.0,0.0,0.0
181,synonymous,,0.0053226259574781715,-0.017661751236162718,0.02298437719364089,False,3.0,0.0,0.0,0.0,0.0
182,missense,,-0.2395993592673408,-0.02418076560366907,-0.21541859366367172,False,12.0,2.0,4.0,0.16666666666666666,0.3333333333333333
182,missense,,-0.20188175710888703,-0.021432881468198148,-0.1804488756406889,False,12.0,2.0,4.0,0.16666666666666666,0.3333333333333333
182,missense,,-0.16180832718924612,-0.01258497811287108,-0.14922334907637505,False,12.0,2.0,4.0,0.16666666666666666,0.3333333333333333
182,missense,,-0.12523489050512246,-0.007415820815841421,-0.11781906968928103,False,12.0,2.0,4.0,0.16666666666666666,0.3333333333333333
182,missense,,-0.20286412654883942,-0.013292266709090617,-0.1895718598397488,False,12.0,2.0,4.0,0.16666666666666666,0.3333333333333333
182,missense,,-0.2008162098095873,-0.017661751236162718,-0.1831544585734246,False,12.0,2.0,4.0,0.16666666666666666,0.3333333333333333
182,synonymous,,-0.23787403110565553,-0.02418076560366907,-0.21369326550198645,False,9.0,2.0,4.0,0.2222222222222222,0.4444444444444444
182,synonymous,,-0.1965378796321681,-0.021432881468198148,-0.17510499816396996,False,9.0,2.0,4.0,0.2222222222222222,0.4444444444444444
182,synonymous,,-0.20006391386121722,-0.01258497811287108,-0.18747893574834615,False,9.0,2.0,4.0,0.2222222222222222,0.4444444444444444
182,synonymous,,-0.2330868356633693,-0.007415820815841421,-0.22567101484752788,False,9.0,2.0,4.0,0.2222222222222222,0.4444444444444444
182,synonymous,,-0.2223554127073137,-0.013292266709090617,-0.2090631459982231,False,9.0,2.0,4.0,0.2222222222222222,0.4444444444444444
182,synonymous,,-0.2280647478279372,-0.017661751236162718,-0.21040299659177447,False,9.0,2.0,4.0,0.2222222222222222,0.4444444444444444
183,missense,,-0.04486594919335019,-0.02418076560366907,-0.020685183589681123,False,11.0,1.0,5.0,0.09090909090909091,0.45454545454545453
183,missense,,-0.12607262871988942,-0.021432881468198148,-0.10463974725169127,False,11.0,1.0,5.0,0.09090909090909091,0.45454545454545453
183,missense,,0.005762482406548312,-0.01258497811287108,0.018347460519419392,False,11.0,1.0,5.0,0.09090909090909091,0.45454545454545453
183,missense,,0.004419108155442695,-0.007415820815841421,0.011834928971284117,False,11.0,1.0,5.0,0.09090909090909091,0.45454545454545453
183,missense,,-0.02164494466342077,-0.013292266709090617,-0.008352677954330152,False,11.0,1.0,5.0,0.09090909090909091,0.45454545454545453
183,missense,,-0.033317410932844446,-0.017661751236162718,-0.01565565969668173,False,11.0,1.0,5.0,0.09090909090909091,0.45454545454545453
183,synonymous,,0.003402403015593867,-0.02418076560366907,0.027583168619262938,False,15.0,0.0,4.0,0.0,0.26666666666666666
183,synonymous,,-0.012776508261140355,-0.021432881468198148,0.008656373207057793,False,15.0,0.0,4.0,0.0,0.26666666666666666
183,synonymous,,0.0017604809751835889,-0.01258497811287108,0.014345459088054669,False,15.0,0.0,4.0,0.0,0.26666666666666666
183,synonymous,,0.005439446961531504,-0.007415820815841421,0.012855267777372927,False,15.0,0.0,4.0,0.0,0.26666666666666666
183,synonymous,,-0.009992143713253092,-0.013292266709090617,0.0033001229958375244,False,15.0,0.0,4.0,0.0,0.26666666666666666
183,synonymous,,0.0020113495045874195,-0.017661751236162718,0.019673100740750137,False,15.0,0.0,4.0,0.0,0.26666666666666666
184,missense,,-0.03238376751492209,-0.02418076560366907,-0.008203001911253022,False,15.0,2.0,7.0,0.13333333333333333,0.4666666666666667
184,missense,,-0.01796682854889829,-0.021432881468198148,0.003466052919299859,False,15.0,2.0,7.0,0.13333333333333333,0.4666666666666667
184,missense,,-0.01542912595272049,-0.01258497811287108,-0.0028441478398494088,False,15.0,2.0,7.0,0.13333333333333333,0.4666666666666667
184,missense,,-0.008311205120028397,-0.007415820815841421,-0.0008953843041869759,False,15.0,2.0,7.0,0.13333333333333333,0.4666666666666667
184,missense,,-0.0061574513939511265,-0.013292266709090617,0.00713481531513949,False,15.0,2.0,7.0,0.13333333333333333,0.4666666666666667
184,missense,,-0.03747044643348954,-0.017661751236162718,-0.019808695197326823,False,15.0,2.0,7.0,0.13333333333333333,0.4666666666666667
184,synonymous,,-0.07451564136127649,-0.02418076560366907,-0.05033487575760742,False,12.0,3.0,6.0,0.25,0.5
184,synonymous,,-0.043322833825450595,-0.021432881468198148,-0.021889952357252447,False,12.0,3.0,6.0,0.25,0.5
184,synonymous,,-0.04007196365683632,-0.01258497811287108,-0.027486985543965236,False,12.0,3.0,6.0,0.25,0.5
184,synonymous,,-0.00793400039901253,-0.007415820815841421,-0.0005181795831711083,False,12.0,3.0,6.0,0.25,0.5
184,synonymous,,0.002672658001336086,-0.013292266709090617,0.015964924710426702,False,12.0,3.0,6.0,0.25,0.5
184,synonymous,,-0.04300172402311391,-0.017661751236162718,-0.025339972786951194,False,12.0,3.0,6.0,0.25,0.5
185,missense,,-0.05275559728804761,-0.02418076560366907,-0.02857483168437854,False,14.0,3.0,4.0,0.21428571428571427,0.2857142857142857
185,missense,,-0.0749071322271084,-0.021432881468198148,-0.053474250758910255,False,14.0,3.0,4.0,0.21428571428571427,0.2857142857142857
185,missense,,-0.06307813656230675,-0.01258497811287108,-0.050493158449435666,False,14.0,3.0,4.0,0.21428571428571427,0.2857142857142857
185,missense,,-0.007333906797346173,-0.007415820815841421,8.191401849524851e-05,False,14.0,3.0,4.0,0.21428571428571427,0.2857142857142857
185,missense,,-0.026456608327095593,-0.013292266709090617,-0.013164341618004977,False,14.0,3.0,4.0,0.21428571428571427,0.2857142857142857
185,missense,,-0.025017789174731225,-0.017661751236162718,-0.007356037938568507,False,14.0,3.0,4.0,0.21428571428571427,0.2857142857142857
185,synonymous,,-0.04839743213316703,-0.02418076560366907,-0.02421666652949796,False,12.0,2.0,8.0,0.16666666666666666,0.6666666666666666
185,synonymous,,-0.054667449563485945,-0.021432881468198148,-0.0332345680952878,False,12.0,2.0,8.0,0.16666666666666666,0.6666666666666666
185,synonymous,,-0.013891235349622758,-0.01258497811287108,-0.0013062572367516772,False,12.0,2.0,8.0,0.16666666666666666,0.6666666666666666
185,synonymous,,-0.013505617916149475,-0.007415820815841421,-0.006089797100308054,False,12.0,2.0,8.0,0.16666666666666666,0.6666666666666666
185,synonymous,,-0.012767467330719678,-0.013292266709090617,0.0005247993783709382,False,12.0,2.0,8.0,0.16666666666666666,0.6666666666666666
185,synonymous,,-0.08000479056531692,-0.017661751236162718,-0.06234303932915421,False,12.0,2.0,8.0,0.16666666666666666,0.6666666666666666
186,missense,,-0.00681397507882184,-0.02418076560366907,0.017366790524847228,False,17.0,3.0,9.0,0.17647058823529413,0.5294117647058824
186,missense,,-0.00755890463113269,-0.021432881468198148,0.013873976837065458,False,17.0,3.0,9.0,0.17647058823529413,0.5294117647058824
186,missense,,0.00738250050551197,-0.01258497811287108,0.01996747861838305,False,17.0,3.0,9.0,0.17647058823529413,0.5294117647058824
186,missense,,0.002088486428898013,-0.007415820815841421,0.009504307244739434,False,17.0,3.0,9.0,0.17647058823529413,0.5294117647058824
186,missense,,0.005407663186443927,-0.013292266709090617,0.018699929895534543,False,17.0,3.0,9.0,0.17647058823529413,0.5294117647058824
186,missense,,-0.011200621534128237,-0.017661751236162718,0.00646112970203448,False,17.0,3.0,9.0,0.17647058823529413,0.5294117647058824
186,synonymous,,-0.07546847576412155,-0.02418076560366907,-0.051287710160452485,False,10.0,1.0,6.0,0.1,0.6
186,synonymous,,-0.03568635988383111,-0.021432881468198148,-0.014253478415632966,False,10.0,1.0,6.0,0.1,0.6
186,synonymous,,-0.04392551218074196,-0.01258497811287108,-0.03134053406787088,False,10.0,1.0,6.0,0.1,0.6
186,synonymous,,-0.013669895472667105,-0.007415820815841421,-0.006254074656825683,False,10.0,1.0,6.0,0.1,0.6
186,synonymous,,-0.0006693353658691652,-0.013292266709090617,0.012622931343221452,False,10.0,1.0,6.0,0.1,0.6
186,synonymous,,-0.013538229610671672,-0.017661751236162718,0.004123521625491046,False,10.0,1.0,6.0,0.1,0.6
187,missense,,-0.08166278718589605,-0.02418076560366907,-0.05748202158222698,False,8.0,0.0,4.0,0.0,0.5
187,missense,,-0.0325840548697777,-0.021432881468198148,-0.011151173401579555,False,8.0,0.0,4.0,0.0,0.5
187,missense,,-0.007680426052988434,-0.01258497811287108,0.004904552059882647,False,8.0,0.0,4.0,0.0,0.5
187,missense,,-0.006482671937201339,-0.007415820815841421,0.0009331488786400825,False,8.0,0.0,4.0,0.0,0.5
187,missense,,-0.06451145398395125,-0.013292266709090617,-0.051219187274860634,False,8.0,0.0,4.0,0.0,0.5
187,missense,,-0.025439921620894545,-0.017661751236162718,-0.007778170384731827,False,8.0,0.0,4.0,0.0,0.5
187,synonymous,,-0.01409618735451851,-0.02418076560366907,0.01008457824915056,False,10.0,0.0,3.0,0.0,0.3
187,synonymous,,0.018067830363523343,-0.021432881468198148,0.03950071183172149,False,10.0,0.0,3.0,0.0,0.3
187,synonymous,,-0.022908968750890827,-0.01258497811287108,-0.010323990638019746,False,10.0,0.0,3.0,0.0,0.3
187,synonymous,,-0.0030792153256976314,-0.007415820815841421,0.0043366054901437905,False,10.0,0.0,3.0,0.0,0.3
187,synonymous,,0.0008351330425797858,-0.013292266709090617,0.014127399751670402,False,10.0,0.0,3.0,0.0,0.3
187,synonymous,,-0.033286404161810716,-0.017661751236162718,-0.015624652925647999,False,10.0,0.0,3.0,0.0,0.3
188,missense,,-0.0866404752372266,-0.02418076560366907,-0.06245970963355753,False,13.0,2.0,8.0,0.15384615384615385,0.6153846153846154
188,missense,,-0.03909416378795728,-0.021432881468198148,-0.01766128231975913,False,13.0,2.0,8.0,0.15384615384615385,0.6153846153846154
188,missense,,-0.057659252274106405,-0.01258497811287108,-0.04507427416123533,False,13.0,2.0,8.0,0.15384615384615385,0.6153846153846154
188,missense,,-0.03862021286374765,-0.007415820815841421,-0.03120439204790623,False,13.0,2.0,8.0,0.15384615384615385,0.6153846153846154
188,missense,,-0.04412744403568352,-0.013292266709090617,-0.030835177326592904,False,13.0,2.0,8.0,0.15384615384615385,0.6153846153846154
188,missense,,-0.034386525233675816,-0.017661751236162718,-0.016724773997513098,False,13.0,2.0,8.0,0.15384615384615385,0.6153846153846154
188,synonymous,,-0.44725748040409397,-0.02418076560366907,-0.4230767148004249,False,2.0,1.0,2.0,0.5,1.0
188,synonymous,,0.04009349302198666,-0.021432881468198148,0.06152637449018481,False,2.0,1.0,2.0,0.5,1.0
188,synonymous,,0.17481003410189838,-0.01258497811287108,0.18739501221476945,False,2.0,1.0,2.0,0.5,1.0
188,synonymous,,-0.022042876253422602,-0.007415820815841421,-0.01462705543758118,False,2.0,1.0,2.0,0.5,1.0
188,synonymous,,0.001977761241617165,-0.013292266709090617,0.015270027950707782,False,2.0,1.0,2.0,0.5,1.0
188,synonymous,,-0.13188877384642897,-0.017661751236162718,-0.11422702261026625,False,2.0,1.0,2.0,0.5,1.0
189,missense,,-0.046907295182806334,-0.02418076560366907,-0.022726529579137265,False,6.0,3.0,5.0,0.5,0.8333333333333334
189,missense,,-0.0016941853402267697,-0.021432881468198148,0.019738696127971377,False,6.0,3.0,5.0,0.5,0.8333333333333334
189,missense,,0.004062525997096971,-0.01258497811287108,0.016647504109968052,False,6.0,3.0,5.0,0.5,0.8333333333333334
189,missense,,0.0037547246150101583,-0.007415820815841421,0.01117054543085158,False,6.0,3.0,5.0,0.5,0.8333333333333334
189,missense,,-0.027125994732628913,-0.013292266709090617,-0.013833728023538296,False,6.0,3.0,5.0,0.5,0.8333333333333334
189,missense,,-0.01499299780814108,-0.017661751236162718,0.0026687534280216384,False,6.0,3.0,5.0,0.5,0.8333333333333334
190,missense,,-0.05369601636105872,-0.02418076560366907,-0.029515250757389647,False,12.0,1.0,7.0,0.08333333333333333,0.5833333333333334
190,missense,,-0.08673968612937705,-0.021432881468198148,-0.0653068046611789,False,12.0,1.0,7.0,0.08333333333333333,0.5833333333333334
190,missense,,-0.07705683219490267,-0.01258497811287108,-0.06447185408203158,False,12.0,1.0,7.0,0.08333333333333333,0.5833333333333334
190,missense,,-0.02570779880282208,-0.007415820815841421,-0.018291977986980658,False,12.0,1.0,7.0,0.08333333333333333,0.5833333333333334
190,missense,,-0.09878998138519825,-0.013292266709090617,-0.08549771467610763,False,12.0,1.0,7.0,0.08333333333333333,0.5833333333333334
190,missense,,-0.04638715011430443,-0.017661751236162718,-0.02872539887814171,False,12.0,1.0,7.0,0.08333333333333333,0.5833333333333334
190,synonymous,,-0.04856907976705592,-0.02418076560366907,-0.02438831416338685,False,5.0,0.0,2.0,0.0,0.4
190,synonymous,,-0.06972673710065598,-0.021432881468198148,-0.04829385563245783,False,5.0,0.0,2.0,0.0,0.4
190,synonymous,,0.008233023538131058,-0.01258497811287108,0.020818001651002137,False,5.0,0.0,2.0,0.0,0.4
190,synonymous,,-0.021064703272585274,-0.007415820815841421,-0.013648882456743852,False,5.0,0.0,2.0,0.0,0.4
190,synonymous,,-0.040309706749755064,-0.013292266709090617,-0.027017440040664448,False,5.0,0.0,2.0,0.0,0.4
190,synonymous,,-0.002193921114518241,-0.017661751236162718,0.015467830121644478,False,5.0,0.0,2.0,0.0,0.4
191,missense,,-0.031019508950847985,-0.02418076560366907,-0.006838743347178915,False,11.0,2.0,5.0,0.18181818181818182,0.45454545454545453
191,missense,,-0.02028274558847458,-0.021432881468198148,0.0011501358797235683,False,11.0,2.0,5.0,0.18181818181818182,0.45454545454545453
191,missense,,-0.04117082218726155,-0.01258497811287108,-0.02858584407439047,False,11.0,2.0,5.0,0.18181818181818182,0.45454545454545453
191,missense,,-0.024004509321015603,-0.007415820815841421,-0.01658868850517418,False,11.0,2.0,5.0,0.18181818181818182,0.45454545454545453
191,missense,,-0.025020084005782817,-0.013292266709090617,-0.0117278172966922,False,11.0,2.0,5.0,0.18181818181818182,0.45454545454545453
191,missense,,-0.06677095684451637,-0.017661751236162718,-0.04910920560835365,False,11.0,2.0,5.0,0.18181818181818182,0.45454545454545453
191,synonymous,,-0.03195050526013839,-0.02418076560366907,-0.007769739656469318,False,15.0,0.0,6.0,0.0,0.4
191,synonymous,,0.006108879375318565,-0.021432881468198148,0.027541760843516713,False,15.0,0.0,6.0,0.0,0.4
191,synonymous,,-0.004665553625983563,-0.01258497811287108,0.007919424486887518,False,15.0,0.0,6.0,0.0,0.4
191,synonymous,,-0.002931496046561622,-0.007415820815841421,0.004484324769279799,False,15.0,0.0,6.0,0.0,0.4
191,synonymous,,-0.02843564664025704,-0.013292266709090617,-0.015143379931166424,False,15.0,0.0,6.0,0.0,0.4
191,synonymous,,-0.01107903947175007,-0.017661751236162718,0.0065827117644126475,False,15.0,0.0,6.0,0.0,0.4
192,missense,,-0.07950446870027508,-0.02418076560366907,-0.05532370309660602,False,7.0,2.0,2.0,0.2857142857142857,0.2857142857142857
192,missense,,-0.039406477979959,-0.021432881468198148,-0.01797359651176085,False,7.0,2.0,2.0,0.2857142857142857,0.2857142857142857
192,missense,,-0.0062411674788616246,-0.01258497811287108,0.006343810634009456,False,7.0,2.0,2.0,0.2857142857142857,0.2857142857142857
192,missense,,-0.004627725487226824,-0.007415820815841421,0.0027880953286145973,False,7.0,2.0,2.0,0.2857142857142857,0.2857142857142857
192,missense,,-0.04673052797015289,-0.013292266709090617,-0.03343826126106227,False,7.0,2.0,2.0,0.2857142857142857,0.2857142857142857
192,missense,,-0.011018376412653167,-0.017661751236162718,0.006643374823509551,False,7.0,2.0,2.0,0.2857142857142857,0.2857142857142857
192,synonymous,,-0.015278874361032228,-0.02418076560366907,0.008901891242636841,False,11.0,1.0,5.0,0.09090909090909091,0.45454545454545453
192,synonymous,,-0.020240548858826167,-0.021432881468198148,0.0011923326093719808,False,11.0,1.0,5.0,0.09090909090909091,0.45454545454545453
192,synonymous,,-0.004274973612589963,-0.01258497811287108,0.008310004500281118,False,11.0,1.0,5.0,0.09090909090909091,0.45454545454545453
192,synonymous,,0.0032196418943821843,-0.007415820815841421,0.010635462710223606,False,11.0,1.0,5.0,0.09090909090909091,0.45454545454545453
192,synonymous,,-0.016376480015129674,-0.013292266709090617,-0.0030842133060390575,False,11.0,1.0,5.0,0.09090909090909091,0.45454545454545453
192,synonymous,,-0.01672637245013063,-0.017661751236162718,0.0009353787860320872,False,11.0,1.0,5.0,0.09090909090909091,0.45454545454545453
193,missense,,-0.050966296192508295,-0.02418076560366907,-0.026785530588839226,False,10.0,4.0,5.0,0.4,0.5
193,missense,,-0.04086798036439662,-0.021432881468198148,-0.019435098896198474,False,10.0,4.0,5.0,0.4,0.5
193,missense,,0.006955016902269213,-0.01258497811287108,0.019539995015140293,False,10.0,4.0,5.0,0.4,0.5
193,missense,,-0.021327640634997404,-0.007415820815841421,-0.013911819819155982,False,10.0,4.0,5.0,0.4,0.5
193,missense,,-0.0299487425853819,-0.013292266709090617,-0.016656475876291283,False,10.0,4.0,5.0,0.4,0.5
193,missense,,-0.013473391189292508,-0.017661751236162718,0.0041883600468702094,False,10.0,4.0,5.0,0.4,0.5
193,synonymous,,-0.039415253258933414,-0.02418076560366907,-0.015234487655264344,False,8.0,1.0,5.0,0.125,0.625
193,synonymous,,-0.08741233038153924,-0.021432881468198148,-0.0659794489133411,False,8.0,1.0,5.0,0.125,0.625
193,synonymous,,-0.08531569839327857,-0.01258497811287108,-0.07273072028040749,False,8.0,1.0,5.0,0.125,0.625
193,synonymous,,0.01148280739927535,-0.007415820815841421,0.018898628215116772,False,8.0,1.0,5.0,0.125,0.625
193,synonymous,,-0.006047245294278695,-0.013292266709090617,0.007245021414811922,False,8.0,1.0,5.0,0.125,0.625
193,synonymous,,-0.004843434706145528,-0.017661751236162718,0.01281831653001719,False,8.0,1.0,5.0,0.125,0.625
194,missense,,-0.06286282942819751,-0.02418076560366907,-0.03868206382452845,False,5.0,2.0,5.0,0.4,1.0
194,missense,,-0.20227715360593052,-0.021432881468198148,-0.18084427213773235,False,5.0,2.0,5.0,0.4,1.0
194,missense,,-0.03604711797386091,-0.01258497811287108,-0.02346213986098983,False,5.0,2.0,5.0,0.4,1.0
194,missense,,-0.03973576920876863,-0.007415820815841421,-0.03231994839292721,False,5.0,2.0,5.0,0.4,1.0
194,missense,,-0.08901895243290503,-0.013292266709090617,-0.07572668572381441,False,5.0,2.0,5.0,0.4,1.0
194,missense,,-0.007386088553821078,-0.017661751236162718,0.01027566268234164,False,5.0,2.0,5.0,0.4,1.0
194,synonymous,,-0.053228156380384584,-0.02418076560366907,-0.029047390776715514,False,7.0,1.0,3.0,0.14285714285714285,0.42857142857142855
194,synonymous,,0.011019515041254594,-0.021432881468198148,0.03245239650945274,False,7.0,1.0,3.0,0.14285714285714285,0.42857142857142855
194,synonymous,,-0.0010908752440653988,-0.01258497811287108,0.011494102868805683,False,7.0,1.0,3.0,0.14285714285714285,0.42857142857142855
194,synonymous,,-0.026496626386893003,-0.007415820815841421,-0.01908080557105158,False,7.0,1.0,3.0,0.14285714285714285,0.42857142857142855
194,synonymous,,-0.03213656317582609,-0.013292266709090617,-0.018844296466735473,False,7.0,1.0,3.0,0.14285714285714285,0.42857142857142855
194,synonymous,,-0.05118673443035339,-0.017661751236162718,-0.03352498319419067,False,7.0,1.0,3.0,0.14285714285714285,0.42857142857142855
195,missense,,-0.022252156431995147,-0.02418076560366907,0.0019286091716739229,False,8.0,1.0,2.0,0.125,0.25
195,missense,,-0.0005139977940841673,-0.021432881468198148,0.02091888367411398,False,8.0,1.0,2.0,0.125,0.25
195,missense,,-0.009533771120393952,-0.01258497811287108,0.003051206992477129,False,8.0,1.0,2.0,0.125,0.25
195,missense,,-0.0036759049861857357,-0.007415820815841421,0.0037399158296556856,False,8.0,1.0,2.0,0.125,0.25
195,missense,,-0.0021105059144462487,-0.013292266709090617,0.011181760794644368,False,8.0,1.0,2.0,0.125,0.25
195,missense,,-0.016955785163939037,-0.017661751236162718,0.0007059660722236807,False,8.0,1.0,2.0,0.125,0.25
195,synonymous,,-0.01073855529394553,-0.02418076560366907,0.01344221030972354,False,4.0,1.0,3.0,0.25,0.75
195,synonymous,,0.00396440872890425,-0.021432881468198148,0.0253972901971024,False,4.0,1.0,3.0,0.25,0.75
195,synonymous,,-0.0011280809078548194,-0.01258497811287108,0.011456897205016262,False,4.0,1.0,3.0,0.25,0.75
195,synonymous,,0.003479271332887478,-0.007415820815841421,0.0108950921487289,False,4.0,1.0,3.0,0.25,0.75
195,synonymous,,0.008355268539277025,-0.013292266709090617,0.02164753524836764,False,4.0,1.0,3.0,0.25,0.75
195,synonymous,,-0.008649954240498121,-0.017661751236162718,0.009011796995664597,False,4.0,1.0,3.0,0.25,0.75
196,missense,,-0.03999173786492013,-0.02418076560366907,-0.01581097226125106,False,4.0,0.0,1.0,0.0,0.25
196,missense,,-0.012159856597563704,-0.021432881468198148,0.009273024870634444,False,4.0,0.0,1.0,0.0,0.25
196,missense,,0.0574054469132544,-0.01258497811287108,0.06999042502612549,False,4.0,0.0,1.0,0.0,0.25
196,missense,,0.0026333953884655997,-0.007415820815841421,0.01004921620430702,False,4.0,0.0,1.0,0.0,0.25
196,missense,,0.0064858657331810015,-0.013292266709090617,0.01977813244227162,False,4.0,0.0,1.0,0.0,0.25
196,missense,,-0.03139729161922189,-0.017661751236162718,-0.013735540383059172,False,4.0,0.0,1.0,0.0,0.25
196,synonymous,,-0.020636667932846554,-0.02418076560366907,0.003544097670822515,False,4.0,0.0,1.0,0.0,0.25
196,synonymous,,-0.13151820925981877,-0.021432881468198148,-0.11008532779162063,False,4.0,0.0,1.0,0.0,0.25
196,synonymous,,0.048561768905184904,-0.01258497811287108,0.06114674701805599,False,4.0,0.0,1.0,0.0,0.25
196,synonymous,,0.020819075908441818,-0.007415820815841421,0.02823489672428324,False,4.0,0.0,1.0,0.0,0.25
196,synonymous,,0.004307046915372985,-0.013292266709090617,0.0175993136244636,False,4.0,0.0,1.0,0.0,0.25
196,synonymous,,0.004499305262724152,-0.017661751236162718,0.022161056498886868,False,4.0,0.0,1.0,0.0,0.25
197,missense,,-0.00951902798035013,-0.02418076560366907,0.01466173762331894,False,5.0,0.0,2.0,0.0,0.4
197,missense,,0.0029647689647322416,-0.021432881468198148,0.02439765043293039,False,5.0,0.0,2.0,0.0,0.4
197,missense,,0.010345472803636652,-0.01258497811287108,0.022930450916507732,False,5.0,0.0,2.0,0.0,0.4
197,missense,,0.003631904654271369,-0.007415820815841421,0.01104772547011279,False,5.0,0.0,2.0,0.0,0.4
197,missense,,-0.001630663510382837,-0.013292266709090617,0.011661603198707779,False,5.0,0.0,2.0,0.0,0.4
197,missense,,-0.012559339308679343,-0.017661751236162718,0.005102411927483374,False,5.0,0.0,2.0,0.0,0.4
197,synonymous,,-0.021030774246037238,-0.02418076560366907,0.0031499913576318317,False,5.0,1.0,2.0,0.2,0.4
197,synonymous,,-0.030858228777303487,-0.021432881468198148,-0.00942534730910534,False,5.0,1.0,2.0,0.2,0.4
197,synonymous,,0.020336615929918655,-0.01258497811287108,0.032921594042789736,False,5.0,1.0,2.0,0.2,0.4
197,synonymous,,-0.008545116588511245,-0.007415820815841421,-0.0011292957726698237,False,5.0,1.0,2.0,0.2,0.4
197,synonymous,,-0.0145804053859042,-0.013292266709090617,-0.0012881386768135838,False,5.0,1.0,2.0,0.2,0.4
197,synonymous,,-0.002411908588133612,-0.017661751236162718,0.015249842648029106,False,5.0,1.0,2.0,0.2,0.4
198,missense,,-0.011875773218307649,-0.02418076560366907,0.01230499238536142,False,16.0,1.0,5.0,0.0625,0.3125
198,missense,,-0.003918519769306855,-0.021432881468198148,0.01751436169889129,False,16.0,1.0,5.0,0.0625,0.3125
198,missense,,0.02524284275584596,-0.01258497811287108,0.03782782086871704,False,16.0,1.0,5.0,0.0625,0.3125
198,missense,,-0.030005621263279016,-0.007415820815841421,-0.022589800447437594,False,16.0,1.0,5.0,0.0625,0.3125
198,missense,,-0.02034720622144649,-0.013292266709090617,-0.007054939512355873,False,16.0,1.0,5.0,0.0625,0.3125
198,missense,,-0.010380151653120371,-0.017661751236162718,0.007281599583042347,False,16.0,1.0,5.0,0.0625,0.3125
198,synonymous,,-0.07877581830145454,-0.02418076560366907,-0.05459505269778547,False,7.0,3.0,4.0,0.42857142857142855,0.5714285714285714
198,synonymous,,-0.0017346874059056138,-0.021432881468198148,0.019698194062292534,False,7.0,3.0,4.0,0.42857142857142855,0.5714285714285714
198,synonymous,,-0.049565813978089096,-0.01258497811287108,-0.03698083586521801,False,7.0,3.0,4.0,0.42857142857142855,0.5714285714285714
198,synonymous,,-0.015686299829617688,-0.007415820815841421,-0.008270479013776266,False,7.0,3.0,4.0,0.42857142857142855,0.5714285714285714
198,synonymous,,-0.023878143215929692,-0.013292266709090617,-0.010585876506839075,False,7.0,3.0,4.0,0.42857142857142855,0.5714285714285714
198,synonymous,,-0.08985215002330708,-0.017661751236162718,-0.07219039878714437,False,7.0,3.0,4.0,0.42857142857142855,0.5714285714285714
199,missense,,-0.10910976704989615,-0.02418076560366907,-0.08492900144622709,False,7.0,1.0,4.0,0.14285714285714285,0.5714285714285714
199,missense,,0.0020382337950002015,-0.021432881468198148,0.02347111526319835,False,7.0,1.0,4.0,0.14285714285714285,0.5714285714285714
199,missense,,-0.030999536065187124,-0.01258497811287108,-0.018414557952316044,False,7.0,1.0,4.0,0.14285714285714285,0.5714285714285714
199,missense,,-0.019187549332071414,-0.007415820815841421,-0.011771728516229991,False,7.0,1.0,4.0,0.14285714285714285,0.5714285714285714
199,missense,,0.001659516333197745,-0.013292266709090617,0.014951783042288362,False,7.0,1.0,4.0,0.14285714285714285,0.5714285714285714
199,missense,,-0.012953404587074679,-0.017661751236162718,0.004708346649088039,False,7.0,1.0,4.0,0.14285714285714285,0.5714285714285714
199,synonymous,,-0.013477691958568806,-0.02418076560366907,0.010703073645100264,False,6.0,0.0,1.0,0.0,0.16666666666666666
199,synonymous,,0.006813537253935316,-0.021432881468198148,0.028246418722133463,False,6.0,0.0,1.0,0.0,0.16666666666666666
199,synonymous,,-0.005857917470646994,-0.01258497811287108,0.006727060642224086,False,6.0,0.0,1.0,0.0,0.16666666666666666
199,synonymous,,-0.012281088843836671,-0.007415820815841421,-0.00486526802799525,False,6.0,0.0,1.0,0.0,0.16666666666666666
199,synonymous,,0.01926767121329437,-0.013292266709090617,0.032559937922384985,False,6.0,0.0,1.0,0.0,0.16666666666666666
199,synonymous,,-0.007004597933841761,-0.017661751236162718,0.010657153302320956,False,6.0,0.0,1.0,0.0,0.16666666666666666
200,PTC,,-2.230917897951895,-0.02418076560366907,-2.2067371323482257,True,6.0,6.0,6.0,1.0,1.0
200,PTC,,-2.606768523733365,-0.021432881468198148,-2.5853356422651665,True,6.0,6.0,6.0,1.0,1.0
200,PTC,,-2.5829089761738686,-0.01258497811287108,-2.5703239980609975,True,6.0,6.0,6.0,1.0,1.0
200,PTC,,-2.1812436362512657,-0.007415820815841421,-2.1738278154354242,True,6.0,6.0,6.0,1.0,1.0
200,PTC,,-2.50265768065663,-0.013292266709090617,-2.489365413947539,True,6.0,6.0,6.0,1.0,1.0
200,PTC,,-2.175165565203248,-0.017661751236162718,-2.1575038139670855,True,6.0,6.0,6.0,1.0,1.0
200,missense,,-0.06840117092837956,-0.02418076560366907,-0.0442204053247105,False,6.0,0.0,5.0,0.0,0.8333333333333334
200,missense,,-0.0834852324506464,-0.021432881468198148,-0.062052350982448254,False,6.0,0.0,5.0,0.0,0.8333333333333334
200,missense,,-0.043443921978562956,-0.01258497811287108,-0.030858943865691876,False,6.0,0.0,5.0,0.0,0.8333333333333334
200,missense,,-0.07062436700573328,-0.007415820815841421,-0.06320854618989186,False,6.0,0.0,5.0,0.0,0.8333333333333334
200,missense,,-0.08057833808137503,-0.013292266709090617,-0.06728607137228441,False,6.0,0.0,5.0,0.0,0.8333333333333334
200,missense,,0.022017810347869027,-0.017661751236162718,0.03967956158403174,False,6.0,0.0,5.0,0.0,0.8333333333333334
200,synonymous,,-0.0421928315375248,-0.02418076560366907,-0.018012065933855733,False,6.0,0.0,4.0,0.0,0.6666666666666666
200,synonymous,,-0.047916683462788545,-0.021432881468198148,-0.026483801994590397,False,6.0,0.0,4.0,0.0,0.6666666666666666
200,synonymous,,-0.04295678391453544,-0.01258497811287108,-0.030371805801664358,False,6.0,0.0,4.0,0.0,0.6666666666666666
200,synonymous,,-0.02792797629684672,-0.007415820815841421,-0.0205121554810053,False,6.0,0.0,4.0,0.0,0.6666666666666666
200,synonymous,,-0.03980632600283724,-0.013292266709090617,-0.026514059293746624,False,6.0,0.0,4.0,0.0,0.6666666666666666
200,synonymous,,-0.04484319230377224,-0.017661751236162718,-0.027181441067609523,False,6.0,0.0,4.0,0.0,0.6666666666666666
201,missense,,0.010870867594413833,-0.02418076560366907,0.0350516331980829,False,8.0,2.0,3.0,0.25,0.375
201,missense,,0.0034466946093388118,-0.021432881468198148,0.02487957607753696,False,8.0,2.0,3.0,0.25,0.375
201,missense,,0.003072783062116176,-0.01258497811287108,0.015657761174987257,False,8.0,2.0,3.0,0.25,0.375
201,missense,,-0.011693938463686594,-0.007415820815841421,-0.004278117647845172,False,8.0,2.0,3.0,0.25,0.375
201,missense,,-0.023039215986677113,-0.013292266709090617,-0.009746949277586497,False,8.0,2.0,3.0,0.25,0.375
201,missense,,-0.006729359788046526,-0.017661751236162718,0.010932391448116191,False,8.0,2.0,3.0,0.25,0.375
201,synonymous,,-0.010982969928424019,-0.02418076560366907,0.01319779567524505,False,19.0,2.0,6.0,0.10526315789473684,0.3157894736842105
201,synonymous,,-0.013876238776990225,-0.021432881468198148,0.007556642691207923,False,19.0,2.0,6.0,0.10526315789473684,0.3157894736842105
201,synonymous,,-0.012406259780427576,-0.01258497811287108,0.0001787183324435046,False,19.0,2.0,6.0,0.10526315789473684,0.3157894736842105
201,synonymous,,-0.009846780877846538,-0.007415820815841421,-0.0024309600620051166,False,19.0,2.0,6.0,0.10526315789473684,0.3157894736842105
201,synonymous,,-0.0009084475576592244,-0.013292266709090617,0.012383819151431393,False,19.0,2.0,6.0,0.10526315789473684,0.3157894736842105
201,synonymous,,-0.0037762962495302287,-0.017661751236162718,0.01388545498663249,False,19.0,2.0,6.0,0.10526315789473684,0.3157894736842105
202,missense,,-0.052824335312551256,-0.02418076560366907,-0.028643569708882186,False,9.0,4.0,6.0,0.4444444444444444,0.6666666666666666
202,missense,,-0.01007989084542929,-0.021432881468198148,0.011352990622768858,False,9.0,4.0,6.0,0.4444444444444444,0.6666666666666666
202,missense,,-0.003179703245834667,-0.01258497811287108,0.009405274867036413,False,9.0,4.0,6.0,0.4444444444444444,0.6666666666666666
202,missense,,-0.0027288695584609,-0.007415820815841421,0.004686951257380521,False,9.0,4.0,6.0,0.4444444444444444,0.6666666666666666
202,missense,,-0.006630773829548321,-0.013292266709090617,0.0066614928795422955,False,9.0,4.0,6.0,0.4444444444444444,0.6666666666666666
202,missense,,-0.02000606259873905,-0.017661751236162718,-0.0023443113625763318,False,9.0,4.0,6.0,0.4444444444444444,0.6666666666666666
202,synonymous,,-0.004584766089454244,-0.02418076560366907,0.019595999514214826,False,8.0,1.0,4.0,0.125,0.5
202,synonymous,,-0.07306263023415373,-0.021432881468198148,-0.05162974876595558,False,8.0,1.0,4.0,0.125,0.5
202,synonymous,,-0.023123677128180514,-0.01258497811287108,-0.010538699015309433,False,8.0,1.0,4.0,0.125,0.5
202,synonymous,,-0.0035676892601301177,-0.007415820815841421,0.0038481315557113037,False,8.0,1.0,4.0,0.125,0.5
202,synonymous,,-0.04012576477345555,-0.013292266709090617,-0.026833498064364934,False,8.0,1.0,4.0,0.125,0.5
202,synonymous,,-0.02131774608989863,-0.017661751236162718,-0.003655994853735911,False,8.0,1.0,4.0,0.125,0.5
203,missense,,-0.020045185211194246,-0.02418076560366907,0.004135580392474823,False,10.0,3.0,5.0,0.3,0.5
203,missense,,0.0065626992533330195,-0.021432881468198148,0.027995580721531167,False,10.0,3.0,5.0,0.3,0.5
203,missense,,0.010214398842881235,-0.01258497811287108,0.022799376955752314,False,10.0,3.0,5.0,0.3,0.5
203,missense,,2.0690948732565718e-05,-0.007415820815841421,0.007436511764573987,False,10.0,3.0,5.0,0.3,0.5
203,missense,,0.016345935332187828,-0.013292266709090617,0.029638202041278445,False,10.0,3.0,5.0,0.3,0.5
203,missense,,0.007862879325930524,-0.017661751236162718,0.02552463056209324,False,10.0,3.0,5.0,0.3,0.5
203,synonymous,,-0.04837121796126874,-0.02418076560366907,-0.02419045235759967,False,12.0,1.0,4.0,0.08333333333333333,0.3333333333333333
203,synonymous,,-0.028175229669162093,-0.021432881468198148,-0.006742348200963946,False,12.0,1.0,4.0,0.08333333333333333,0.3333333333333333
203,synonymous,,0.021549795215790056,-0.01258497811287108,0.03413477332866113,False,12.0,1.0,4.0,0.08333333333333333,0.3333333333333333
203,synonymous,,0.005567309172356657,-0.007415820815841421,0.012983129988198078,False,12.0,1.0,4.0,0.08333333333333333,0.3333333333333333
203,synonymous,,0.003743797766848721,-0.013292266709090617,0.017036064475939337,False,12.0,1.0,4.0,0.08333333333333333,0.3333333333333333
203,synonymous,,-0.026063472719523646,-0.017661751236162718,-0.008401721483360929,False,12.0,1.0,4.0,0.08333333333333333,0.3333333333333333
204,missense,,-0.07535068954335929,-0.02418076560366907,-0.05116992393969022,False,7.0,1.0,3.0,0.14285714285714285,0.42857142857142855
204,missense,,-0.06659634403610061,-0.021432881468198148,-0.04516346256790246,False,7.0,1.0,3.0,0.14285714285714285,0.42857142857142855
204,missense,,-0.14050345790572313,-0.01258497811287108,-0.12791847979285206,False,7.0,1.0,3.0,0.14285714285714285,0.42857142857142855
204,missense,,-0.013148415867493749,-0.007415820815841421,-0.005732595051652327,False,7.0,1.0,3.0,0.14285714285714285,0.42857142857142855
204,missense,,-0.04896487920717337,-0.013292266709090617,-0.035672612498082755,False,7.0,1.0,3.0,0.14285714285714285,0.42857142857142855
204,missense,,0.03784678838134695,-0.017661751236162718,0.05550853961750967,False,7.0,1.0,3.0,0.14285714285714285,0.42857142857142855
204,synonymous,,-0.03458275751059895,-0.02418076560366907,-0.010401991906929881,False,1.0,0.0,0.0,0.0,0.0
204,synonymous,,0.040753421907415044,-0.021432881468198148,0.06218630337561319,False,1.0,0.0,0.0,0.0,0.0
204,synonymous,,-0.04443038036468,-0.01258497811287108,-0.031845402251808916,False,1.0,0.0,0.0,0.0,0.0
204,synonymous,,0.008056798849616452,-0.007415820815841421,0.015472619665457873,False,1.0,0.0,0.0,0.0,0.0
204,synonymous,,-0.003987337959469476,-0.013292266709090617,0.00930492874962114,False,1.0,0.0,0.0,0.0,0.0
204,synonymous,,-0.02561809205118776,-0.017661751236162718,-0.007956340815025043,False,1.0,0.0,0.0,0.0,0.0
205,missense,,0.006226737846652562,-0.02418076560366907,0.03040750345032163,False,10.0,1.0,7.0,0.1,0.7
205,missense,,0.011254213283746643,-0.021432881468198148,0.03268709475194479,False,10.0,1.0,7.0,0.1,0.7
205,missense,,-0.008326872445230912,-0.01258497811287108,0.004258105667640169,False,10.0,1.0,7.0,0.1,0.7
205,missense,,-0.0025443124468495252,-0.007415820815841421,0.004871508368991896,False,10.0,1.0,7.0,0.1,0.7
205,missense,,-0.04187081644588466,-0.013292266709090617,-0.028578549736794044,False,10.0,1.0,7.0,0.1,0.7
205,missense,,-0.08312627011730823,-0.017661751236162718,-0.06546451888114552,False,10.0,1.0,7.0,0.1,0.7
205,synonymous,,0.02020506481491569,-0.02418076560366907,0.04438583041858476,False,2.0,1.0,1.0,0.5,0.5
205,synonymous,,-0.011590708381135477,-0.021432881468198148,0.00984217308706267,False,2.0,1.0,1.0,0.5,0.5
205,synonymous,,-0.03223272899035903,-0.01258497811287108,-0.019647750877487952,False,2.0,1.0,1.0,0.5,0.5
205,synonymous,,-0.0017864983699724644,-0.007415820815841421,0.005629322445868957,False,2.0,1.0,1.0,0.5,0.5
205,synonymous,,-0.010457581053444484,-0.013292266709090617,0.002834685655646133,False,2.0,1.0,1.0,0.5,0.5
205,synonymous,,-0.018699307104086696,-0.017661751236162718,-0.0010375558679239782,False,2.0,1.0,1.0,0.5,0.5
206,missense,,-0.04725650240058181,-0.02418076560366907,-0.02307573679691274,False,11.0,0.0,6.0,0.0,0.5454545454545454
206,missense,,-0.0818448082942571,-0.021432881468198148,-0.06041192682605895,False,11.0,0.0,6.0,0.0,0.5454545454545454
206,missense,,-0.0150073091531876,-0.01258497811287108,-0.002422331040316519,False,11.0,0.0,6.0,0.0,0.5454545454545454
206,missense,,-0.01909338234544652,-0.007415820815841421,-0.011677561529605099,False,11.0,0.0,6.0,0.0,0.5454545454545454
206,missense,,-0.019917031557008334,-0.013292266709090617,-0.006624764847917717,False,11.0,0.0,6.0,0.0,0.5454545454545454
206,missense,,-0.008419602389741954,-0.017661751236162718,0.009242148846420764,False,11.0,0.0,6.0,0.0,0.5454545454545454
206,synonymous,,-0.13799594112256178,-0.02418076560366907,-0.11381517551889271,False,4.0,1.0,2.0,0.25,0.5
206,synonymous,,-0.06690321293516255,-0.021432881468198148,-0.0454703314669644,False,4.0,1.0,2.0,0.25,0.5
206,synonymous,,-0.06123997369060024,-0.01258497811287108,-0.04865499557772916,False,4.0,1.0,2.0,0.25,0.5
206,synonymous,,0.031143415656973573,-0.007415820815841421,0.03855923647281499,False,4.0,1.0,2.0,0.25,0.5
206,synonymous,,-0.01721558601781614,-0.013292266709090617,-0.003923319308725522,False,4.0,1.0,2.0,0.25,0.5
206,synonymous,,-0.018819598165730783,-0.017661751236162718,-0.0011578469295680655,False,4.0,1.0,2.0,0.25,0.5
207,missense,,-9.234249071481444e-05,-0.02418076560366907,0.024088423112954255,False,3.0,0.0,1.0,0.0,0.3333333333333333
207,missense,,0.014385743436712626,-0.021432881468198148,0.03581862490491077,False,3.0,0.0,1.0,0.0,0.3333333333333333
207,missense,,-0.0007793412709076412,-0.01258497811287108,0.01180563684196344,False,3.0,0.0,1.0,0.0,0.3333333333333333
207,missense,,0.0055585341917154365,-0.007415820815841421,0.012974355007556858,False,3.0,0.0,1.0,0.0,0.3333333333333333
207,missense,,-0.002664164658999247,-0.013292266709090617,0.010628102050091369,False,3.0,0.0,1.0,0.0,0.3333333333333333
207,missense,,-0.0010722027311975474,-0.017661751236162718,0.01658954850496517,False,3.0,0.0,1.0,0.0,0.3333333333333333
207,synonymous,,-0.035713499212897556,-0.02418076560366907,-0.011532733609228487,False,14.0,3.0,6.0,0.21428571428571427,0.42857142857142855
207,synonymous,,-0.014072050632256864,-0.021432881468198148,0.007360830835941284,False,14.0,3.0,6.0,0.21428571428571427,0.42857142857142855
207,synonymous,,-0.042538574550882016,-0.01258497811287108,-0.029953596438010936,False,14.0,3.0,6.0,0.21428571428571427,0.42857142857142855
207,synonymous,,-0.0074587141370989095,-0.007415820815841421,-4.289332125748807e-05,False,14.0,3.0,6.0,0.21428571428571427,0.42857142857142855
207,synonymous,,-0.009641314908286474,-0.013292266709090617,0.003650951800804143,False,14.0,3.0,6.0,0.21428571428571427,0.42857142857142855
207,synonymous,,-0.002851983490380618,-0.017661751236162718,0.0148097677457821,False,14.0,3.0,6.0,0.21428571428571427,0.42857142857142855
208,missense,,-0.0219605526770655,-0.02418076560366907,0.002220212926603571,False,15.0,1.0,10.0,0.06666666666666667,0.6666666666666666
208,missense,,-0.02971791844403491,-0.021432881468198148,-0.008285036975836761,False,15.0,1.0,10.0,0.06666666666666667,0.6666666666666666
208,missense,,-0.033252015039146335,-0.01258497811287108,-0.020667036926275254,False,15.0,1.0,10.0,0.06666666666666667,0.6666666666666666
208,missense,,0.009995650173243616,-0.007415820815841421,0.017411470989085038,False,15.0,1.0,10.0,0.06666666666666667,0.6666666666666666
208,missense,,-0.00975744540769074,-0.013292266709090617,0.003534821301399876,False,15.0,1.0,10.0,0.06666666666666667,0.6666666666666666
208,missense,,-0.07554104056659008,-0.017661751236162718,-0.057879289330427366,False,15.0,1.0,10.0,0.06666666666666667,0.6666666666666666
208,synonymous,,-0.0017542317302771076,-0.02418076560366907,0.02242653387339196,False,6.0,1.0,3.0,0.16666666666666666,0.5
208,synonymous,,0.008519708952851092,-0.021432881468198148,0.02995259042104924,False,6.0,1.0,3.0,0.16666666666666666,0.5
208,synonymous,,0.004600846355760035,-0.01258497811287108,0.017185824468631115,False,6.0,1.0,3.0,0.16666666666666666,0.5
208,synonymous,,-0.0015648756562947706,-0.007415820815841421,0.005850945159546651,False,6.0,1.0,3.0,0.16666666666666666,0.5
208,synonymous,,-0.011001646213850282,-0.013292266709090617,0.002290620495240335,False,6.0,1.0,3.0,0.16666666666666666,0.5
208,synonymous,,-0.0028442858742376855,-0.017661751236162718,0.014817465361925032,False,6.0,1.0,3.0,0.16666666666666666,0.5
209,missense,,-0.21735294661656998,-0.02418076560366907,-0.1931721810129009,False,3.0,1.0,2.0,0.3333333333333333,0.6666666666666666
209,missense,,0.02184703201609074,-0.021432881468198148,0.04327991348428889,False,3.0,1.0,2.0,0.3333333333333333,0.6666666666666666
209,missense,,-0.22558666738069957,-0.01258497811287108,-0.2130016892678285,False,3.0,1.0,2.0,0.3333333333333333,0.6666666666666666
209,missense,,0.08802700089409808,-0.007415820815841421,0.09544282170993951,False,3.0,1.0,2.0,0.3333333333333333,0.6666666666666666
209,missense,,-0.19806573681958692,-0.013292266709090617,-0.1847734701104963,False,3.0,1.0,2.0,0.3333333333333333,0.6666666666666666
209,missense,,-1.1501117697851948,-0.017661751236162718,-1.132450018549032,False,3.0,1.0,2.0,0.3333333333333333,0.6666666666666666
209,synonymous,,-0.030195030985851964,-0.02418076560366907,-0.006014265382182894,False,4.0,0.0,2.0,0.0,0.5
209,synonymous,,0.011199924273472406,-0.021432881468198148,0.03263280574167055,False,4.0,0.0,2.0,0.0,0.5
209,synonymous,,-0.12713377810034082,-0.01258497811287108,-0.11454879998746974,False,4.0,0.0,2.0,0.0,0.5
209,synonymous,,-0.09160305280760085,-0.007415820815841421,-0.08418723199175943,False,4.0,0.0,2.0,0.0,0.5
209,synonymous,,0.04589314096838592,-0.013292266709090617,0.059185407677476536,False,4.0,0.0,2.0,0.0,0.5
209,synonymous,,0.06401868610769294,-0.017661751236162718,0.08168043734385566,False,4.0,0.0,2.0,0.0,0.5
210,missense,,-0.0870694012662848,-0.02418076560366907,-0.06288863566261574,False,7.0,3.0,3.0,0.42857142857142855,0.42857142857142855
210,missense,,-0.05357025724791552,-0.021432881468198148,-0.03213737577971737,False,7.0,3.0,3.0,0.42857142857142855,0.42857142857142855
210,missense,,-0.046533435868357204,-0.01258497811287108,-0.03394845775548612,False,7.0,3.0,3.0,0.42857142857142855,0.42857142857142855
210,missense,,-0.01751571155452015,-0.007415820815841421,-0.010099890738678726,False,7.0,3.0,3.0,0.42857142857142855,0.42857142857142855
210,missense,,-0.04129357616098073,-0.013292266709090617,-0.02800130945189011,False,7.0,3.0,3.0,0.42857142857142855,0.42857142857142855
210,missense,,-0.031623866734070256,-0.017661751236162718,-0.013962115497907539,False,7.0,3.0,3.0,0.42857142857142855,0.42857142857142855
210,synonymous,,-0.11188033627580031,-0.02418076560366907,-0.08769957067213124,False,4.0,0.0,0.0,0.0,0.0
210,synonymous,,-0.015020613441583763,-0.021432881468198148,0.006412268026614385,False,4.0,0.0,0.0,0.0,0.0
210,synonymous,,-0.09754114652485542,-0.01258497811287108,-0.08495616841198433,False,4.0,0.0,0.0,0.0,0.0
210,synonymous,,-0.002951245628696504,-0.007415820815841421,0.004464575187144918,False,4.0,0.0,0.0,0.0,0.0
210,synonymous,,-0.006512349801486905,-0.013292266709090617,0.006779916907603711,False,4.0,0.0,0.0,0.0,0.0
210,synonymous,,-0.03854117333868272,-0.017661751236162718,-0.02087942210252,False,4.0,0.0,0.0,0.0,0.0
211,missense,,-0.03814725629904589,-0.02418076560366907,-0.01396649069537682,False,8.0,2.0,3.0,0.25,0.375
211,missense,,-0.024515419820645708,-0.021432881468198148,-0.00308253835244756,False,8.0,2.0,3.0,0.25,0.375
211,missense,,-0.009714540341644156,-0.01258497811287108,0.0028704377712269243,False,8.0,2.0,3.0,0.25,0.375
211,missense,,-0.011453275161862137,-0.007415820815841421,-0.004037454346020716,False,8.0,2.0,3.0,0.25,0.375
211,missense,,0.023890477275663083,-0.013292266709090617,0.0371827439847537,False,8.0,2.0,3.0,0.25,0.375
211,missense,,-0.016997648173740908,-0.017661751236162718,0.00066410306242181,False,8.0,2.0,3.0,0.25,0.375
211,synonymous,,-0.0818748289788635,-0.02418076560366907,-0.057694063375194435,False,4.0,1.0,3.0,0.25,0.75
211,synonymous,,-0.08869015459469909,-0.021432881468198148,-0.06725727312650094,False,4.0,1.0,3.0,0.25,0.75
211,synonymous,,0.15280256917271803,-0.01258497811287108,0.1653875472855891,False,4.0,1.0,3.0,0.25,0.75
211,synonymous,,-0.06489533929311725,-0.007415820815841421,-0.05747951847727583,False,4.0,1.0,3.0,0.25,0.75
211,synonymous,,-0.04283314494041563,-0.013292266709090617,-0.029540878231325014,False,4.0,1.0,3.0,0.25,0.75
211,synonymous,,-0.02954058761380699,-0.017661751236162718,-0.011878836377644274,False,4.0,1.0,3.0,0.25,0.75
212,missense,,-0.061636719517979464,-0.02418076560366907,-0.03745595391431039,False,8.0,2.0,4.0,0.25,0.5
212,missense,,-0.03641662957405313,-0.021432881468198148,-0.014983748105854983,False,8.0,2.0,4.0,0.25,0.5
212,missense,,0.00018544926752886,-0.01258497811287108,0.01277042738039994,False,8.0,2.0,4.0,0.25,0.5
212,missense,,-0.01782754026025837,-0.007415820815841421,-0.010411719444416948,False,8.0,2.0,4.0,0.25,0.5
212,missense,,-0.00010184666057993746,-0.013292266709090617,0.01319042004851068,False,8.0,2.0,4.0,0.25,0.5
212,missense,,-0.019855708250495364,-0.017661751236162718,-0.002193957014332646,False,8.0,2.0,4.0,0.25,0.5
212,synonymous,,-0.12467224671477954,-0.02418076560366907,-0.10049148111111048,False,2.0,0.0,0.0,0.0,0.0
212,synonymous,,-0.24453675562408234,-0.021432881468198148,-0.22310387415588417,False,2.0,0.0,0.0,0.0,0.0
212,synonymous,,-0.15531901450611077,-0.01258497811287108,-0.1427340363932397,False,2.0,0.0,0.0,0.0,0.0
212,synonymous,,-0.005932145296748119,-0.007415820815841421,0.0014836755190933025,False,2.0,0.0,0.0,0.0,0.0
212,synonymous,,-0.04480447894397006,-0.013292266709090617,-0.03151221223487944,False,2.0,0.0,0.0,0.0,0.0
212,synonymous,,-0.4720483638609952,-0.017661751236162718,-0.4543866126248325,False,2.0,0.0,0.0,0.0,0.0
213,missense,,-0.0560198303970209,-0.02418076560366907,-0.03183906479335183,False,3.0,0.0,2.0,0.0,0.6666666666666666
213,missense,,-0.035924550263919816,-0.021432881468198148,-0.014491668795721668,False,3.0,0.0,2.0,0.0,0.6666666666666666
213,missense,,-0.022500699562581803,-0.01258497811287108,-0.009915721449710722,False,3.0,0.0,2.0,0.0,0.6666666666666666
213,missense,,0.032174380127776236,-0.007415820815841421,0.039590200943617655,False,3.0,0.0,2.0,0.0,0.6666666666666666
213,missense,,-0.010153263207631278,-0.013292266709090617,0.003139003501459339,False,3.0,0.0,2.0,0.0,0.6666666666666666
213,missense,,-0.011046613924143307,-0.017661751236162718,0.00661513731201941,False,3.0,0.0,2.0,0.0,0.6666666666666666
214,missense,,0.0015520589892628217,-0.02418076560366907,0.025732824592931892,False,2.0,0.0,1.0,0.0,0.5
214,missense,,-0.06845405104999282,-0.021432881468198148,-0.04702116958179467,False,2.0,0.0,1.0,0.0,0.5
214,missense,,0.009946291611093255,-0.01258497811287108,0.022531269723964336,False,2.0,0.0,1.0,0.0,0.5
214,missense,,-0.0007128610743855667,-0.007415820815841421,0.006702959741455855,False,2.0,0.0,1.0,0.0,0.5
214,missense,,-0.10625874103999033,-0.013292266709090617,-0.09296647433089972,False,2.0,0.0,1.0,0.0,0.5
214,missense,,-0.04789181693351813,-0.017661751236162718,-0.03023006569735541,False,2.0,0.0,1.0,0.0,0.5
214,synonymous,,-0.019450070758181885,-0.02418076560366907,0.004730694845487184,False,2.0,1.0,1.0,0.5,0.5
214,synonymous,,-0.027912460395481516,-0.021432881468198148,-0.006479578927283368,False,2.0,1.0,1.0,0.5,0.5
214,synonymous,,0.02756157039321823,-0.01258497811287108,0.04014654850608931,False,2.0,1.0,1.0,0.5,0.5
214,synonymous,,0.022287623677456007,-0.007415820815841421,0.02970344449329743,False,2.0,1.0,1.0,0.5,0.5
214,synonymous,,0.008624881456919484,-0.013292266709090617,0.0219171481660101,False,2.0,1.0,1.0,0.5,0.5
214,synonymous,,-0.00046936603591791885,-0.017661751236162718,0.017192385200244797,False,2.0,1.0,1.0,0.5,0.5
215,missense,,0.007094403988602183,-0.02418076560366907,0.03127516959227125,False,3.0,0.0,0.0,0.0,0.0
215,missense,,0.00250356708852979,-0.021432881468198148,0.023936448556727937,False,3.0,0.0,0.0,0.0,0.0
215,missense,,-0.0031273064456838664,-0.01258497811287108,0.009457671667187214,False,3.0,0.0,0.0,0.0,0.0
215,missense,,0.012120210175769003,-0.007415820815841421,0.019536030991610425,False,3.0,0.0,0.0,0.0,0.0
215,missense,,-0.0024984576920446975,-0.013292266709090617,0.010793809017045918,False,3.0,0.0,0.0,0.0,0.0
215,missense,,-0.008390807532576757,-0.017661751236162718,0.00927094370358596,False,3.0,0.0,0.0,0.0,0.0
215,synonymous,,-0.029981178012961195,-0.02418076560366907,-0.005800412409292126,False,6.0,2.0,5.0,0.3333333333333333,0.8333333333333334
215,synonymous,,-0.07974845667596006,-0.021432881468198148,-0.05831557520776191,False,6.0,2.0,5.0,0.3333333333333333,0.8333333333333334
215,synonymous,,0.01961012323717006,-0.01258497811287108,0.03219510135004114,False,6.0,2.0,5.0,0.3333333333333333,0.8333333333333334
215,synonymous,,0.02580854348733415,-0.007415820815841421,0.03322436430317557,False,6.0,2.0,5.0,0.3333333333333333,0.8333333333333334
215,synonymous,,0.009210978635326172,-0.013292266709090617,0.02250324534441679,False,6.0,2.0,5.0,0.3333333333333333,0.8333333333333334
215,synonymous,,-0.039637907501102285,-0.017661751236162718,-0.021976156264939567,False,6.0,2.0,5.0,0.3333333333333333,0.8333333333333334
216,missense,,-0.021584291803513077,-0.02418076560366907,0.002596473800155992,False,11.0,4.0,7.0,0.36363636363636365,0.6363636363636364
216,missense,,-0.0006760105825601508,-0.021432881468198148,0.020756870885637997,False,11.0,4.0,7.0,0.36363636363636365,0.6363636363636364
216,missense,,-0.06276487864917142,-0.01258497811287108,-0.05017990053630034,False,11.0,4.0,7.0,0.36363636363636365,0.6363636363636364
216,missense,,-0.00951300406582103,-0.007415820815841421,-0.002097183249979608,False,11.0,4.0,7.0,0.36363636363636365,0.6363636363636364
216,missense,,-0.032046477411309594,-0.013292266709090617,-0.018754210702218978,False,11.0,4.0,7.0,0.36363636363636365,0.6363636363636364
216,missense,,-0.0261338480302798,-0.017661751236162718,-0.008472096794117083,False,11.0,4.0,7.0,0.36363636363636365,0.6363636363636364
216,synonymous,,-0.00471500335030113,-0.02418076560366907,0.01946576225336794,False,2.0,1.0,1.0,0.5,0.5
216,synonymous,,-0.004186272031606722,-0.021432881468198148,0.017246609436591426,False,2.0,1.0,1.0,0.5,0.5
216,synonymous,,0.009229446787277967,-0.01258497811287108,0.021814424900149048,False,2.0,1.0,1.0,0.5,0.5
216,synonymous,,0.004542269069787861,-0.007415820815841421,0.011958089885629283,False,2.0,1.0,1.0,0.5,0.5
216,synonymous,,-0.0041487483038017275,-0.013292266709090617,0.009143518405288889,False,2.0,1.0,1.0,0.5,0.5
216,synonymous,,-0.006470154303243127,-0.017661751236162718,0.01119159693291959,False,2.0,1.0,1.0,0.5,0.5
217,missense,,0.015549417136986309,-0.02418076560366907,0.03973018274065538,False,8.0,1.0,4.0,0.125,0.5
217,missense,,-0.05349620777507863,-0.021432881468198148,-0.03206332630688048,False,8.0,1.0,4.0,0.125,0.5
217,missense,,0.013349431907535713,-0.01258497811287108,0.025934410020406792,False,8.0,1.0,4.0,0.125,0.5
217,missense,,0.00014339276690852984,-0.007415820815841421,0.007559213582749951,False,8.0,1.0,4.0,0.125,0.5
217,missense,,-0.05940778742894995,-0.013292266709090617,-0.04611552071985933,False,8.0,1.0,4.0,0.125,0.5
217,missense,,-0.014754279618706604,-0.017661751236162718,0.002907471617456114,False,8.0,1.0,4.0,0.125,0.5
217,synonymous,,0.005573550653661717,-0.02418076560366907,0.029754316257330785,False,4.0,1.0,2.0,0.25,0.5
217,synonymous,,-0.013665649434743986,-0.021432881468198148,0.007767232033454162,False,4.0,1.0,2.0,0.25,0.5
217,synonymous,,-0.0009862405038998142,-0.01258497811287108,0.011598737608971267,False,4.0,1.0,2.0,0.25,0.5
217,synonymous,,0.0039615561889620975,-0.007415820815841421,0.01137737700480352,False,4.0,1.0,2.0,0.25,0.5
217,synonymous,,0.012525431965204845,-0.013292266709090617,0.02581769867429546,False,4.0,1.0,2.0,0.25,0.5
217,synonymous,,-0.003289194835066616,-0.017661751236162718,0.014372556401096102,False,4.0,1.0,2.0,0.25,0.5
218,missense,,0.048634136883994636,-0.02418076560366907,0.0728149024876637,False,2.0,0.0,2.0,0.0,1.0
218,missense,,0.004686105663362662,-0.021432881468198148,0.02611898713156081,False,2.0,0.0,2.0,0.0,1.0
218,missense,,-0.03553516159149261,-0.01258497811287108,-0.022950183478621527,False,2.0,0.0,2.0,0.0,1.0
218,missense,,-0.01909711101300097,-0.007415820815841421,-0.011681290197159546,False,2.0,0.0,2.0,0.0,1.0
218,missense,,-0.022513249630209804,-0.013292266709090617,-0.009220982921119187,False,2.0,0.0,2.0,0.0,1.0
218,missense,,-0.01059359339622425,-0.017661751236162718,0.007068157839938468,False,2.0,0.0,2.0,0.0,1.0
218,synonymous,,-0.7721668837889065,-0.02418076560366907,-0.7479861181852374,False,1.0,1.0,1.0,1.0,1.0
218,synonymous,,-1.3236628649193114,-0.021432881468198148,-1.3022299834511133,False,1.0,1.0,1.0,1.0,1.0
218,synonymous,,-0.7814949995128593,-0.01258497811287108,-0.7689100213999882,False,1.0,1.0,1.0,1.0,1.0
218,synonymous,,-0.3248130782874002,-0.007415820815841421,-0.3173972574715588,False,1.0,1.0,1.0,1.0,1.0
218,synonymous,,-0.021643794313182935,-0.013292266709090617,-0.008351527604092319,False,1.0,1.0,1.0,1.0,1.0
218,synonymous,,-0.8546340582948702,-0.017661751236162718,-0.8369723070587074,False,1.0,1.0,1.0,1.0,1.0
219,missense,,0.004282945873074995,-0.02418076560366907,0.028463711476744064,False,1.0,0.0,0.0,0.0,0.0
219,missense,,0.01776583799940759,-0.021432881468198148,0.03919871946760574,False,1.0,0.0,0.0,0.0,0.0
219,missense,,0.0048403506267474,-0.01258497811287108,0.01742532873961848,False,1.0,0.0,0.0,0.0,0.0
219,missense,,-0.005783584529894085,-0.007415820815841421,0.0016322362859473366,False,1.0,0.0,0.0,0.0,0.0
219,missense,,0.00925214703632594,-0.013292266709090617,0.022544413745416554,False,1.0,0.0,0.0,0.0,0.0
219,missense,,0.003472841538355052,-0.017661751236162718,0.02113459277451777,False,1.0,0.0,0.0,0.0,0.0
219,synonymous,,0.022342717698402764,-0.02418076560366907,0.04652348330207183,False,2.0,0.0,1.0,0.0,0.5
219,synonymous,,-0.030477320010756308,-0.021432881468198148,-0.00904443854255816,False,2.0,0.0,1.0,0.0,0.5
219,synonymous,,-0.005231180082361514,-0.01258497811287108,0.007353798030509567,False,2.0,0.0,1.0,0.0,0.5
219,synonymous,,0.0011437595604536612,-0.007415820815841421,0.008559580376295083,False,2.0,0.0,1.0,0.0,0.5
219,synonymous,,-0.02450173771127282,-0.013292266709090617,-0.011209471002182204,False,2.0,0.0,1.0,0.0,0.5
219,synonymous,,0.013056972501262067,-0.017661751236162718,0.030718723737424784,False,2.0,0.0,1.0,0.0,0.5
220,missense,,0.006029481402051672,-0.02418076560366907,0.030210247005720742,False,4.0,0.0,2.0,0.0,0.5
220,missense,,-0.050480253446224255,-0.021432881468198148,-0.029047371978026107,False,4.0,0.0,2.0,0.0,0.5
220,missense,,-0.027797002086908315,-0.01258497811287108,-0.015212023974037234,False,4.0,0.0,2.0,0.0,0.5
220,missense,,-0.08449365334438094,-0.007415820815841421,-0.07707783252853952,False,4.0,0.0,2.0,0.0,0.5
220,missense,,-0.059473478268293065,-0.013292266709090617,-0.04618121155920245,False,4.0,0.0,2.0,0.0,0.5
220,missense,,-0.06428167808564367,-0.017661751236162718,-0.04661992684948095,False,4.0,0.0,2.0,0.0,0.5
220,synonymous,,-0.04504820836426113,-0.02418076560366907,-0.020867442760592058,False,3.0,0.0,2.0,0.0,0.6666666666666666
220,synonymous,,-0.04698807799420101,-0.021432881468198148,-0.02555519652600286,False,3.0,0.0,2.0,0.0,0.6666666666666666
220,synonymous,,-0.015016987058449489,-0.01258497811287108,-0.0024320089455784084,False,3.0,0.0,2.0,0.0,0.6666666666666666
220,synonymous,,-0.03369916565045785,-0.007415820815841421,-0.026283344834616428,False,3.0,0.0,2.0,0.0,0.6666666666666666
220,synonymous,,-0.06072845019642399,-0.013292266709090617,-0.047436183487333375,False,3.0,0.0,2.0,0.0,0.6666666666666666
220,synonymous,,-0.02306388361987475,-0.017661751236162718,-0.005402132383712031,False,3.0,0.0,2.0,0.0,0.6666666666666666
221,missense,,-0.38198699500036154,-0.02418076560366907,-0.3578062293966925,False,1.0,0.0,1.0,0.0,1.0
221,missense,,-0.5877149733301158,-0.021432881468198148,-0.5662820918619177,False,1.0,0.0,1.0,0.0,1.0
221,missense,,-0.868018154776622,-0.01258497811287108,-0.855433176663751,False,1.0,0.0,1.0,0.0,1.0
221,missense,,-0.09175635461888781,-0.007415820815841421,-0.08434053380304639,False,1.0,0.0,1.0,0.0,1.0
221,missense,,-0.00938015123818131,-0.013292266709090617,0.003912115470909307,False,1.0,0.0,1.0,0.0,1.0
221,missense,,0.2599968415780449,-0.017661751236162718,0.2776585928142076,False,1.0,0.0,1.0,0.0,1.0
221,synonymous,,-0.03347509706696254,-0.02418076560366907,-0.009294331463293472,False,5.0,0.0,3.0,0.0,0.6
221,synonymous,,-0.02080799850191286,-0.021432881468198148,0.0006248829662852881,False,5.0,0.0,3.0,0.0,0.6
221,synonymous,,-0.010742403282898744,-0.01258497811287108,0.001842574829972337,False,5.0,0.0,3.0,0.0,0.6
221,synonymous,,0.009940412037885173,-0.007415820815841421,0.017356232853726596,False,5.0,0.0,3.0,0.0,0.6
221,synonymous,,0.015029357390620545,-0.013292266709090617,0.02832162409971116,False,5.0,0.0,3.0,0.0,0.6
221,synonymous,,0.002528132193090693,-0.017661751236162718,0.02018988342925341,False,5.0,0.0,3.0,0.0,0.6
222,missense,,-0.028185071862655255,-0.02418076560366907,-0.004004306258986186,False,2.0,0.0,2.0,0.0,1.0
222,missense,,0.012914364371613895,-0.021432881468198148,0.034347245839812045,False,2.0,0.0,2.0,0.0,1.0
222,missense,,-0.0010935823991718601,-0.01258497811287108,0.011491395713699221,False,2.0,0.0,2.0,0.0,1.0
222,missense,,-0.008938868726917711,-0.007415820815841421,-0.0015230479110762895,False,2.0,0.0,2.0,0.0,1.0
222,missense,,0.014394191628394424,-0.013292266709090617,0.02768645833748504,False,2.0,0.0,2.0,0.0,1.0
222,missense,,-0.020706141484015957,-0.017661751236162718,-0.003044390247853239,False,2.0,0.0,2.0,0.0,1.0
222,synonymous,,-0.13205573103256024,-0.02418076560366907,-0.10787496542889118,False,4.0,0.0,1.0,0.0,0.25
222,synonymous,,-0.026956605806007915,-0.021432881468198148,-0.005523724337809767,False,4.0,0.0,1.0,0.0,0.25
222,synonymous,,0.048778279763380505,-0.01258497811287108,0.06136325787625159,False,4.0,0.0,1.0,0.0,0.25
222,synonymous,,0.0004925816308458804,-0.007415820815841421,0.007908402446687302,False,4.0,0.0,1.0,0.0,0.25
222,synonymous,,-0.0262546451315512,-0.013292266709090617,-0.012962378422460584,False,4.0,0.0,1.0,0.0,0.25
222,synonymous,,0.03541699255160789,-0.017661751236162718,0.05307874378777061,False,4.0,0.0,1.0,0.0,0.25
223,synonymous,,-0.010369428763496277,-0.02418076560366907,0.013811336840172793,False,2.0,0.0,0.0,0.0,0.0
223,synonymous,,-0.002616171118792671,-0.021432881468198148,0.018816710349405477,False,2.0,0.0,0.0,0.0,0.0
223,synonymous,,-0.02135352104552614,-0.01258497811287108,-0.008768542932655058,False,2.0,0.0,0.0,0.0,0.0
223,synonymous,,0.005042995871098866,-0.007415820815841421,0.012458816686940287,False,2.0,0.0,0.0,0.0,0.0
223,synonymous,,0.031527610831157946,-0.013292266709090617,0.04481987754024856,False,2.0,0.0,0.0,0.0,0.0
223,synonymous,,-0.01619299041206557,-0.017661751236162718,0.0014687608240971477,False,2.0,0.0,0.0,0.0,0.0
224,missense,,-0.03361687934043667,-0.02418076560366907,-0.009436113736767598,False,1.0,0.0,0.0,0.0,0.0
224,missense,,-0.010709324949849218,-0.021432881468198148,0.01072355651834893,False,1.0,0.0,0.0,0.0,0.0
224,missense,,0.005628226228018429,-0.01258497811287108,0.018213204340889508,False,1.0,0.0,0.0,0.0,0.0
224,missense,,-0.011788386097818435,-0.007415820815841421,-0.004372565281977014,False,1.0,0.0,0.0,0.0,0.0
224,missense,,-0.010992422917041828,-0.013292266709090617,0.0022998437920487887,False,1.0,0.0,0.0,0.0,0.0
224,missense,,-0.010778933884891897,-0.017661751236162718,0.006882817351270821,False,1.0,0.0,0.0,0.0,0.0
224,synonymous,,-0.003869760468182775,-0.02418076560366907,0.020311005135486296,False,3.0,0.0,0.0,0.0,0.0
224,synonymous,,-0.006790643979334548,-0.021432881468198148,0.0146422374888636,False,3.0,0.0,0.0,0.0,0.0
224,synonymous,,-0.04902101852255883,-0.01258497811287108,-0.036436040409687745,False,3.0,0.0,0.0,0.0,0.0
224,synonymous,,0.035363571730500705,-0.007415820815841421,0.042779392546342124,False,3.0,0.0,0.0,0.0,0.0
224,synonymous,,-0.016929513209566496,-0.013292266709090617,-0.0036372465004758797,False,3.0,0.0,0.0,0.0,0.0
224,synonymous,,0.006073754550748272,-0.017661751236162718,0.02373550578691099,False,3.0,0.0,0.0,0.0,0.0
225,missense,,-0.15673198324926768,-0.02418076560366907,-0.1325512176455986,False,1.0,1.0,1.0,1.0,1.0
225,missense,,0.047767981634694645,-0.021432881468198148,0.06920086310289279,False,1.0,1.0,1.0,1.0,1.0
225,missense,,-0.6556955412771248,-0.01258497811287108,-0.6431105631642537,False,1.0,1.0,1.0,1.0,1.0
225,missense,,-0.8734619914732666,-0.007415820815841421,-0.8660461706574252,False,1.0,1.0,1.0,1.0,1.0
225,missense,,-0.10510793945419838,-0.013292266709090617,-0.09181567274510777,False,1.0,1.0,1.0,1.0,1.0
225,missense,,0.02219322358471324,-0.017661751236162718,0.03985497482087596,False,1.0,1.0,1.0,1.0,1.0
226,missense,,-0.28966277007178715,-0.02418076560366907,-0.2654820044681181,False,3.0,1.0,1.0,0.3333333333333333,0.3333333333333333
226,missense,,-0.19011097644138467,-0.021432881468198148,-0.16867809497318653,False,3.0,1.0,1.0,0.3333333333333333,0.3333333333333333
226,missense,,-0.3390148363638974,-0.01258497811287108,-0.32642985825102633,False,3.0,1.0,1.0,0.3333333333333333,0.3333333333333333
226,missense,,-0.3237152765701622,-0.007415820815841421,-0.3162994557543208,False,3.0,1.0,1.0,0.3333333333333333,0.3333333333333333
226,missense,,-0.3504336519698809,-0.013292266709090617,-0.3371413852607903,False,3.0,1.0,1.0,0.3333333333333333,0.3333333333333333
226,missense,,-0.20586467409553796,-0.017661751236162718,-0.18820292285937523,False,3.0,1.0,1.0,0.3333333333333333,0.3333333333333333
226,synonymous,,-0.0776028525615351,-0.02418076560366907,-0.05342208695786603,False,8.0,1.0,7.0,0.125,0.875
226,synonymous,,-0.018314810959242842,-0.021432881468198148,0.0031180705089553055,False,8.0,1.0,7.0,0.125,0.875
226,synonymous,,-0.00883092802872878,-0.01258497811287108,0.003754050084142301,False,8.0,1.0,7.0,0.125,0.875
226,synonymous,,-0.009087552299896723,-0.007415820815841421,-0.0016717314840553011,False,8.0,1.0,7.0,0.125,0.875
226,synonymous,,-0.026041213574586358,-0.013292266709090617,-0.012748946865495742,False,8.0,1.0,7.0,0.125,0.875
226,synonymous,,-0.02065978423450247,-0.017661751236162718,-0.0029980329983397523,False,8.0,1.0,7.0,0.125,0.875
227,missense,,0.0038867596460710825,-0.02418076560366907,0.02806752524974015,False,5.0,1.0,3.0,0.2,0.6
227,missense,,-0.06754170421026377,-0.021432881468198148,-0.046108822742065625,False,5.0,1.0,3.0,0.2,0.6
227,missense,,-0.003594095169414793,-0.01258497811287108,0.008990882943456287,False,5.0,1.0,3.0,0.2,0.6
227,missense,,0.024774502077973486,-0.007415820815841421,0.032190322893814904,False,5.0,1.0,3.0,0.2,0.6
227,missense,,-0.0156723827274727,-0.013292266709090617,-0.002380116018382082,False,5.0,1.0,3.0,0.2,0.6
227,missense,,-0.01890857664586168,-0.017661751236162718,-0.0012468254096989623,False,5.0,1.0,3.0,0.2,0.6
228,missense,,-0.02080902765641783,-0.02418076560366907,0.003371737947251239,False,4.0,0.0,1.0,0.0,0.25
228,missense,,-0.02239917202323838,-0.021432881468198148,-0.0009662905550402306,False,4.0,0.0,1.0,0.0,0.25
228,missense,,-0.005829567794425454,-0.01258497811287108,0.0067554103184456265,False,4.0,0.0,1.0,0.0,0.25
228,missense,,-0.045728361174781185,-0.007415820815841421,-0.038312540358939766,False,4.0,0.0,1.0,0.0,0.25
228,missense,,-0.019770630673145998,-0.013292266709090617,-0.0064783639640553815,False,4.0,0.0,1.0,0.0,0.25
228,missense,,0.038371540838911755,-0.017661751236162718,0.05603329207507447,False,4.0,0.0,1.0,0.0,0.25
228,synonymous,,-0.13866426896995496,-0.02418076560366907,-0.11448350336628589,False,7.0,1.0,3.0,0.14285714285714285,0.42857142857142855
228,synonymous,,-0.06042314955739991,-0.021432881468198148,-0.038990268089201766,False,7.0,1.0,3.0,0.14285714285714285,0.42857142857142855
228,synonymous,,-0.12176807915628776,-0.01258497811287108,-0.10918310104341668,False,7.0,1.0,3.0,0.14285714285714285,0.42857142857142855
228,synonymous,,-0.04650780708412185,-0.007415820815841421,-0.03909198626828043,False,7.0,1.0,3.0,0.14285714285714285,0.42857142857142855
228,synonymous,,-0.01714573098203733,-0.013292266709090617,-0.0038534642729467147,False,7.0,1.0,3.0,0.14285714285714285,0.42857142857142855
228,synonymous,,-0.03582142064972424,-0.017661751236162718,-0.01815966941356152,False,7.0,1.0,3.0,0.14285714285714285,0.42857142857142855
229,missense,,-0.0750796600467695,-0.02418076560366907,-0.05089889444310043,False,1.0,0.0,0.0,0.0,0.0
229,missense,,0.016370776564019494,-0.021432881468198148,0.03780365803221764,False,1.0,0.0,0.0,0.0,0.0
229,missense,,0.06501507718628081,-0.01258497811287108,0.0776000552991519,False,1.0,0.0,0.0,0.0,0.0
229,missense,,-0.395610581847406,-0.007415820815841421,-0.3881947610315646,False,1.0,0.0,0.0,0.0,0.0
229,missense,,-0.012216013631129815,-0.013292266709090617,0.001076253077960802,False,1.0,0.0,0.0,0.0,0.0
229,missense,,-0.2337138176021452,-0.017661751236162718,-0.2160520663659825,False,1.0,0.0,0.0,0.0,0.0
230,missense,,-0.3629827873493803,-0.02418076560366907,-0.3388020217457112,False,1.0,0.0,1.0,0.0,1.0
230,missense,,0.32825253898512863,-0.021432881468198148,0.3496854204533268,False,1.0,0.0,1.0,0.0,1.0
230,missense,,0.05430135323083942,-0.01258497811287108,0.0668863313437105,False,1.0,0.0,1.0,0.0,1.0
230,missense,,0.03527818087099731,-0.007415820815841421,0.04269400168683873,False,1.0,0.0,1.0,0.0,1.0
230,missense,,0.03989172504595713,-0.013292266709090617,0.053183991755047746,False,1.0,0.0,1.0,0.0,1.0
230,missense,,0.26623757336325304,-0.017661751236162718,0.28389932459941575,False,1.0,0.0,1.0,0.0,1.0
231,missense,,0.004369924819281628,-0.02418076560366907,0.0285506904229507,False,3.0,0.0,1.0,0.0,0.3333333333333333
231,missense,,0.009736229893512862,-0.021432881468198148,0.031169111361711008,False,3.0,0.0,1.0,0.0,0.3333333333333333
231,missense,,-0.005386858577063535,-0.01258497811287108,0.007198119535807545,False,3.0,0.0,1.0,0.0,0.3333333333333333
231,missense,,0.011296698849370944,-0.007415820815841421,0.018712519665212365,False,3.0,0.0,1.0,0.0,0.3333333333333333
231,missense,,-0.0018645057696936168,-0.013292266709090617,0.011427760939397,False,3.0,0.0,1.0,0.0,0.3333333333333333
231,missense,,-0.004048021719417016,-0.017661751236162718,0.013613729516745702,False,3.0,0.0,1.0,0.0,0.3333333333333333
231,synonymous,,-0.08043013615632072,-0.02418076560366907,-0.056249370552651654,False,7.0,1.0,3.0,0.14285714285714285,0.42857142857142855
231,synonymous,,-0.03762788931096259,-0.021432881468198148,-0.01619500784276444,False,7.0,1.0,3.0,0.14285714285714285,0.42857142857142855
231,synonymous,,-0.0940518846282118,-0.01258497811287108,-0.08146690651534072,False,7.0,1.0,3.0,0.14285714285714285,0.42857142857142855
231,synonymous,,-0.05649735681035496,-0.007415820815841421,-0.049081535994513543,False,7.0,1.0,3.0,0.14285714285714285,0.42857142857142855
231,synonymous,,-0.020590116671970877,-0.013292266709090617,-0.00729784996288026,False,7.0,1.0,3.0,0.14285714285714285,0.42857142857142855
231,synonymous,,-0.02539181651313878,-0.017661751236162718,-0.007730065276976061,False,7.0,1.0,3.0,0.14285714285714285,0.42857142857142855
232,missense,,-0.0406935053578496,-0.02418076560366907,-0.016512739754180532,False,2.0,1.0,1.0,0.5,0.5
232,missense,,-0.022104458640627704,-0.021432881468198148,-0.0006715771724295563,False,2.0,1.0,1.0,0.5,0.5
232,missense,,-0.09527170056108664,-0.01258497811287108,-0.08268672244821555,False,2.0,1.0,1.0,0.5,0.5
232,missense,,0.012630980296157758,-0.007415820815841421,0.02004680111199918,False,2.0,1.0,1.0,0.5,0.5
232,missense,,0.008487678300454049,-0.013292266709090617,0.021779945009544666,False,2.0,1.0,1.0,0.5,0.5
232,missense,,-0.0345617636391281,-0.017661751236162718,-0.016900012402965382,False,2.0,1.0,1.0,0.5,0.5
232,synonymous,,-0.21816847301236852,-0.02418076560366907,-0.19398770740869944,False,4.0,0.0,2.0,0.0,0.5
232,synonymous,,-0.19654931431696762,-0.021432881468198148,-0.1751164328487695,False,4.0,0.0,2.0,0.0,0.5
232,synonymous,,-0.02163743916275749,-0.01258497811287108,-0.009052461049886409,False,4.0,0.0,2.0,0.0,0.5
232,synonymous,,0.016234117659430974,-0.007415820815841421,0.023649938475272397,False,4.0,0.0,2.0,0.0,0.5
232,synonymous,,-0.09760517754242543,-0.013292266709090617,-0.08431291083333481,False,4.0,0.0,2.0,0.0,0.5
232,synonymous,,0.061840861009278526,-0.017661751236162718,0.07950261224544125,False,4.0,0.0,2.0,0.0,0.5
233,missense,,-0.06656811303274221,-0.02418076560366907,-0.042387347429073144,False,1.0,0.0,0.0,0.0,0.0
233,missense,,-0.0012081795631072227,-0.021432881468198148,0.020224701905090924,False,1.0,0.0,0.0,0.0,0.0
233,missense,,-0.09396940754476155,-0.01258497811287108,-0.08138442943189046,False,1.0,0.0,0.0,0.0,0.0
233,missense,,0.055382865644553886,-0.007415820815841421,0.06279868646039531,False,1.0,0.0,0.0,0.0,0.0
233,missense,,-0.06856658339871555,-0.013292266709090617,-0.05527431668962493,False,1.0,0.0,0.0,0.0,0.0
233,missense,,-0.010444861084999243,-0.017661751236162718,0.007216890151163474,False,1.0,0.0,0.0,0.0,0.0
233,synonymous,,-0.1302403694768742,-0.02418076560366907,-0.10605960387320514,False,4.0,0.0,1.0,0.0,0.25
233,synonymous,,0.029756798070825416,-0.021432881468198148,0.051189679539023564,False,4.0,0.0,1.0,0.0,0.25
233,synonymous,,0.0957380487370538,-0.01258497811287108,0.10832302684992488,False,4.0,0.0,1.0,0.0,0.25
233,synonymous,,0.005307373313778726,-0.007415820815841421,0.012723194129620148,False,4.0,0.0,1.0,0.0,0.25
233,synonymous,,-0.20581455074242544,-0.013292266709090617,-0.19252228403333482,False,4.0,0.0,1.0,0.0,0.25
233,synonymous,,-0.1402175610153551,-0.017661751236162718,-0.12255580977919238,False,4.0,0.0,1.0,0.0,0.25
234,missense,,-0.021304262022427026,-0.02418076560366907,0.002876503581242043,False,2.0,0.0,0.0,0.0,0.0
234,missense,,-0.05407531355057696,-0.021432881468198148,-0.03264243208237881,False,2.0,0.0,0.0,0.0,0.0
234,missense,,-0.029608824808005953,-0.01258497811287108,-0.017023846695134872,False,2.0,0.0,0.0,0.0,0.0
234,missense,,-0.014904663699997548,-0.007415820815841421,-0.007488842884156127,False,2.0,0.0,0.0,0.0,0.0
234,missense,,-0.10986437904955909,-0.013292266709090617,-0.09657211234046847,False,2.0,0.0,0.0,0.0,0.0
234,missense,,0.05845715551420903,-0.017661751236162718,0.07611890675037175,False,2.0,0.0,0.0,0.0,0.0
234,synonymous,,-0.08904428714659966,-0.02418076560366907,-0.0648635215429306,False,4.0,1.0,3.0,0.25,0.75
234,synonymous,,-0.22719709041969752,-0.021432881468198148,-0.20576420895149938,False,4.0,1.0,3.0,0.25,0.75
234,synonymous,,0.01691200209955172,-0.01258497811287108,0.0294969802124228,False,4.0,1.0,3.0,0.25,0.75
234,synonymous,,-0.1291757017155569,-0.007415820815841421,-0.12175988089971547,False,4.0,1.0,3.0,0.25,0.75
234,synonymous,,-0.08572643565021583,-0.013292266709090617,-0.07243416894112521,False,4.0,1.0,3.0,0.25,0.75
234,synonymous,,-0.11214722063079036,-0.017661751236162718,-0.09448546939462764,False,4.0,1.0,3.0,0.25,0.75
235,missense,,-0.07088294261034268,-0.02418076560366907,-0.04670217700667362,False,5.0,0.0,0.0,0.0,0.0
235,missense,,-0.024720489970577218,-0.021432881468198148,-0.00328760850237907,False,5.0,0.0,0.0,0.0,0.0
235,missense,,-0.04916490248589474,-0.01258497811287108,-0.03657992437302365,False,5.0,0.0,0.0,0.0,0.0
235,missense,,-0.04149146574673852,-0.007415820815841421,-0.034075644930897105,False,5.0,0.0,0.0,0.0,0.0
235,missense,,-0.00105228370882652,-0.013292266709090617,0.012239983000264097,False,5.0,0.0,0.0,0.0,0.0
235,missense,,-0.018146204435955247,-0.017661751236162718,-0.000484453199792529,False,5.0,0.0,0.0,0.0,0.0
235,synonymous,,-0.041012388820298666,-0.02418076560366907,-0.016831623216629597,False,12.0,2.0,4.0,0.16666666666666666,0.3333333333333333
235,synonymous,,-0.03696662077391931,-0.021432881468198148,-0.015533739305721161,False,12.0,2.0,4.0,0.16666666666666666,0.3333333333333333
235,synonymous,,-0.0013857663982806737,-0.01258497811287108,0.011199211714590407,False,12.0,2.0,4.0,0.16666666666666666,0.3333333333333333
235,synonymous,,-0.009748176976943822,-0.007415820815841421,-0.0023323561611024004,False,12.0,2.0,4.0,0.16666666666666666,0.3333333333333333
235,synonymous,,-0.01612876684789546,-0.013292266709090617,-0.002836500138804845,False,12.0,2.0,4.0,0.16666666666666666,0.3333333333333333
235,synonymous,,-0.029580395022639237,-0.017661751236162718,-0.011918643786476519,False,12.0,2.0,4.0,0.16666666666666666,0.3333333333333333
236,missense,,-0.011277923810685125,-0.02418076560366907,0.012902841792983944,False,6.0,1.0,1.0,0.16666666666666666,0.16666666666666666
236,missense,,-0.07875147866825906,-0.021432881468198148,-0.05731859720006091,False,6.0,1.0,1.0,0.16666666666666666,0.16666666666666666
236,missense,,-0.007046837600289354,-0.01258497811287108,0.005538140512581727,False,6.0,1.0,1.0,0.16666666666666666,0.16666666666666666
236,missense,,-0.018270398697217048,-0.007415820815841421,-0.010854577881375626,False,6.0,1.0,1.0,0.16666666666666666,0.16666666666666666
236,missense,,-0.03349558279748892,-0.013292266709090617,-0.0202033160883983,False,6.0,1.0,1.0,0.16666666666666666,0.16666666666666666
236,missense,,-0.01293084961496663,-0.017661751236162718,0.0047309016211960885,False,6.0,1.0,1.0,0.16666666666666666,0.16666666666666666
236,synonymous,,-0.0061330472041956656,-0.02418076560366907,0.018047718399473403,False,9.0,1.0,4.0,0.1111111111111111,0.4444444444444444
236,synonymous,,-0.018695681042505588,-0.021432881468198148,0.0027372004256925597,False,9.0,1.0,4.0,0.1111111111111111,0.4444444444444444
236,synonymous,,-0.004204970902441894,-0.01258497811287108,0.008380007210429186,False,9.0,1.0,4.0,0.1111111111111111,0.4444444444444444
236,synonymous,,-0.01915861494100555,-0.007415820815841421,-0.011742794125164126,False,9.0,1.0,4.0,0.1111111111111111,0.4444444444444444
236,synonymous,,-0.003053573595735603,-0.013292266709090617,0.010238693113355013,False,9.0,1.0,4.0,0.1111111111111111,0.4444444444444444
236,synonymous,,-0.006190089631056152,-0.017661751236162718,0.011471661605106567,False,9.0,1.0,4.0,0.1111111111111111,0.4444444444444444
237,missense,,-0.035964042603424055,-0.02418076560366907,-0.011783276999754986,False,4.0,1.0,1.0,0.25,0.25
237,missense,,-0.01664011955238789,-0.021432881468198148,0.004792761915810257,False,4.0,1.0,1.0,0.25,0.25
237,missense,,-0.024009054204021867,-0.01258497811287108,-0.011424076091150787,False,4.0,1.0,1.0,0.25,0.25
237,missense,,-0.041357308438081636,-0.007415820815841421,-0.03394148762224022,False,4.0,1.0,1.0,0.25,0.25
237,missense,,-0.10993035003841325,-0.013292266709090617,-0.09663808332932264,False,4.0,1.0,1.0,0.25,0.25
237,missense,,-0.023420900131824112,-0.017661751236162718,-0.005759148895661394,False,4.0,1.0,1.0,0.25,0.25
237,synonymous,,-0.12337335095413653,-0.02418076560366907,-0.09919258535046746,False,3.0,0.0,0.0,0.0,0.0
237,synonymous,,-0.10247490547481153,-0.021432881468198148,-0.08104202400661338,False,3.0,0.0,0.0,0.0,0.0
237,synonymous,,-0.027618495436471463,-0.01258497811287108,-0.015033517323600382,False,3.0,0.0,0.0,0.0,0.0
237,synonymous,,-0.05209969598837899,-0.007415820815841421,-0.04468387517253757,False,3.0,0.0,0.0,0.0,0.0
237,synonymous,,-0.053969510073766803,-0.013292266709090617,-0.04067724336467619,False,3.0,0.0,0.0,0.0,0.0
237,synonymous,,-0.013182425183138703,-0.017661751236162718,0.0044793260530240145,False,3.0,0.0,0.0,0.0,0.0
238,missense,,-0.2729110194491508,-0.02418076560366907,-0.24873025384548172,False,1.0,0.0,1.0,0.0,1.0
238,missense,,-0.2773824912663418,-0.021432881468198148,-0.25594960979814363,False,1.0,0.0,1.0,0.0,1.0
238,missense,,0.25106508759334245,-0.01258497811287108,0.2636500657062135,False,1.0,0.0,1.0,0.0,1.0
238,missense,,-0.45464220557223345,-0.007415820815841421,-0.44722638475639204,False,1.0,0.0,1.0,0.0,1.0
238,missense,,-0.0004968444053101817,-0.013292266709090617,0.012795422303780436,False,1.0,0.0,1.0,0.0,1.0
238,missense,,-1.2570239746277263,-0.017661751236162718,-1.2393622233915635,False,1.0,0.0,1.0,0.0,1.0
238,synonymous,,-0.018624120738656956,-0.02418076560366907,0.0055566448650121135,False,2.0,0.0,0.0,0.0,0.0
238,synonymous,,0.0330443646534949,-0.021432881468198148,0.054477246121693045,False,2.0,0.0,0.0,0.0,0.0
238,synonymous,,0.014970732359927685,-0.01258497811287108,0.027555710472798766,False,2.0,0.0,0.0,0.0,0.0
238,synonymous,,-0.007995155569433591,-0.007415820815841421,-0.0005793347535921695,False,2.0,0.0,0.0,0.0,0.0
238,synonymous,,0.005168421957047652,-0.013292266709090617,0.01846068866613827,False,2.0,0.0,0.0,0.0,0.0
238,synonymous,,-0.000685518670453078,-0.017661751236162718,0.01697623256570964,False,2.0,0.0,0.0,0.0,0.0
239,missense,,-0.021254080034044793,-0.02418076560366907,0.0029266855696242766,False,3.0,1.0,2.0,0.3333333333333333,0.6666666666666666
239,missense,,-0.06358027598445692,-0.021432881468198148,-0.04214739451625878,False,3.0,1.0,2.0,0.3333333333333333,0.6666666666666666
239,missense,,-0.05579143041126416,-0.01258497811287108,-0.04320645229839308,False,3.0,1.0,2.0,0.3333333333333333,0.6666666666666666
239,missense,,0.00891301406217271,-0.007415820815841421,0.01632883487801413,False,3.0,1.0,2.0,0.3333333333333333,0.6666666666666666
239,missense,,0.00405298937173668,-0.013292266709090617,0.017345256080827296,False,3.0,1.0,2.0,0.3333333333333333,0.6666666666666666
239,missense,,-0.05725923425575202,-0.017661751236162718,-0.039597483019589305,False,3.0,1.0,2.0,0.3333333333333333,0.6666666666666666
239,synonymous,,0.030958089935506954,-0.02418076560366907,0.055138855539176024,False,1.0,0.0,0.0,0.0,0.0
239,synonymous,,-0.0441420613528347,-0.021432881468198148,-0.022709179884636554,False,1.0,0.0,0.0,0.0,0.0
239,synonymous,,-0.011874147202578234,-0.01258497811287108,0.0007108309102928471,False,1.0,0.0,0.0,0.0,0.0
239,synonymous,,0.004917337848981253,-0.007415820815841421,0.012333158664822675,False,1.0,0.0,0.0,0.0,0.0
239,synonymous,,-0.049002318187950734,-0.013292266709090617,-0.03571005147886012,False,1.0,0.0,0.0,0.0,0.0
239,synonymous,,0.009766386282100345,-0.017661751236162718,0.027428137518263063,False,1.0,0.0,0.0,0.0,0.0
240,missense,,-0.007489774913249539,-0.02418076560366907,0.01669099069041953,False,3.0,0.0,1.0,0.0,0.3333333333333333
240,missense,,0.004112842351732952,-0.021432881468198148,0.0255457238199311,False,3.0,0.0,1.0,0.0,0.3333333333333333
240,missense,,0.02104893528388498,-0.01258497811287108,0.03363391339675606,False,3.0,0.0,1.0,0.0,0.3333333333333333
240,missense,,-0.016053194805835613,-0.007415820815841421,-0.008637373989994191,False,3.0,0.0,1.0,0.0,0.3333333333333333
240,missense,,0.01511299848529574,-0.013292266709090617,0.028405265194386357,False,3.0,0.0,1.0,0.0,0.3333333333333333
240,missense,,0.006127262923411477,-0.017661751236162718,0.023789014159574195,False,3.0,0.0,1.0,0.0,0.3333333333333333
240,synonymous,,-0.018449504415798873,-0.02418076560366907,0.0057312611878701965,False,10.0,0.0,2.0,0.0,0.2
240,synonymous,,-0.03788854910209969,-0.021432881468198148,-0.016455667633901543,False,10.0,0.0,2.0,0.0,0.2
240,synonymous,,-0.02270577568987397,-0.01258497811287108,-0.01012079757700289,False,10.0,0.0,2.0,0.0,0.2
240,synonymous,,0.005864047902947274,-0.007415820815841421,0.013279868718788695,False,10.0,0.0,2.0,0.0,0.2
240,synonymous,,-0.0059855417596952325,-0.013292266709090617,0.007306724949395384,False,10.0,0.0,2.0,0.0,0.2
240,synonymous,,-0.06542153856838027,-0.017661751236162718,-0.04775978733221756,False,10.0,0.0,2.0,0.0,0.2
241,missense,,-0.013863781040272926,-0.02418076560366907,0.010316984563396144,False,3.0,0.0,0.0,0.0,0.0
241,missense,,0.03198237761513731,-0.021432881468198148,0.053415259083335456,False,3.0,0.0,0.0,0.0,0.0
241,missense,,0.051565851914816795,-0.01258497811287108,0.06415083002768787,False,3.0,0.0,0.0,0.0,0.0
241,missense,,-0.015247857795623826,-0.007415820815841421,-0.007832036979782405,False,3.0,0.0,0.0,0.0,0.0
241,missense,,-0.0712955462831325,-0.013292266709090617,-0.05800327957404189,False,3.0,0.0,0.0,0.0,0.0
241,missense,,-0.0020367868150220395,-0.017661751236162718,0.015624964421140678,False,3.0,0.0,0.0,0.0,0.0
241,synonymous,,-0.00584323665744383,-0.02418076560366907,0.01833752894622524,False,5.0,0.0,2.0,0.0,0.4
241,synonymous,,0.024897577969187453,-0.021432881468198148,0.046330459437385604,False,5.0,0.0,2.0,0.0,0.4
241,synonymous,,0.01702092606251186,-0.01258497811287108,0.02960590417538294,False,5.0,0.0,2.0,0.0,0.4
241,synonymous,,0.001504561226373351,-0.007415820815841421,0.008920382042214773,False,5.0,0.0,2.0,0.0,0.4
241,synonymous,,-0.057307566620992414,-0.013292266709090617,-0.0440152999119018,False,5.0,0.0,2.0,0.0,0.4
241,synonymous,,0.01814188294611882,-0.017661751236162718,0.03580363418228154,False,5.0,0.0,2.0,0.0,0.4
242,missense,,-0.014334574745965356,-0.02418076560366907,0.009846190857703713,False,4.0,0.0,1.0,0.0,0.25
242,missense,,-0.014894038634045838,-0.021432881468198148,0.006538842834152309,False,4.0,0.0,1.0,0.0,0.25
242,missense,,-0.026290296007769703,-0.01258497811287108,-0.013705317894898622,False,4.0,0.0,1.0,0.0,0.25
242,missense,,-0.03963529465904416,-0.007415820815841421,-0.03221947384320274,False,4.0,0.0,1.0,0.0,0.25
242,missense,,0.040291193665269315,-0.013292266709090617,0.05358346037435993,False,4.0,0.0,1.0,0.0,0.25
242,missense,,-0.07134681437726693,-0.017661751236162718,-0.05368506314110422,False,4.0,0.0,1.0,0.0,0.25
242,synonymous,,-0.2987671846446746,-0.02418076560366907,-0.27458641904100556,False,6.0,1.0,3.0,0.16666666666666666,0.5
242,synonymous,,-0.037882303205015934,-0.021432881468198148,-0.016449421736817786,False,6.0,1.0,3.0,0.16666666666666666,0.5
242,synonymous,,0.03311278843361154,-0.01258497811287108,0.045697766546482624,False,6.0,1.0,3.0,0.16666666666666666,0.5
242,synonymous,,-0.039072350633727035,-0.007415820815841421,-0.031656529817885616,False,6.0,1.0,3.0,0.16666666666666666,0.5
242,synonymous,,-0.0559975847359869,-0.013292266709090617,-0.04270531802689628,False,6.0,1.0,3.0,0.16666666666666666,0.5
242,synonymous,,-0.06488780139899901,-0.017661751236162718,-0.04722605016283629,False,6.0,1.0,3.0,0.16666666666666666,0.5
243,missense,,-0.010485609359339572,-0.02418076560366907,0.013695156244329498,False,6.0,1.0,3.0,0.16666666666666666,0.5
243,missense,,-0.0162209116645734,-0.021432881468198148,0.005211969803624747,False,6.0,1.0,3.0,0.16666666666666666,0.5
243,missense,,0.008995798106049035,-0.01258497811287108,0.021580776218920114,False,6.0,1.0,3.0,0.16666666666666666,0.5
243,missense,,-0.008791068137085611,-0.007415820815841421,-0.0013752473212441897,False,6.0,1.0,3.0,0.16666666666666666,0.5
243,missense,,-0.012022702515591836,-0.013292266709090617,0.0012695641934987803,False,6.0,1.0,3.0,0.16666666666666666,0.5
243,missense,,-0.013072032302973715,-0.017661751236162718,0.004589718933189003,False,6.0,1.0,3.0,0.16666666666666666,0.5
244,missense,,0.021868377052535325,-0.02418076560366907,0.0460491426562044,False,5.0,0.0,2.0,0.0,0.4
244,missense,,-0.05247328890883826,-0.021432881468198148,-0.031040407440640114,False,5.0,0.0,2.0,0.0,0.4
244,missense,,-0.045555087073230346,-0.01258497811287108,-0.03297010896035926,False,5.0,0.0,2.0,0.0,0.4
244,missense,,-0.006611553969873562,-0.007415820815841421,0.0008042668459678597,False,5.0,0.0,2.0,0.0,0.4
244,missense,,0.008785864934702643,-0.013292266709090617,0.02207813164379326,False,5.0,0.0,2.0,0.0,0.4
244,missense,,-0.006942979272693904,-0.017661751236162718,0.010718771963468814,False,5.0,0.0,2.0,0.0,0.4
244,synonymous,,-0.2608537103215509,-0.02418076560366907,-0.23667294471788183,False,1.0,1.0,1.0,1.0,1.0
244,synonymous,,-0.03957805008432343,-0.021432881468198148,-0.01814516861612528,False,1.0,1.0,1.0,1.0,1.0
244,synonymous,,-0.29812882994959455,-0.01258497811287108,-0.2855438518367235,False,1.0,1.0,1.0,1.0,1.0
244,synonymous,,-0.4048877304738297,-0.007415820815841421,-0.3974719096579883,False,1.0,1.0,1.0,1.0,1.0
244,synonymous,,-0.3691962325283973,-0.013292266709090617,-0.35590396581930667,False,1.0,1.0,1.0,1.0,1.0
244,synonymous,,-0.1809409154421855,-0.017661751236162718,-0.1632791642060228,False,1.0,1.0,1.0,1.0,1.0
245,synonymous,,-0.1525326724377554,-0.02418076560366907,-0.12835190683408632,False,2.0,0.0,1.0,0.0,0.5
245,synonymous,,-0.08364610063522894,-0.021432881468198148,-0.06221321916703079,False,2.0,0.0,1.0,0.0,0.5
245,synonymous,,-0.12556191782651227,-0.01258497811287108,-0.11297693971364119,False,2.0,0.0,1.0,0.0,0.5
245,synonymous,,-0.1298840724335905,-0.007415820815841421,-0.12246825161774906,False,2.0,0.0,1.0,0.0,0.5
245,synonymous,,-0.13025091745394168,-0.013292266709090617,-0.11695865074485107,False,2.0,0.0,1.0,0.0,0.5
245,synonymous,,-0.16323659127173776,-0.017661751236162718,-0.14557484003557503,False,2.0,0.0,1.0,0.0,0.5
247,missense,,-0.026449310262542717,-0.02418076560366907,-0.0022685446588736474,False,5.0,0.0,1.0,0.0,0.2
247,missense,,-0.00423323900671953,-0.021432881468198148,0.017199642461478617,False,5.0,0.0,1.0,0.0,0.2
247,missense,,-0.038191143965588426,-0.01258497811287108,-0.025606165852717345,False,5.0,0.0,1.0,0.0,0.2
247,missense,,-0.038881367214229634,-0.007415820815841421,-0.031465546398388215,False,5.0,0.0,1.0,0.0,0.2
247,missense,,-0.03292716989580859,-0.013292266709090617,-0.019634903186717977,False,5.0,0.0,1.0,0.0,0.2
247,missense,,-0.0424578031622451,-0.017661751236162718,-0.024796051926082384,False,5.0,0.0,1.0,0.0,0.2
247,synonymous,,-0.009877751993726891,-0.02418076560366907,0.014303013609942178,False,1.0,0.0,0.0,0.0,0.0
247,synonymous,,0.026705313425328038,-0.021432881468198148,0.048138194893526186,False,1.0,0.0,0.0,0.0,0.0
247,synonymous,,-0.7729471640097665,-0.01258497811287108,-0.7603621858968954,False,1.0,0.0,0.0,0.0,0.0
247,synonymous,,-0.1550684789354573,-0.007415820815841421,-0.1476526581196159,False,1.0,0.0,0.0,0.0,0.0
247,synonymous,,0.025642636931696335,-0.013292266709090617,0.03893490364078695,False,1.0,0.0,0.0,0.0,0.0
247,synonymous,,-0.004011578766176103,-0.017661751236162718,0.013650172469986614,False,1.0,0.0,0.0,0.0,0.0
248,missense,,0.0035311675949317952,-0.02418076560366907,0.027711933198600866,False,1.0,1.0,1.0,1.0,1.0
248,missense,,-0.016361039859044905,-0.021432881468198148,0.005071841609153242,False,1.0,1.0,1.0,1.0,1.0
248,missense,,-0.005310600956435707,-0.01258497811287108,0.007274377156435374,False,1.0,1.0,1.0,1.0,1.0
248,missense,,-0.0035291658718552598,-0.007415820815841421,0.0038866549439861616,False,1.0,1.0,1.0,1.0,1.0
248,missense,,0.0037474048355645795,-0.013292266709090617,0.017039671544655195,False,1.0,1.0,1.0,1.0,1.0
248,missense,,-0.04941235860200547,-0.017661751236162718,-0.03175060736584275,False,1.0,1.0,1.0,1.0,1.0
251,missense,,-0.011703332984026826,-0.02418076560366907,0.012477432619642244,False,4.0,0.0,0.0,0.0,0.0
251,missense,,-0.021721909035227544,-0.021432881468198148,-0.0002890275670293964,False,4.0,0.0,0.0,0.0,0.0
251,missense,,0.0016843334336483187,-0.01258497811287108,0.014269311546519399,False,4.0,0.0,0.0,0.0,0.0
251,missense,,0.0004137230707319873,-0.007415820815841421,0.007829543886573408,False,4.0,0.0,0.0,0.0,0.0
251,missense,,0.004963940846555431,-0.013292266709090617,0.018256207555646047,False,4.0,0.0,0.0,0.0,0.0
251,missense,,-0.011531126295595889,-0.017661751236162718,0.006130624940566829,False,4.0,0.0,0.0,0.0,0.0
251,synonymous,,-0.5916351528771208,-0.02418076560366907,-0.5674543872734517,False,4.0,2.0,2.0,0.5,0.5
251,synonymous,,-0.1897708769139069,-0.021432881468198148,-0.16833799544570877,False,4.0,2.0,2.0,0.5,0.5
251,synonymous,,-0.16971595939141443,-0.01258497811287108,-0.15713098127854336,False,4.0,2.0,2.0,0.5,0.5
251,synonymous,,-0.08530512179790724,-0.007415820815841421,-0.07788930098206581,False,4.0,2.0,2.0,0.5,0.5
251,synonymous,,-0.016104194015268414,-0.013292266709090617,-0.002811927306177797,False,4.0,2.0,2.0,0.5,0.5
251,synonymous,,-0.20105058372619022,-0.017661751236162718,-0.18338883249002752,False,4.0,2.0,2.0,0.5,0.5
252,missense,,-0.3598915568674513,-0.02418076560366907,-0.3357107912637822,False,1.0,0.0,0.0,0.0,0.0
252,missense,,-1.633828610660725,-0.021432881468198148,-1.6123957291925268,False,1.0,0.0,0.0,0.0,0.0
252,missense,,-0.7730839063946462,-0.01258497811287108,-0.7604989282817751,False,1.0,0.0,0.0,0.0,0.0
252,missense,,0.19270873950497963,-0.007415820815841421,0.20012456032082104,False,1.0,0.0,0.0,0.0,0.0
252,missense,,-0.2010156674838031,-0.013292266709090617,-0.18772340077471247,False,1.0,0.0,0.0,0.0,0.0
252,missense,,-0.7560985461122017,-0.017661751236162718,-0.738436794876039,False,1.0,0.0,0.0,0.0,0.0
253,missense,,-0.26061790660135964,-0.02418076560366907,-0.23643714099769056,False,2.0,1.0,1.0,0.5,0.5
253,missense,,-0.7433295230667767,-0.021432881468198148,-0.7218966415985786,False,2.0,1.0,1.0,0.5,0.5
253,missense,,-0.2044347093968134,-0.01258497811287108,-0.19184973128394234,False,2.0,1.0,1.0,0.5,0.5
253,missense,,0.05865166629456714,-0.007415820815841421,0.06606748711040857,False,2.0,1.0,1.0,0.5,0.5
253,missense,,-0.16764061139600273,-0.013292266709090617,-0.1543483446869121,False,2.0,1.0,1.0,0.5,0.5
253,missense,,-0.2374065685628126,-0.017661751236162718,-0.21974481732664986,False,2.0,1.0,1.0,0.5,0.5
253,synonymous,,-0.01830047309098608,-0.02418076560366907,0.005880292512682989,False,2.0,0.0,0.0,0.0,0.0
253,synonymous,,-0.07932498576315646,-0.021432881468198148,-0.05789210429495831,False,2.0,0.0,0.0,0.0,0.0
253,synonymous,,-0.043964458157962495,-0.01258497811287108,-0.03137948004509142,False,2.0,0.0,0.0,0.0,0.0
253,synonymous,,-0.019330040780850568,-0.007415820815841421,-0.011914219965009146,False,2.0,0.0,0.0,0.0,0.0
253,synonymous,,-0.08264561079863174,-0.013292266709090617,-0.06935334408954112,False,2.0,0.0,0.0,0.0,0.0
253,synonymous,,-0.04538863005492237,-0.017661751236162718,-0.027726878818759654,False,2.0,0.0,0.0,0.0,0.0
254,missense,,0.0052753976485907465,-0.02418076560366907,0.029456163252259818,False,1.0,1.0,1.0,1.0,1.0
254,missense,,-0.2739626858479529,-0.021432881468198148,-0.25252980437975475,False,1.0,1.0,1.0,1.0,1.0
254,missense,,-0.025540769114592434,-0.01258497811287108,-0.012955791001721353,False,1.0,1.0,1.0,1.0,1.0
254,missense,,0.01219720244191074,-0.007415820815841421,0.01961302325775216,False,1.0,1.0,1.0,1.0,1.0
254,missense,,0.02724502577841737,-0.013292266709090617,0.04053729248750799,False,1.0,1.0,1.0,1.0,1.0
254,missense,,-0.06275517736782563,-0.017661751236162718,-0.04509342613166291,False,1.0,1.0,1.0,1.0,1.0
254,synonymous,,-0.02989565196818486,-0.02418076560366907,-0.0057148863645157914,False,5.0,1.0,2.0,0.2,0.4
254,synonymous,,0.01670314310624373,-0.021432881468198148,0.038136024574441874,False,5.0,1.0,2.0,0.2,0.4
254,synonymous,,-0.04178055165066714,-0.01258497811287108,-0.029195573537796057,False,5.0,1.0,2.0,0.2,0.4
254,synonymous,,-0.008127802329309151,-0.007415820815841421,-0.0007119815134677297,False,5.0,1.0,2.0,0.2,0.4
254,synonymous,,-0.07222926434744834,-0.013292266709090617,-0.05893699763835772,False,5.0,1.0,2.0,0.2,0.4
254,synonymous,,0.00692763744201277,-0.017661751236162718,0.024589388678175488,False,5.0,1.0,2.0,0.2,0.4
255,missense,,-0.0212864450071409,-0.02418076560366907,0.0028943205965281694,False,5.0,1.0,3.0,0.2,0.6
255,missense,,-0.04960299714969167,-0.021432881468198148,-0.028170115681493524,False,5.0,1.0,3.0,0.2,0.6
255,missense,,-0.04386736991323156,-0.01258497811287108,-0.03128239180036048,False,5.0,1.0,3.0,0.2,0.6
255,missense,,-0.018473299462970563,-0.007415820815841421,-0.011057478647129141,False,5.0,1.0,3.0,0.2,0.6
255,missense,,0.02863742443917549,-0.013292266709090617,0.041929691148266106,False,5.0,1.0,3.0,0.2,0.6
255,missense,,-0.056027518171607095,-0.017661751236162718,-0.03836576693544438,False,5.0,1.0,3.0,0.2,0.6
255,synonymous,,-0.09487320176389524,-0.02418076560366907,-0.07069243616022618,False,5.0,1.0,1.0,0.2,0.2
255,synonymous,,0.00022824745040187104,-0.021432881468198148,0.021661128918600017,False,5.0,1.0,1.0,0.2,0.2
255,synonymous,,0.010135787667404068,-0.01258497811287108,0.022720765780275147,False,5.0,1.0,1.0,0.2,0.2
255,synonymous,,-0.03779532291411437,-0.007415820815841421,-0.030379502098272945,False,5.0,1.0,1.0,0.2,0.2
255,synonymous,,-0.03190000412709855,-0.013292266709090617,-0.018607737418007933,False,5.0,1.0,1.0,0.2,0.2
255,synonymous,,-0.0783183636513338,-0.017661751236162718,-0.06065661241517108,False,5.0,1.0,1.0,0.2,0.2
256,missense,,-0.00041314689558551285,-0.02418076560366907,0.023767618708083558,False,3.0,0.0,0.0,0.0,0.0
256,missense,,0.005456951265095738,-0.021432881468198148,0.026889832733293886,False,3.0,0.0,0.0,0.0,0.0
256,missense,,0.026688177548894004,-0.01258497811287108,0.039273155661765084,False,3.0,0.0,0.0,0.0,0.0
256,missense,,0.02005518085016459,-0.007415820815841421,0.027471001666006013,False,3.0,0.0,0.0,0.0,0.0
256,missense,,-0.012955553125637901,-0.013292266709090617,0.0003367135834527156,False,3.0,0.0,0.0,0.0,0.0
256,missense,,-0.006620912282023614,-0.017661751236162718,0.011040838954139104,False,3.0,0.0,0.0,0.0,0.0
256,synonymous,,-0.01814994637194294,-0.02418076560366907,0.006030819231726131,False,4.0,1.0,1.0,0.25,0.25
256,synonymous,,-0.0014544758724324943,-0.021432881468198148,0.019978405595765653,False,4.0,1.0,1.0,0.25,0.25
256,synonymous,,-0.00039442759141398266,-0.01258497811287108,0.012190550521457098,False,4.0,1.0,1.0,0.25,0.25
256,synonymous,,-0.0005540659998166336,-0.007415820815841421,0.006861754816024788,False,4.0,1.0,1.0,0.25,0.25
256,synonymous,,0.005769607323400167,-0.013292266709090617,0.019061874032490784,False,4.0,1.0,1.0,0.25,0.25
256,synonymous,,-0.00018566399991372018,-0.017661751236162718,0.017476087236248997,False,4.0,1.0,1.0,0.25,0.25
257,missense,,-0.021859529939162025,-0.02418076560366907,0.0023212356645070445,False,3.0,0.0,1.0,0.0,0.3333333333333333
257,missense,,0.08867832485967848,-0.021432881468198148,0.11011120632787663,False,3.0,0.0,1.0,0.0,0.3333333333333333
257,missense,,-0.12898987157307354,-0.01258497811287108,-0.11640489346020245,False,3.0,0.0,1.0,0.0,0.3333333333333333
257,missense,,0.003450556417265416,-0.007415820815841421,0.010866377233106838,False,3.0,0.0,1.0,0.0,0.3333333333333333
257,missense,,0.0274660108540225,-0.013292266709090617,0.04075827756311312,False,3.0,0.0,1.0,0.0,0.3333333333333333
257,missense,,0.015412028070964917,-0.017661751236162718,0.03307377930712763,False,3.0,0.0,1.0,0.0,0.3333333333333333
257,synonymous,,-0.10824764294771448,-0.02418076560366907,-0.08406687734404542,False,3.0,0.0,2.0,0.0,0.6666666666666666
257,synonymous,,-0.10593595423444942,-0.021432881468198148,-0.08450307276625127,False,3.0,0.0,2.0,0.0,0.6666666666666666
257,synonymous,,-0.007153846559831869,-0.01258497811287108,0.005431131553039211,False,3.0,0.0,2.0,0.0,0.6666666666666666
257,synonymous,,0.07780115297154401,-0.007415820815841421,0.08521697378738544,False,3.0,0.0,2.0,0.0,0.6666666666666666
257,synonymous,,-0.04056607559338108,-0.013292266709090617,-0.027273808884290464,False,3.0,0.0,2.0,0.0,0.6666666666666666
257,synonymous,,-0.1933319777333742,-0.017661751236162718,-0.17567022649721148,False,3.0,0.0,2.0,0.0,0.6666666666666666
258,missense,,-0.02417620976504509,-0.02418076560366907,4.555838623979125e-06,False,5.0,0.0,2.0,0.0,0.4
258,missense,,-0.021385589546113797,-0.021432881468198148,4.7291922084351234e-05,False,5.0,0.0,2.0,0.0,0.4
258,missense,,-0.00732162982182398,-0.01258497811287108,0.005263348291047101,False,5.0,0.0,2.0,0.0,0.4
258,missense,,-0.009232037521400673,-0.007415820815841421,-0.0018162167055592515,False,5.0,0.0,2.0,0.0,0.4
258,missense,,-0.010483986911429627,-0.013292266709090617,0.0028082797976609897,False,5.0,0.0,2.0,0.0,0.4
258,missense,,-0.021791257371899988,-0.017661751236162718,-0.00412950613573727,False,5.0,0.0,2.0,0.0,0.4
258,synonymous,,-0.018863455240590014,-0.02418076560366907,0.005317310363079055,False,4.0,0.0,3.0,0.0,0.75
258,synonymous,,0.010458149696935837,-0.021432881468198148,0.03189103116513398,False,4.0,0.0,3.0,0.0,0.75
258,synonymous,,-0.00801150840755975,-0.01258497811287108,0.00457346970531133,False,4.0,0.0,3.0,0.0,0.75
258,synonymous,,0.010861046805651208,-0.007415820815841421,0.01827686762149263,False,4.0,0.0,3.0,0.0,0.75
258,synonymous,,0.008706458603502061,-0.013292266709090617,0.021998725312592678,False,4.0,0.0,3.0,0.0,0.75
258,synonymous,,-0.003464155662793917,-0.017661751236162718,0.0141975955733688,False,4.0,0.0,3.0,0.0,0.75
259,missense,,-0.004467637618824561,-0.02418076560366907,0.01971312798484451,False,3.0,0.0,1.0,0.0,0.3333333333333333
259,missense,,0.0014735604056381932,-0.021432881468198148,0.02290644187383634,False,3.0,0.0,1.0,0.0,0.3333333333333333
259,missense,,-0.011938813701848263,-0.01258497811287108,0.0006461644110228176,False,3.0,0.0,1.0,0.0,0.3333333333333333
259,missense,,0.008411940582988647,-0.007415820815841421,0.01582776139883007,False,3.0,0.0,1.0,0.0,0.3333333333333333
259,missense,,-0.0091299140510685,-0.013292266709090617,0.004162352658022117,False,3.0,0.0,1.0,0.0,0.3333333333333333
259,missense,,0.010427838641499917,-0.017661751236162718,0.028089589877662635,False,3.0,0.0,1.0,0.0,0.3333333333333333
259,synonymous,,0.012032661176567986,-0.02418076560366907,0.036213426780237055,False,3.0,0.0,0.0,0.0,0.0
259,synonymous,,-0.04552633891674385,-0.021432881468198148,-0.0240934574485457,False,3.0,0.0,0.0,0.0,0.0
259,synonymous,,0.008269285810752551,-0.01258497811287108,0.020854263923623634,False,3.0,0.0,0.0,0.0,0.0
259,synonymous,,-0.003758895117015722,-0.007415820815841421,0.0036569256988256992,False,3.0,0.0,0.0,0.0,0.0
259,synonymous,,-0.020179116609977964,-0.013292266709090617,-0.006886849900887348,False,3.0,0.0,0.0,0.0,0.0
259,synonymous,,0.0031207391456696504,-0.017661751236162718,0.02078249038183237,False,3.0,0.0,0.0,0.0,0.0
260,missense,,-0.045870962011170864,-0.02418076560366907,-0.021690196407501795,False,4.0,2.0,4.0,0.5,1.0
260,missense,,-0.08452963221389613,-0.021432881468198148,-0.06309675074569798,False,4.0,2.0,4.0,0.5,1.0
260,missense,,0.07678664090058877,-0.01258497811287108,0.08937161901345986,False,4.0,2.0,4.0,0.5,1.0
260,missense,,9.911458007300822e-05,-0.007415820815841421,0.007514935395914429,False,4.0,2.0,4.0,0.5,1.0
260,missense,,0.008340076281441405,-0.013292266709090617,0.021632342990532023,False,4.0,2.0,4.0,0.5,1.0
260,missense,,0.021505641596481807,-0.017661751236162718,0.039167392832644525,False,4.0,2.0,4.0,0.5,1.0
260,synonymous,,-0.021631203345399332,-0.02418076560366907,0.002549562258269737,False,6.0,1.0,3.0,0.16666666666666666,0.5
260,synonymous,,0.00015910514029193954,-0.021432881468198148,0.02159198660849009,False,6.0,1.0,3.0,0.16666666666666666,0.5
260,synonymous,,-0.00625843121515425,-0.01258497811287108,0.00632654689771683,False,6.0,1.0,3.0,0.16666666666666666,0.5
260,synonymous,,-0.00029996384961833287,-0.007415820815841421,0.007115856966223089,False,6.0,1.0,3.0,0.16666666666666666,0.5
260,synonymous,,0.02162707238921176,-0.013292266709090617,0.034919339098302374,False,6.0,1.0,3.0,0.16666666666666666,0.5
260,synonymous,,-0.007207204830421302,-0.017661751236162718,0.010454546405741415,False,6.0,1.0,3.0,0.16666666666666666,0.5
261,missense,,-0.027676292234038065,-0.02418076560366907,-0.0034955266303689954,False,3.0,1.0,2.0,0.3333333333333333,0.6666666666666666
261,missense,,-0.04452470722895922,-0.021432881468198148,-0.023091825760761076,False,3.0,1.0,2.0,0.3333333333333333,0.6666666666666666
261,missense,,0.00559446677602417,-0.01258497811287108,0.018179444888895252,False,3.0,1.0,2.0,0.3333333333333333,0.6666666666666666
261,missense,,0.0031996857809537304,-0.007415820815841421,0.010615506596795152,False,3.0,1.0,2.0,0.3333333333333333,0.6666666666666666
261,missense,,-0.0024123177068940565,-0.013292266709090617,0.01087994900219656,False,3.0,1.0,2.0,0.3333333333333333,0.6666666666666666
261,missense,,-0.012050154368268708,-0.017661751236162718,0.00561159686789401,False,3.0,1.0,2.0,0.3333333333333333,0.6666666666666666
261,synonymous,,-0.07341363023730073,-0.02418076560366907,-0.04923286463363166,False,4.0,0.0,2.0,0.0,0.5
261,synonymous,,-0.004296784808342259,-0.021432881468198148,0.01713609665985589,False,4.0,0.0,2.0,0.0,0.5
261,synonymous,,-0.1009410739822894,-0.01258497811287108,-0.08835609586941831,False,4.0,0.0,2.0,0.0,0.5
261,synonymous,,-0.04581188515026438,-0.007415820815841421,-0.03839606433442296,False,4.0,0.0,2.0,0.0,0.5
261,synonymous,,-0.011972647297931585,-0.013292266709090617,0.0013196194111590315,False,4.0,0.0,2.0,0.0,0.5
261,synonymous,,-0.0741102107906019,-0.017661751236162718,-0.05644845955443918,False,4.0,0.0,2.0,0.0,0.5
262,missense,,-0.5986513123083574,-0.02418076560366907,-0.5744705467046883,False,3.0,1.0,3.0,0.3333333333333333,1.0
262,missense,,-0.12076675445030628,-0.021432881468198148,-0.09933387298210813,False,3.0,1.0,3.0,0.3333333333333333,1.0
262,missense,,-0.6749875863692004,-0.01258497811287108,-0.6624026082563294,False,3.0,1.0,3.0,0.3333333333333333,1.0
262,missense,,-0.08810727968384909,-0.007415820815841421,-0.08069145886800766,False,3.0,1.0,3.0,0.3333333333333333,1.0
262,missense,,-0.11362663402364537,-0.013292266709090617,-0.10033436731455475,False,3.0,1.0,3.0,0.3333333333333333,1.0
262,missense,,-0.12120376226472361,-0.017661751236162718,-0.10354201102856089,False,3.0,1.0,3.0,0.3333333333333333,1.0
262,synonymous,,-0.001046297882674615,-0.02418076560366907,0.023134467720994454,False,3.0,0.0,0.0,0.0,0.0
262,synonymous,,-0.024031685721941542,-0.021432881468198148,-0.002598804253743394,False,3.0,0.0,0.0,0.0,0.0
262,synonymous,,-0.012737612645312339,-0.01258497811287108,-0.0001526345324412582,False,3.0,0.0,0.0,0.0,0.0
262,synonymous,,-0.009206214269646854,-0.007415820815841421,-0.0017903934538054328,False,3.0,0.0,0.0,0.0,0.0
262,synonymous,,-0.047304015258164064,-0.013292266709090617,-0.03401174854907345,False,3.0,0.0,0.0,0.0,0.0
262,synonymous,,-0.005989832122102425,-0.017661751236162718,0.011671919114060292,False,3.0,0.0,0.0,0.0,0.0
263,missense,,-0.022242666831969935,-0.02418076560366907,0.0019380987716991344,False,2.0,0.0,1.0,0.0,0.5
263,missense,,0.00906279175223856,-0.021432881468198148,0.030495673220436708,False,2.0,0.0,1.0,0.0,0.5
263,missense,,-0.003440264904825832,-0.01258497811287108,0.009144713208045248,False,2.0,0.0,1.0,0.0,0.5
263,missense,,0.007942725729563945,-0.007415820815841421,0.015358546545405367,False,2.0,0.0,1.0,0.0,0.5
263,missense,,-0.004865483986269999,-0.013292266709090617,0.008426782722820617,False,2.0,0.0,1.0,0.0,0.5
263,missense,,-0.008650225270257755,-0.017661751236162718,0.009011525965904963,False,2.0,0.0,1.0,0.0,0.5
263,synonymous,,-0.1791674720238215,-0.02418076560366907,-0.15498670642015241,False,4.0,2.0,4.0,0.5,1.0
263,synonymous,,-0.24202018364435154,-0.021432881468198148,-0.2205873021761534,False,4.0,2.0,4.0,0.5,1.0
263,synonymous,,-0.03988154415036703,-0.01258497811287108,-0.02729656603749595,False,4.0,2.0,4.0,0.5,1.0
263,synonymous,,0.022610124123405434,-0.007415820815841421,0.030025944939246856,False,4.0,2.0,4.0,0.5,1.0
263,synonymous,,-0.02847454802530706,-0.013292266709090617,-0.015182281316216444,False,4.0,2.0,4.0,0.5,1.0
263,synonymous,,-0.026650648830695817,-0.017661751236162718,-0.008988897594533099,False,4.0,2.0,4.0,0.5,1.0
264,missense,,-0.0084082768165581,-0.02418076560366907,0.015772488787110968,False,3.0,1.0,2.0,0.3333333333333333,0.6666666666666666
264,missense,,0.011401450449042465,-0.021432881468198148,0.03283433191724061,False,3.0,1.0,2.0,0.3333333333333333,0.6666666666666666
264,missense,,-0.001186441331614522,-0.01258497811287108,0.011398536781256558,False,3.0,1.0,2.0,0.3333333333333333,0.6666666666666666
264,missense,,0.008541951949795967,-0.007415820815841421,0.01595777276563739,False,3.0,1.0,2.0,0.3333333333333333,0.6666666666666666
264,missense,,-0.0012586853221718559,-0.013292266709090617,0.01203358138691876,False,3.0,1.0,2.0,0.3333333333333333,0.6666666666666666
264,missense,,0.0064487399296541455,-0.017661751236162718,0.024110491165816865,False,3.0,1.0,2.0,0.3333333333333333,0.6666666666666666
264,synonymous,,-0.01707737052263233,-0.02418076560366907,0.007103395081036738,False,3.0,1.0,1.0,0.3333333333333333,0.3333333333333333
264,synonymous,,0.030713783355680858,-0.021432881468198148,0.052146664823879,False,3.0,1.0,1.0,0.3333333333333333,0.3333333333333333
264,synonymous,,-0.0014697522177271201,-0.01258497811287108,0.01111522589514396,False,3.0,1.0,1.0,0.3333333333333333,0.3333333333333333
264,synonymous,,-0.00640066712002869,-0.007415820815841421,0.0010151536958127316,False,3.0,1.0,1.0,0.3333333333333333,0.3333333333333333
264,synonymous,,-0.016804373442536436,-0.013292266709090617,-0.003512106733445819,False,3.0,1.0,1.0,0.3333333333333333,0.3333333333333333
264,synonymous,,-0.026705062850586617,-0.017661751236162718,-0.009043311614423899,False,3.0,1.0,1.0,0.3333333333333333,0.3333333333333333
265,missense,,0.019806203236435827,-0.02418076560366907,0.0439869688401049,False,5.0,1.0,3.0,0.2,0.6
265,missense,,-0.01705733399013564,-0.021432881468198148,0.004375547478062507,False,5.0,1.0,3.0,0.2,0.6
265,missense,,-0.014560808688238391,-0.01258497811287108,-0.0019758305753673107,False,5.0,1.0,3.0,0.2,0.6
265,missense,,-0.005294692457600629,-0.007415820815841421,0.002121128358240792,False,5.0,1.0,3.0,0.2,0.6
265,missense,,-0.01589256875996247,-0.013292266709090617,-0.002600302050871854,False,5.0,1.0,3.0,0.2,0.6
265,missense,,0.009355563974231264,-0.017661751236162718,0.02701731521039398,False,5.0,1.0,3.0,0.2,0.6
265,synonymous,,-0.1167757253763781,-0.02418076560366907,-0.09259495977270904,False,3.0,2.0,2.0,0.6666666666666666,0.6666666666666666
265,synonymous,,-0.012798066685600329,-0.021432881468198148,0.00863481478259782,False,3.0,2.0,2.0,0.6666666666666666,0.6666666666666666
265,synonymous,,0.010420968968857431,-0.01258497811287108,0.02300594708172851,False,3.0,2.0,2.0,0.6666666666666666,0.6666666666666666
265,synonymous,,0.035115537437390924,-0.007415820815841421,0.04253135825323234,False,3.0,2.0,2.0,0.6666666666666666,0.6666666666666666
265,synonymous,,-0.03866550720239026,-0.013292266709090617,-0.025373240493299642,False,3.0,2.0,2.0,0.6666666666666666,0.6666666666666666
265,synonymous,,-0.06306902966056711,-0.017661751236162718,-0.045407278424404396,False,3.0,2.0,2.0,0.6666666666666666,0.6666666666666666
266,missense,,-0.032990337034879226,-0.02418076560366907,-0.008809571431210157,False,6.0,0.0,4.0,0.0,0.6666666666666666
266,missense,,-0.013263709181246044,-0.021432881468198148,0.008169172286952103,False,6.0,0.0,4.0,0.0,0.6666666666666666
266,missense,,-0.04418182738524038,-0.01258497811287108,-0.031596849272369304,False,6.0,0.0,4.0,0.0,0.6666666666666666
266,missense,,-0.00804448657156846,-0.007415820815841421,-0.0006286657557270378,False,6.0,0.0,4.0,0.0,0.6666666666666666
266,missense,,0.025128230059741633,-0.013292266709090617,0.038420496768832246,False,6.0,0.0,4.0,0.0,0.6666666666666666
266,missense,,-0.042676038247857116,-0.017661751236162718,-0.0250142870116944,False,6.0,0.0,4.0,0.0,0.6666666666666666
266,synonymous,,-0.018909364620154804,-0.02418076560366907,0.0052714009835142656,False,9.0,2.0,4.0,0.2222222222222222,0.4444444444444444
266,synonymous,,0.009166755799318171,-0.021432881468198148,0.03059963726751632,False,9.0,2.0,4.0,0.2222222222222222,0.4444444444444444
266,synonymous,,-0.00646625820778107,-0.01258497811287108,0.006118719905090011,False,9.0,2.0,4.0,0.2222222222222222,0.4444444444444444
266,synonymous,,-0.0019701625685094116,-0.007415820815841421,0.00544565824733201,False,9.0,2.0,4.0,0.2222222222222222,0.4444444444444444
266,synonymous,,0.009692697686828072,-0.013292266709090617,0.02298496439591869,False,9.0,2.0,4.0,0.2222222222222222,0.4444444444444444
266,synonymous,,-0.001113054743395248,-0.017661751236162718,0.01654869649276747,False,9.0,2.0,4.0,0.2222222222222222,0.4444444444444444
267,missense,,-0.007421898849226231,-0.02418076560366907,0.01675886675444284,False,7.0,0.0,3.0,0.0,0.42857142857142855
267,missense,,-0.015728015060632972,-0.021432881468198148,0.0057048664075651755,False,7.0,0.0,3.0,0.0,0.42857142857142855
267,missense,,-0.002150545763144328,-0.01258497811287108,0.010434432349726753,False,7.0,0.0,3.0,0.0,0.42857142857142855
267,missense,,0.010605543568843065,-0.007415820815841421,0.018021364384684487,False,7.0,0.0,3.0,0.0,0.42857142857142855
267,missense,,0.004146078996275383,-0.013292266709090617,0.017438345705366,False,7.0,0.0,3.0,0.0,0.42857142857142855
267,missense,,-0.011605800972452009,-0.017661751236162718,0.006055950263710709,False,7.0,0.0,3.0,0.0,0.42857142857142855
267,synonymous,,-0.0306686632643628,-0.02418076560366907,-0.006487897660693732,False,7.0,1.0,5.0,0.14285714285714285,0.7142857142857143
267,synonymous,,-0.027454305512807645,-0.021432881468198148,-0.006021424044609498,False,7.0,1.0,5.0,0.14285714285714285,0.7142857142857143
267,synonymous,,0.002868030807741525,-0.01258497811287108,0.015453008920612606,False,7.0,1.0,5.0,0.14285714285714285,0.7142857142857143
267,synonymous,,-0.0022440772344203084,-0.007415820815841421,0.005171743581421113,False,7.0,1.0,5.0,0.14285714285714285,0.7142857142857143
267,synonymous,,0.0013071806042613966,-0.013292266709090617,0.014599447313352013,False,7.0,1.0,5.0,0.14285714285714285,0.7142857142857143
267,synonymous,,-0.02660998510062003,-0.017661751236162718,-0.008948233864457311,False,7.0,1.0,5.0,0.14285714285714285,0.7142857142857143
268,missense,,-0.007062800042547792,-0.02418076560366907,0.017117965561121277,False,6.0,0.0,2.0,0.0,0.3333333333333333
268,missense,,0.0013374671773413985,-0.021432881468198148,0.022770348645539545,False,6.0,0.0,2.0,0.0,0.3333333333333333
268,missense,,0.004465834069185237,-0.01258497811287108,0.017050812182056316,False,6.0,0.0,2.0,0.0,0.3333333333333333
268,missense,,0.0032918575344402135,-0.007415820815841421,0.010707678350281635,False,6.0,0.0,2.0,0.0,0.3333333333333333
268,missense,,-0.009825613248430976,-0.013292266709090617,0.0034666534606596407,False,6.0,0.0,2.0,0.0,0.3333333333333333
268,missense,,-0.035010461626313764,-0.017661751236162718,-0.017348710390151047,False,6.0,0.0,2.0,0.0,0.3333333333333333
268,synonymous,,-0.016195656331376925,-0.02418076560366907,0.007985109272292144,False,7.0,1.0,3.0,0.14285714285714285,0.42857142857142855
268,synonymous,,-0.005748534828277585,-0.021432881468198148,0.015684346639920563,False,7.0,1.0,3.0,0.14285714285714285,0.42857142857142855
268,synonymous,,-0.00303609821560716,-0.01258497811287108,0.00954887989726392,False,7.0,1.0,3.0,0.14285714285714285,0.42857142857142855
268,synonymous,,0.007126668197013091,-0.007415820815841421,0.014542489012854511,False,7.0,1.0,3.0,0.14285714285714285,0.42857142857142855
268,synonymous,,-0.004180912178027971,-0.013292266709090617,0.009111354531062646,False,7.0,1.0,3.0,0.14285714285714285,0.42857142857142855
268,synonymous,,-0.01082859893875142,-0.017661751236162718,0.006833152297411297,False,7.0,1.0,3.0,0.14285714285714285,0.42857142857142855
269,missense,,-0.02910561839148681,-0.02418076560366907,-0.004924852787817742,False,11.0,2.0,7.0,0.18181818181818182,0.6363636363636364
269,missense,,-0.0017875228301295735,-0.021432881468198148,0.019645358638068575,False,11.0,2.0,7.0,0.18181818181818182,0.6363636363636364
269,missense,,-0.00533322910980927,-0.01258497811287108,0.00725174900306181,False,11.0,2.0,7.0,0.18181818181818182,0.6363636363636364
269,missense,,-0.013883422101158364,-0.007415820815841421,-0.006467601285316943,False,11.0,2.0,7.0,0.18181818181818182,0.6363636363636364
269,missense,,0.004983454758514375,-0.013292266709090617,0.01827572146760499,False,11.0,2.0,7.0,0.18181818181818182,0.6363636363636364
269,missense,,-0.011759609358612685,-0.017661751236162718,0.005902141877550032,False,11.0,2.0,7.0,0.18181818181818182,0.6363636363636364
269,synonymous,,0.008808258977351168,-0.02418076560366907,0.03298902458102024,False,5.0,1.0,1.0,0.2,0.2
269,synonymous,,-0.010662715006460993,-0.021432881468198148,0.010770166461737155,False,5.0,1.0,1.0,0.2,0.2
269,synonymous,,0.004136487400512112,-0.01258497811287108,0.01672146551338319,False,5.0,1.0,1.0,0.2,0.2
269,synonymous,,0.004670325891379603,-0.007415820815841421,0.012086146707221024,False,5.0,1.0,1.0,0.2,0.2
269,synonymous,,-0.014943564165102126,-0.013292266709090617,-0.0016512974560115093,False,5.0,1.0,1.0,0.2,0.2
269,synonymous,,0.008208921231000796,-0.017661751236162718,0.025870672467163514,False,5.0,1.0,1.0,0.2,0.2
270,missense,,0.00479146943648878,-0.02418076560366907,0.028972235040157848,False,2.0,0.0,0.0,0.0,0.0
270,missense,,-0.058916910036466964,-0.021432881468198148,-0.037484028568268817,False,2.0,0.0,0.0,0.0,0.0
270,missense,,-0.028356013659827095,-0.01258497811287108,-0.015771035546956014,False,2.0,0.0,0.0,0.0,0.0
270,missense,,0.005126167720294971,-0.007415820815841421,0.012541988536136393,False,2.0,0.0,0.0,0.0,0.0
270,missense,,-0.02656143465436157,-0.013292266709090617,-0.013269167945270954,False,2.0,0.0,0.0,0.0,0.0
270,missense,,0.0171789702460887,-0.017661751236162718,0.03484072148225142,False,2.0,0.0,0.0,0.0,0.0
270,synonymous,,-0.05726691206890466,-0.02418076560366907,-0.0330861464652356,False,5.0,1.0,2.0,0.2,0.4
270,synonymous,,-0.06191211073112967,-0.021432881468198148,-0.04047922926293152,False,5.0,1.0,2.0,0.2,0.4
270,synonymous,,0.016040982110247383,-0.01258497811287108,0.028625960223118464,False,5.0,1.0,2.0,0.2,0.4
270,synonymous,,0.0011738811244513968,-0.007415820815841421,0.008589701940292818,False,5.0,1.0,2.0,0.2,0.4
270,synonymous,,0.005638424944829776,-0.013292266709090617,0.018930691653920393,False,5.0,1.0,2.0,0.2,0.4
270,synonymous,,0.007408556839043476,-0.017661751236162718,0.025070308075206195,False,5.0,1.0,2.0,0.2,0.4
271,missense,,-0.10300641429137965,-0.02418076560366907,-0.07882564868771058,False,6.0,1.0,2.0,0.16666666666666666,0.3333333333333333
271,missense,,-0.033033816621562066,-0.021432881468198148,-0.011600935153363919,False,6.0,1.0,2.0,0.16666666666666666,0.3333333333333333
271,missense,,-0.13056597663188085,-0.01258497811287108,-0.11798099851900977,False,6.0,1.0,2.0,0.16666666666666666,0.3333333333333333
271,missense,,-0.09370115803881902,-0.007415820815841421,-0.0862853372229776,False,6.0,1.0,2.0,0.16666666666666666,0.3333333333333333
271,missense,,-0.02049340819182028,-0.013292266709090617,-0.007201141482729663,False,6.0,1.0,2.0,0.16666666666666666,0.3333333333333333
271,missense,,-0.062041424246704176,-0.017661751236162718,-0.04437967301054146,False,6.0,1.0,2.0,0.16666666666666666,0.3333333333333333
272,missense,,-0.018852409451912997,-0.02418076560366907,0.005328356151756072,False,5.0,0.0,2.0,0.0,0.4
272,missense,,-0.01777195547158284,-0.021432881468198148,0.0036609259966153065,False,5.0,0.0,2.0,0.0,0.4
272,missense,,-0.018662958338058023,-0.01258497811287108,-0.006077980225186942,False,5.0,0.0,2.0,0.0,0.4
272,missense,,-0.01838195982837208,-0.007415820815841421,-0.010966139012530657,False,5.0,0.0,2.0,0.0,0.4
272,missense,,0.007591888040909538,-0.013292266709090617,0.020884154750000154,False,5.0,0.0,2.0,0.0,0.4
272,missense,,0.021631730379808724,-0.017661751236162718,0.039293481615971446,False,5.0,0.0,2.0,0.0,0.4
272,synonymous,,0.011237617514604623,-0.02418076560366907,0.035418383118273694,False,4.0,1.0,1.0,0.25,0.25
272,synonymous,,-0.00982310409074418,-0.021432881468198148,0.011609777377453967,False,4.0,1.0,1.0,0.25,0.25
272,synonymous,,0.005246299236966086,-0.01258497811287108,0.017831277349837166,False,4.0,1.0,1.0,0.25,0.25
272,synonymous,,0.0069766674582268816,-0.007415820815841421,0.014392488274068303,False,4.0,1.0,1.0,0.25,0.25
272,synonymous,,-0.007943641236641513,-0.013292266709090617,0.005348625472449103,False,4.0,1.0,1.0,0.25,0.25
272,synonymous,,0.018398758597934082,-0.017661751236162718,0.036060509834096796,False,4.0,1.0,1.0,0.25,0.25
273,missense,,-0.013240713101790069,-0.02418076560366907,0.010940052501879,False,1.0,0.0,0.0,0.0,0.0
273,missense,,0.039930312768182714,-0.021432881468198148,0.06136319423638086,False,1.0,0.0,0.0,0.0,0.0
273,missense,,-0.03061943355032509,-0.01258497811287108,-0.01803445543745401,False,1.0,0.0,0.0,0.0,0.0
273,missense,,0.012823471619393331,-0.007415820815841421,0.020239292435234753,False,1.0,0.0,0.0,0.0,0.0
273,missense,,0.020624179598504207,-0.013292266709090617,0.03391644630759483,False,1.0,0.0,0.0,0.0,0.0
273,missense,,-0.020854438362596824,-0.017661751236162718,-0.003192687126434106,False,1.0,0.0,0.0,0.0,0.0
273,synonymous,,-0.012179658357499526,-0.02418076560366907,0.012001107246169544,False,7.0,1.0,3.0,0.14285714285714285,0.42857142857142855
273,synonymous,,-0.01438378545659664,-0.021432881468198148,0.0070490960116015074,False,7.0,1.0,3.0,0.14285714285714285,0.42857142857142855
273,synonymous,,0.015132395317312535,-0.01258497811287108,0.027717373430183614,False,7.0,1.0,3.0,0.14285714285714285,0.42857142857142855
273,synonymous,,0.00569136971353637,-0.007415820815841421,0.013107190529377791,False,7.0,1.0,3.0,0.14285714285714285,0.42857142857142855
273,synonymous,,-0.006407161602972346,-0.013292266709090617,0.00688510510611827,False,7.0,1.0,3.0,0.14285714285714285,0.42857142857142855
273,synonymous,,-0.014005595718137805,-0.017661751236162718,0.0036561555180249124,False,7.0,1.0,3.0,0.14285714285714285,0.42857142857142855
274,missense,,-0.016729083276521024,-0.02418076560366907,0.007451682327148046,False,5.0,0.0,0.0,0.0,0.0
274,missense,,-0.0600214700841891,-0.021432881468198148,-0.03858858861599095,False,5.0,0.0,0.0,0.0,0.0
274,missense,,-0.05028881441511638,-0.01258497811287108,-0.0377038363022453,False,5.0,0.0,0.0,0.0,0.0
274,missense,,-0.012386419408018413,-0.007415820815841421,-0.004970598592176992,False,5.0,0.0,0.0,0.0,0.0
274,missense,,0.019968356621654047,-0.013292266709090617,0.033260623330744664,False,5.0,0.0,0.0,0.0,0.0
274,missense,,-0.04018015571311686,-0.017661751236162718,-0.02251840447695414,False,5.0,0.0,0.0,0.0,0.0
274,synonymous,,-0.018432296100522154,-0.02418076560366907,0.005748469503146916,False,2.0,0.0,0.0,0.0,0.0
274,synonymous,,-0.009890953583468828,-0.021432881468198148,0.01154192788472932,False,2.0,0.0,0.0,0.0,0.0
274,synonymous,,0.0020721720588607246,-0.01258497811287108,0.014657150171731805,False,2.0,0.0,0.0,0.0,0.0
274,synonymous,,-0.0012432660287559599,-0.007415820815841421,0.006172554787085461,False,2.0,0.0,0.0,0.0,0.0
274,synonymous,,-0.013116748441495572,-0.013292266709090617,0.0001755182675950446,False,2.0,0.0,0.0,0.0,0.0
274,synonymous,,0.008658567481559317,-0.017661751236162718,0.026320318717722037,False,2.0,0.0,0.0,0.0,0.0
275,missense,,-0.3237703927029302,-0.02418076560366907,-0.2995896270992611,False,1.0,0.0,1.0,0.0,1.0
275,missense,,-0.6161531900532039,-0.021432881468198148,-0.5947203085850058,False,1.0,0.0,1.0,0.0,1.0
275,missense,,-0.7126553703135368,-0.01258497811287108,-0.7000703922006657,False,1.0,0.0,1.0,0.0,1.0
275,missense,,-0.9948302550053514,-0.007415820815841421,-0.9874144341895099,False,1.0,0.0,1.0,0.0,1.0
275,missense,,0.1763437791682756,-0.013292266709090617,0.1896360458773662,False,1.0,0.0,1.0,0.0,1.0
275,missense,,-0.7642149132092805,-0.017661751236162718,-0.7465531619731177,False,1.0,0.0,1.0,0.0,1.0
275,synonymous,,-0.005315418740761168,-0.02418076560366907,0.018865346862907903,False,7.0,2.0,3.0,0.2857142857142857,0.42857142857142855
275,synonymous,,-0.039834515381712864,-0.021432881468198148,-0.018401633913514716,False,7.0,2.0,3.0,0.2857142857142857,0.42857142857142855
275,synonymous,,-0.017349194420361494,-0.01258497811287108,-0.004764216307490413,False,7.0,2.0,3.0,0.2857142857142857,0.42857142857142855
275,synonymous,,-0.012974454754665245,-0.007415820815841421,-0.005558633938823824,False,7.0,2.0,3.0,0.2857142857142857,0.42857142857142855
275,synonymous,,-0.03048878464993211,-0.013292266709090617,-0.017196517940841493,False,7.0,2.0,3.0,0.2857142857142857,0.42857142857142855
275,synonymous,,0.004963483677759437,-0.017661751236162718,0.022625234913922154,False,7.0,2.0,3.0,0.2857142857142857,0.42857142857142855
276,missense,,-0.012757290713167592,-0.02418076560366907,0.011423474890501478,False,3.0,0.0,0.0,0.0,0.0
276,missense,,0.002517451574543148,-0.021432881468198148,0.023950333042741294,False,3.0,0.0,0.0,0.0,0.0
276,missense,,-0.010933647748459752,-0.01258497811287108,0.0016513303644113287,False,3.0,0.0,0.0,0.0,0.0
276,missense,,0.0030367920870361643,-0.007415820815841421,0.010452612902877585,False,3.0,0.0,0.0,0.0,0.0
276,missense,,0.015293409602097609,-0.013292266709090617,0.028585676311188225,False,3.0,0.0,0.0,0.0,0.0
276,missense,,0.0033334177841865234,-0.017661751236162718,0.02099516902034924,False,3.0,0.0,0.0,0.0,0.0
277,missense,,0.027713391784543247,-0.02418076560366907,0.05189415738821232,False,1.0,0.0,0.0,0.0,0.0
277,missense,,-0.04660789467204964,-0.021432881468198148,-0.025175013203851494,False,1.0,0.0,0.0,0.0,0.0
277,missense,,-0.01239219666201911,-0.01258497811287108,0.00019278145085196985,False,1.0,0.0,0.0,0.0,0.0
277,missense,,-0.006768282354482508,-0.007415820815841421,0.0006475384613589133,False,1.0,0.0,0.0,0.0,0.0
277,missense,,-0.043296453750936846,-0.013292266709090617,-0.03000418704184623,False,1.0,0.0,0.0,0.0,0.0
277,missense,,0.004808003510802833,-0.017661751236162718,0.02246975474696555,False,1.0,0.0,0.0,0.0,0.0
277,synonymous,,-0.24031628073446623,-0.02418076560366907,-0.21613551513079715,False,2.0,0.0,1.0,0.0,0.5
277,synonymous,,-0.1791054283697334,-0.021432881468198148,-0.15767254690153526,False,2.0,0.0,1.0,0.0,0.5
277,synonymous,,-0.020982724327360317,-0.01258497811287108,-0.008397746214489236,False,2.0,0.0,1.0,0.0,0.5
277,synonymous,,-0.15892422292770966,-0.007415820815841421,-0.15150840211186825,False,2.0,0.0,1.0,0.0,0.5
277,synonymous,,-0.27162363262852574,-0.013292266709090617,-0.2583313659194351,False,2.0,0.0,1.0,0.0,0.5
277,synonymous,,-0.040350479336142046,-0.017661751236162718,-0.02268872809997933,False,2.0,0.0,1.0,0.0,0.5
278,missense,,-0.8024977561905026,-0.02418076560366907,-0.7783169905868335,False,1.0,0.0,0.0,0.0,0.0
278,missense,,-0.6115718364008496,-0.021432881468198148,-0.5901389549326514,False,1.0,0.0,0.0,0.0,0.0
278,missense,,-0.22256967408413694,-0.01258497811287108,-0.20998469597126587,False,1.0,0.0,0.0,0.0,0.0
278,missense,,-1.052634956630493,-0.007415820815841421,-1.0452191358146514,False,1.0,0.0,0.0,0.0,0.0
278,missense,,-0.20394505404674043,-0.013292266709090617,-0.19065278733764982,False,1.0,0.0,0.0,0.0,0.0
278,missense,,-1.0079406283201249,-0.017661751236162718,-0.9902788770839621,False,1.0,0.0,0.0,0.0,0.0
278,synonymous,,0.017579697445059585,-0.02418076560366907,0.04176046304872866,False,2.0,0.0,1.0,0.0,0.5
278,synonymous,,-0.024790129649724848,-0.021432881468198148,-0.0033572481815267,False,2.0,0.0,1.0,0.0,0.5
278,synonymous,,-0.023582886718984293,-0.01258497811287108,-0.010997908606113212,False,2.0,0.0,1.0,0.0,0.5
278,synonymous,,0.012342445015494979,-0.007415820815841421,0.0197582658313364,False,2.0,0.0,1.0,0.0,0.5
278,synonymous,,0.0010931801854829881,-0.013292266709090617,0.014385446894573604,False,2.0,0.0,1.0,0.0,0.5
278,synonymous,,-0.0014518621368268545,-0.017661751236162718,0.016209889099335864,False,2.0,0.0,1.0,0.0,0.5
279,missense,,-0.03242989883914086,-0.02418076560366907,-0.00824913323547179,False,4.0,0.0,2.0,0.0,0.5
279,missense,,-0.0018609642586476334,-0.021432881468198148,0.019571917209550514,False,4.0,0.0,2.0,0.0,0.5
279,missense,,-0.009119259635113477,-0.01258497811287108,0.003465718477757604,False,4.0,0.0,2.0,0.0,0.5
279,missense,,-0.0015846357490535833,-0.007415820815841421,0.005831185066787838,False,4.0,0.0,2.0,0.0,0.5
279,missense,,-0.04942921154840445,-0.013292266709090617,-0.03613694483931383,False,4.0,0.0,2.0,0.0,0.5
279,missense,,-0.0028140249730856477,-0.017661751236162718,0.01484772626307707,False,4.0,0.0,2.0,0.0,0.5
279,synonymous,,-0.06028838714201521,-0.02418076560366907,-0.03610762153834614,False,3.0,0.0,1.0,0.0,0.3333333333333333
279,synonymous,,-0.0390546801460749,-0.021432881468198148,-0.01762179867787675,False,3.0,0.0,1.0,0.0,0.3333333333333333
279,synonymous,,-0.07113692836290343,-0.01258497811287108,-0.05855195025003235,False,3.0,0.0,1.0,0.0,0.3333333333333333
279,synonymous,,-0.028817299377070935,-0.007415820815841421,-0.021401478561229512,False,3.0,0.0,1.0,0.0,0.3333333333333333
279,synonymous,,-0.011908199770463847,-0.013292266709090617,0.0013840669386267698,False,3.0,0.0,1.0,0.0,0.3333333333333333
279,synonymous,,-0.01761500999282331,-0.017661751236162718,4.67412433394071e-05,False,3.0,0.0,1.0,0.0,0.3333333333333333
280,missense,,-0.02365131590324207,-0.02418076560366907,0.0005294497004269989,False,7.0,1.0,3.0,0.14285714285714285,0.42857142857142855
280,missense,,-0.04080461442853375,-0.021432881468198148,-0.019371732960335605,False,7.0,1.0,3.0,0.14285714285714285,0.42857142857142855
280,missense,,-0.04937985281518297,-0.01258497811287108,-0.036794874702311894,False,7.0,1.0,3.0,0.14285714285714285,0.42857142857142855
280,missense,,0.0019964527652041263,-0.007415820815841421,0.009412273581045547,False,7.0,1.0,3.0,0.14285714285714285,0.42857142857142855
280,missense,,-0.007560544356576255,-0.013292266709090617,0.005731722352514361,False,7.0,1.0,3.0,0.14285714285714285,0.42857142857142855
280,missense,,-0.0314203215259835,-0.017661751236162718,-0.013758570289820783,False,7.0,1.0,3.0,0.14285714285714285,0.42857142857142855
280,synonymous,,-0.017433392767165358,-0.02418076560366907,0.0067473728365037115,False,4.0,1.0,3.0,0.25,0.75
280,synonymous,,-0.17333944602904253,-0.021432881468198148,-0.1519065645608444,False,4.0,1.0,3.0,0.25,0.75
280,synonymous,,0.04188349909615422,-0.01258497811287108,0.0544684772090253,False,4.0,1.0,3.0,0.25,0.75
280,synonymous,,-0.02338726778767366,-0.007415820815841421,-0.015971446971832236,False,4.0,1.0,3.0,0.25,0.75
280,synonymous,,-0.03351751065505753,-0.013292266709090617,-0.020225243945966913,False,4.0,1.0,3.0,0.25,0.75
280,synonymous,,-0.05583666103688539,-0.017661751236162718,-0.038174909800722676,False,4.0,1.0,3.0,0.25,0.75
281,missense,,-0.024448561357720718,-0.02418076560366907,-0.00026779575405164874,False,6.0,2.0,5.0,0.3333333333333333,0.8333333333333334
281,missense,,-0.3038765145438913,-0.021432881468198148,-0.28244363307569315,False,6.0,2.0,5.0,0.3333333333333333,0.8333333333333334
281,missense,,-0.042677542146681284,-0.01258497811287108,-0.030092564033810203,False,6.0,2.0,5.0,0.3333333333333333,0.8333333333333334
281,missense,,0.001822067646107042,-0.007415820815841421,0.009237888461948464,False,6.0,2.0,5.0,0.3333333333333333,0.8333333333333334
281,missense,,-0.09002318568584854,-0.013292266709090617,-0.07673091897675792,False,6.0,2.0,5.0,0.3333333333333333,0.8333333333333334
281,missense,,0.019924355777790035,-0.017661751236162718,0.03758610701395275,False,6.0,2.0,5.0,0.3333333333333333,0.8333333333333334
281,synonymous,,0.01977108107357671,-0.02418076560366907,0.043951846677245776,False,2.0,0.0,1.0,0.0,0.5
281,synonymous,,-0.027602520218841055,-0.021432881468198148,-0.006169638750642907,False,2.0,0.0,1.0,0.0,0.5
281,synonymous,,-0.028276412699766513,-0.01258497811287108,-0.015691434586895432,False,2.0,0.0,1.0,0.0,0.5
281,synonymous,,-0.00806785133630837,-0.007415820815841421,-0.0006520305204669478,False,2.0,0.0,1.0,0.0,0.5
281,synonymous,,-0.028594922405099973,-0.013292266709090617,-0.015302655696009356,False,2.0,0.0,1.0,0.0,0.5
281,synonymous,,0.004767804840113565,-0.017661751236162718,0.022429556076276284,False,2.0,0.0,1.0,0.0,0.5
282,missense,,0.025059201932238172,-0.02418076560366907,0.049239967535907245,False,2.0,1.0,2.0,0.5,1.0
282,missense,,-0.0072726982535535,-0.021432881468198148,0.014160183214644647,False,2.0,1.0,2.0,0.5,1.0
282,missense,,0.008956258178313067,-0.01258497811287108,0.021541236291184148,False,2.0,1.0,2.0,0.5,1.0
282,missense,,0.00027173648690505394,-0.007415820815841421,0.007687557302746476,False,2.0,1.0,2.0,0.5,1.0
282,missense,,0.014847044802916536,-0.013292266709090617,0.028139311512007152,False,2.0,1.0,2.0,0.5,1.0
282,missense,,-0.07763164770304204,-0.017661751236162718,-0.05996989646687932,False,2.0,1.0,2.0,0.5,1.0
282,synonymous,,-0.013103472793652628,-0.02418076560366907,0.011077292810016442,False,3.0,1.0,2.0,0.3333333333333333,0.6666666666666666
282,synonymous,,-0.01414001599713474,-0.021432881468198148,0.007292865471063408,False,3.0,1.0,2.0,0.3333333333333333,0.6666666666666666
282,synonymous,,-0.03569558191348738,-0.01258497811287108,-0.0231106038006163,False,3.0,1.0,2.0,0.3333333333333333,0.6666666666666666
282,synonymous,,0.019550067108908508,-0.007415820815841421,0.02696588792474993,False,3.0,1.0,2.0,0.3333333333333333,0.6666666666666666
282,synonymous,,0.022198131476886637,-0.013292266709090617,0.035490398185977254,False,3.0,1.0,2.0,0.3333333333333333,0.6666666666666666
282,synonymous,,-0.021519031853140632,-0.017661751236162718,-0.0038572806169779143,False,3.0,1.0,2.0,0.3333333333333333,0.6666666666666666
283,missense,,-0.04179449737063463,-0.02418076560366907,-0.017613731766965558,False,6.0,1.0,3.0,0.16666666666666666,0.5
283,missense,,-0.057275313239703834,-0.021432881468198148,-0.03584243177150569,False,6.0,1.0,3.0,0.16666666666666666,0.5
283,missense,,-0.041219896668450294,-0.01258497811287108,-0.028634918555579213,False,6.0,1.0,3.0,0.16666666666666666,0.5
283,missense,,-0.022910647857620113,-0.007415820815841421,-0.01549482704177869,False,6.0,1.0,3.0,0.16666666666666666,0.5
283,missense,,-0.007885685099747547,-0.013292266709090617,0.00540658160934307,False,6.0,1.0,3.0,0.16666666666666666,0.5
283,missense,,-0.03785147934467312,-0.017661751236162718,-0.0201897281085104,False,6.0,1.0,3.0,0.16666666666666666,0.5
283,synonymous,,-0.022093447429851736,-0.02418076560366907,0.0020873181738173333,False,5.0,1.0,3.0,0.2,0.6
283,synonymous,,-0.042240389257390314,-0.021432881468198148,-0.020807507789192166,False,5.0,1.0,3.0,0.2,0.6
283,synonymous,,0.018261256724766316,-0.01258497811287108,0.030846234837637397,False,5.0,1.0,3.0,0.2,0.6
283,synonymous,,0.005945818353735365,-0.007415820815841421,0.013361639169576786,False,5.0,1.0,3.0,0.2,0.6
283,synonymous,,-0.023583684519500665,-0.013292266709090617,-0.010291417810410049,False,5.0,1.0,3.0,0.2,0.6
283,synonymous,,-0.018448605675545276,-0.017661751236162718,-0.0007868544393825581,False,5.0,1.0,3.0,0.2,0.6
284,missense,,-0.003675699965138818,-0.02418076560366907,0.020505065638530252,False,2.0,0.0,0.0,0.0,0.0
284,missense,,0.0201810744279875,-0.021432881468198148,0.04161395589618565,False,2.0,0.0,0.0,0.0,0.0
284,missense,,0.005321851426576143,-0.01258497811287108,0.017906829539447222,False,2.0,0.0,0.0,0.0,0.0
284,missense,,-0.00514141200777173,-0.007415820815841421,0.0022744088080696914,False,2.0,0.0,0.0,0.0,0.0
284,missense,,0.01561163133312665,-0.013292266709090617,0.02890389804221727,False,2.0,0.0,0.0,0.0,0.0
284,missense,,0.011734697637628659,-0.017661751236162718,0.029396448873791378,False,2.0,0.0,0.0,0.0,0.0
284,synonymous,,-0.048480768299298704,-0.02418076560366907,-0.024300002695629635,False,8.0,1.0,5.0,0.125,0.625
284,synonymous,,-0.05680494919770803,-0.021432881468198148,-0.03537206772950988,False,8.0,1.0,5.0,0.125,0.625
284,synonymous,,-0.05016915521477397,-0.01258497811287108,-0.037584177101902885,False,8.0,1.0,5.0,0.125,0.625
284,synonymous,,6.861533458709022e-06,-0.007415820815841421,0.00742268234930013,False,8.0,1.0,5.0,0.125,0.625
284,synonymous,,-0.011627622706875245,-0.013292266709090617,0.0016646440022153718,False,8.0,1.0,5.0,0.125,0.625
284,synonymous,,-0.04609685520599281,-0.017661751236162718,-0.028435103969830094,False,8.0,1.0,5.0,0.125,0.625
285,missense,,-1.2462094708811073,-0.02418076560366907,-1.2220287052774383,False,1.0,0.0,0.0,0.0,0.0
285,missense,,-2.4920252010818107,-0.021432881468198148,-2.4705923196136124,False,1.0,0.0,0.0,0.0,0.0
285,missense,,-0.48826021362105615,-0.01258497811287108,-0.4756752355081851,False,1.0,0.0,0.0,0.0,0.0
285,missense,,-0.017607050807489064,-0.007415820815841421,-0.010191229991647642,False,1.0,0.0,0.0,0.0,0.0
285,missense,,-0.7865431322240332,-0.013292266709090617,-0.7732508655149426,False,1.0,0.0,0.0,0.0,0.0
285,missense,,-0.8841742623829124,-0.017661751236162718,-0.8665125111467497,False,1.0,0.0,0.0,0.0,0.0
285,synonymous,,-0.008386057132169026,-0.02418076560366907,0.015794708471500045,False,8.0,1.0,4.0,0.125,0.5
285,synonymous,,-0.04459736944573551,-0.021432881468198148,-0.02316448797753736,False,8.0,1.0,4.0,0.125,0.5
285,synonymous,,-0.0006573667314182043,-0.01258497811287108,0.011927611381452876,False,8.0,1.0,4.0,0.125,0.5
285,synonymous,,-0.05886151178226591,-0.007415820815841421,-0.05144569096642449,False,8.0,1.0,4.0,0.125,0.5
285,synonymous,,-0.035073402159680696,-0.013292266709090617,-0.02178113545059008,False,8.0,1.0,4.0,0.125,0.5
285,synonymous,,-0.003161972609421671,-0.017661751236162718,0.014499778626741046,False,8.0,1.0,4.0,0.125,0.5
286,synonymous,,-0.09773971493040715,-0.02418076560366907,-0.07355894932673808,False,4.0,0.0,4.0,0.0,1.0
286,synonymous,,-0.3308930288435119,-0.021432881468198148,-0.30946014737531374,False,4.0,0.0,4.0,0.0,1.0
286,synonymous,,0.004405772194704644,-0.01258497811287108,0.016990750307575724,False,4.0,0.0,4.0,0.0,1.0
286,synonymous,,0.050383900727965836,-0.007415820815841421,0.057799721543807255,False,4.0,0.0,4.0,0.0,1.0
286,synonymous,,-0.020983373070385232,-0.013292266709090617,-0.007691106361294615,False,4.0,0.0,4.0,0.0,1.0
286,synonymous,,-0.07876060103722946,-0.017661751236162718,-0.06109884980106674,False,4.0,0.0,4.0,0.0,1.0
287,missense,,-0.05417333235725032,-0.02418076560366907,-0.029992566753581248,False,1.0,0.0,0.0,0.0,0.0
287,missense,,0.0007378939306437539,-0.021432881468198148,0.0221707753988419,False,1.0,0.0,0.0,0.0,0.0
287,missense,,-0.004186200494212642,-0.01258497811287108,0.008398777618658438,False,1.0,0.0,0.0,0.0,0.0
287,missense,,-0.3583562538426192,-0.007415820815841421,-0.3509404330267778,False,1.0,0.0,0.0,0.0,0.0
287,missense,,0.023655756673954444,-0.013292266709090617,0.036948023383045064,False,1.0,0.0,0.0,0.0,0.0
287,missense,,0.06399533761723826,-0.017661751236162718,0.08165708885340098,False,1.0,0.0,0.0,0.0,0.0
288,missense,,0.02410812599240991,-0.02418076560366907,0.04828889159607898,False,3.0,0.0,1.0,0.0,0.3333333333333333
288,missense,,-0.04236832723041635,-0.021432881468198148,-0.020935445762218202,False,3.0,0.0,1.0,0.0,0.3333333333333333
288,missense,,-0.006188140199532796,-0.01258497811287108,0.006396837913338285,False,3.0,0.0,1.0,0.0,0.3333333333333333
288,missense,,0.010009986522615871,-0.007415820815841421,0.01742580733845729,False,3.0,0.0,1.0,0.0,0.3333333333333333
288,missense,,-0.0388469368300293,-0.013292266709090617,-0.025554670120938684,False,3.0,0.0,1.0,0.0,0.3333333333333333
288,missense,,0.03500515926005577,-0.017661751236162718,0.05266691049621849,False,3.0,0.0,1.0,0.0,0.3333333333333333
288,synonymous,,-0.050247873869851724,-0.02418076560366907,-0.026067108266182654,False,9.0,4.0,6.0,0.4444444444444444,0.6666666666666666
288,synonymous,,0.003990188464265685,-0.021432881468198148,0.025423069932463835,False,9.0,4.0,6.0,0.4444444444444444,0.6666666666666666
288,synonymous,,0.01838445403776259,-0.01258497811287108,0.03096943215063367,False,9.0,4.0,6.0,0.4444444444444444,0.6666666666666666
288,synonymous,,0.009445437239750899,-0.007415820815841421,0.01686125805559232,False,9.0,4.0,6.0,0.4444444444444444,0.6666666666666666
288,synonymous,,-0.01571295878690491,-0.013292266709090617,-0.002420692077814292,False,9.0,4.0,6.0,0.4444444444444444,0.6666666666666666
288,synonymous,,-0.04106391119540693,-0.017661751236162718,-0.02340215995924421,False,9.0,4.0,6.0,0.4444444444444444,0.6666666666666666
289,missense,,-0.055338851773160044,-0.02418076560366907,-0.031158086169490975,False,2.0,0.0,1.0,0.0,0.5
289,missense,,-0.002834575206240459,-0.021432881468198148,0.01859830626195769,False,2.0,0.0,1.0,0.0,0.5
289,missense,,-0.005860258422632939,-0.01258497811287108,0.0067247196902381415,False,2.0,0.0,1.0,0.0,0.5
289,missense,,0.024155510190405377,-0.007415820815841421,0.031571331006246796,False,2.0,0.0,1.0,0.0,0.5
289,missense,,0.0043016351074642535,-0.013292266709090617,0.01759390181655487,False,2.0,0.0,1.0,0.0,0.5
289,missense,,-0.002703681593376742,-0.017661751236162718,0.014958069642785975,False,2.0,0.0,1.0,0.0,0.5
290,missense,,-0.021772620971702898,-0.02418076560366907,0.0024081446319661713,False,5.0,1.0,2.0,0.2,0.4
290,missense,,-0.03304478765119908,-0.021432881468198148,-0.011611906183000932,False,5.0,1.0,2.0,0.2,0.4
290,missense,,0.02373955967964419,-0.01258497811287108,0.036324537792515266,False,5.0,1.0,2.0,0.2,0.4
290,missense,,-0.018503564465934378,-0.007415820815841421,-0.011087743650092956,False,5.0,1.0,2.0,0.2,0.4
290,missense,,0.009020733717314319,-0.013292266709090617,0.022313000426404935,False,5.0,1.0,2.0,0.2,0.4
290,missense,,-0.0053914783570228365,-0.017661751236162718,0.012270272879139881,False,5.0,1.0,2.0,0.2,0.4
290,synonymous,,0.03585515561772288,-0.02418076560366907,0.06003592122139195,False,3.0,1.0,2.0,0.3333333333333333,0.6666666666666666
290,synonymous,,0.09128510678345907,-0.021432881468198148,0.11271798825165721,False,3.0,1.0,2.0,0.3333333333333333,0.6666666666666666
290,synonymous,,-0.13660551073593957,-0.01258497811287108,-0.12402053262306849,False,3.0,1.0,2.0,0.3333333333333333,0.6666666666666666
290,synonymous,,0.01084059698986735,-0.007415820815841421,0.01825641780570877,False,3.0,1.0,2.0,0.3333333333333333,0.6666666666666666
290,synonymous,,0.019139128837781943,-0.013292266709090617,0.03243139554687256,False,3.0,1.0,2.0,0.3333333333333333,0.6666666666666666
290,synonymous,,-0.02469903233519021,-0.017661751236162718,-0.007037281099027494,False,3.0,1.0,2.0,0.3333333333333333,0.6666666666666666
291,missense,,-0.032245410313442906,-0.02418076560366907,-0.008064644709773836,False,7.0,0.0,2.0,0.0,0.2857142857142857
291,missense,,-0.06377391308953238,-0.021432881468198148,-0.042341031621334235,False,7.0,0.0,2.0,0.0,0.2857142857142857
291,missense,,-0.03513079652629779,-0.01258497811287108,-0.022545818413426708,False,7.0,0.0,2.0,0.0,0.2857142857142857
291,missense,,0.002981548403229594,-0.007415820815841421,0.010397369219071015,False,7.0,0.0,2.0,0.0,0.2857142857142857
291,missense,,-0.020134559972065164,-0.013292266709090617,-0.006842293262974548,False,7.0,0.0,2.0,0.0,0.2857142857142857
291,missense,,-0.04364249197204398,-0.017661751236162718,-0.02598074073588126,False,7.0,0.0,2.0,0.0,0.2857142857142857
291,synonymous,,-0.0714571171369451,-0.02418076560366907,-0.04727635153327603,False,4.0,0.0,2.0,0.0,0.5
291,synonymous,,-0.013812006947487326,-0.021432881468198148,0.007620874520710821,False,4.0,0.0,2.0,0.0,0.5
291,synonymous,,0.184106760314951,-0.01258497811287108,0.19669173842782206,False,4.0,0.0,2.0,0.0,0.5
291,synonymous,,-0.013506852037893837,-0.007415820815841421,-0.006091031222052416,False,4.0,0.0,2.0,0.0,0.5
291,synonymous,,0.009742515029471547,-0.013292266709090617,0.023034781738562164,False,4.0,0.0,2.0,0.0,0.5
291,synonymous,,0.02425364655801524,-0.017661751236162718,0.04191539779417795,False,4.0,0.0,2.0,0.0,0.5
292,synonymous,,-0.03719053134852865,-0.02418076560366907,-0.01300976574485958,False,2.0,0.0,0.0,0.0,0.0
292,synonymous,,-0.4608025202683696,-0.021432881468198148,-0.43936963880017144,False,2.0,0.0,0.0,0.0,0.0
292,synonymous,,0.03400149896370157,-0.01258497811287108,0.04658647707657265,False,2.0,0.0,0.0,0.0,0.0
292,synonymous,,0.10565595035899765,-0.007415820815841421,0.11307177117483908,False,2.0,0.0,0.0,0.0,0.0
292,synonymous,,0.024515146301153756,-0.013292266709090617,0.03780741301024437,False,2.0,0.0,0.0,0.0,0.0
292,synonymous,,-0.02555510565990231,-0.017661751236162718,-0.007893354423739594,False,2.0,0.0,0.0,0.0,0.0
293,missense,,-0.03007833444748159,-0.02418076560366907,-0.005897568843812522,False,9.0,2.0,5.0,0.2222222222222222,0.5555555555555556
293,missense,,0.0025486617031554287,-0.021432881468198148,0.023981543171353578,False,9.0,2.0,5.0,0.2222222222222222,0.5555555555555556
293,missense,,-0.03376410968087859,-0.01258497811287108,-0.02117913156800751,False,9.0,2.0,5.0,0.2222222222222222,0.5555555555555556
293,missense,,-0.003990824952534046,-0.007415820815841421,0.0034249958633073754,False,9.0,2.0,5.0,0.2222222222222222,0.5555555555555556
293,missense,,0.015879400862391688,-0.013292266709090617,0.029171667571482304,False,9.0,2.0,5.0,0.2222222222222222,0.5555555555555556
293,missense,,-0.03233920645589635,-0.017661751236162718,-0.014677455219733633,False,9.0,2.0,5.0,0.2222222222222222,0.5555555555555556
293,synonymous,,-0.010104923831405932,-0.02418076560366907,0.014075841772263138,False,9.0,0.0,4.0,0.0,0.4444444444444444
293,synonymous,,-0.023934186724380895,-0.021432881468198148,-0.0025013052561827474,False,9.0,0.0,4.0,0.0,0.4444444444444444
293,synonymous,,-0.011260090472711369,-0.01258497811287108,0.001324887640159712,False,9.0,0.0,4.0,0.0,0.4444444444444444
293,synonymous,,-0.005260059673407766,-0.007415820815841421,0.002155761142433655,False,9.0,0.0,4.0,0.0,0.4444444444444444
293,synonymous,,0.0021868027971033515,-0.013292266709090617,0.015479069506193969,False,9.0,0.0,4.0,0.0,0.4444444444444444
293,synonymous,,-0.003012191662076058,-0.017661751236162718,0.01464955957408666,False,9.0,0.0,4.0,0.0,0.4444444444444444
294,missense,,-0.05191128799620411,-0.02418076560366907,-0.027730522392535043,False,12.0,2.0,8.0,0.16666666666666666,0.6666666666666666
294,missense,,-0.023129367021129364,-0.021432881468198148,-0.0016964855529312158,False,12.0,2.0,8.0,0.16666666666666666,0.6666666666666666
294,missense,,0.0190932972821428,-0.01258497811287108,0.03167827539501388,False,12.0,2.0,8.0,0.16666666666666666,0.6666666666666666
294,missense,,-0.011404692432815637,-0.007415820815841421,-0.003988871616974215,False,12.0,2.0,8.0,0.16666666666666666,0.6666666666666666
294,missense,,-0.03315840962632419,-0.013292266709090617,-0.01986614291723357,False,12.0,2.0,8.0,0.16666666666666666,0.6666666666666666
294,missense,,-0.06047647131314207,-0.017661751236162718,-0.042814720076979354,False,12.0,2.0,8.0,0.16666666666666666,0.6666666666666666
294,synonymous,,-0.05632722397118759,-0.02418076560366907,-0.03214645836751852,False,28.0,2.0,15.0,0.07142857142857142,0.5357142857142857
294,synonymous,,-0.09486495037733828,-0.021432881468198148,-0.07343206890914013,False,28.0,2.0,15.0,0.07142857142857142,0.5357142857142857
294,synonymous,,0.007061042531042551,-0.01258497811287108,0.01964602064391363,False,28.0,2.0,15.0,0.07142857142857142,0.5357142857142857
294,synonymous,,0.0021356394418189898,-0.007415820815841421,0.009551460257660412,False,28.0,2.0,15.0,0.07142857142857142,0.5357142857142857
294,synonymous,,0.002401235649867172,-0.013292266709090617,0.01569350235895779,False,28.0,2.0,15.0,0.07142857142857142,0.5357142857142857
294,synonymous,,-0.06145842117408497,-0.017661751236162718,-0.04379666993792225,False,28.0,2.0,15.0,0.07142857142857142,0.5357142857142857
295,missense,,-0.1306672764903181,-0.02418076560366907,-0.10648651088664902,False,4.0,1.0,3.0,0.25,0.75
295,missense,,-8.078291154684106e-05,-0.021432881468198148,0.02135209855665131,False,4.0,1.0,3.0,0.25,0.75
295,missense,,-0.1650700117785584,-0.01258497811287108,-0.15248503366568733,False,4.0,1.0,3.0,0.25,0.75
295,missense,,0.0028546317983313735,-0.007415820815841421,0.010270452614172795,False,4.0,1.0,3.0,0.25,0.75
295,missense,,0.022383700289223145,-0.013292266709090617,0.03567596699831376,False,4.0,1.0,3.0,0.25,0.75
295,missense,,-0.10314688763959863,-0.017661751236162718,-0.08548513640343591,False,4.0,1.0,3.0,0.25,0.75
296,missense,,-0.08929481484375537,-0.02418076560366907,-0.0651140492400863,False,3.0,1.0,2.0,0.3333333333333333,0.6666666666666666
296,missense,,-0.5085309290706623,-0.021432881468198148,-0.48709804760246417,False,3.0,1.0,2.0,0.3333333333333333,0.6666666666666666
296,missense,,-0.1346445270847313,-0.01258497811287108,-0.12205954897186021,False,3.0,1.0,2.0,0.3333333333333333,0.6666666666666666
296,missense,,-0.3511931445674139,-0.007415820815841421,-0.3437773237515725,False,3.0,1.0,2.0,0.3333333333333333,0.6666666666666666
296,missense,,0.035399624671954226,-0.013292266709090617,0.04869189138104484,False,3.0,1.0,2.0,0.3333333333333333,0.6666666666666666
296,missense,,-0.08756595925673492,-0.017661751236162718,-0.0699042080205722,False,3.0,1.0,2.0,0.3333333333333333,0.6666666666666666
296,synonymous,,-0.014933179805970163,-0.02418076560366907,0.009247585797698906,False,4.0,0.0,1.0,0.0,0.25
296,synonymous,,0.004492279066124943,-0.021432881468198148,0.025925160534323092,False,4.0,0.0,1.0,0.0,0.25
296,synonymous,,-0.011902135567872492,-0.01258497811287108,0.0006828425449985891,False,4.0,0.0,1.0,0.0,0.25
296,synonymous,,-0.0030363316417987935,-0.007415820815841421,0.004379489174042628,False,4.0,0.0,1.0,0.0,0.25
296,synonymous,,0.009961451422009136,-0.013292266709090617,0.023253718131099752,False,4.0,0.0,1.0,0.0,0.25
296,synonymous,,0.003283358176758959,-0.017661751236162718,0.020945109412921676,False,4.0,0.0,1.0,0.0,0.25
297,missense,,-0.13585038160578267,-0.02418076560366907,-0.1116696160021136,False,5.0,1.0,3.0,0.2,0.6
297,missense,,-0.014237647662770721,-0.021432881468198148,0.007195233805427427,False,5.0,1.0,3.0,0.2,0.6
297,missense,,0.08186594052919313,-0.01258497811287108,0.09445091864206422,False,5.0,1.0,3.0,0.2,0.6
297,missense,,-0.1126785683662397,-0.007415820815841421,-0.10526274755039827,False,5.0,1.0,3.0,0.2,0.6
297,missense,,-0.025857204910905204,-0.013292266709090617,-0.012564938201814587,False,5.0,1.0,3.0,0.2,0.6
297,missense,,-0.04158047052552381,-0.017661751236162718,-0.023918719289361096,False,5.0,1.0,3.0,0.2,0.6
297,synonymous,,-0.010531107674162174,-0.02418076560366907,0.013649657929506896,False,2.0,1.0,1.0,0.5,0.5
297,synonymous,,-0.017573891566679267,-0.021432881468198148,0.0038589899015188805,False,2.0,1.0,1.0,0.5,0.5
297,synonymous,,0.021992891364697235,-0.01258497811287108,0.034577869477568315,False,2.0,1.0,1.0,0.5,0.5
297,synonymous,,-0.0011422930705389796,-0.007415820815841421,0.006273527745302442,False,2.0,1.0,1.0,0.5,0.5
297,synonymous,,-0.027587191603363193,-0.013292266709090617,-0.014294924894272577,False,2.0,1.0,1.0,0.5,0.5
297,synonymous,,-0.0032375562710727553,-0.017661751236162718,0.014424194965089962,False,2.0,1.0,1.0,0.5,0.5
298,missense,,-0.01490970336551578,-0.02418076560366907,0.009271062238153289,False,6.0,1.0,3.0,0.16666666666666666,0.5
298,missense,,-0.007635292352904644,-0.021432881468198148,0.013797589115293503,False,6.0,1.0,3.0,0.16666666666666666,0.5
298,missense,,-0.027756655097493987,-0.01258497811287108,-0.015171676984622906,False,6.0,1.0,3.0,0.16666666666666666,0.5
298,missense,,-0.0122472461566022,-0.007415820815841421,-0.004831425340760778,False,6.0,1.0,3.0,0.16666666666666666,0.5
298,missense,,0.01006027850575554,-0.013292266709090617,0.023352545214846157,False,6.0,1.0,3.0,0.16666666666666666,0.5
298,missense,,-0.018400029626529892,-0.017661751236162718,-0.0007382783903671745,False,6.0,1.0,3.0,0.16666666666666666,0.5
298,synonymous,,-0.0036880353618397215,-0.02418076560366907,0.02049273024182935,False,5.0,0.0,4.0,0.0,0.8
298,synonymous,,-0.01699904319213246,-0.021432881468198148,0.004433838276065687,False,5.0,0.0,4.0,0.0,0.8
298,synonymous,,-0.006809330866063511,-0.01258497811287108,0.005775647246807569,False,5.0,0.0,4.0,0.0,0.8
298,synonymous,,-0.010457228705830003,-0.007415820815841421,-0.0030414078899885814,False,5.0,0.0,4.0,0.0,0.8
298,synonymous,,-0.003676510839925599,-0.013292266709090617,0.009615755869165018,False,5.0,0.0,4.0,0.0,0.8
298,synonymous,,-0.026029772148251362,-0.017661751236162718,-0.008368020912088645,False,5.0,0.0,4.0,0.0,0.8
299,missense,,-0.07424518600428914,-0.02418076560366907,-0.05006442040062008,False,6.0,1.0,4.0,0.16666666666666666,0.6666666666666666
299,missense,,-0.027073465635559072,-0.021432881468198148,-0.005640584167360924,False,6.0,1.0,4.0,0.16666666666666666,0.6666666666666666
299,missense,,-0.06817963452831807,-0.01258497811287108,-0.05559465641544699,False,6.0,1.0,4.0,0.16666666666666666,0.6666666666666666
299,missense,,-0.03627113484908036,-0.007415820815841421,-0.028855314033238936,False,6.0,1.0,4.0,0.16666666666666666,0.6666666666666666
299,missense,,-0.09843771563784393,-0.013292266709090617,-0.08514544892875331,False,6.0,1.0,4.0,0.16666666666666666,0.6666666666666666
299,missense,,-0.005867062282149425,-0.017661751236162718,0.011794688954013293,False,6.0,1.0,4.0,0.16666666666666666,0.6666666666666666
299,synonymous,,-0.06854701137337323,-0.02418076560366907,-0.04436624576970416,False,5.0,1.0,3.0,0.2,0.6
299,synonymous,,-0.053061725705800436,-0.021432881468198148,-0.03162884423760229,False,5.0,1.0,3.0,0.2,0.6
299,synonymous,,-0.056667521905357905,-0.01258497811287108,-0.04408254379248683,False,5.0,1.0,3.0,0.2,0.6
299,synonymous,,-0.03299104995193333,-0.007415820815841421,-0.02557522913609191,False,5.0,1.0,3.0,0.2,0.6
299,synonymous,,-0.13111369668852382,-0.013292266709090617,-0.1178214299794332,False,5.0,1.0,3.0,0.2,0.6
299,synonymous,,-0.05400007378516312,-0.017661751236162718,-0.0363383225490004,False,5.0,1.0,3.0,0.2,0.6
300,PTC,,-1.303627210736516,-0.02418076560366907,-1.279446445132847,True,1.0,1.0,1.0,1.0,1.0
300,PTC,,-2.071818226644267,-0.021432881468198148,-2.0503853451760685,True,1.0,1.0,1.0,1.0,1.0
300,PTC,,-2.307811015776785,-0.01258497811287108,-2.2952260376639138,True,1.0,1.0,1.0,1.0,1.0
300,PTC,,-2.303604899435625,-0.007415820815841421,-2.2961890786197836,True,1.0,1.0,1.0,1.0,1.0
300,PTC,,-2.290651088125552,-0.013292266709090617,-2.2773588214164615,True,1.0,1.0,1.0,1.0,1.0
300,PTC,,-1.957996362363992,-0.017661751236162718,-1.9403346111278292,True,1.0,1.0,1.0,1.0,1.0
300,missense,,-0.020051658780123483,-0.02418076560366907,0.004129106823545586,False,3.0,0.0,2.0,0.0,0.6666666666666666
300,missense,,-0.012234587727395054,-0.021432881468198148,0.009198293740803094,False,3.0,0.0,2.0,0.0,0.6666666666666666
300,missense,,0.01151670329035361,-0.01258497811287108,0.02410168140322469,False,3.0,0.0,2.0,0.0,0.6666666666666666
300,missense,,1.0205366706485849e-05,-0.007415820815841421,0.007426026182547907,False,3.0,0.0,2.0,0.0,0.6666666666666666
300,missense,,0.007144974538035272,-0.013292266709090617,0.020437241247125888,False,3.0,0.0,2.0,0.0,0.6666666666666666
300,missense,,0.02132053453264222,-0.017661751236162718,0.03898228576880494,False,3.0,0.0,2.0,0.0,0.6666666666666666
300,synonymous,,0.0028293335300812756,-0.02418076560366907,0.027010099133750347,False,3.0,0.0,1.0,0.0,0.3333333333333333
300,synonymous,,-0.0007103124051127308,-0.021432881468198148,0.02072256906308542,False,3.0,0.0,1.0,0.0,0.3333333333333333
300,synonymous,,-0.020457262132505087,-0.01258497811287108,-0.007872284019634006,False,3.0,0.0,1.0,0.0,0.3333333333333333
300,synonymous,,0.006496960501324662,-0.007415820815841421,0.013912781317166084,False,3.0,0.0,1.0,0.0,0.3333333333333333
300,synonymous,,0.004350805236428289,-0.013292266709090617,0.017643071945518906,False,3.0,0.0,1.0,0.0,0.3333333333333333
300,synonymous,,0.005289011910868061,-0.017661751236162718,0.02295076314703078,False,3.0,0.0,1.0,0.0,0.3333333333333333
301,missense,,0.008505693437827366,-0.02418076560366907,0.03268645904149643,False,3.0,0.0,0.0,0.0,0.0
301,missense,,0.002441643028560445,-0.021432881468198148,0.023874524496758594,False,3.0,0.0,0.0,0.0,0.0
301,missense,,0.0006948568287654711,-0.01258497811287108,0.013279834941636552,False,3.0,0.0,0.0,0.0,0.0
301,missense,,-0.007273401660857294,-0.007415820815841421,0.0001424191549841275,False,3.0,0.0,0.0,0.0,0.0
301,missense,,-0.032389017735509416,-0.013292266709090617,-0.0190967510264188,False,3.0,0.0,0.0,0.0,0.0
301,missense,,0.006707973101142673,-0.017661751236162718,0.02436972433730539,False,3.0,0.0,0.0,0.0,0.0
301,synonymous,,-0.02636163410124747,-0.02418076560366907,-0.002180868497578401,False,5.0,0.0,2.0,0.0,0.4
301,synonymous,,-0.13597724645013173,-0.021432881468198148,-0.11454436498193359,False,5.0,0.0,2.0,0.0,0.4
301,synonymous,,0.012451125394654304,-0.01258497811287108,0.025036103507525387,False,5.0,0.0,2.0,0.0,0.4
301,synonymous,,-0.012039609096522269,-0.007415820815841421,-0.004623788280680848,False,5.0,0.0,2.0,0.0,0.4
301,synonymous,,0.005872851637610901,-0.013292266709090617,0.019165118346701517,False,5.0,0.0,2.0,0.0,0.4
301,synonymous,,-0.05647862646813249,-0.017661751236162718,-0.03881687523196977,False,5.0,0.0,2.0,0.0,0.4
302,missense,,0.0005739316654887582,-0.02418076560366907,0.024754697269157827,False,4.0,0.0,2.0,0.0,0.5
302,missense,,-0.14300480750857103,-0.021432881468198148,-0.12157192604037288,False,4.0,0.0,2.0,0.0,0.5
302,missense,,-0.12703730542132904,-0.01258497811287108,-0.11445232730845796,False,4.0,0.0,2.0,0.0,0.5
302,missense,,-0.0339146078918505,-0.007415820815841421,-0.02649878707600908,False,4.0,0.0,2.0,0.0,0.5
302,missense,,0.0028131840195956682,-0.013292266709090617,0.016105450728686285,False,4.0,0.0,2.0,0.0,0.5
302,missense,,-0.049403300631802184,-0.017661751236162718,-0.031741549395639466,False,4.0,0.0,2.0,0.0,0.5
302,synonymous,,-0.7178006656127419,-0.02418076560366907,-0.6936199000090728,False,1.0,0.0,0.0,0.0,0.0
302,synonymous,,-1.242487567568018,-0.021432881468198148,-1.22105468609982,False,1.0,0.0,0.0,0.0,0.0
302,synonymous,,-0.07114777767598726,-0.01258497811287108,-0.05856279956311618,False,1.0,0.0,0.0,0.0,0.0
302,synonymous,,-0.1507613522038488,-0.007415820815841421,-0.14334553138800737,False,1.0,0.0,0.0,0.0,0.0
302,synonymous,,-0.05731712938742365,-0.013292266709090617,-0.044024862678333034,False,1.0,0.0,0.0,0.0,0.0
302,synonymous,,-0.34371074412463665,-0.017661751236162718,-0.32604899288847394,False,1.0,0.0,0.0,0.0,0.0
303,missense,,0.008092916664115662,-0.02418076560366907,0.03227368226778473,False,4.0,0.0,0.0,0.0,0.0
303,missense,,-0.0037209222778360157,-0.021432881468198148,0.01771195919036213,False,4.0,0.0,0.0,0.0,0.0
303,missense,,-0.013348227719285875,-0.01258497811287108,-0.000763249606414794,False,4.0,0.0,0.0,0.0,0.0
303,missense,,-0.00875587401116071,-0.007415820815841421,-0.0013400531953192884,False,4.0,0.0,0.0,0.0,0.0
303,missense,,-0.07517236993738412,-0.013292266709090617,-0.0618801032282935,False,4.0,0.0,0.0,0.0,0.0
303,missense,,0.011685781408231934,-0.017661751236162718,0.02934753264439465,False,4.0,0.0,0.0,0.0,0.0
303,synonymous,,-6.207550201819986e-05,-0.02418076560366907,0.02411869010165087,False,5.0,3.0,3.0,0.6,0.6
303,synonymous,,0.0005501365704877707,-0.021432881468198148,0.02198301803868592,False,5.0,3.0,3.0,0.6,0.6
303,synonymous,,-0.003290359348455186,-0.01258497811287108,0.009294618764415894,False,5.0,3.0,3.0,0.6,0.6
303,synonymous,,0.012894823412053667,-0.007415820815841421,0.020310644227895087,False,5.0,3.0,3.0,0.6,0.6
303,synonymous,,-0.013811397108008069,-0.013292266709090617,-0.0005191303989174525,False,5.0,3.0,3.0,0.6,0.6
303,synonymous,,-0.011424041881095812,-0.017661751236162718,0.006237709355066906,False,5.0,3.0,3.0,0.6,0.6
304,missense,,-0.37311916582253457,-0.02418076560366907,-0.3489384002188655,False,11.0,0.0,2.0,0.0,0.18181818181818182
304,missense,,-0.29647063435050464,-0.021432881468198148,-0.2750377528823065,False,11.0,0.0,2.0,0.0,0.18181818181818182
304,missense,,-0.39752422044197655,-0.01258497811287108,-0.3849392423291055,False,11.0,0.0,2.0,0.0,0.18181818181818182
304,missense,,-0.3573588061197993,-0.007415820815841421,-0.3499429853039579,False,11.0,0.0,2.0,0.0,0.18181818181818182
304,missense,,-0.4243519191952982,-0.013292266709090617,-0.41105965248620757,False,11.0,0.0,2.0,0.0,0.18181818181818182
304,missense,,-0.13781492242897822,-0.017661751236162718,-0.1201531711928155,False,11.0,0.0,2.0,0.0,0.18181818181818182
304,synonymous,,-0.037623826134385474,-0.02418076560366907,-0.013443060530716405,False,9.0,0.0,2.0,0.0,0.2222222222222222
304,synonymous,,-0.005181466294959204,-0.021432881468198148,0.016251415173238942,False,9.0,0.0,2.0,0.0,0.2222222222222222
304,synonymous,,0.0010778667000391087,-0.01258497811287108,0.01366284481291019,False,9.0,0.0,2.0,0.0,0.2222222222222222
304,synonymous,,-0.013812644925682202,-0.007415820815841421,-0.00639682410984078,False,9.0,0.0,2.0,0.0,0.2222222222222222
304,synonymous,,-0.016710326343343823,-0.013292266709090617,-0.0034180596342532066,False,9.0,0.0,2.0,0.0,0.2222222222222222
304,synonymous,,-0.06350071870911661,-0.017661751236162718,-0.04583896747295389,False,9.0,0.0,2.0,0.0,0.2222222222222222
305,missense,,-0.04706418219243436,-0.02418076560366907,-0.022883416588765294,False,10.0,0.0,6.0,0.0,0.6
305,missense,,-0.011976569503160455,-0.021432881468198148,0.009456311965037692,False,10.0,0.0,6.0,0.0,0.6
305,missense,,0.006501258743746288,-0.01258497811287108,0.019086236856617367,False,10.0,0.0,6.0,0.0,0.6
305,missense,,-0.05695465434506953,-0.007415820815841421,-0.04953883352922811,False,10.0,0.0,6.0,0.0,0.6
305,missense,,-0.38923306647364186,-0.013292266709090617,-0.37594079976455125,False,10.0,0.0,6.0,0.0,0.6
305,missense,,0.0034971824035446982,-0.017661751236162718,0.021158933639707417,False,10.0,0.0,6.0,0.0,0.6
305,synonymous,,-0.03131175157349607,-0.02418076560366907,-0.007130985969826999,False,14.0,1.0,6.0,0.07142857142857142,0.42857142857142855
305,synonymous,,0.019068646267634524,-0.021432881468198148,0.04050152773583267,False,14.0,1.0,6.0,0.07142857142857142,0.42857142857142855
305,synonymous,,-0.036429961620944064,-0.01258497811287108,-0.023844983508072983,False,14.0,1.0,6.0,0.07142857142857142,0.42857142857142855
305,synonymous,,-0.004579471727491906,-0.007415820815841421,0.0028363490883495154,False,14.0,1.0,6.0,0.07142857142857142,0.42857142857142855
305,synonymous,,0.005586888478758652,-0.013292266709090617,0.01887915518784927,False,14.0,1.0,6.0,0.07142857142857142,0.42857142857142855
305,synonymous,,-0.032154128967786376,-0.017661751236162718,-0.014492377731623658,False,14.0,1.0,6.0,0.07142857142857142,0.42857142857142855
306,missense,,-0.04291631633225689,-0.02418076560366907,-0.018735550728587822,False,13.0,3.0,6.0,0.23076923076923078,0.46153846153846156
306,missense,,0.004695420225027921,-0.021432881468198148,0.02612830169322607,False,13.0,3.0,6.0,0.23076923076923078,0.46153846153846156
306,missense,,-0.0012801823630821274,-0.01258497811287108,0.011304795749788953,False,13.0,3.0,6.0,0.23076923076923078,0.46153846153846156
306,missense,,-0.027931758955734257,-0.007415820815841421,-0.020515938139892834,False,13.0,3.0,6.0,0.23076923076923078,0.46153846153846156
306,missense,,-0.1752622322719393,-0.013292266709090617,-0.16196996556284868,False,13.0,3.0,6.0,0.23076923076923078,0.46153846153846156
306,missense,,0.005630681577024601,-0.017661751236162718,0.023292432813187318,False,13.0,3.0,6.0,0.23076923076923078,0.46153846153846156
306,synonymous,,-0.16936646160750796,-0.02418076560366907,-0.14518569600383888,False,10.0,2.0,7.0,0.2,0.7
306,synonymous,,-0.04714751233977049,-0.021432881468198148,-0.025714630871572344,False,10.0,2.0,7.0,0.2,0.7
306,synonymous,,-0.00851195029193627,-0.01258497811287108,0.004073027820934811,False,10.0,2.0,7.0,0.2,0.7
306,synonymous,,-0.12990233882948357,-0.007415820815841421,-0.12248651801364215,False,10.0,2.0,7.0,0.2,0.7
306,synonymous,,-0.0076836926419117674,-0.013292266709090617,0.005608574067178849,False,10.0,2.0,7.0,0.2,0.7
306,synonymous,,-0.10095271429944595,-0.017661751236162718,-0.08329096306328324,False,10.0,2.0,7.0,0.2,0.7
307,missense,,-0.005399024954825916,-0.02418076560366907,0.018781740648843154,False,7.0,0.0,1.0,0.0,0.14285714285714285
307,missense,,0.0052824168697297265,-0.021432881468198148,0.026715298337927875,False,7.0,0.0,1.0,0.0,0.14285714285714285
307,missense,,0.0071005412137221755,-0.01258497811287108,0.019685519326593258,False,7.0,0.0,1.0,0.0,0.14285714285714285
307,missense,,-0.005264573378026084,-0.007415820815841421,0.002151247437815337,False,7.0,0.0,1.0,0.0,0.14285714285714285
307,missense,,-0.05128092108682465,-0.013292266709090617,-0.037988654377734035,False,7.0,0.0,1.0,0.0,0.14285714285714285
307,missense,,0.00015810465876323838,-0.017661751236162718,0.017819855894925955,False,7.0,0.0,1.0,0.0,0.14285714285714285
307,synonymous,,-0.0065623030190804,-0.02418076560366907,0.01761846258458867,False,11.0,1.0,2.0,0.09090909090909091,0.18181818181818182
307,synonymous,,-0.023130198766123877,-0.021432881468198148,-0.0016973172979257295,False,11.0,1.0,2.0,0.09090909090909091,0.18181818181818182
307,synonymous,,-0.0017703690976175373,-0.01258497811287108,0.010814609015253544,False,11.0,1.0,2.0,0.09090909090909091,0.18181818181818182
307,synonymous,,0.002565391446280728,-0.007415820815841421,0.00998121226212215,False,11.0,1.0,2.0,0.09090909090909091,0.18181818181818182
307,synonymous,,-0.006481220455448138,-0.013292266709090617,0.006811046253642479,False,11.0,1.0,2.0,0.09090909090909091,0.18181818181818182
307,synonymous,,0.007169392834460058,-0.017661751236162718,0.024831144070622774,False,11.0,1.0,2.0,0.09090909090909091,0.18181818181818182
308,missense,,-0.0141348082290966,-0.02418076560366907,0.01004595737457247,False,8.0,1.0,4.0,0.125,0.5
308,missense,,0.007952261445353461,-0.021432881468198148,0.02938514291355161,False,8.0,1.0,4.0,0.125,0.5
308,missense,,-0.011117917842853424,-0.01258497811287108,0.0014670602700176567,False,8.0,1.0,4.0,0.125,0.5
308,missense,,-0.005227288180868111,-0.007415820815841421,0.00218853263497331,False,8.0,1.0,4.0,0.125,0.5
308,missense,,-0.059880753576878235,-0.013292266709090617,-0.04658848686778762,False,8.0,1.0,4.0,0.125,0.5
308,missense,,-0.0011854661430906522,-0.017661751236162718,0.016476285093072064,False,8.0,1.0,4.0,0.125,0.5
308,synonymous,,-0.1339397572830969,-0.02418076560366907,-0.10975899167942783,False,7.0,1.0,2.0,0.14285714285714285,0.2857142857142857
308,synonymous,,-0.08910846450010691,-0.021432881468198148,-0.06767558303190876,False,7.0,1.0,2.0,0.14285714285714285,0.2857142857142857
308,synonymous,,-0.047866649545614384,-0.01258497811287108,-0.0352816714327433,False,7.0,1.0,2.0,0.14285714285714285,0.2857142857142857
308,synonymous,,-0.09561773446167936,-0.007415820815841421,-0.08820191364583793,False,7.0,1.0,2.0,0.14285714285714285,0.2857142857142857
308,synonymous,,-0.08386091142314771,-0.013292266709090617,-0.07056864471405709,False,7.0,1.0,2.0,0.14285714285714285,0.2857142857142857
308,synonymous,,0.021728923310717033,-0.017661751236162718,0.03939067454687975,False,7.0,1.0,2.0,0.14285714285714285,0.2857142857142857
309,missense,,-0.024821595528104378,-0.02418076560366907,-0.0006408299244353086,False,10.0,2.0,4.0,0.2,0.4
309,missense,,0.01726543775326602,-0.021432881468198148,0.03869831922146417,False,10.0,2.0,4.0,0.2,0.4
309,missense,,-0.018212512252502415,-0.01258497811287108,-0.005627534139631334,False,10.0,2.0,4.0,0.2,0.4
309,missense,,-0.04345928680867819,-0.007415820815841421,-0.03604346599283677,False,10.0,2.0,4.0,0.2,0.4
309,missense,,-0.2699804834064398,-0.013292266709090617,-0.2566882166973492,False,10.0,2.0,4.0,0.2,0.4
309,missense,,0.017103098667341683,-0.017661751236162718,0.0347648499035044,False,10.0,2.0,4.0,0.2,0.4
309,synonymous,,-0.05821841994679475,-0.02418076560366907,-0.03403765434312568,False,5.0,0.0,1.0,0.0,0.2
309,synonymous,,-0.020151027535818725,-0.021432881468198148,0.0012818539323794231,False,5.0,0.0,1.0,0.0,0.2
309,synonymous,,-0.0027041976642597555,-0.01258497811287108,0.009880780448611326,False,5.0,0.0,1.0,0.0,0.2
309,synonymous,,-0.025286746873205982,-0.007415820815841421,-0.01787092605736456,False,5.0,0.0,1.0,0.0,0.2
309,synonymous,,-0.012374592974299204,-0.013292266709090617,0.0009176737347914125,False,5.0,0.0,1.0,0.0,0.2
309,synonymous,,0.003977364236953916,-0.017661751236162718,0.021639115473116633,False,5.0,0.0,1.0,0.0,0.2
310,missense,,-0.15849959544712444,-0.02418076560366907,-0.13431882984345536,False,5.0,0.0,3.0,0.0,0.6
310,missense,,-0.24748667949947004,-0.021432881468198148,-0.2260537980312719,False,5.0,0.0,3.0,0.0,0.6
310,missense,,-0.0913481052489712,-0.01258497811287108,-0.07876312713610012,False,5.0,0.0,3.0,0.0,0.6
310,missense,,-0.12430590934711956,-0.007415820815841421,-0.11689008853127814,False,5.0,0.0,3.0,0.0,0.6
310,missense,,-0.07842453010105979,-0.013292266709090617,-0.06513226339196918,False,5.0,0.0,3.0,0.0,0.6
310,missense,,-0.13635647713330776,-0.017661751236162718,-0.11869472589714504,False,5.0,0.0,3.0,0.0,0.6
310,synonymous,,-0.02124122804089235,-0.02418076560366907,0.00293953756277672,False,5.0,3.0,5.0,0.6,1.0
310,synonymous,,0.008977127742168852,-0.021432881468198148,0.030410009210367,False,5.0,3.0,5.0,0.6,1.0
310,synonymous,,-0.020639170597615636,-0.01258497811287108,-0.008054192484744555,False,5.0,3.0,5.0,0.6,1.0
310,synonymous,,-0.03451159386785454,-0.007415820815841421,-0.027095773052013116,False,5.0,3.0,5.0,0.6,1.0
310,synonymous,,0.00220331659833996,-0.013292266709090617,0.015495583307430576,False,5.0,3.0,5.0,0.6,1.0
310,synonymous,,-0.001626380785430021,-0.017661751236162718,0.016035370450732698,False,5.0,3.0,5.0,0.6,1.0
311,missense,,-0.0446258004586264,-0.02418076560366907,-0.02044503485495733,False,10.0,4.0,5.0,0.4,0.5
311,missense,,-0.023860966678072647,-0.021432881468198148,-0.0024280852098744997,False,10.0,4.0,5.0,0.4,0.5
311,missense,,0.0023770345642464908,-0.01258497811287108,0.01496201267711757,False,10.0,4.0,5.0,0.4,0.5
311,missense,,-0.036277591761746206,-0.007415820815841421,-0.028861770945904783,False,10.0,4.0,5.0,0.4,0.5
311,missense,,-0.4014102847066561,-0.013292266709090617,-0.38811801799756546,False,10.0,4.0,5.0,0.4,0.5
311,missense,,0.0079209107930179,-0.017661751236162718,0.025582662029180615,False,10.0,4.0,5.0,0.4,0.5
311,synonymous,,-0.04834490008305861,-0.02418076560366907,-0.024164134479389542,False,10.0,0.0,2.0,0.0,0.2
311,synonymous,,-0.06792143204414336,-0.021432881468198148,-0.04648855057594521,False,10.0,0.0,2.0,0.0,0.2
311,synonymous,,-0.04511054227832305,-0.01258497811287108,-0.032525564165451964,False,10.0,0.0,2.0,0.0,0.2
311,synonymous,,-0.004571220308649812,-0.007415820815841421,0.002844600507191609,False,10.0,0.0,2.0,0.0,0.2
311,synonymous,,-0.06496510446005622,-0.013292266709090617,-0.05167283775096561,False,10.0,0.0,2.0,0.0,0.2
311,synonymous,,-0.05174437004285614,-0.017661751236162718,-0.03408261880669342,False,10.0,0.0,2.0,0.0,0.2
312,missense,,-0.012045939619191688,-0.02418076560366907,0.012134825984477382,False,2.0,0.0,0.0,0.0,0.0
312,missense,,-0.007092907216331304,-0.021432881468198148,0.014339974251866843,False,2.0,0.0,0.0,0.0,0.0
312,missense,,0.029569761946128974,-0.01258497811287108,0.04215474005900005,False,2.0,0.0,0.0,0.0,0.0
312,missense,,0.004677313453897375,-0.007415820815841421,0.012093134269738796,False,2.0,0.0,0.0,0.0,0.0
312,missense,,-0.0074881720985688505,-0.013292266709090617,0.005804094610521766,False,2.0,0.0,0.0,0.0,0.0
312,missense,,0.0064062181862332545,-0.017661751236162718,0.024067969422395974,False,2.0,0.0,0.0,0.0,0.0
312,synonymous,,0.011709070899504605,-0.02418076560366907,0.03588983650317368,False,5.0,1.0,3.0,0.2,0.6
312,synonymous,,-0.05389573998761407,-0.021432881468198148,-0.032462858519415924,False,5.0,1.0,3.0,0.2,0.6
312,synonymous,,0.04488430821411356,-0.01258497811287108,0.05746928632698464,False,5.0,1.0,3.0,0.2,0.6
312,synonymous,,0.017549172224809475,-0.007415820815841421,0.024964993040650897,False,5.0,1.0,3.0,0.2,0.6
312,synonymous,,-0.07398563382338097,-0.013292266709090617,-0.06069336711429035,False,5.0,1.0,3.0,0.2,0.6
312,synonymous,,-0.06543599978288404,-0.017661751236162718,-0.047774248546721326,False,5.0,1.0,3.0,0.2,0.6
313,missense,,-0.013012198326564101,-0.02418076560366907,0.011168567277104968,False,5.0,0.0,1.0,0.0,0.2
313,missense,,-0.00985877178124201,-0.021432881468198148,0.011574109686956139,False,5.0,0.0,1.0,0.0,0.2
313,missense,,-0.0011039112233544,-0.01258497811287108,0.01148106688951668,False,5.0,0.0,1.0,0.0,0.2
313,missense,,-0.025429215606452154,-0.007415820815841421,-0.01801339479061073,False,5.0,0.0,1.0,0.0,0.2
313,missense,,0.003039978500873813,-0.013292266709090617,0.01633224520996443,False,5.0,0.0,1.0,0.0,0.2
313,missense,,-0.009310307572133424,-0.017661751236162718,0.008351443664029293,False,5.0,0.0,1.0,0.0,0.2
313,synonymous,,-0.028123424559539516,-0.02418076560366907,-0.003942658955870447,False,10.0,1.0,5.0,0.1,0.5
313,synonymous,,-0.06526764147163096,-0.021432881468198148,-0.04383476000343281,False,10.0,1.0,5.0,0.1,0.5
313,synonymous,,-0.009615587605492262,-0.01258497811287108,0.0029693905073788184,False,10.0,1.0,5.0,0.1,0.5
313,synonymous,,-0.02211218489133629,-0.007415820815841421,-0.014696364075494867,False,10.0,1.0,5.0,0.1,0.5
313,synonymous,,-0.014337847451958636,-0.013292266709090617,-0.0010455807428680196,False,10.0,1.0,5.0,0.1,0.5
313,synonymous,,-0.033393935766817595,-0.017661751236162718,-0.015732184530654877,False,10.0,1.0,5.0,0.1,0.5
314,missense,,-0.06763413761472303,-0.02418076560366907,-0.04345337201105397,False,4.0,1.0,3.0,0.25,0.75
314,missense,,-0.046868153893649275,-0.021432881468198148,-0.025435272425451128,False,4.0,1.0,3.0,0.25,0.75
314,missense,,-0.06564998422759365,-0.01258497811287108,-0.05306500611472256,False,4.0,1.0,3.0,0.25,0.75
314,missense,,-0.04221000992094006,-0.007415820815841421,-0.03479418910509864,False,4.0,1.0,3.0,0.25,0.75
314,missense,,0.003998255770878201,-0.013292266709090617,0.017290522479968817,False,4.0,1.0,3.0,0.25,0.75
314,missense,,-0.02531366338219921,-0.017661751236162718,-0.007651912146036492,False,4.0,1.0,3.0,0.25,0.75
314,synonymous,,-0.06471962068460967,-0.02418076560366907,-0.0405388550809406,False,5.0,1.0,3.0,0.2,0.6
314,synonymous,,-0.09236470046090481,-0.021432881468198148,-0.07093181899270666,False,5.0,1.0,3.0,0.2,0.6
314,synonymous,,0.11950130914638284,-0.01258497811287108,0.13208628725925392,False,5.0,1.0,3.0,0.2,0.6
314,synonymous,,0.026325313151061354,-0.007415820815841421,0.03374113396690277,False,5.0,1.0,3.0,0.2,0.6
314,synonymous,,-0.025609593263848426,-0.013292266709090617,-0.012317326554757809,False,5.0,1.0,3.0,0.2,0.6
314,synonymous,,-0.05856493936740858,-0.017661751236162718,-0.04090318813124586,False,5.0,1.0,3.0,0.2,0.6
315,missense,,-0.005727594971648607,-0.02418076560366907,0.01845317063202046,False,9.0,0.0,1.0,0.0,0.1111111111111111
315,missense,,0.008364122831051148,-0.021432881468198148,0.029797004299249294,False,9.0,0.0,1.0,0.0,0.1111111111111111
315,missense,,-0.0030748152485859936,-0.01258497811287108,0.009510162864285087,False,9.0,0.0,1.0,0.0,0.1111111111111111
315,missense,,0.0028970014528210313,-0.007415820815841421,0.010312822268662453,False,9.0,0.0,1.0,0.0,0.1111111111111111
315,missense,,-0.045002845465197686,-0.013292266709090617,-0.03171057875610707,False,9.0,0.0,1.0,0.0,0.1111111111111111
315,missense,,0.007233472434425254,-0.017661751236162718,0.02489522367058797,False,9.0,0.0,1.0,0.0,0.1111111111111111
315,synonymous,,-0.0100451642806652,-0.02418076560366907,0.01413560132300387,False,13.0,0.0,5.0,0.0,0.38461538461538464
315,synonymous,,-0.03878814264194931,-0.021432881468198148,-0.017355261173751163,False,13.0,0.0,5.0,0.0,0.38461538461538464
315,synonymous,,-0.009844520349793296,-0.01258497811287108,0.002740457763077785,False,13.0,0.0,5.0,0.0,0.38461538461538464
315,synonymous,,-0.009005603871991251,-0.007415820815841421,-0.0015897830561498296,False,13.0,0.0,5.0,0.0,0.38461538461538464
315,synonymous,,-0.013610770910840665,-0.013292266709090617,-0.00031850420175004793,False,13.0,0.0,5.0,0.0,0.38461538461538464
315,synonymous,,0.0008571575406940379,-0.017661751236162718,0.018518908776856757,False,13.0,0.0,5.0,0.0,0.38461538461538464
316,missense,,-0.008386400916817064,-0.02418076560366907,0.015794364686852004,False,4.0,0.0,1.0,0.0,0.25
316,missense,,-0.02493473595445013,-0.021432881468198148,-0.003501854486251982,False,4.0,0.0,1.0,0.0,0.25
316,missense,,0.02856989138404626,-0.01258497811287108,0.04115486949691734,False,4.0,0.0,1.0,0.0,0.25
316,missense,,0.011577848904525824,-0.007415820815841421,0.018993669720367246,False,4.0,0.0,1.0,0.0,0.25
316,missense,,-0.05346342799348021,-0.013292266709090617,-0.04017116128438959,False,4.0,0.0,1.0,0.0,0.25
316,missense,,-0.008495095253934272,-0.017661751236162718,0.009166655982228445,False,4.0,0.0,1.0,0.0,0.25
316,synonymous,,-0.018329773597525578,-0.02418076560366907,0.005850992006143491,False,8.0,1.0,3.0,0.125,0.375
316,synonymous,,-0.014401343450975075,-0.021432881468198148,0.007031538017223072,False,8.0,1.0,3.0,0.125,0.375
316,synonymous,,0.0010276710441735266,-0.01258497811287108,0.013612649157044607,False,8.0,1.0,3.0,0.125,0.375
316,synonymous,,-0.01659094259674591,-0.007415820815841421,-0.009175121780904488,False,8.0,1.0,3.0,0.125,0.375
316,synonymous,,-0.010120973313577131,-0.013292266709090617,0.003171293395513485,False,8.0,1.0,3.0,0.125,0.375
316,synonymous,,-0.010020939402660642,-0.017661751236162718,0.0076408118335020755,False,8.0,1.0,3.0,0.125,0.375
317,missense,,-0.2779991236514529,-0.02418076560366907,-0.25381835804778385,False,1.0,0.0,0.0,0.0,0.0
317,missense,,-0.008403943068071863,-0.021432881468198148,0.013028938400126285,False,1.0,0.0,0.0,0.0,0.0
317,missense,,-0.003241781241603801,-0.01258497811287108,0.009343196871267279,False,1.0,0.0,0.0,0.0,0.0
317,missense,,-0.11653028902023828,-0.007415820815841421,-0.10911446820439685,False,1.0,0.0,0.0,0.0,0.0
317,missense,,-0.3617595981942316,-0.013292266709090617,-0.348467331485141,False,1.0,0.0,0.0,0.0,0.0
317,missense,,0.07320463349267331,-0.017661751236162718,0.09086638472883603,False,1.0,0.0,0.0,0.0,0.0
317,synonymous,,0.01618233855487785,-0.02418076560366907,0.04036310415854692,False,8.0,1.0,2.0,0.125,0.25
317,synonymous,,-0.012238847631006085,-0.021432881468198148,0.009194033837192063,False,8.0,1.0,2.0,0.125,0.25
317,synonymous,,-0.009517769506590182,-0.01258497811287108,0.003067208606280899,False,8.0,1.0,2.0,0.125,0.25
317,synonymous,,0.001129626703254992,-0.007415820815841421,0.008545447519096413,False,8.0,1.0,2.0,0.125,0.25
317,synonymous,,-0.010355780797919913,-0.013292266709090617,0.002936485911170704,False,8.0,1.0,2.0,0.125,0.25
317,synonymous,,-0.00538475851330445,-0.017661751236162718,0.012276992722858267,False,8.0,1.0,2.0,0.125,0.25
318,missense,,0.000509149421715595,-0.02418076560366907,0.024689915025384663,False,3.0,1.0,1.0,0.3333333333333333,0.3333333333333333
318,missense,,0.025840810871776677,-0.021432881468198148,0.047273692339974825,False,3.0,1.0,1.0,0.3333333333333333,0.3333333333333333
318,missense,,-0.012887547327553242,-0.01258497811287108,-0.00030256921468216173,False,3.0,1.0,1.0,0.3333333333333333,0.3333333333333333
318,missense,,0.013186758102493616,-0.007415820815841421,0.020602578918335036,False,3.0,1.0,1.0,0.3333333333333333,0.3333333333333333
318,missense,,0.0037428445108740197,-0.013292266709090617,0.017035111219964635,False,3.0,1.0,1.0,0.3333333333333333,0.3333333333333333
318,missense,,0.004445597834927379,-0.017661751236162718,0.022107349071090097,False,3.0,1.0,1.0,0.3333333333333333,0.3333333333333333
318,synonymous,,-0.022842641612493567,-0.02418076560366907,0.0013381239911755029,False,1.0,1.0,1.0,1.0,1.0
318,synonymous,,-0.09151006168960917,-0.021432881468198148,-0.07007718022141102,False,1.0,1.0,1.0,1.0,1.0
318,synonymous,,-0.03427905045370173,-0.01258497811287108,-0.021694072340830647,False,1.0,1.0,1.0,1.0,1.0
318,synonymous,,-0.06674340199210163,-0.007415820815841421,-0.05932758117626021,False,1.0,1.0,1.0,1.0,1.0
318,synonymous,,0.03838484310257989,-0.013292266709090617,0.05167710981167051,False,1.0,1.0,1.0,1.0,1.0
318,synonymous,,-0.024066827628094086,-0.017661751236162718,-0.0064050763919313684,False,1.0,1.0,1.0,1.0,1.0
319,synonymous,,-0.02525962246388696,-0.02418076560366907,-0.0010788568602178895,False,9.0,0.0,3.0,0.0,0.3333333333333333
319,synonymous,,0.002551654467970462,-0.021432881468198148,0.02398453593616861,False,9.0,0.0,3.0,0.0,0.3333333333333333
319,synonymous,,0.0040778817853226335,-0.01258497811287108,0.016662859898193716,False,9.0,0.0,3.0,0.0,0.3333333333333333
319,synonymous,,0.003918542183876095,-0.007415820815841421,0.011334362999717516,False,9.0,0.0,3.0,0.0,0.3333333333333333
319,synonymous,,0.008079490479619842,-0.013292266709090617,0.02137175718871046,False,9.0,0.0,3.0,0.0,0.3333333333333333
319,synonymous,,-0.011604973188607452,-0.017661751236162718,0.006056778047555266,False,9.0,0.0,3.0,0.0,0.3333333333333333
320,missense,,-0.020570701959549784,-0.02418076560366907,0.003610063644119286,False,7.0,1.0,3.0,0.14285714285714285,0.42857142857142855
320,missense,,-0.017965849508364426,-0.021432881468198148,0.003467031959833722,False,7.0,1.0,3.0,0.14285714285714285,0.42857142857142855
320,missense,,0.006847566635518644,-0.01258497811287108,0.019432544748389725,False,7.0,1.0,3.0,0.14285714285714285,0.42857142857142855
320,missense,,-0.005322482154333084,-0.007415820815841421,0.002093338661508337,False,7.0,1.0,3.0,0.14285714285714285,0.42857142857142855
320,missense,,-0.02800587031344825,-0.013292266709090617,-0.014713603604357632,False,7.0,1.0,3.0,0.14285714285714285,0.42857142857142855
320,missense,,-0.01874976169717047,-0.017661751236162718,-0.0010880104610077532,False,7.0,1.0,3.0,0.14285714285714285,0.42857142857142855
320,synonymous,,-0.02545284880532893,-0.02418076560366907,-0.0012720832016598592,False,27.0,3.0,16.0,0.1111111111111111,0.5925925925925926
320,synonymous,,-0.019635939428261768,-0.021432881468198148,0.0017969420399363799,False,27.0,3.0,16.0,0.1111111111111111,0.5925925925925926
320,synonymous,,-0.0017375294339632163,-0.01258497811287108,0.010847448678907865,False,27.0,3.0,16.0,0.1111111111111111,0.5925925925925926
320,synonymous,,-0.005743923135518747,-0.007415820815841421,0.0016718976803226744,False,27.0,3.0,16.0,0.1111111111111111,0.5925925925925926
320,synonymous,,-0.016139517789882644,-0.013292266709090617,-0.002847251080792028,False,27.0,3.0,16.0,0.1111111111111111,0.5925925925925926
320,synonymous,,-0.01045121262140516,-0.017661751236162718,0.007210538614757558,False,27.0,3.0,16.0,0.1111111111111111,0.5925925925925926
321,missense,,-0.06480533849152537,-0.02418076560366907,-0.0406245728878563,False,4.0,0.0,2.0,0.0,0.5
321,missense,,-0.002213816617284992,-0.021432881468198148,0.019219064850913157,False,4.0,0.0,2.0,0.0,0.5
321,missense,,-0.05156080363371746,-0.01258497811287108,-0.038975825520846386,False,4.0,0.0,2.0,0.0,0.5
321,missense,,-0.01216006318733841,-0.007415820815841421,-0.004744242371496988,False,4.0,0.0,2.0,0.0,0.5
321,missense,,-0.07093708779773654,-0.013292266709090617,-0.05764482108864592,False,4.0,0.0,2.0,0.0,0.5
321,missense,,-0.02163088178726794,-0.017661751236162718,-0.003969130551105222,False,4.0,0.0,2.0,0.0,0.5
321,synonymous,,0.004967926834657726,-0.02418076560366907,0.029148692438326795,False,5.0,1.0,2.0,0.2,0.4
321,synonymous,,0.0008487597596653367,-0.021432881468198148,0.022281641227863483,False,5.0,1.0,2.0,0.2,0.4
321,synonymous,,-0.005561719987065092,-0.01258497811287108,0.007023258125805989,False,5.0,1.0,2.0,0.2,0.4
321,synonymous,,-0.006041956389590898,-0.007415820815841421,0.0013738644262505234,False,5.0,1.0,2.0,0.2,0.4
321,synonymous,,0.0032263187495204307,-0.013292266709090617,0.016518585458611047,False,5.0,1.0,2.0,0.2,0.4
321,synonymous,,-0.02316794035649447,-0.017661751236162718,-0.005506189120331753,False,5.0,1.0,2.0,0.2,0.4
322,missense,,-0.08662800991608312,-0.02418076560366907,-0.06244724431241405,False,15.0,1.0,8.0,0.06666666666666667,0.5333333333333333
322,missense,,-0.02040207594665753,-0.021432881468198148,0.001030805521540619,False,15.0,1.0,8.0,0.06666666666666667,0.5333333333333333
322,missense,,-0.051748016732238854,-0.01258497811287108,-0.039163038619367777,False,15.0,1.0,8.0,0.06666666666666667,0.5333333333333333
322,missense,,-0.011059731338932304,-0.007415820815841421,-0.0036439105230908824,False,15.0,1.0,8.0,0.06666666666666667,0.5333333333333333
322,missense,,-0.10456576671225365,-0.013292266709090617,-0.09127350000316303,False,15.0,1.0,8.0,0.06666666666666667,0.5333333333333333
322,missense,,-0.061853675199976824,-0.017661751236162718,-0.044191923963814106,False,15.0,1.0,8.0,0.06666666666666667,0.5333333333333333
322,synonymous,,0.007605475016894093,-0.02418076560366907,0.031786240620563164,False,2.0,0.0,0.0,0.0,0.0
322,synonymous,,-0.015579512538179926,-0.021432881468198148,0.005853368930018222,False,2.0,0.0,0.0,0.0,0.0
322,synonymous,,-0.017198334160817216,-0.01258497811287108,-0.004613356047946136,False,2.0,0.0,0.0,0.0,0.0
322,synonymous,,0.009840057283779043,-0.007415820815841421,0.017255878099620463,False,2.0,0.0,0.0,0.0,0.0
322,synonymous,,-0.09340751022375642,-0.013292266709090617,-0.0801152435146658,False,2.0,0.0,0.0,0.0,0.0
322,synonymous,,-0.0002256224752878364,-0.017661751236162718,0.017436128760874883,False,2.0,0.0,0.0,0.0,0.0
323,missense,,-0.20508620619603563,-0.02418076560366907,-0.18090544059236655,False,3.0,0.0,1.0,0.0,0.3333333333333333
323,missense,,0.02173774221799564,-0.021432881468198148,0.04317062368619379,False,3.0,0.0,1.0,0.0,0.3333333333333333
323,missense,,0.0357200268313657,-0.01258497811287108,0.048305004944236785,False,3.0,0.0,1.0,0.0,0.3333333333333333
323,missense,,0.05283201397635439,-0.007415820815841421,0.06024783479219581,False,3.0,0.0,1.0,0.0,0.3333333333333333
323,missense,,-0.06831590081290774,-0.013292266709090617,-0.05502363410381712,False,3.0,0.0,1.0,0.0,0.3333333333333333
323,missense,,-0.0630567451164834,-0.017661751236162718,-0.045394993880320686,False,3.0,0.0,1.0,0.0,0.3333333333333333
323,synonymous,,-0.012444818569118584,-0.02418076560366907,0.011735947034550486,False,10.0,1.0,4.0,0.1,0.4
323,synonymous,,-0.011447266158529102,-0.021432881468198148,0.009985615309669045,False,10.0,1.0,4.0,0.1,0.4
323,synonymous,,-0.0008004710828217699,-0.01258497811287108,0.01178450703004931,False,10.0,1.0,4.0,0.1,0.4
323,synonymous,,-0.0009051716844653571,-0.007415820815841421,0.006510649131376064,False,10.0,1.0,4.0,0.1,0.4
323,synonymous,,-0.0034326141299138666,-0.013292266709090617,0.00985965257917675,False,10.0,1.0,4.0,0.1,0.4
323,synonymous,,-0.023505096801205827,-0.017661751236162718,-0.005843345565043109,False,10.0,1.0,4.0,0.1,0.4
324,missense,,-0.03419371165440611,-0.02418076560366907,-0.010012946050737038,False,10.0,1.0,3.0,0.1,0.3
324,missense,,-0.03964238742015446,-0.021432881468198148,-0.018209505951956313,False,10.0,1.0,3.0,0.1,0.3
324,missense,,-0.048771189116370066,-0.01258497811287108,-0.03618621100349899,False,10.0,1.0,3.0,0.1,0.3
324,missense,,0.008946298206636165,-0.007415820815841421,0.016362119022477587,False,10.0,1.0,3.0,0.1,0.3
324,missense,,-0.044480206775175855,-0.013292266709090617,-0.03118794006608524,False,10.0,1.0,3.0,0.1,0.3
324,missense,,-0.01594744123712516,-0.017661751236162718,0.0017143099990375582,False,10.0,1.0,3.0,0.1,0.3
325,missense,,-0.001714377987614035,-0.02418076560366907,0.022466387616055034,False,10.0,1.0,3.0,0.1,0.3
325,missense,,-0.037653468533342546,-0.021432881468198148,-0.0162205870651444,False,10.0,1.0,3.0,0.1,0.3
325,missense,,-0.04317159588499767,-0.01258497811287108,-0.030586617772126592,False,10.0,1.0,3.0,0.1,0.3
325,missense,,0.01369234913665072,-0.007415820815841421,0.02110816995249214,False,10.0,1.0,3.0,0.1,0.3
325,missense,,-0.0018014421115615667,-0.013292266709090617,0.01149082459752905,False,10.0,1.0,3.0,0.1,0.3
325,missense,,-0.016568395021466228,-0.017661751236162718,0.00109335621469649,False,10.0,1.0,3.0,0.1,0.3
325,synonymous,,-0.029140717698643844,-0.02418076560366907,-0.004959952094974775,False,4.0,1.0,1.0,0.25,0.25
325,synonymous,,0.03810411406495339,-0.021432881468198148,0.05953699553315154,False,4.0,1.0,1.0,0.25,0.25
325,synonymous,,0.00516438385573339,-0.01258497811287108,0.017749361968604473,False,4.0,1.0,1.0,0.25,0.25
325,synonymous,,-0.0025085623959959814,-0.007415820815841421,0.00490725841984544,False,4.0,1.0,1.0,0.25,0.25
325,synonymous,,-0.015472297629941187,-0.013292266709090617,-0.0021800309208505706,False,4.0,1.0,1.0,0.25,0.25
325,synonymous,,-0.040143082632541044,-0.017661751236162718,-0.022481331396378326,False,4.0,1.0,1.0,0.25,0.25
326,missense,,-0.030599887607263194,-0.02418076560366907,-0.006419122003594124,False,3.0,1.0,1.0,0.3333333333333333,0.3333333333333333
326,missense,,0.001963823861663478,-0.021432881468198148,0.023396705329861624,False,3.0,1.0,1.0,0.3333333333333333,0.3333333333333333
326,missense,,0.014330607740073793,-0.01258497811287108,0.026915585852944873,False,3.0,1.0,1.0,0.3333333333333333,0.3333333333333333
326,missense,,-0.004824733514298241,-0.007415820815841421,0.0025910873015431808,False,3.0,1.0,1.0,0.3333333333333333,0.3333333333333333
326,missense,,0.02203258382480071,-0.013292266709090617,0.035324850533891325,False,3.0,1.0,1.0,0.3333333333333333,0.3333333333333333
326,missense,,0.020223967454995318,-0.017661751236162718,0.03788571869115803,False,3.0,1.0,1.0,0.3333333333333333,0.3333333333333333
326,synonymous,,-0.14628343441346262,-0.02418076560366907,-0.12210266880979355,False,3.0,0.0,0.0,0.0,0.0
326,synonymous,,-0.044427481849706296,-0.021432881468198148,-0.02299460038150815,False,3.0,0.0,0.0,0.0,0.0
326,synonymous,,-0.033010955697434584,-0.01258497811287108,-0.020425977584563503,False,3.0,0.0,0.0,0.0,0.0
326,synonymous,,-0.008989057689547187,-0.007415820815841421,-0.0015732368737057653,False,3.0,0.0,0.0,0.0,0.0
326,synonymous,,0.007508352167325551,-0.013292266709090617,0.02080061887641617,False,3.0,0.0,0.0,0.0,0.0
326,synonymous,,-0.012583406770342876,-0.017661751236162718,0.005078344465819841,False,3.0,0.0,0.0,0.0,0.0
327,missense,,-0.012745012263759351,-0.02418076560366907,0.011435753339909718,False,2.0,0.0,2.0,0.0,1.0
327,missense,,-0.06568030201429542,-0.021432881468198148,-0.044247420546097274,False,2.0,0.0,2.0,0.0,1.0
327,missense,,-0.08386879086901905,-0.01258497811287108,-0.07128381275614797,False,2.0,0.0,2.0,0.0,1.0
327,missense,,0.0030905188562151266,-0.007415820815841421,0.010506339672056548,False,2.0,0.0,2.0,0.0,1.0
327,missense,,0.001217316159877919,-0.013292266709090617,0.014509582868968536,False,2.0,0.0,2.0,0.0,1.0
327,missense,,0.001483912294892103,-0.017661751236162718,0.019145663531054822,False,2.0,0.0,2.0,0.0,1.0
327,synonymous,,-0.01669096223118199,-0.02418076560366907,0.007489803372487079,False,1.0,0.0,0.0,0.0,0.0
327,synonymous,,-0.0072571873015305115,-0.021432881468198148,0.014175694166667637,False,1.0,0.0,0.0,0.0,0.0
327,synonymous,,0.011805643341228892,-0.01258497811287108,0.024390621454099974,False,1.0,0.0,0.0,0.0,0.0
327,synonymous,,-0.023912992016850924,-0.007415820815841421,-0.016497171201009502,False,1.0,0.0,0.0,0.0,0.0
327,synonymous,,0.008778905566460533,-0.013292266709090617,0.02207117227555115,False,1.0,0.0,0.0,0.0,0.0
327,synonymous,,-0.004096168634427658,-0.017661751236162718,0.01356558260173506,False,1.0,0.0,0.0,0.0,0.0
328,missense,,0.004398578019116194,-0.02418076560366907,0.028579343622785264,False,1.0,0.0,0.0,0.0,0.0
328,missense,,0.015280059621488548,-0.021432881468198148,0.036712941089686695,False,1.0,0.0,0.0,0.0,0.0
328,missense,,0.014316273021929837,-0.01258497811287108,0.026901251134800918,False,1.0,0.0,0.0,0.0,0.0
328,missense,,0.005253673970317355,-0.007415820815841421,0.012669494786158777,False,1.0,0.0,0.0,0.0,0.0
328,missense,,0.021108544459615648,-0.013292266709090617,0.03440081116870626,False,1.0,0.0,0.0,0.0,0.0
328,missense,,0.01664105054015189,-0.017661751236162718,0.034302801776314604,False,1.0,0.0,0.0,0.0,0.0
328,synonymous,,-0.2791375449139008,-0.02418076560366907,-0.25495677931023175,False,2.0,0.0,2.0,0.0,1.0
328,synonymous,,-0.4118961658976795,-0.021432881468198148,-0.39046328442948136,False,2.0,0.0,2.0,0.0,1.0
328,synonymous,,-0.17084623351187084,-0.01258497811287108,-0.15826125539899977,False,2.0,0.0,2.0,0.0,1.0
328,synonymous,,-0.1760222541856072,-0.007415820815841421,-0.1686064333697658,False,2.0,0.0,2.0,0.0,1.0
328,synonymous,,-0.11441323161584215,-0.013292266709090617,-0.10112096490675153,False,2.0,0.0,2.0,0.0,1.0
328,synonymous,,-0.09837998722841752,-0.017661751236162718,-0.0807182359922548,False,2.0,0.0,2.0,0.0,1.0
329,missense,,-0.010185584488315172,-0.02418076560366907,0.013995181115353897,False,2.0,0.0,1.0,0.0,0.5
329,missense,,0.021034974094814595,-0.021432881468198148,0.042467855563012746,False,2.0,0.0,1.0,0.0,0.5
329,missense,,-0.08506601503157088,-0.01258497811287108,-0.0724810369186998,False,2.0,0.0,1.0,0.0,0.5
329,missense,,0.0024335395965532783,-0.007415820815841421,0.0098493604123947,False,2.0,0.0,1.0,0.0,0.5
329,missense,,0.0003425425593588702,-0.013292266709090617,0.013634809268449486,False,2.0,0.0,1.0,0.0,0.5
329,missense,,0.00029043493810661534,-0.017661751236162718,0.017952186174269334,False,2.0,0.0,1.0,0.0,0.5
329,synonymous,,-0.032799395005444855,-0.02418076560366907,-0.008618629401775785,False,7.0,1.0,4.0,0.14285714285714285,0.5714285714285714
329,synonymous,,0.010885010158123981,-0.021432881468198148,0.03231789162632213,False,7.0,1.0,4.0,0.14285714285714285,0.5714285714285714
329,synonymous,,0.018755526073664427,-0.01258497811287108,0.03134050418653551,False,7.0,1.0,4.0,0.14285714285714285,0.5714285714285714
329,synonymous,,0.018741641562257865,-0.007415820815841421,0.026157462378099287,False,7.0,1.0,4.0,0.14285714285714285,0.5714285714285714
329,synonymous,,0.02003443331049914,-0.013292266709090617,0.03332670001958976,False,7.0,1.0,4.0,0.14285714285714285,0.5714285714285714
329,synonymous,,0.004948020856702516,-0.017661751236162718,0.022609772092865233,False,7.0,1.0,4.0,0.14285714285714285,0.5714285714285714
330,missense,,-0.020918453800072345,-0.02418076560366907,0.0032623118035967243,False,2.0,2.0,2.0,1.0,1.0
330,missense,,-0.11029940596977819,-0.021432881468198148,-0.08886652450158004,False,2.0,2.0,2.0,1.0,1.0
330,missense,,-0.07947834097769237,-0.01258497811287108,-0.06689336286482128,False,2.0,2.0,2.0,1.0,1.0
330,missense,,0.12370035664127255,-0.007415820815841421,0.13111617745711396,False,2.0,2.0,2.0,1.0,1.0
330,missense,,0.04829884661041992,-0.013292266709090617,0.06159111331951054,False,2.0,2.0,2.0,1.0,1.0
330,missense,,0.07332486499129738,-0.017661751236162718,0.0909866162274601,False,2.0,2.0,2.0,1.0,1.0
330,synonymous,,0.03948442095470422,-0.02418076560366907,0.06366518655837329,False,2.0,1.0,2.0,0.5,1.0
330,synonymous,,-0.10661496616223784,-0.021432881468198148,-0.08518208469403969,False,2.0,1.0,2.0,0.5,1.0
330,synonymous,,0.01224113173459664,-0.01258497811287108,0.02482610984746772,False,2.0,1.0,2.0,0.5,1.0
330,synonymous,,-0.047646671356141375,-0.007415820815841421,-0.040230850540299956,False,2.0,1.0,2.0,0.5,1.0
330,synonymous,,-0.09776458808624766,-0.013292266709090617,-0.08447232137715704,False,2.0,1.0,2.0,0.5,1.0
330,synonymous,,-0.14828508115337255,-0.017661751236162718,-0.13062332991720982,False,2.0,1.0,2.0,0.5,1.0
331,missense,,-0.00767552992918205,-0.02418076560366907,0.01650523567448702,False,6.0,3.0,3.0,0.5,0.5
331,missense,,-0.010795806215152876,-0.021432881468198148,0.010637075253045272,False,6.0,3.0,3.0,0.5,0.5
331,missense,,0.004812862046408342,-0.01258497811287108,0.01739784015927942,False,6.0,3.0,3.0,0.5,0.5
331,missense,,0.001532819837546314,-0.007415820815841421,0.008948640653387735,False,6.0,3.0,3.0,0.5,0.5
331,missense,,-0.0013790106063359979,-0.013292266709090617,0.011913256102754618,False,6.0,3.0,3.0,0.5,0.5
331,missense,,0.0002673771030898564,-0.017661751236162718,0.017929128339252573,False,6.0,3.0,3.0,0.5,0.5
331,synonymous,,-0.052198202539413346,-0.02418076560366907,-0.028017436935744277,False,5.0,1.0,3.0,0.2,0.6
331,synonymous,,-0.0046870175699333825,-0.021432881468198148,0.016745863898264764,False,5.0,1.0,3.0,0.2,0.6
331,synonymous,,0.0074243113928984614,-0.01258497811287108,0.020009289505769544,False,5.0,1.0,3.0,0.2,0.6
331,synonymous,,-0.0052003740316377955,-0.007415820815841421,0.002215446784203626,False,5.0,1.0,3.0,0.2,0.6
331,synonymous,,-0.13276329198324388,-0.013292266709090617,-0.11947102527415326,False,5.0,1.0,3.0,0.2,0.6
331,synonymous,,-0.017261418096351372,-0.017661751236162718,0.00040033313981134577,False,5.0,1.0,3.0,0.2,0.6
332,missense,,0.003986407326539804,-0.02418076560366907,0.028167172930208872,False,4.0,0.0,1.0,0.0,0.25
332,missense,,-0.0007167118263044698,-0.021432881468198148,0.020716169641893677,False,4.0,0.0,1.0,0.0,0.25
332,missense,,0.04522553711954917,-0.01258497811287108,0.057810515232420256,False,4.0,0.0,1.0,0.0,0.25
332,missense,,-0.003517083254290177,-0.007415820815841421,0.0038987375615512445,False,4.0,0.0,1.0,0.0,0.25
332,missense,,-0.0069987404621188925,-0.013292266709090617,0.006293526246971724,False,4.0,0.0,1.0,0.0,0.25
332,missense,,-0.08730332687842383,-0.017661751236162718,-0.06964157564226112,False,4.0,0.0,1.0,0.0,0.25
332,synonymous,,0.02100467496293497,-0.02418076560366907,0.045185440566604035,False,3.0,1.0,2.0,0.3333333333333333,0.6666666666666666
332,synonymous,,0.0034225126079768177,-0.021432881468198148,0.024855394076174965,False,3.0,1.0,2.0,0.3333333333333333,0.6666666666666666
332,synonymous,,-0.005233318504524506,-0.01258497811287108,0.0073516596083465745,False,3.0,1.0,2.0,0.3333333333333333,0.6666666666666666
332,synonymous,,-0.00726971314358898,-0.007415820815841421,0.00014610767225244157,False,3.0,1.0,2.0,0.3333333333333333,0.6666666666666666
332,synonymous,,-0.020932480601855877,-0.013292266709090617,-0.007640213892765261,False,3.0,1.0,2.0,0.3333333333333333,0.6666666666666666
332,synonymous,,-0.0023312621221026546,-0.017661751236162718,0.015330489114060063,False,3.0,1.0,2.0,0.3333333333333333,0.6666666666666666
333,missense,,-0.059033938642104426,-0.02418076560366907,-0.03485317303843535,False,9.0,2.0,4.0,0.2222222222222222,0.4444444444444444
333,missense,,-0.042458650680771905,-0.021432881468198148,-0.021025769212573757,False,9.0,2.0,4.0,0.2222222222222222,0.4444444444444444
333,missense,,-0.009339025012546163,-0.01258497811287108,0.003245953100324918,False,9.0,2.0,4.0,0.2222222222222222,0.4444444444444444
333,missense,,0.011772365602348674,-0.007415820815841421,0.019188186418190097,False,9.0,2.0,4.0,0.2222222222222222,0.4444444444444444
333,missense,,0.006515047128898627,-0.013292266709090617,0.019807313837989244,False,9.0,2.0,4.0,0.2222222222222222,0.4444444444444444
333,missense,,-0.02335892163647775,-0.017661751236162718,-0.0056971704003150325,False,9.0,2.0,4.0,0.2222222222222222,0.4444444444444444
334,missense,,-0.007451555728502133,-0.02418076560366907,0.016729209875166937,False,3.0,0.0,2.0,0.0,0.6666666666666666
334,missense,,0.00510813179185433,-0.021432881468198148,0.02654101326005248,False,3.0,0.0,2.0,0.0,0.6666666666666666
334,missense,,0.006916298426909036,-0.01258497811287108,0.019501276539780118,False,3.0,0.0,2.0,0.0,0.6666666666666666
334,missense,,-0.007060115563378035,-0.007415820815841421,0.00035570525246338656,False,3.0,0.0,2.0,0.0,0.6666666666666666
334,missense,,-0.0005148720709690415,-0.013292266709090617,0.012777394638121576,False,3.0,0.0,2.0,0.0,0.6666666666666666
334,missense,,-0.0002367051693200157,-0.017661751236162718,0.0174250460668427,False,3.0,0.0,2.0,0.0,0.6666666666666666
334,synonymous,,-0.17481864312323728,-0.02418076560366907,-0.1506378775195682,False,2.0,0.0,2.0,0.0,1.0
334,synonymous,,-0.3650874809105763,-0.021432881468198148,-0.34365459944237814,False,2.0,0.0,2.0,0.0,1.0
334,synonymous,,0.08192875202432734,-0.01258497811287108,0.09451373013719842,False,2.0,0.0,2.0,0.0,1.0
334,synonymous,,0.013022555566680362,-0.007415820815841421,0.020438376382521783,False,2.0,0.0,2.0,0.0,1.0
334,synonymous,,-0.07971765871396438,-0.013292266709090617,-0.06642539200487377,False,2.0,0.0,2.0,0.0,1.0
334,synonymous,,-0.06721320396330867,-0.017661751236162718,-0.04955145272714595,False,2.0,0.0,2.0,0.0,1.0
335,missense,,-0.08167823025532196,-0.02418076560366907,-0.057497464651652896,False,4.0,0.0,2.0,0.0,0.5
335,missense,,-0.011746202146711937,-0.021432881468198148,0.009686679321486211,False,4.0,0.0,2.0,0.0,0.5
335,missense,,-0.003011094252859504,-0.01258497811287108,0.009573883860011578,False,4.0,0.0,2.0,0.0,0.5
335,missense,,-0.0670656389528962,-0.007415820815841421,-0.059649818137054784,False,4.0,0.0,2.0,0.0,0.5
335,missense,,-0.12160664494684185,-0.013292266709090617,-0.10831437823775124,False,4.0,0.0,2.0,0.0,0.5
335,missense,,-0.08547703414227706,-0.017661751236162718,-0.06781528290611434,False,4.0,0.0,2.0,0.0,0.5
335,synonymous,,-0.002605732257426433,-0.02418076560366907,0.021575033346242636,False,3.0,0.0,2.0,0.0,0.6666666666666666
335,synonymous,,0.009843731359799619,-0.021432881468198148,0.03127661282799776,False,3.0,0.0,2.0,0.0,0.6666666666666666
335,synonymous,,0.005237877994834034,-0.01258497811287108,0.017822856107705114,False,3.0,0.0,2.0,0.0,0.6666666666666666
335,synonymous,,0.00028283946468410744,-0.007415820815841421,0.0076986602805255286,False,3.0,0.0,2.0,0.0,0.6666666666666666
335,synonymous,,0.011618487272688115,-0.013292266709090617,0.024910753981778732,False,3.0,0.0,2.0,0.0,0.6666666666666666
335,synonymous,,-0.004086263610371458,-0.017661751236162718,0.01357548762579126,False,3.0,0.0,2.0,0.0,0.6666666666666666
336,missense,,0.01808445422950224,-0.02418076560366907,0.04226521983317131,False,6.0,1.0,3.0,0.16666666666666666,0.5
336,missense,,-0.024577942710967617,-0.021432881468198148,-0.003145061242769469,False,6.0,1.0,3.0,0.16666666666666666,0.5
336,missense,,0.00305602082580418,-0.01258497811287108,0.01564099893867526,False,6.0,1.0,3.0,0.16666666666666666,0.5
336,missense,,-0.017644448452293977,-0.007415820815841421,-0.010228627636452554,False,6.0,1.0,3.0,0.16666666666666666,0.5
336,missense,,0.007344090622622477,-0.013292266709090617,0.020636357331713095,False,6.0,1.0,3.0,0.16666666666666666,0.5
336,missense,,-0.023749048595444525,-0.017661751236162718,-0.006087297359281808,False,6.0,1.0,3.0,0.16666666666666666,0.5
336,synonymous,,-0.05759505488762439,-0.02418076560366907,-0.03341428928395532,False,4.0,0.0,2.0,0.0,0.5
336,synonymous,,-0.12784066039843447,-0.021432881468198148,-0.10640777893023633,False,4.0,0.0,2.0,0.0,0.5
336,synonymous,,-0.04420598381584544,-0.01258497811287108,-0.03162100570297435,False,4.0,0.0,2.0,0.0,0.5
336,synonymous,,0.11590596342678348,-0.007415820815841421,0.12332178424262491,False,4.0,0.0,2.0,0.0,0.5
336,synonymous,,-0.11535069988076624,-0.013292266709090617,-0.10205843317167562,False,4.0,0.0,2.0,0.0,0.5
336,synonymous,,-0.018461081196195293,-0.017661751236162718,-0.0007993299600325757,False,4.0,0.0,2.0,0.0,0.5
337,missense,,-0.0031084165106853787,-0.02418076560366907,0.02107234909298369,False,7.0,2.0,3.0,0.2857142857142857,0.42857142857142855
337,missense,,-0.02542694681472433,-0.021432881468198148,-0.003994065346526181,False,7.0,2.0,3.0,0.2857142857142857,0.42857142857142855
337,missense,,0.04940989822811623,-0.01258497811287108,0.06199487634098731,False,7.0,2.0,3.0,0.2857142857142857,0.42857142857142855
337,missense,,0.0008994043922012774,-0.007415820815841421,0.008315225208042698,False,7.0,2.0,3.0,0.2857142857142857,0.42857142857142855
337,missense,,0.018869189494810354,-0.013292266709090617,0.03216145620390097,False,7.0,2.0,3.0,0.2857142857142857,0.42857142857142855
337,missense,,-0.008160296695320163,-0.017661751236162718,0.009501454540842554,False,7.0,2.0,3.0,0.2857142857142857,0.42857142857142855
337,synonymous,,-0.006708082563271708,-0.02418076560366907,0.017472683040397362,False,2.0,1.0,2.0,0.5,1.0
337,synonymous,,-0.0063351955862929465,-0.021432881468198148,0.015097685881905201,False,2.0,1.0,2.0,0.5,1.0
337,synonymous,,-0.03469700857763235,-0.01258497811287108,-0.022112030464761272,False,2.0,1.0,2.0,0.5,1.0
337,synonymous,,0.00992837829710326,-0.007415820815841421,0.017344199112944683,False,2.0,1.0,2.0,0.5,1.0
337,synonymous,,0.011395290726985731,-0.013292266709090617,0.024687557436076348,False,2.0,1.0,2.0,0.5,1.0
337,synonymous,,-0.0264170865569439,-0.017661751236162718,-0.008755335320781182,False,2.0,1.0,2.0,0.5,1.0
338,missense,,0.02972850782138456,-0.02418076560366907,0.053909273425053625,False,1.0,0.0,0.0,0.0,0.0
338,missense,,-0.013804165906406964,-0.021432881468198148,0.007628715561791184,False,1.0,0.0,0.0,0.0,0.0
338,missense,,0.005219168792357203,-0.01258497811287108,0.017804146905228285,False,1.0,0.0,0.0,0.0,0.0
338,missense,,0.004102662113469247,-0.007415820815841421,0.011518482929310668,False,1.0,0.0,0.0,0.0,0.0
338,missense,,0.001311072821789448,-0.013292266709090617,0.014603339530880066,False,1.0,0.0,0.0,0.0,0.0
338,missense,,-0.0034922356701556656,-0.017661751236162718,0.014169515566007053,False,1.0,0.0,0.0,0.0,0.0
338,synonymous,,-0.012008318782464373,-0.02418076560366907,0.012172446821204696,False,4.0,0.0,0.0,0.0,0.0
338,synonymous,,-0.00253505677703183,-0.021432881468198148,0.01889782469116632,False,4.0,0.0,0.0,0.0,0.0
338,synonymous,,0.0008649717555426083,-0.01258497811287108,0.01344994986841369,False,4.0,0.0,0.0,0.0,0.0
338,synonymous,,-0.0026008685338701452,-0.007415820815841421,0.004814952281971276,False,4.0,0.0,0.0,0.0,0.0
338,synonymous,,-0.005507807995239034,-0.013292266709090617,0.007784458713851582,False,4.0,0.0,0.0,0.0,0.0
338,synonymous,,-0.0027111306875440546,-0.017661751236162718,0.014950620548618662,False,4.0,0.0,0.0,0.0,0.0
339,missense,,-1.8596486486957182,-0.02418076560366907,-1.8354678830920492,True,4.0,3.0,4.0,0.75,1.0
339,missense,,-2.0739771181544993,-0.021432881468198148,-2.052544236686301,True,4.0,3.0,4.0,0.75,1.0
339,missense,,-2.222853182832533,-0.01258497811287108,-2.210268204719662,True,4.0,3.0,4.0,0.75,1.0
339,missense,,-1.9170880814246825,-0.007415820815841421,-1.909672260608841,True,4.0,3.0,4.0,0.75,1.0
339,missense,,-2.413258855356268,-0.013292266709090617,-2.3999665886471773,True,4.0,3.0,4.0,0.75,1.0
339,missense,,-1.9625428750321998,-0.017661751236162718,-1.944881123796037,True,4.0,3.0,4.0,0.75,1.0
339,synonymous,,-0.1587055251709664,-0.02418076560366907,-0.13452475956729731,False,7.0,2.0,4.0,0.2857142857142857,0.5714285714285714
339,synonymous,,-0.1402297551934,-0.021432881468198148,-0.11879687372520185,False,7.0,2.0,4.0,0.2857142857142857,0.5714285714285714
339,synonymous,,0.01668046703107829,-0.01258497811287108,0.02926544514394937,False,7.0,2.0,4.0,0.2857142857142857,0.5714285714285714
339,synonymous,,-0.06257262480012285,-0.007415820815841421,-0.05515680398428143,False,7.0,2.0,4.0,0.2857142857142857,0.5714285714285714
339,synonymous,,-0.006346447332413326,-0.013292266709090617,0.006945819376677291,False,7.0,2.0,4.0,0.2857142857142857,0.5714285714285714
339,synonymous,,-0.10002734793998827,-0.017661751236162718,-0.08236559670382555,False,7.0,2.0,4.0,0.2857142857142857,0.5714285714285714
340,missense,,-1.8854438298556833,-0.02418076560366907,-1.8612630642520143,True,8.0,8.0,8.0,1.0,1.0
340,missense,,-1.5044454458686967,-0.021432881468198148,-1.4830125644004986,True,8.0,8.0,8.0,1.0,1.0
340,missense,,-1.5761033531948252,-0.01258497811287108,-1.5635183750819541,True,8.0,8.0,8.0,1.0,1.0
340,missense,,-1.7080278897158436,-0.007415820815841421,-1.7006120689000022,True,8.0,8.0,8.0,1.0,1.0
340,missense,,-1.7920979321894375,-0.013292266709090617,-1.7788056654803468,True,8.0,8.0,8.0,1.0,1.0
340,missense,,-0.5442286683119452,-0.017661751236162718,-0.5265669170757824,True,8.0,8.0,8.0,1.0,1.0
340,synonymous,,-0.07794035581041753,-0.02418076560366907,-0.05375959020674846,False,5.0,1.0,1.0,0.2,0.2
340,synonymous,,-0.10436825085120562,-0.021432881468198148,-0.08293536938300747,False,5.0,1.0,1.0,0.2,0.2
340,synonymous,,0.03857627506946997,-0.01258497811287108,0.05116125318234105,False,5.0,1.0,1.0,0.2,0.2
340,synonymous,,-0.018330604095569865,-0.007415820815841421,-0.010914783279728443,False,5.0,1.0,1.0,0.2,0.2
340,synonymous,,-0.007560880488318253,-0.013292266709090617,0.005731386220772364,False,5.0,1.0,1.0,0.2,0.2
340,synonymous,,-0.016684639449328204,-0.017661751236162718,0.0009771117868345135,False,5.0,1.0,1.0,0.2,0.2
341,missense,,-0.1905639186246163,-0.02418076560366907,-0.16638315302094722,False,12.0,1.0,4.0,0.08333333333333333,0.3333333333333333
341,missense,,-0.10724539144094637,-0.021432881468198148,-0.08581250997274822,False,12.0,1.0,4.0,0.08333333333333333,0.3333333333333333
341,missense,,-0.1450321243302898,-0.01258497811287108,-0.13244714621741874,False,12.0,1.0,4.0,0.08333333333333333,0.3333333333333333
341,missense,,-0.13890919886897093,-0.007415820815841421,-0.13149337805312952,False,12.0,1.0,4.0,0.08333333333333333,0.3333333333333333
341,missense,,-0.12597571272797053,-0.013292266709090617,-0.11268344601887992,False,12.0,1.0,4.0,0.08333333333333333,0.3333333333333333
341,missense,,-0.12143895660934884,-0.017661751236162718,-0.10377720537318612,False,12.0,1.0,4.0,0.08333333333333333,0.3333333333333333
341,synonymous,,-0.001776844691253581,-0.02418076560366907,0.022403920912415488,False,21.0,1.0,9.0,0.047619047619047616,0.42857142857142855
341,synonymous,,-0.013058288863127116,-0.021432881468198148,0.008374592605071032,False,21.0,1.0,9.0,0.047619047619047616,0.42857142857142855
341,synonymous,,-0.004522389151054784,-0.01258497811287108,0.008062588961816296,False,21.0,1.0,9.0,0.047619047619047616,0.42857142857142855
341,synonymous,,-0.0028646898370281865,-0.007415820815841421,0.004551130978813235,False,21.0,1.0,9.0,0.047619047619047616,0.42857142857142855
341,synonymous,,-0.015198713370513916,-0.013292266709090617,-0.001906446661423299,False,21.0,1.0,9.0,0.047619047619047616,0.42857142857142855
341,synonymous,,-0.005313716138404639,-0.017661751236162718,0.01234803509775808,False,21.0,1.0,9.0,0.047619047619047616,0.42857142857142855
342,missense,,-1.639734341428259,-0.02418076560366907,-1.61555357582459,True,7.0,5.0,7.0,0.7142857142857143,1.0
342,missense,,-1.1632175489603047,-0.021432881468198148,-1.1417846674921066,True,7.0,5.0,7.0,0.7142857142857143,1.0
342,missense,,-1.5952164275894136,-0.01258497811287108,-1.5826314494765426,True,7.0,5.0,7.0,0.7142857142857143,1.0
342,missense,,-1.7541362697265743,-0.007415820815841421,-1.7467204489107329,True,7.0,5.0,7.0,0.7142857142857143,1.0
342,missense,,-1.6272202130187747,-0.013292266709090617,-1.613927946309684,True,7.0,5.0,7.0,0.7142857142857143,1.0
342,missense,,-1.314201092843064,-0.017661751236162718,-1.2965393416069013,True,7.0,5.0,7.0,0.7142857142857143,1.0
343,missense,,-0.02464054180647555,-0.02418076560366907,-0.00045977620280648196,False,10.0,0.0,3.0,0.0,0.3
343,missense,,-0.002348209163649825,-0.021432881468198148,0.01908467230454832,False,10.0,0.0,3.0,0.0,0.3
343,missense,,-0.007019170392266663,-0.01258497811287108,0.005565807720604418,False,10.0,0.0,3.0,0.0,0.3
343,missense,,-0.017034479711584685,-0.007415820815841421,-0.009618658895743263,False,10.0,0.0,3.0,0.0,0.3
343,missense,,0.025411083926980473,-0.013292266709090617,0.03870335063607109,False,10.0,0.0,3.0,0.0,0.3
343,missense,,-0.050296019861619565,-0.017661751236162718,-0.03263426862545685,False,10.0,0.0,3.0,0.0,0.3
343,synonymous,,0.0030840565044021567,-0.02418076560366907,0.027264822108071227,False,9.0,1.0,4.0,0.1111111111111111,0.4444444444444444
343,synonymous,,-0.02409499281599707,-0.021432881468198148,-0.0026621113477989233,False,9.0,1.0,4.0,0.1111111111111111,0.4444444444444444
343,synonymous,,0.0005793620182985566,-0.01258497811287108,0.013164340131169638,False,9.0,1.0,4.0,0.1111111111111111,0.4444444444444444
343,synonymous,,-0.013875887883401846,-0.007415820815841421,-0.006460067067560425,False,9.0,1.0,4.0,0.1111111111111111,0.4444444444444444
343,synonymous,,-0.0036960134561088488,-0.013292266709090617,0.009596253252981768,False,9.0,1.0,4.0,0.1111111111111111,0.4444444444444444
343,synonymous,,-0.017868519540205307,-0.017661751236162718,-0.00020676830404258925,False,9.0,1.0,4.0,0.1111111111111111,0.4444444444444444
344,missense,,-0.35669359658643807,-0.02418076560366907,-0.332512830982769,False,7.0,2.0,7.0,0.2857142857142857,1.0
344,missense,,-0.057664173728497754,-0.021432881468198148,-0.03623129226029961,False,7.0,2.0,7.0,0.2857142857142857,1.0
344,missense,,-0.16125098352503514,-0.01258497811287108,-0.14866600541216407,False,7.0,2.0,7.0,0.2857142857142857,1.0
344,missense,,-0.13776779521561935,-0.007415820815841421,-0.13035197439977794,False,7.0,2.0,7.0,0.2857142857142857,1.0
344,missense,,-0.4037755244358771,-0.013292266709090617,-0.3904832577267865,False,7.0,2.0,7.0,0.2857142857142857,1.0
344,missense,,-0.07761576671566099,-0.017661751236162718,-0.059954015479498274,False,7.0,2.0,7.0,0.2857142857142857,1.0
344,synonymous,,-0.17594806554986359,-0.02418076560366907,-0.1517672999461945,False,3.0,1.0,2.0,0.3333333333333333,0.6666666666666666
344,synonymous,,0.00459942838307286,-0.021432881468198148,0.02603230985127101,False,3.0,1.0,2.0,0.3333333333333333,0.6666666666666666
344,synonymous,,0.03343234465430382,-0.01258497811287108,0.046017322767174906,False,3.0,1.0,2.0,0.3333333333333333,0.6666666666666666
344,synonymous,,0.004387753916130124,-0.007415820815841421,0.011803574731971547,False,3.0,1.0,2.0,0.3333333333333333,0.6666666666666666
344,synonymous,,-0.0037656902080126955,-0.013292266709090617,0.00952657650107792,False,3.0,1.0,2.0,0.3333333333333333,0.6666666666666666
344,synonymous,,-0.007658999016295732,-0.017661751236162718,0.010002752219866986,False,3.0,1.0,2.0,0.3333333333333333,0.6666666666666666
345,missense,,0.011070156531142395,-0.02418076560366907,0.035250922134811465,False,6.0,2.0,4.0,0.3333333333333333,0.6666666666666666
345,missense,,-0.13023195387830705,-0.021432881468198148,-0.1087990724101089,False,6.0,2.0,4.0,0.3333333333333333,0.6666666666666666
345,missense,,-0.0358953268327429,-0.01258497811287108,-0.02331034871987182,False,6.0,2.0,4.0,0.3333333333333333,0.6666666666666666
345,missense,,-0.031238382815937018,-0.007415820815841421,-0.023822562000095596,False,6.0,2.0,4.0,0.3333333333333333,0.6666666666666666
345,missense,,-0.07803436903486147,-0.013292266709090617,-0.06474210232577085,False,6.0,2.0,4.0,0.3333333333333333,0.6666666666666666
345,missense,,-0.20619948280041053,-0.017661751236162718,-0.1885377315642478,False,6.0,2.0,4.0,0.3333333333333333,0.6666666666666666
345,synonymous,,-0.1287444358208155,-0.02418076560366907,-0.10456367021714642,False,25.0,3.0,12.0,0.12,0.48
345,synonymous,,-0.1638160391492398,-0.021432881468198148,-0.14238315768104165,False,25.0,3.0,12.0,0.12,0.48
345,synonymous,,-0.09057343850509908,-0.01258497811287108,-0.077988460392228,False,25.0,3.0,12.0,0.12,0.48
345,synonymous,,-0.120904950141441,-0.007415820815841421,-0.11348912932559957,False,25.0,3.0,12.0,0.12,0.48
345,synonymous,,-0.11738337790232772,-0.013292266709090617,-0.1040911111932371,False,25.0,3.0,12.0,0.12,0.48
345,synonymous,,-0.1583160283508527,-0.017661751236162718,-0.14065427711468997,False,25.0,3.0,12.0,0.12,0.48
346,missense,,0.017494814549846197,-0.02418076560366907,0.04167558015351527,False,5.0,1.0,1.0,0.2,0.2
346,missense,,-0.021366031263937452,-0.021432881468198148,6.68502042606954e-05,False,5.0,1.0,1.0,0.2,0.2
346,missense,,0.012241615792411824,-0.01258497811287108,0.024826593905282905,False,5.0,1.0,1.0,0.2,0.2
346,missense,,-0.011410286416057226,-0.007415820815841421,-0.003994465600215804,False,5.0,1.0,1.0,0.2,0.2
346,missense,,0.025767529228328506,-0.013292266709090617,0.03905979593741912,False,5.0,1.0,1.0,0.2,0.2
346,missense,,-0.015340389268348374,-0.017661751236162718,0.0023213619678143435,False,5.0,1.0,1.0,0.2,0.2
346,synonymous,,-0.10755249236587677,-0.02418076560366907,-0.0833717267622077,False,5.0,1.0,5.0,0.2,1.0
346,synonymous,,-0.253179138766456,-0.021432881468198148,-0.23174625729825782,False,5.0,1.0,5.0,0.2,1.0
346,synonymous,,0.006797495202602642,-0.01258497811287108,0.01938247331547372,False,5.0,1.0,5.0,0.2,1.0
346,synonymous,,-0.07533976228899339,-0.007415820815841421,-0.06792394147315196,False,5.0,1.0,5.0,0.2,1.0
346,synonymous,,-0.2199813513324892,-0.013292266709090617,-0.20668908462339858,False,5.0,1.0,5.0,0.2,1.0
346,synonymous,,-0.1036087376295788,-0.017661751236162718,-0.08594698639341608,False,5.0,1.0,5.0,0.2,1.0
347,missense,,-0.021571871746765527,-0.02418076560366907,0.002608893856903542,False,16.0,1.0,5.0,0.0625,0.3125
347,missense,,-0.10675427001650262,-0.021432881468198148,-0.08532138854830447,False,16.0,1.0,5.0,0.0625,0.3125
347,missense,,-0.00997297850287549,-0.01258497811287108,0.0026119996099955908,False,16.0,1.0,5.0,0.0625,0.3125
347,missense,,0.017952938348810826,-0.007415820815841421,0.025368759164652248,False,16.0,1.0,5.0,0.0625,0.3125
347,missense,,-0.024421744406441924,-0.013292266709090617,-0.011129477697351307,False,16.0,1.0,5.0,0.0625,0.3125
347,missense,,-0.024608283823844546,-0.017661751236162718,-0.006946532587681829,False,16.0,1.0,5.0,0.0625,0.3125
347,synonymous,,-0.02322156156577567,-0.02418076560366907,0.0009592040378933984,False,12.0,0.0,2.0,0.0,0.16666666666666666
347,synonymous,,-0.0016706202463742175,-0.021432881468198148,0.01976226122182393,False,12.0,0.0,2.0,0.0,0.16666666666666666
347,synonymous,,-0.012898707878209226,-0.01258497811287108,-0.00031372976533814573,False,12.0,0.0,2.0,0.0,0.16666666666666666
347,synonymous,,0.008477086848938649,-0.007415820815841421,0.01589290766478007,False,12.0,0.0,2.0,0.0,0.16666666666666666
347,synonymous,,-0.007017409040314724,-0.013292266709090617,0.006274857668775892,False,12.0,0.0,2.0,0.0,0.16666666666666666
347,synonymous,,-0.01606448347849299,-0.017661751236162718,0.0015972677576697285,False,12.0,0.0,2.0,0.0,0.16666666666666666
348,missense,,-0.006649700065518499,-0.02418076560366907,0.01753106553815057,False,15.0,0.0,3.0,0.0,0.2
348,missense,,-0.006674576654074436,-0.021432881468198148,0.014758304814123713,False,15.0,0.0,3.0,0.0,0.2
348,missense,,-0.016557388031641456,-0.01258497811287108,-0.003972409918770375,False,15.0,0.0,3.0,0.0,0.2
348,missense,,-0.00942681068996496,-0.007415820815841421,-0.002010989874123538,False,15.0,0.0,3.0,0.0,0.2
348,missense,,0.023266635982425732,-0.013292266709090617,0.03655890269151635,False,15.0,0.0,3.0,0.0,0.2
348,missense,,0.0011205067988903615,-0.017661751236162718,0.018782258035053078,False,15.0,0.0,3.0,0.0,0.2
348,synonymous,,-0.02373945018562769,-0.02418076560366907,0.00044131541804138044,False,10.0,1.0,3.0,0.1,0.3
348,synonymous,,-0.0031605496116240573,-0.021432881468198148,0.018272331856574092,False,10.0,1.0,3.0,0.1,0.3
348,synonymous,,-0.01747537732805904,-0.01258497811287108,-0.004890399215187958,False,10.0,1.0,3.0,0.1,0.3
348,synonymous,,-0.013343214399468884,-0.007415820815841421,-0.005927393583627463,False,10.0,1.0,3.0,0.1,0.3
348,synonymous,,-0.017211635416256275,-0.013292266709090617,-0.003919368707165659,False,10.0,1.0,3.0,0.1,0.3
348,synonymous,,-0.007069274606114516,-0.017661751236162718,0.010592476630048201,False,10.0,1.0,3.0,0.1,0.3
349,missense,,-0.009623191524235141,-0.02418076560366907,0.014557574079433928,False,10.0,0.0,5.0,0.0,0.5
349,missense,,0.0005321992187377008,-0.021432881468198148,0.02196508068693585,False,10.0,0.0,5.0,0.0,0.5
349,missense,,0.02449124602318285,-0.01258497811287108,0.03707622413605393,False,10.0,0.0,5.0,0.0,0.5
349,missense,,0.006713115480665125,-0.007415820815841421,0.014128936296506547,False,10.0,0.0,5.0,0.0,0.5
349,missense,,-0.0030180675032678963,-0.013292266709090617,0.010274199205822721,False,10.0,0.0,5.0,0.0,0.5
349,missense,,-0.007298538587901272,-0.017661751236162718,0.010363212648261445,False,10.0,0.0,5.0,0.0,0.5
349,synonymous,,-0.06492342730846873,-0.02418076560366907,-0.04074266170479966,False,18.0,4.0,9.0,0.2222222222222222,0.5
349,synonymous,,-0.020680847533672057,-0.021432881468198148,0.0007520339345260911,False,18.0,4.0,9.0,0.2222222222222222,0.5
349,synonymous,,-0.06379555002221914,-0.01258497811287108,-0.05121057190934805,False,18.0,4.0,9.0,0.2222222222222222,0.5
349,synonymous,,-0.013204088086742134,-0.007415820815841421,-0.005788267270900712,False,18.0,4.0,9.0,0.2222222222222222,0.5
349,synonymous,,-0.030217539088161622,-0.013292266709090617,-0.016925272379071005,False,18.0,4.0,9.0,0.2222222222222222,0.5
349,synonymous,,-0.02801214117737516,-0.017661751236162718,-0.010350389941212443,False,18.0,4.0,9.0,0.2222222222222222,0.5
350,missense,,-0.023261922200886707,-0.02418076560366907,0.0009188434027823621,False,15.0,1.0,5.0,0.06666666666666667,0.3333333333333333
350,missense,,0.005907238362542964,-0.021432881468198148,0.02734011983074111,False,15.0,1.0,5.0,0.06666666666666667,0.3333333333333333
350,missense,,0.0027302551498811583,-0.01258497811287108,0.01531523326275224,False,15.0,1.0,5.0,0.06666666666666667,0.3333333333333333
350,missense,,-0.004520781199411009,-0.007415820815841421,0.002895039616430412,False,15.0,1.0,5.0,0.06666666666666667,0.3333333333333333
350,missense,,-0.0010782693313169526,-0.013292266709090617,0.012213997377773664,False,15.0,1.0,5.0,0.06666666666666667,0.3333333333333333
350,missense,,-0.031762123528270916,-0.017661751236162718,-0.014100372292108199,False,15.0,1.0,5.0,0.06666666666666667,0.3333333333333333
350,synonymous,,-0.07624453839483278,-0.02418076560366907,-0.05206377279116371,False,12.0,3.0,5.0,0.25,0.4166666666666667
350,synonymous,,-0.05652238322135444,-0.021432881468198148,-0.03508950175315629,False,12.0,3.0,5.0,0.25,0.4166666666666667
350,synonymous,,-0.0736259407547271,-0.01258497811287108,-0.06104096264185602,False,12.0,3.0,5.0,0.25,0.4166666666666667
350,synonymous,,-0.03400976470326976,-0.007415820815841421,-0.026593943887428338,False,12.0,3.0,5.0,0.25,0.4166666666666667
350,synonymous,,-0.07297811622166755,-0.013292266709090617,-0.05968584951257694,False,12.0,3.0,5.0,0.25,0.4166666666666667
350,synonymous,,-0.06474537435390873,-0.017661751236162718,-0.04708362311774601,False,12.0,3.0,5.0,0.25,0.4166666666666667
351,missense,,-0.03223226488569915,-0.02418076560366907,-0.00805149928203008,False,14.0,2.0,5.0,0.14285714285714285,0.35714285714285715
351,missense,,0.02613504093074637,-0.021432881468198148,0.047567922398944515,False,14.0,2.0,5.0,0.14285714285714285,0.35714285714285715
351,missense,,0.02295952379553471,-0.01258497811287108,0.03554450190840579,False,14.0,2.0,5.0,0.14285714285714285,0.35714285714285715
351,missense,,-0.02511776727367034,-0.007415820815841421,-0.017701946457828917,False,14.0,2.0,5.0,0.14285714285714285,0.35714285714285715
351,missense,,0.027829223753069114,-0.013292266709090617,0.04112149046215973,False,14.0,2.0,5.0,0.14285714285714285,0.35714285714285715
351,missense,,-0.040824375061149,-0.017661751236162718,-0.02316262382498628,False,14.0,2.0,5.0,0.14285714285714285,0.35714285714285715
351,synonymous,,-0.041987190982485725,-0.02418076560366907,-0.017806425378816656,False,5.0,0.0,2.0,0.0,0.4
351,synonymous,,-0.01015727994055116,-0.021432881468198148,0.011275601527646988,False,5.0,0.0,2.0,0.0,0.4
351,synonymous,,0.00797716744295615,-0.01258497811287108,0.02056214555582723,False,5.0,0.0,2.0,0.0,0.4
351,synonymous,,-4.359250637558852e-05,-0.007415820815841421,0.007372228309465833,False,5.0,0.0,2.0,0.0,0.4
351,synonymous,,0.0029829647493247874,-0.013292266709090617,0.016275231458415404,False,5.0,0.0,2.0,0.0,0.4
351,synonymous,,-0.02410991184443291,-0.017661751236162718,-0.0064481606082701926,False,5.0,0.0,2.0,0.0,0.4
352,missense,,-0.014011613664040684,-0.02418076560366907,0.010169151939628385,False,6.0,1.0,2.0,0.16666666666666666,0.3333333333333333
352,missense,,-0.022635948186071123,-0.021432881468198148,-0.0012030667178729755,False,6.0,1.0,2.0,0.16666666666666666,0.3333333333333333
352,missense,,-0.044680606588583666,-0.01258497811287108,-0.03209562847571258,False,6.0,1.0,2.0,0.16666666666666666,0.3333333333333333
352,missense,,-0.07057987284314635,-0.007415820815841421,-0.06316405202730492,False,6.0,1.0,2.0,0.16666666666666666,0.3333333333333333
352,missense,,-0.24311441396363248,-0.013292266709090617,-0.22982214725454186,False,6.0,1.0,2.0,0.16666666666666666,0.3333333333333333
352,missense,,0.010274730697696768,-0.017661751236162718,0.027936481933859485,False,6.0,1.0,2.0,0.16666666666666666,0.3333333333333333
352,synonymous,,-0.020290489078994747,-0.02418076560366907,0.003890276524674323,False,10.0,2.0,5.0,0.2,0.5
352,synonymous,,-0.039942824422493126,-0.021432881468198148,-0.018509942954294978,False,10.0,2.0,5.0,0.2,0.5
352,synonymous,,-0.008819368572130207,-0.01258497811287108,0.0037656095407408736,False,10.0,2.0,5.0,0.2,0.5
352,synonymous,,-0.07598512391923978,-0.007415820815841421,-0.06856930310339836,False,10.0,2.0,5.0,0.2,0.5
352,synonymous,,-0.009545096658449636,-0.013292266709090617,0.0037471700506409803,False,10.0,2.0,5.0,0.2,0.5
352,synonymous,,-0.015106226781671162,-0.017661751236162718,0.0025555244544915555,False,10.0,2.0,5.0,0.2,0.5
353,missense,,-0.018975948840646427,-0.02418076560366907,0.005204816763022643,False,5.0,0.0,3.0,0.0,0.6
353,missense,,0.023627880522137615,-0.021432881468198148,0.04506076199033576,False,5.0,0.0,3.0,0.0,0.6
353,missense,,0.007883349537236118,-0.01258497811287108,0.0204683276501072,False,5.0,0.0,3.0,0.0,0.6
353,missense,,-0.013616788209848353,-0.007415820815841421,-0.006200967394006932,False,5.0,0.0,3.0,0.0,0.6
353,missense,,-0.05400199024965951,-0.013292266709090617,-0.04070972354056889,False,5.0,0.0,3.0,0.0,0.6
353,missense,,-0.003995489234483193,-0.017661751236162718,0.013666262001679525,False,5.0,0.0,3.0,0.0,0.6
353,synonymous,,-0.10872307414311924,-0.02418076560366907,-0.08454230853945018,False,3.0,0.0,2.0,0.0,0.6666666666666666
353,synonymous,,0.010347894576206723,-0.021432881468198148,0.03178077604440487,False,3.0,0.0,2.0,0.0,0.6666666666666666
353,synonymous,,0.049130152550593116,-0.01258497811287108,0.06171513066346419,False,3.0,0.0,2.0,0.0,0.6666666666666666
353,synonymous,,-0.010816817309699115,-0.007415820815841421,-0.0034009964938576933,False,3.0,0.0,2.0,0.0,0.6666666666666666
353,synonymous,,-0.019099045838312425,-0.013292266709090617,-0.005806779129221808,False,3.0,0.0,2.0,0.0,0.6666666666666666
353,synonymous,,-0.1541864612599887,-0.017661751236162718,-0.136524710023826,False,3.0,0.0,2.0,0.0,0.6666666666666666
354,missense,,-0.38081568747799094,-0.02418076560366907,-0.3566349218743219,False,2.0,0.0,0.0,0.0,0.0
354,missense,,-0.21547265177103828,-0.021432881468198148,-0.19403977030284014,False,2.0,0.0,0.0,0.0,0.0
354,missense,,-0.27430974635013083,-0.01258497811287108,-0.26172476823725976,False,2.0,0.0,0.0,0.0,0.0
354,missense,,-0.025721994061225766,-0.007415820815841421,-0.018306173245384343,False,2.0,0.0,0.0,0.0,0.0
354,missense,,-0.03189865657643474,-0.013292266709090617,-0.01860638986734412,False,2.0,0.0,0.0,0.0,0.0
354,missense,,-0.13868260195286722,-0.017661751236162718,-0.1210208507167045,False,2.0,0.0,0.0,0.0,0.0
354,synonymous,,-0.021330057311548713,-0.02418076560366907,0.002850708292120356,False,6.0,0.0,3.0,0.0,0.5
354,synonymous,,-0.03386038425862555,-0.021432881468198148,-0.012427502790427404,False,6.0,0.0,3.0,0.0,0.5
354,synonymous,,0.003622567236503717,-0.01258497811287108,0.016207545349374797,False,6.0,0.0,3.0,0.0,0.5
354,synonymous,,-0.0013802049241485737,-0.007415820815841421,0.006035615891692847,False,6.0,0.0,3.0,0.0,0.5
354,synonymous,,-0.013796504088657931,-0.013292266709090617,-0.0005042373795673145,False,6.0,0.0,3.0,0.0,0.5
354,synonymous,,-0.02123522477857286,-0.017661751236162718,-0.0035734735424101417,False,6.0,0.0,3.0,0.0,0.5
355,missense,,-0.13185889957061425,-0.02418076560366907,-0.10767813396694519,False,3.0,0.0,1.0,0.0,0.3333333333333333
355,missense,,0.03649828395048502,-0.021432881468198148,0.05793116541868317,False,3.0,0.0,1.0,0.0,0.3333333333333333
355,missense,,0.05402559889098131,-0.01258497811287108,0.0666105770038524,False,3.0,0.0,1.0,0.0,0.3333333333333333
355,missense,,-0.02172126034838813,-0.007415820815841421,-0.014305439532546708,False,3.0,0.0,1.0,0.0,0.3333333333333333
355,missense,,-0.009846560747390412,-0.013292266709090617,0.003445705961700204,False,3.0,0.0,1.0,0.0,0.3333333333333333
355,missense,,-0.0006769232049019881,-0.017661751236162718,0.01698482803126073,False,3.0,0.0,1.0,0.0,0.3333333333333333
355,synonymous,,-0.012473678248573964,-0.02418076560366907,0.011707087355095106,False,3.0,0.0,1.0,0.0,0.3333333333333333
355,synonymous,,-0.02390067642836047,-0.021432881468198148,-0.0024677949601623235,False,3.0,0.0,1.0,0.0,0.3333333333333333
355,synonymous,,0.006919498747807089,-0.01258497811287108,0.01950447686067817,False,3.0,0.0,1.0,0.0,0.3333333333333333
355,synonymous,,0.014889903553100658,-0.007415820815841421,0.02230572436894208,False,3.0,0.0,1.0,0.0,0.3333333333333333
355,synonymous,,0.010009462420551583,-0.013292266709090617,0.0233017291296422,False,3.0,0.0,1.0,0.0,0.3333333333333333
355,synonymous,,-0.03669234141595119,-0.017661751236162718,-0.01903059017978847,False,3.0,0.0,1.0,0.0,0.3333333333333333
356,missense,,-0.04302665836853671,-0.02418076560366907,-0.01884589276486764,False,6.0,0.0,2.0,0.0,0.3333333333333333
356,missense,,-0.05862442745842295,-0.021432881468198148,-0.037191545990224804,False,6.0,0.0,2.0,0.0,0.3333333333333333
356,missense,,-0.02604893615107202,-0.01258497811287108,-0.01346395803820094,False,6.0,0.0,2.0,0.0,0.3333333333333333
356,missense,,0.021756819215844034,-0.007415820815841421,0.029172640031685456,False,6.0,0.0,2.0,0.0,0.3333333333333333
356,missense,,-0.17945563191476926,-0.013292266709090617,-0.16616336520567865,False,6.0,0.0,2.0,0.0,0.3333333333333333
356,missense,,-0.05331633058023975,-0.017661751236162718,-0.03565457934407703,False,6.0,0.0,2.0,0.0,0.3333333333333333
356,synonymous,,-0.00518349738603139,-0.02418076560366907,0.01899726821763768,False,1.0,0.0,0.0,0.0,0.0
356,synonymous,,0.010180613445652473,-0.021432881468198148,0.03161349491385062,False,1.0,0.0,0.0,0.0,0.0
356,synonymous,,-0.05002156844823474,-0.01258497811287108,-0.03743659033536366,False,1.0,0.0,0.0,0.0,0.0
356,synonymous,,-0.10717589060749651,-0.007415820815841421,-0.09976006979165508,False,1.0,0.0,0.0,0.0,0.0
356,synonymous,,0.03678382713533264,-0.013292266709090617,0.050076093844423256,False,1.0,0.0,0.0,0.0,0.0
356,synonymous,,-0.0020232388529920916,-0.017661751236162718,0.015638512383170627,False,1.0,0.0,0.0,0.0,0.0
357,missense,,0.017092490887972753,-0.02418076560366907,0.04127325649164182,False,2.0,0.0,0.0,0.0,0.0
357,missense,,-0.04200872776733546,-0.021432881468198148,-0.020575846299137314,False,2.0,0.0,0.0,0.0,0.0
357,missense,,0.05293279558896606,-0.01258497811287108,0.06551777370183715,False,2.0,0.0,0.0,0.0,0.0
357,missense,,0.02237269221391512,-0.007415820815841421,0.029788513029756544,False,2.0,0.0,0.0,0.0,0.0
357,missense,,0.014451574845444138,-0.013292266709090617,0.027743841554534757,False,2.0,0.0,0.0,0.0,0.0
357,missense,,-0.0021330259964590374,-0.017661751236162718,0.01552872523970368,False,2.0,0.0,0.0,0.0,0.0
358,missense,,-0.13010661017123595,-0.02418076560366907,-0.10592584456756689,False,17.0,4.0,8.0,0.23529411764705882,0.47058823529411764
358,missense,,-0.11374532824532319,-0.021432881468198148,-0.09231244677712504,False,17.0,4.0,8.0,0.23529411764705882,0.47058823529411764
358,missense,,-0.09333738718937061,-0.01258497811287108,-0.08075240907649953,False,17.0,4.0,8.0,0.23529411764705882,0.47058823529411764
358,missense,,-0.09447616985482206,-0.007415820815841421,-0.08706034903898063,False,17.0,4.0,8.0,0.23529411764705882,0.47058823529411764
358,missense,,-0.09301485803379472,-0.013292266709090617,-0.0797225913247041,False,17.0,4.0,8.0,0.23529411764705882,0.47058823529411764
358,missense,,-0.08217665876754197,-0.017661751236162718,-0.06451490753137926,False,17.0,4.0,8.0,0.23529411764705882,0.47058823529411764
358,synonymous,,-0.06812722376888093,-0.02418076560366907,-0.043946458165211866,False,6.0,0.0,2.0,0.0,0.3333333333333333
358,synonymous,,-0.031240405612985443,-0.021432881468198148,-0.009807524144787295,False,6.0,0.0,2.0,0.0,0.3333333333333333
358,synonymous,,-0.06696039954160983,-0.01258497811287108,-0.054375421428738746,False,6.0,0.0,2.0,0.0,0.3333333333333333
358,synonymous,,-0.05222311720237257,-0.007415820815841421,-0.04480729638653115,False,6.0,0.0,2.0,0.0,0.3333333333333333
358,synonymous,,0.00897137045261574,-0.013292266709090617,0.022263637161706356,False,6.0,0.0,2.0,0.0,0.3333333333333333
358,synonymous,,-0.07488927654690083,-0.017661751236162718,-0.05722752531073812,False,6.0,0.0,2.0,0.0,0.3333333333333333
359,missense,,-0.8552775039873582,-0.02418076560366907,-0.8310967383836891,False,12.0,6.0,9.0,0.5,0.75
359,missense,,-0.018822056333328775,-0.021432881468198148,0.0026108251348693733,False,12.0,6.0,9.0,0.5,0.75
359,missense,,0.020220445339665417,-0.01258497811287108,0.032805423452536495,False,12.0,6.0,9.0,0.5,0.75
359,missense,,-0.08603802368436121,-0.007415820815841421,-0.07862220286851979,False,12.0,6.0,9.0,0.5,0.75
359,missense,,-0.5102986724019193,-0.013292266709090617,-0.49700640569282867,False,12.0,6.0,9.0,0.5,0.75
359,missense,,-0.02176289864678847,-0.017661751236162718,-0.004101147410625752,False,12.0,6.0,9.0,0.5,0.75
359,synonymous,,-0.04436790645388809,-0.02418076560366907,-0.020187140850219023,False,16.0,3.0,8.0,0.1875,0.5
359,synonymous,,-0.025801550081772963,-0.021432881468198148,-0.004368668613574815,False,16.0,3.0,8.0,0.1875,0.5
359,synonymous,,-0.02675653688347381,-0.01258497811287108,-0.014171558770602728,False,16.0,3.0,8.0,0.1875,0.5
359,synonymous,,-0.003317146632801035,-0.007415820815841421,0.004098674183040387,False,16.0,3.0,8.0,0.1875,0.5
359,synonymous,,-0.030448612271487395,-0.013292266709090617,-0.01715634556239678,False,16.0,3.0,8.0,0.1875,0.5
359,synonymous,,-0.011500217605300593,-0.017661751236162718,0.006161533630862125,False,16.0,3.0,8.0,0.1875,0.5
360,missense,,-0.02436874642911974,-0.02418076560366907,-0.0001879808254506704,False,16.0,2.0,8.0,0.125,0.5
360,missense,,-0.033876832027261945,-0.021432881468198148,-0.012443950559063797,False,16.0,2.0,8.0,0.125,0.5
360,missense,,-0.027599306659876578,-0.01258497811287108,-0.015014328547005497,False,16.0,2.0,8.0,0.125,0.5
360,missense,,-0.005707089788228171,-0.007415820815841421,0.00170873102761325,False,16.0,2.0,8.0,0.125,0.5
360,missense,,-0.026222408251887215,-0.013292266709090617,-0.012930141542796598,False,16.0,2.0,8.0,0.125,0.5
360,missense,,-0.003470314097762886,-0.017661751236162718,0.014191437138399831,False,16.0,2.0,8.0,0.125,0.5
360,synonymous,,-0.03308417228210341,-0.02418076560366907,-0.008903406678434343,False,18.0,1.0,8.0,0.05555555555555555,0.4444444444444444
360,synonymous,,-0.006124571952997299,-0.021432881468198148,0.01530830951520085,False,18.0,1.0,8.0,0.05555555555555555,0.4444444444444444
360,synonymous,,0.010462366716390037,-0.01258497811287108,0.023047344829261115,False,18.0,1.0,8.0,0.05555555555555555,0.4444444444444444
360,synonymous,,-0.008033955740428563,-0.007415820815841421,-0.0006181349245871414,False,18.0,1.0,8.0,0.05555555555555555,0.4444444444444444
360,synonymous,,-0.009024708801897027,-0.013292266709090617,0.004267557907193589,False,18.0,1.0,8.0,0.05555555555555555,0.4444444444444444
360,synonymous,,-0.03764859058883085,-0.017661751236162718,-0.01998683935266813,False,18.0,1.0,8.0,0.05555555555555555,0.4444444444444444
361,missense,,-0.06212165663539468,-0.02418076560366907,-0.03794089103172561,False,12.0,1.0,7.0,0.08333333333333333,0.5833333333333334
361,missense,,-0.1099170751032379,-0.021432881468198148,-0.08848419363503975,False,12.0,1.0,7.0,0.08333333333333333,0.5833333333333334
361,missense,,-0.1193486434370183,-0.01258497811287108,-0.10676366532414722,False,12.0,1.0,7.0,0.08333333333333333,0.5833333333333334
361,missense,,-0.012259929937841928,-0.007415820815841421,-0.004844109122000507,False,12.0,1.0,7.0,0.08333333333333333,0.5833333333333334
361,missense,,-0.026487568466667367,-0.013292266709090617,-0.013195301757576751,False,12.0,1.0,7.0,0.08333333333333333,0.5833333333333334
361,missense,,4.9564233030072576e-05,-0.017661751236162718,0.01771131546919279,False,12.0,1.0,7.0,0.08333333333333333,0.5833333333333334
361,synonymous,,-0.027906469450005154,-0.02418076560366907,-0.003725703846336085,False,11.0,1.0,5.0,0.09090909090909091,0.45454545454545453
361,synonymous,,-0.04448412991366229,-0.021432881468198148,-0.02305124844546414,False,11.0,1.0,5.0,0.09090909090909091,0.45454545454545453
361,synonymous,,-0.012712132696264178,-0.01258497811287108,-0.00012715458339309683,False,11.0,1.0,5.0,0.09090909090909091,0.45454545454545453
361,synonymous,,-0.0451139273235775,-0.007415820815841421,-0.037698106507736084,False,11.0,1.0,5.0,0.09090909090909091,0.45454545454545453
361,synonymous,,-0.02765519063385787,-0.013292266709090617,-0.014362923924767252,False,11.0,1.0,5.0,0.09090909090909091,0.45454545454545453
361,synonymous,,-0.02341319794749388,-0.017661751236162718,-0.005751446711331161,False,11.0,1.0,5.0,0.09090909090909091,0.45454545454545453
362,missense,,-0.007545107352898612,-0.02418076560366907,0.016635658250770458,False,13.0,0.0,7.0,0.0,0.5384615384615384
362,missense,,-0.01644796351203348,-0.021432881468198148,0.004984917956164667,False,13.0,0.0,7.0,0.0,0.5384615384615384
362,missense,,-0.013285913010389635,-0.01258497811287108,-0.0007009348975185545,False,13.0,0.0,7.0,0.0,0.5384615384615384
362,missense,,-0.0028311593917260043,-0.007415820815841421,0.004584661424115417,False,13.0,0.0,7.0,0.0,0.5384615384615384
362,missense,,-0.014477142837913867,-0.013292266709090617,-0.0011848761288232503,False,13.0,0.0,7.0,0.0,0.5384615384615384
362,missense,,-0.031247909251953792,-0.017661751236162718,-0.013586158015791074,False,13.0,0.0,7.0,0.0,0.5384615384615384
362,synonymous,,-0.08693758464828438,-0.02418076560366907,-0.06275681904461532,False,19.0,2.0,12.0,0.10526315789473684,0.631578947368421
362,synonymous,,-0.11279728393586513,-0.021432881468198148,-0.09136440246766699,False,19.0,2.0,12.0,0.10526315789473684,0.631578947368421
362,synonymous,,-0.014848685853086055,-0.01258497811287108,-0.0022637077402149746,False,19.0,2.0,12.0,0.10526315789473684,0.631578947368421
362,synonymous,,-0.03101312215416685,-0.007415820815841421,-0.023597301338325428,False,19.0,2.0,12.0,0.10526315789473684,0.631578947368421
362,synonymous,,-0.0967007679847504,-0.013292266709090617,-0.08340850127565978,False,19.0,2.0,12.0,0.10526315789473684,0.631578947368421
362,synonymous,,-0.0649967764339389,-0.017661751236162718,-0.04733502519777619,False,19.0,2.0,12.0,0.10526315789473684,0.631578947368421
363,missense,,-0.13329046600902397,-0.02418076560366907,-0.1091097004053549,False,9.0,0.0,5.0,0.0,0.5555555555555556
363,missense,,-0.019280905550697936,-0.021432881468198148,0.0021519759175002116,False,9.0,0.0,5.0,0.0,0.5555555555555556
363,missense,,-0.13245892613397048,-0.01258497811287108,-0.1198739480210994,False,9.0,0.0,5.0,0.0,0.5555555555555556
363,missense,,-0.03489119803668408,-0.007415820815841421,-0.027475377220842655,False,9.0,0.0,5.0,0.0,0.5555555555555556
363,missense,,0.026276962544771333,-0.013292266709090617,0.03956922925386195,False,9.0,0.0,5.0,0.0,0.5555555555555556
363,missense,,-0.10013191441063025,-0.017661751236162718,-0.08247016317446754,False,9.0,0.0,5.0,0.0,0.5555555555555556
364,missense,,-0.035950724261442475,-0.02418076560366907,-0.011769958657773406,False,9.0,0.0,1.0,0.0,0.1111111111111111
364,missense,,0.017087576286629463,-0.021432881468198148,0.03852045775482761,False,9.0,0.0,1.0,0.0,0.1111111111111111
364,missense,,-0.020541534000399504,-0.01258497811287108,-0.007956555887528423,False,9.0,0.0,1.0,0.0,0.1111111111111111
364,missense,,-0.03883590900819471,-0.007415820815841421,-0.03142008819235329,False,9.0,0.0,1.0,0.0,0.1111111111111111
364,missense,,-0.02012030616752929,-0.013292266709090617,-0.0068280394584386735,False,9.0,0.0,1.0,0.0,0.1111111111111111
364,missense,,-0.07023473920667979,-0.017661751236162718,-0.05257298797051707,False,9.0,0.0,1.0,0.0,0.1111111111111111
364,synonymous,,0.018755975660099244,-0.02418076560366907,0.04293674126376831,False,1.0,0.0,0.0,0.0,0.0
364,synonymous,,-0.053152221206557465,-0.021432881468198148,-0.03171933973835932,False,1.0,0.0,0.0,0.0,0.0
364,synonymous,,0.006289286082827389,-0.01258497811287108,0.01887426419569847,False,1.0,0.0,0.0,0.0,0.0
364,synonymous,,-0.026481686347241587,-0.007415820815841421,-0.019065865531400165,False,1.0,0.0,0.0,0.0,0.0
364,synonymous,,-0.0286119400748799,-0.013292266709090617,-0.015319673365789283,False,1.0,0.0,0.0,0.0,0.0
364,synonymous,,-0.022642304636742865,-0.017661751236162718,-0.004980553400580148,False,1.0,0.0,0.0,0.0,0.0
365,missense,,-0.020073946264185478,-0.02418076560366907,0.004106819339483592,False,11.0,1.0,5.0,0.09090909090909091,0.45454545454545453
365,missense,,-0.017826230506558825,-0.021432881468198148,0.003606650961639323,False,11.0,1.0,5.0,0.09090909090909091,0.45454545454545453
365,missense,,-0.010878573920743593,-0.01258497811287108,0.0017064041921274874,False,11.0,1.0,5.0,0.09090909090909091,0.45454545454545453
365,missense,,-0.02342972572679576,-0.007415820815841421,-0.01601390491095434,False,11.0,1.0,5.0,0.09090909090909091,0.45454545454545453
365,missense,,-0.041705034401996424,-0.013292266709090617,-0.028412767692905808,False,11.0,1.0,5.0,0.09090909090909091,0.45454545454545453
365,missense,,-0.015956646988774314,-0.017661751236162718,0.0017051042473884039,False,11.0,1.0,5.0,0.09090909090909091,0.45454545454545453
365,synonymous,,-0.01994771210409044,-0.02418076560366907,0.004233053499578629,False,7.0,0.0,1.0,0.0,0.14285714285714285
365,synonymous,,0.0022761990300872825,-0.021432881468198148,0.02370908049828543,False,7.0,0.0,1.0,0.0,0.14285714285714285
365,synonymous,,0.011752953503097806,-0.01258497811287108,0.024337931615968887,False,7.0,0.0,1.0,0.0,0.14285714285714285
365,synonymous,,0.00645822624448206,-0.007415820815841421,0.013874047060323481,False,7.0,0.0,1.0,0.0,0.14285714285714285
365,synonymous,,0.0062890204794422274,-0.013292266709090617,0.019581287188532845,False,7.0,0.0,1.0,0.0,0.14285714285714285
365,synonymous,,-0.007084394107942828,-0.017661751236162718,0.010577357128219889,False,7.0,0.0,1.0,0.0,0.14285714285714285
366,missense,,0.009648293241421049,-0.02418076560366907,0.03382905884509012,False,20.0,4.0,9.0,0.2,0.45
366,missense,,-0.019367520556006528,-0.021432881468198148,0.0020653609121916196,False,20.0,4.0,9.0,0.2,0.45
366,missense,,0.006852519865654697,-0.01258497811287108,0.01943749797852578,False,20.0,4.0,9.0,0.2,0.45
366,missense,,-0.006415540074666463,-0.007415820815841421,0.0010002807411749583,False,20.0,4.0,9.0,0.2,0.45
366,missense,,-0.1063249973458459,-0.013292266709090617,-0.09303273063675528,False,20.0,4.0,9.0,0.2,0.45
366,missense,,0.02198568780480364,-0.017661751236162718,0.03964743904096636,False,20.0,4.0,9.0,0.2,0.45
366,synonymous,,-0.055809533613166526,-0.02418076560366907,-0.03162876800949746,False,14.0,2.0,6.0,0.14285714285714285,0.42857142857142855
366,synonymous,,-0.002186144224782692,-0.021432881468198148,0.019246737243415454,False,14.0,2.0,6.0,0.14285714285714285,0.42857142857142855
366,synonymous,,-0.04776750721136023,-0.01258497811287108,-0.03518252909848915,False,14.0,2.0,6.0,0.14285714285714285,0.42857142857142855
366,synonymous,,-0.007071804486071318,-0.007415820815841421,0.0003440163297701035,False,14.0,2.0,6.0,0.14285714285714285,0.42857142857142855
366,synonymous,,-0.027695839667316802,-0.013292266709090617,-0.014403572958226186,False,14.0,2.0,6.0,0.14285714285714285,0.42857142857142855
366,synonymous,,-0.016357310912034954,-0.017661751236162718,0.0013044403241277633,False,14.0,2.0,6.0,0.14285714285714285,0.42857142857142855
367,missense,,0.016342270054074726,-0.02418076560366907,0.040523035657743796,False,14.0,3.0,10.0,0.21428571428571427,0.7142857142857143
367,missense,,-0.06779392464238959,-0.021432881468198148,-0.046361043174191444,False,14.0,3.0,10.0,0.21428571428571427,0.7142857142857143
367,missense,,-0.04501195687817929,-0.01258497811287108,-0.032426978765308215,False,14.0,3.0,10.0,0.21428571428571427,0.7142857142857143
367,missense,,-0.07040590249939899,-0.007415820815841421,-0.06299008168355756,False,14.0,3.0,10.0,0.21428571428571427,0.7142857142857143
367,missense,,0.04759212167902874,-0.013292266709090617,0.060884388388119354,False,14.0,3.0,10.0,0.21428571428571427,0.7142857142857143
367,missense,,-0.04835632345153924,-0.017661751236162718,-0.030694572215376525,False,14.0,3.0,10.0,0.21428571428571427,0.7142857142857143
367,synonymous,,-0.036602322109961824,-0.02418076560366907,-0.012421556506292755,False,8.0,1.0,4.0,0.125,0.5
367,synonymous,,0.0020338441647986608,-0.021432881468198148,0.02346672563299681,False,8.0,1.0,4.0,0.125,0.5
367,synonymous,,0.029746679722317062,-0.01258497811287108,0.04233165783518814,False,8.0,1.0,4.0,0.125,0.5
367,synonymous,,-0.04638575069781234,-0.007415820815841421,-0.03896992988197092,False,8.0,1.0,4.0,0.125,0.5
367,synonymous,,-0.01927468119139031,-0.013292266709090617,-0.005982414482299695,False,8.0,1.0,4.0,0.125,0.5
367,synonymous,,-0.021609955632089263,-0.017661751236162718,-0.003948204395926545,False,8.0,1.0,4.0,0.125,0.5
368,missense,,-0.1423037559744898,-0.02418076560366907,-0.11812299037082073,False,5.0,2.0,3.0,0.4,0.6
368,missense,,-0.14094256939940272,-0.021432881468198148,-0.11950968793120458,False,5.0,2.0,3.0,0.4,0.6
368,missense,,-0.035127093050970636,-0.01258497811287108,-0.022542114938099555,False,5.0,2.0,3.0,0.4,0.6
368,missense,,-0.0036550035854235603,-0.007415820815841421,0.003760817230417861,False,5.0,2.0,3.0,0.4,0.6
368,missense,,-0.20623296734288432,-0.013292266709090617,-0.1929407006337937,False,5.0,2.0,3.0,0.4,0.6
368,missense,,-0.09341921401746114,-0.017661751236162718,-0.07575746278129843,False,5.0,2.0,3.0,0.4,0.6
368,synonymous,,-0.02457770408898365,-0.02418076560366907,-0.00039693848531457965,False,15.0,1.0,9.0,0.06666666666666667,0.6
368,synonymous,,0.0016608848024506268,-0.021432881468198148,0.023093766270648776,False,15.0,1.0,9.0,0.06666666666666667,0.6
368,synonymous,,-0.019240029993144774,-0.01258497811287108,-0.006655051880273693,False,15.0,1.0,9.0,0.06666666666666667,0.6
368,synonymous,,-0.016910216848936205,-0.007415820815841421,-0.009494396033094783,False,15.0,1.0,9.0,0.06666666666666667,0.6
368,synonymous,,-0.002892573190153416,-0.013292266709090617,0.0103996935189372,False,15.0,1.0,9.0,0.06666666666666667,0.6
368,synonymous,,-0.051472868598886105,-0.017661751236162718,-0.03381111736272339,False,15.0,1.0,9.0,0.06666666666666667,0.6
369,missense,,-0.07548089980452644,-0.02418076560366907,-0.05130013420085737,False,6.0,1.0,3.0,0.16666666666666666,0.5
369,missense,,-0.013588099679440496,-0.021432881468198148,0.007844781788757652,False,6.0,1.0,3.0,0.16666666666666666,0.5
369,missense,,-0.055278273601113564,-0.01258497811287108,-0.04269329548824248,False,6.0,1.0,3.0,0.16666666666666666,0.5
369,missense,,-0.10850882208482408,-0.007415820815841421,-0.10109300126898266,False,6.0,1.0,3.0,0.16666666666666666,0.5
369,missense,,-0.2385433752197272,-0.013292266709090617,-0.2252511085106366,False,6.0,1.0,3.0,0.16666666666666666,0.5
369,missense,,-0.02145182475188898,-0.017661751236162718,-0.0037900735157262617,False,6.0,1.0,3.0,0.16666666666666666,0.5
369,synonymous,,-0.014691268918085152,-0.02418076560366907,0.009489496685583918,False,9.0,1.0,4.0,0.1111111111111111,0.4444444444444444
369,synonymous,,0.029092043232791503,-0.021432881468198148,0.050524924700989654,False,9.0,1.0,4.0,0.1111111111111111,0.4444444444444444
369,synonymous,,-0.10131910679998653,-0.01258497811287108,-0.08873412868711544,False,9.0,1.0,4.0,0.1111111111111111,0.4444444444444444
369,synonymous,,-0.04222766519451909,-0.007415820815841421,-0.034811844378677674,False,9.0,1.0,4.0,0.1111111111111111,0.4444444444444444
369,synonymous,,-0.04992520417159472,-0.013292266709090617,-0.0366329374625041,False,9.0,1.0,4.0,0.1111111111111111,0.4444444444444444
369,synonymous,,-0.12578869470719073,-0.017661751236162718,-0.10812694347102801,False,9.0,1.0,4.0,0.1111111111111111,0.4444444444444444
370,missense,,-0.1313027977754698,-0.02418076560366907,-0.10712203217180073,False,5.0,0.0,2.0,0.0,0.4
370,missense,,-0.12426840245509158,-0.021432881468198148,-0.10283552098689343,False,5.0,0.0,2.0,0.0,0.4
370,missense,,-0.1716862384285874,-0.01258497811287108,-0.15910126031571634,False,5.0,0.0,2.0,0.0,0.4
370,missense,,-0.11043780648984479,-0.007415820815841421,-0.10302198567400336,False,5.0,0.0,2.0,0.0,0.4
370,missense,,-0.09657823434504728,-0.013292266709090617,-0.08328596763595666,False,5.0,0.0,2.0,0.0,0.4
370,missense,,-0.0029328544168512427,-0.017661751236162718,0.014728896819311475,False,5.0,0.0,2.0,0.0,0.4
370,synonymous,,0.05670833228528536,-0.02418076560366907,0.08088909788895443,False,6.0,3.0,5.0,0.5,0.8333333333333334
370,synonymous,,-0.077287991290532,-0.021432881468198148,-0.055855109822333854,False,6.0,3.0,5.0,0.5,0.8333333333333334
370,synonymous,,-0.0710710350335585,-0.01258497811287108,-0.05848605692068741,False,6.0,3.0,5.0,0.5,0.8333333333333334
370,synonymous,,-0.022238647685541013,-0.007415820815841421,-0.014822826869699591,False,6.0,3.0,5.0,0.5,0.8333333333333334
370,synonymous,,0.010660403909454516,-0.013292266709090617,0.023952670618545134,False,6.0,3.0,5.0,0.5,0.8333333333333334
370,synonymous,,-0.10784503285809,-0.017661751236162718,-0.09018328162192728,False,6.0,3.0,5.0,0.5,0.8333333333333334
371,missense,,-0.0037522637319081765,-0.02418076560366907,0.020428501871760894,False,9.0,2.0,5.0,0.2222222222222222,0.5555555555555556
371,missense,,-0.12451856906614871,-0.021432881468198148,-0.10308568759795056,False,9.0,2.0,5.0,0.2222222222222222,0.5555555555555556
371,missense,,-0.050065335467909665,-0.01258497811287108,-0.03748035735503859,False,9.0,2.0,5.0,0.2222222222222222,0.5555555555555556
371,missense,,-0.05388767189318291,-0.007415820815841421,-0.04647185107734149,False,9.0,2.0,5.0,0.2222222222222222,0.5555555555555556
371,missense,,0.012571545385185071,-0.013292266709090617,0.025863812094275688,False,9.0,2.0,5.0,0.2222222222222222,0.5555555555555556
371,missense,,-0.07040985864073798,-0.017661751236162718,-0.052748107404575265,False,9.0,2.0,5.0,0.2222222222222222,0.5555555555555556
371,synonymous,,-0.05172577014839551,-0.02418076560366907,-0.02754500454472644,False,19.0,2.0,9.0,0.10526315789473684,0.47368421052631576
371,synonymous,,-0.1542625941224081,-0.021432881468198148,-0.13282971265420995,False,19.0,2.0,9.0,0.10526315789473684,0.47368421052631576
371,synonymous,,-0.12906287647166143,-0.01258497811287108,-0.11647789835879034,False,19.0,2.0,9.0,0.10526315789473684,0.47368421052631576
371,synonymous,,-0.022490610472577322,-0.007415820815841421,-0.0150747896567359,False,19.0,2.0,9.0,0.10526315789473684,0.47368421052631576
371,synonymous,,-0.03410951032686833,-0.013292266709090617,-0.02081724361777771,False,19.0,2.0,9.0,0.10526315789473684,0.47368421052631576
371,synonymous,,-0.08783281576819825,-0.017661751236162718,-0.07017106453203553,False,19.0,2.0,9.0,0.10526315789473684,0.47368421052631576
372,missense,,-0.019656411647618603,-0.02418076560366907,0.004524353956050466,False,7.0,2.0,2.0,0.2857142857142857,0.2857142857142857
372,missense,,-0.28838788710026625,-0.021432881468198148,-0.2669550056320681,False,7.0,2.0,2.0,0.2857142857142857,0.2857142857142857
372,missense,,-0.06028190961771115,-0.01258497811287108,-0.04769693150484007,False,7.0,2.0,2.0,0.2857142857142857,0.2857142857142857
372,missense,,-0.01294796887540936,-0.007415820815841421,-0.005532148059567939,False,7.0,2.0,2.0,0.2857142857142857,0.2857142857142857
372,missense,,-0.05757777804795395,-0.013292266709090617,-0.04428551133886333,False,7.0,2.0,2.0,0.2857142857142857,0.2857142857142857
372,missense,,-0.01284135198924638,-0.017661751236162718,0.004820399246916338,False,7.0,2.0,2.0,0.2857142857142857,0.2857142857142857
372,synonymous,,0.032096390488053406,-0.02418076560366907,0.05627715609172247,False,3.0,0.0,1.0,0.0,0.3333333333333333
372,synonymous,,-0.23198373487056223,-0.021432881468198148,-0.21055085340236407,False,3.0,0.0,1.0,0.0,0.3333333333333333
372,synonymous,,-0.057960827909735495,-0.01258497811287108,-0.04537584979686442,False,3.0,0.0,1.0,0.0,0.3333333333333333
372,synonymous,,0.019385024215194228,-0.007415820815841421,0.02680084503103565,False,3.0,0.0,1.0,0.0,0.3333333333333333
372,synonymous,,-0.19000674122473996,-0.013292266709090617,-0.17671447451564934,False,3.0,0.0,1.0,0.0,0.3333333333333333
372,synonymous,,-0.15507113471744435,-0.017661751236162718,-0.13740938348128162,False,3.0,0.0,1.0,0.0,0.3333333333333333
373,missense,,-0.01823559777005922,-0.02418076560366907,0.005945167833609849,False,4.0,0.0,2.0,0.0,0.5
373,missense,,-0.007180712464226013,-0.021432881468198148,0.014252169003972134,False,4.0,0.0,2.0,0.0,0.5
373,missense,,0.0154342758261109,-0.01258497811287108,0.02801925393898198,False,4.0,0.0,2.0,0.0,0.5
373,missense,,-0.0005339676088926974,-0.007415820815841421,0.006881853206948724,False,4.0,0.0,2.0,0.0,0.5
373,missense,,-0.0035573775653841544,-0.013292266709090617,0.009734889143706462,False,4.0,0.0,2.0,0.0,0.5
373,missense,,0.014652273091989902,-0.017661751236162718,0.03231402432815262,False,4.0,0.0,2.0,0.0,0.5
373,synonymous,,0.050729903411495254,-0.02418076560366907,0.07491066901516433,False,2.0,0.0,1.0,0.0,0.5
373,synonymous,,-0.3061352785908985,-0.021432881468198148,-0.28470239712270035,False,2.0,0.0,1.0,0.0,0.5
373,synonymous,,-0.08236739000508628,-0.01258497811287108,-0.0697824118922152,False,2.0,0.0,1.0,0.0,0.5
373,synonymous,,-0.030694397380699557,-0.007415820815841421,-0.023278576564858135,False,2.0,0.0,1.0,0.0,0.5
373,synonymous,,-0.15621299984666467,-0.013292266709090617,-0.14292073313757406,False,2.0,0.0,1.0,0.0,0.5
373,synonymous,,-0.12838440084786498,-0.017661751236162718,-0.11072264961170226,False,2.0,0.0,1.0,0.0,0.5
374,missense,,0.02559852848465118,-0.02418076560366907,0.04977929408832025,False,2.0,0.0,1.0,0.0,0.5
374,missense,,-0.017830747592103343,-0.021432881468198148,0.0036021338760948048,False,2.0,0.0,1.0,0.0,0.5
374,missense,,-0.006542343213567485,-0.01258497811287108,0.006042634899303596,False,2.0,0.0,1.0,0.0,0.5
374,missense,,-0.002574531099868763,-0.007415820815841421,0.004841289715972658,False,2.0,0.0,1.0,0.0,0.5
374,missense,,-0.0093005828097232,-0.013292266709090617,0.003991683899367417,False,2.0,0.0,1.0,0.0,0.5
374,missense,,-0.0007057187767099872,-0.017661751236162718,0.016956032459452732,False,2.0,0.0,1.0,0.0,0.5
374,synonymous,,-0.01581298546010343,-0.02418076560366907,0.00836778014356564,False,5.0,0.0,2.0,0.0,0.4
374,synonymous,,0.004683272473416537,-0.021432881468198148,0.026116153941614685,False,5.0,0.0,2.0,0.0,0.4
374,synonymous,,-0.004397280869723131,-0.01258497811287108,0.00818769724314795,False,5.0,0.0,2.0,0.0,0.4
374,synonymous,,0.0038627906407513123,-0.007415820815841421,0.011278611456592733,False,5.0,0.0,2.0,0.0,0.4
374,synonymous,,0.0027253303446780155,-0.013292266709090617,0.016017597053768633,False,5.0,0.0,2.0,0.0,0.4
374,synonymous,,-0.01321111474010366,-0.017661751236162718,0.0044506364960590575,False,5.0,0.0,2.0,0.0,0.4
375,missense,,0.011819921112988194,-0.02418076560366907,0.036000686716657265,False,12.0,3.0,5.0,0.25,0.4166666666666667
375,missense,,-0.08947226591880826,-0.021432881468198148,-0.06803938445061011,False,12.0,3.0,5.0,0.25,0.4166666666666667
375,missense,,-0.012164033176750652,-0.01258497811287108,0.0004209449361204289,False,12.0,3.0,5.0,0.25,0.4166666666666667
375,missense,,0.020512404464174093,-0.007415820815841421,0.027928225280015515,False,12.0,3.0,5.0,0.25,0.4166666666666667
375,missense,,0.004008593858789156,-0.013292266709090617,0.017300860567879772,False,12.0,3.0,5.0,0.25,0.4166666666666667
375,missense,,-0.08148995176333793,-0.017661751236162718,-0.06382820052717521,False,12.0,3.0,5.0,0.25,0.4166666666666667
375,synonymous,,-0.0006274934301428876,-0.02418076560366907,0.023553272173526183,False,2.0,0.0,2.0,0.0,1.0
375,synonymous,,-0.21144704301595493,-0.021432881468198148,-0.1900141615477568,False,2.0,0.0,2.0,0.0,1.0
375,synonymous,,-0.022397074750937714,-0.01258497811287108,-0.009812096638066634,False,2.0,0.0,2.0,0.0,1.0
375,synonymous,,-0.05813709364684926,-0.007415820815841421,-0.050721272831007844,False,2.0,0.0,2.0,0.0,1.0
375,synonymous,,-0.20317318040215068,-0.013292266709090617,-0.18988091369306007,False,2.0,0.0,2.0,0.0,1.0
375,synonymous,,0.056601114150827865,-0.017661751236162718,0.07426286538699059,False,2.0,0.0,2.0,0.0,1.0
376,missense,,-0.5368217011114891,-0.02418076560366907,-0.51264093550782,False,8.0,3.0,6.0,0.375,0.75
376,missense,,-0.14226241034775394,-0.021432881468198148,-0.1208295288795558,False,8.0,3.0,6.0,0.375,0.75
376,missense,,-0.10378973843771848,-0.01258497811287108,-0.0912047603248474,False,8.0,3.0,6.0,0.375,0.75
376,missense,,-0.09747924484148322,-0.007415820815841421,-0.0900634240256418,False,8.0,3.0,6.0,0.375,0.75
376,missense,,-0.42644349145430166,-0.013292266709090617,-0.41315122474521104,False,8.0,3.0,6.0,0.375,0.75
376,missense,,-0.19112302575527643,-0.017661751236162718,-0.1734612745191137,False,8.0,3.0,6.0,0.375,0.75
376,synonymous,,-0.4909849356248176,-0.02418076560366907,-0.46680417002114855,False,2.0,0.0,2.0,0.0,1.0
376,synonymous,,-0.03249406909662973,-0.021432881468198148,-0.011061187628431585,False,2.0,0.0,2.0,0.0,1.0
376,synonymous,,0.056528430761780234,-0.01258497811287108,0.06911340887465131,False,2.0,0.0,2.0,0.0,1.0
376,synonymous,,-0.10204179153482831,-0.007415820815841421,-0.09462597071898689,False,2.0,0.0,2.0,0.0,1.0
376,synonymous,,-0.2740790447877099,-0.013292266709090617,-0.2607867780786193,False,2.0,0.0,2.0,0.0,1.0
376,synonymous,,-0.2672479339040046,-0.017661751236162718,-0.24958618266784188,False,2.0,0.0,2.0,0.0,1.0
377,missense,,-0.042508161503358975,-0.02418076560366907,-0.018327395899689906,False,7.0,1.0,4.0,0.14285714285714285,0.5714285714285714
377,missense,,-0.03182940454394399,-0.021432881468198148,-0.010396523075745845,False,7.0,1.0,4.0,0.14285714285714285,0.5714285714285714
377,missense,,0.014833517696914803,-0.01258497811287108,0.027418495809785885,False,7.0,1.0,4.0,0.14285714285714285,0.5714285714285714
377,missense,,0.0262664458012581,-0.007415820815841421,0.03368226661709952,False,7.0,1.0,4.0,0.14285714285714285,0.5714285714285714
377,missense,,-0.07119107103143839,-0.013292266709090617,-0.05789880432234777,False,7.0,1.0,4.0,0.14285714285714285,0.5714285714285714
377,missense,,-0.05361540274999233,-0.017661751236162718,-0.035953651513829614,False,7.0,1.0,4.0,0.14285714285714285,0.5714285714285714
377,synonymous,,-0.15359630897934212,-0.02418076560366907,-0.12941554337567304,False,4.0,0.0,3.0,0.0,0.75
377,synonymous,,-0.10917207302321137,-0.021432881468198148,-0.08773919155501322,False,4.0,0.0,3.0,0.0,0.75
377,synonymous,,-0.21235147592140802,-0.01258497811287108,-0.19976649780853695,False,4.0,0.0,3.0,0.0,0.75
377,synonymous,,-0.035665521857693346,-0.007415820815841421,-0.028249701041851923,False,4.0,0.0,3.0,0.0,0.75
377,synonymous,,-0.04430997567765419,-0.013292266709090617,-0.031017708968563575,False,4.0,0.0,3.0,0.0,0.75
377,synonymous,,-0.20722105688726444,-0.017661751236162718,-0.18955930565110174,False,4.0,0.0,3.0,0.0,0.75
378,synonymous,,-0.010884689449141262,-0.02418076560366907,0.013296076154527808,False,4.0,0.0,0.0,0.0,0.0
378,synonymous,,0.018562561969994527,-0.021432881468198148,0.039995443438192675,False,4.0,0.0,0.0,0.0,0.0
378,synonymous,,-0.001466949337082458,-0.01258497811287108,0.011118028775788623,False,4.0,0.0,0.0,0.0,0.0
378,synonymous,,-0.007117991082447436,-0.007415820815841421,0.0002978297333939856,False,4.0,0.0,0.0,0.0,0.0
378,synonymous,,0.005491956653527046,-0.013292266709090617,0.01878422336261766,False,4.0,0.0,0.0,0.0,0.0
378,synonymous,,-0.012561259829865067,-0.017661751236162718,0.0051004914062976504,False,4.0,0.0,0.0,0.0,0.0
379,missense,,-0.061468561252204394,-0.02418076560366907,-0.03728779564853532,False,6.0,1.0,3.0,0.16666666666666666,0.5
379,missense,,0.026071698222025173,-0.021432881468198148,0.04750457969022332,False,6.0,1.0,3.0,0.16666666666666666,0.5
379,missense,,0.031145963145105305,-0.01258497811287108,0.043730941257976386,False,6.0,1.0,3.0,0.16666666666666666,0.5
379,missense,,-0.005673358301339657,-0.007415820815841421,0.0017424625145017643,False,6.0,1.0,3.0,0.16666666666666666,0.5
379,missense,,-0.02620120532253793,-0.013292266709090617,-0.012908938613447312,False,6.0,1.0,3.0,0.16666666666666666,0.5
379,missense,,-0.038193976735739495,-0.017661751236162718,-0.020532225499576777,False,6.0,1.0,3.0,0.16666666666666666,0.5
379,synonymous,,-0.08135780509881924,-0.02418076560366907,-0.05717703949515017,False,8.0,1.0,4.0,0.125,0.5
379,synonymous,,-0.1285549903191428,-0.021432881468198148,-0.10712210885094466,False,8.0,1.0,4.0,0.125,0.5
379,synonymous,,-0.06629622489534473,-0.01258497811287108,-0.053711246782473646,False,8.0,1.0,4.0,0.125,0.5
379,synonymous,,0.015678923495589844,-0.007415820815841421,0.023094744311431267,False,8.0,1.0,4.0,0.125,0.5
379,synonymous,,-0.06158699569508438,-0.013292266709090617,-0.04829472898599376,False,8.0,1.0,4.0,0.125,0.5
379,synonymous,,-0.07157354207648157,-0.017661751236162718,-0.05391179084031886,False,8.0,1.0,4.0,0.125,0.5
380,missense,,-0.9873154414889387,-0.02418076560366907,-0.9631346758852696,False,4.0,2.0,2.0,0.5,0.5
380,missense,,-0.5089007012229224,-0.021432881468198148,-0.48746781975472425,False,4.0,2.0,2.0,0.5,0.5
380,missense,,-0.6960688251256308,-0.01258497811287108,-0.6834838470127598,False,4.0,2.0,2.0,0.5,0.5
380,missense,,-0.7321826013644053,-0.007415820815841421,-0.7247667805485638,False,4.0,2.0,2.0,0.5,0.5
380,missense,,-0.7521416980879649,-0.013292266709090617,-0.7388494313788743,False,4.0,2.0,2.0,0.5,0.5
380,missense,,-0.4583179067787805,-0.017661751236162718,-0.4406561555426178,False,4.0,2.0,2.0,0.5,0.5
380,synonymous,,-0.039591756257129365,-0.02418076560366907,-0.015410990653460296,False,10.0,0.0,3.0,0.0,0.3
380,synonymous,,-0.06604474844796995,-0.021432881468198148,-0.044611866979771805,False,10.0,0.0,3.0,0.0,0.3
380,synonymous,,-0.023065408158003068,-0.01258497811287108,-0.010480430045131987,False,10.0,0.0,3.0,0.0,0.3
380,synonymous,,0.02835110480818688,-0.007415820815841421,0.0357669256240283,False,10.0,0.0,3.0,0.0,0.3
380,synonymous,,-0.03717590138370316,-0.013292266709090617,-0.02388363467461254,False,10.0,0.0,3.0,0.0,0.3
380,synonymous,,-0.022865657937760877,-0.017661751236162718,-0.005203906701598159,False,10.0,0.0,3.0,0.0,0.3
381,missense,,-0.08917629836292255,-0.02418076560366907,-0.06499553275925349,False,10.0,2.0,5.0,0.2,0.5
381,missense,,-0.04839001828232565,-0.021432881468198148,-0.0269571368141275,False,10.0,2.0,5.0,0.2,0.5
381,missense,,-0.05730963767169492,-0.01258497811287108,-0.044724659558823834,False,10.0,2.0,5.0,0.2,0.5
381,missense,,-0.06458951456015663,-0.007415820815841421,-0.05717369374431521,False,10.0,2.0,5.0,0.2,0.5
381,missense,,-0.06859436118129314,-0.013292266709090617,-0.05530209447220252,False,10.0,2.0,5.0,0.2,0.5
381,missense,,-0.07716559856800063,-0.017661751236162718,-0.05950384733183792,False,10.0,2.0,5.0,0.2,0.5
381,synonymous,,-0.2558085014205765,-0.02418076560366907,-0.2316277358169074,False,4.0,0.0,2.0,0.0,0.5
381,synonymous,,-0.007410301221297365,-0.021432881468198148,0.014022580246900783,False,4.0,0.0,2.0,0.0,0.5
381,synonymous,,0.11939492333596236,-0.01258497811287108,0.13197990144883343,False,4.0,0.0,2.0,0.0,0.5
381,synonymous,,-0.1180391372922565,-0.007415820815841421,-0.11062331647641507,False,4.0,0.0,2.0,0.0,0.5
381,synonymous,,-0.1948734703891513,-0.013292266709090617,-0.18158120368006067,False,4.0,0.0,2.0,0.0,0.5
381,synonymous,,-0.10178149722573074,-0.017661751236162718,-0.08411974598956802,False,4.0,0.0,2.0,0.0,0.5
382,missense,,-0.046519357535159546,-0.02418076560366907,-0.022338591931490476,False,9.0,2.0,5.0,0.2222222222222222,0.5555555555555556
382,missense,,-0.01983001654085909,-0.021432881468198148,0.0016028649273390587,False,9.0,2.0,5.0,0.2222222222222222,0.5555555555555556
382,missense,,-0.005952808927225205,-0.01258497811287108,0.006632169185645876,False,9.0,2.0,5.0,0.2222222222222222,0.5555555555555556
382,missense,,-0.006121144000320781,-0.007415820815841421,0.0012946768155206404,False,9.0,2.0,5.0,0.2222222222222222,0.5555555555555556
382,missense,,-0.3736746473093254,-0.013292266709090617,-0.3603823806002348,False,9.0,2.0,5.0,0.2222222222222222,0.5555555555555556
382,missense,,0.05462246478141174,-0.017661751236162718,0.07228421601757445,False,9.0,2.0,5.0,0.2222222222222222,0.5555555555555556
382,synonymous,,-0.020002111120058813,-0.02418076560366907,0.004178654483610256,False,9.0,3.0,4.0,0.3333333333333333,0.4444444444444444
382,synonymous,,-0.0077601505017349266,-0.021432881468198148,0.013672730966463221,False,9.0,3.0,4.0,0.3333333333333333,0.4444444444444444
382,synonymous,,0.011924891286213053,-0.01258497811287108,0.024509869399084134,False,9.0,3.0,4.0,0.3333333333333333,0.4444444444444444
382,synonymous,,-0.010372435485467292,-0.007415820815841421,-0.002956614669625871,False,9.0,3.0,4.0,0.3333333333333333,0.4444444444444444
382,synonymous,,-0.04827202642783296,-0.013292266709090617,-0.03497975971874234,False,9.0,3.0,4.0,0.3333333333333333,0.4444444444444444
382,synonymous,,-0.03523633666823213,-0.017661751236162718,-0.01757458543206941,False,9.0,3.0,4.0,0.3333333333333333,0.4444444444444444
383,missense,,-0.46734970866485687,-0.02418076560366907,-0.4431689430611878,False,1.0,0.0,0.0,0.0,0.0
383,missense,,-0.0924539957548885,-0.021432881468198148,-0.07102111428669035,False,1.0,0.0,0.0,0.0,0.0
383,missense,,0.04742211345149008,-0.01258497811287108,0.06000709156436117,False,1.0,0.0,0.0,0.0,0.0
383,missense,,0.2920386629347846,-0.007415820815841421,0.299454483750626,False,1.0,0.0,0.0,0.0,0.0
383,missense,,-0.02046983594573452,-0.013292266709090617,-0.007177569236643904,False,1.0,0.0,0.0,0.0,0.0
383,missense,,-0.005012841358755674,-0.017661751236162718,0.012648909877407043,False,1.0,0.0,0.0,0.0,0.0
383,synonymous,,-0.11287934133247352,-0.02418076560366907,-0.08869857572880445,False,3.0,0.0,2.0,0.0,0.6666666666666666
383,synonymous,,-0.037596118603216586,-0.021432881468198148,-0.016163237135018438,False,3.0,0.0,2.0,0.0,0.6666666666666666
383,synonymous,,0.323844059839058,-0.01258497811287108,0.3364290379519291,False,3.0,0.0,2.0,0.0,0.6666666666666666
383,synonymous,,0.06584213195381712,-0.007415820815841421,0.07325795276965855,False,3.0,0.0,2.0,0.0,0.6666666666666666
383,synonymous,,-0.07831422881665495,-0.013292266709090617,-0.06502196210756434,False,3.0,0.0,2.0,0.0,0.6666666666666666
383,synonymous,,-0.05093642739251167,-0.017661751236162718,-0.03327467615634895,False,3.0,0.0,2.0,0.0,0.6666666666666666
384,missense,,0.02663823890530157,-0.02418076560366907,0.050819004508970644,False,7.0,0.0,2.0,0.0,0.2857142857142857
384,missense,,-0.009083008413304247,-0.021432881468198148,0.012349873054893901,False,7.0,0.0,2.0,0.0,0.2857142857142857
384,missense,,0.011710893136916693,-0.01258497811287108,0.024295871249787774,False,7.0,0.0,2.0,0.0,0.2857142857142857
384,missense,,0.007367911135002376,-0.007415820815841421,0.014783731950843797,False,7.0,0.0,2.0,0.0,0.2857142857142857
384,missense,,0.02683400117031657,-0.013292266709090617,0.040126267879407186,False,7.0,0.0,2.0,0.0,0.2857142857142857
384,missense,,-0.016349301417554026,-0.017661751236162718,0.0013124498186086915,False,7.0,0.0,2.0,0.0,0.2857142857142857
384,synonymous,,-0.11934717324054922,-0.02418076560366907,-0.09516640763688015,False,2.0,0.0,1.0,0.0,0.5
384,synonymous,,0.03627466519699958,-0.021432881468198148,0.05770754666519773,False,2.0,0.0,1.0,0.0,0.5
384,synonymous,,-0.07001607341332756,-0.01258497811287108,-0.05743109530045648,False,2.0,0.0,1.0,0.0,0.5
384,synonymous,,0.06495781505543947,-0.007415820815841421,0.0723736358712809,False,2.0,0.0,1.0,0.0,0.5
384,synonymous,,0.061394750543252684,-0.013292266709090617,0.07468701725234331,False,2.0,0.0,1.0,0.0,0.5
384,synonymous,,-0.12810122222988493,-0.017661751236162718,-0.11043947099372221,False,2.0,0.0,1.0,0.0,0.5
385,missense,,-0.04584534647458208,-0.02418076560366907,-0.021664580870913008,False,9.0,1.0,2.0,0.1111111111111111,0.2222222222222222
385,missense,,-0.11428804950629448,-0.021432881468198148,-0.09285516803809633,False,9.0,1.0,2.0,0.1111111111111111,0.2222222222222222
385,missense,,-0.04712463285951402,-0.01258497811287108,-0.034539654746642945,False,9.0,1.0,2.0,0.1111111111111111,0.2222222222222222
385,missense,,-0.05653286288007907,-0.007415820815841421,-0.04911704206423765,False,9.0,1.0,2.0,0.1111111111111111,0.2222222222222222
385,missense,,-0.01849833453423908,-0.013292266709090617,-0.005206067825148462,False,9.0,1.0,2.0,0.1111111111111111,0.2222222222222222
385,missense,,-0.05682903170282072,-0.017661751236162718,-0.039167280466658,False,9.0,1.0,2.0,0.1111111111111111,0.2222222222222222
385,synonymous,,-0.010986649102319274,-0.02418076560366907,0.013194116501349796,False,16.0,2.0,6.0,0.125,0.375
385,synonymous,,-0.035542706571894636,-0.021432881468198148,-0.014109825103696488,False,16.0,2.0,6.0,0.125,0.375
385,synonymous,,0.006996690858481887,-0.01258497811287108,0.019581668971352967,False,16.0,2.0,6.0,0.125,0.375
385,synonymous,,-0.01327055886236488,-0.007415820815841421,-0.005854738046523458,False,16.0,2.0,6.0,0.125,0.375
385,synonymous,,-0.009707258352749526,-0.013292266709090617,0.003585008356341091,False,16.0,2.0,6.0,0.125,0.375
385,synonymous,,-0.012994356961938945,-0.017661751236162718,0.004667394274223772,False,16.0,2.0,6.0,0.125,0.375
386,missense,,-0.031429798526838734,-0.02418076560366907,-0.007249032923169665,False,9.0,1.0,5.0,0.1111111111111111,0.5555555555555556
386,missense,,0.006790487543088851,-0.021432881468198148,0.028223369011286997,False,9.0,1.0,5.0,0.1111111111111111,0.5555555555555556
386,missense,,-0.010121054659428771,-0.01258497811287108,0.0024639234534423095,False,9.0,1.0,5.0,0.1111111111111111,0.5555555555555556
386,missense,,-0.05004476788066199,-0.007415820815841421,-0.04262894706482057,False,9.0,1.0,5.0,0.1111111111111111,0.5555555555555556
386,missense,,-0.3350820459141727,-0.013292266709090617,-0.32178977920508206,False,9.0,1.0,5.0,0.1111111111111111,0.5555555555555556
386,missense,,0.02033516251672778,-0.017661751236162718,0.03799691375289049,False,9.0,1.0,5.0,0.1111111111111111,0.5555555555555556
386,synonymous,,-0.03983911453987833,-0.02418076560366907,-0.015658348936209262,False,11.0,3.0,7.0,0.2727272727272727,0.6363636363636364
386,synonymous,,-0.06328463804801339,-0.021432881468198148,-0.04185175657981524,False,11.0,3.0,7.0,0.2727272727272727,0.6363636363636364
386,synonymous,,-0.13020820463146174,-0.01258497811287108,-0.11762322651859065,False,11.0,3.0,7.0,0.2727272727272727,0.6363636363636364
386,synonymous,,-0.08665042528311838,-0.007415820815841421,-0.07923460446727695,False,11.0,3.0,7.0,0.2727272727272727,0.6363636363636364
386,synonymous,,-0.07324970384527237,-0.013292266709090617,-0.05995743713618175,False,11.0,3.0,7.0,0.2727272727272727,0.6363636363636364
386,synonymous,,-0.059211423462208375,-0.017661751236162718,-0.04154967222604566,False,11.0,3.0,7.0,0.2727272727272727,0.6363636363636364
387,missense,,-0.09678442925548379,-0.02418076560366907,-0.07260366365181473,False,11.0,3.0,8.0,0.2727272727272727,0.7272727272727273
387,missense,,0.0032279217912814487,-0.021432881468198148,0.024660803259479596,False,11.0,3.0,8.0,0.2727272727272727,0.7272727272727273
387,missense,,-0.03012325099711205,-0.01258497811287108,-0.01753827288424097,False,11.0,3.0,8.0,0.2727272727272727,0.7272727272727273
387,missense,,-0.008151690363472441,-0.007415820815841421,-0.0007358695476310196,False,11.0,3.0,8.0,0.2727272727272727,0.7272727272727273
387,missense,,-0.011736590126564006,-0.013292266709090617,0.001555676582526611,False,11.0,3.0,8.0,0.2727272727272727,0.7272727272727273
387,missense,,-0.03845704043914065,-0.017661751236162718,-0.020795289202977935,False,11.0,3.0,8.0,0.2727272727272727,0.7272727272727273
387,synonymous,,-0.08763369999643607,-0.02418076560366907,-0.063452934392767,False,7.0,0.0,0.0,0.0,0.0
387,synonymous,,-0.02235149489396916,-0.021432881468198148,-0.0009186134257710109,False,7.0,0.0,0.0,0.0,0.0
387,synonymous,,-0.01999285005781106,-0.01258497811287108,-0.00740787194493998,False,7.0,0.0,0.0,0.0,0.0
387,synonymous,,-0.027044919758274017,-0.007415820815841421,-0.019629098942432595,False,7.0,0.0,0.0,0.0,0.0
387,synonymous,,0.004924784903269161,-0.013292266709090617,0.01821705161235978,False,7.0,0.0,0.0,0.0,0.0
387,synonymous,,-0.03727252851000161,-0.017661751236162718,-0.019610777273838892,False,7.0,0.0,0.0,0.0,0.0
388,missense,,-0.008842202942536495,-0.02418076560366907,0.015338562661132574,False,14.0,2.0,4.0,0.14285714285714285,0.2857142857142857
388,missense,,0.00841703107345713,-0.021432881468198148,0.029849912541655275,False,14.0,2.0,4.0,0.14285714285714285,0.2857142857142857
388,missense,,-0.008388749147855652,-0.01258497811287108,0.0041962289650154284,False,14.0,2.0,4.0,0.14285714285714285,0.2857142857142857
388,missense,,-0.0038741943985449827,-0.007415820815841421,0.0035416264172964387,False,14.0,2.0,4.0,0.14285714285714285,0.2857142857142857
388,missense,,0.01930402046021274,-0.013292266709090617,0.03259628716930336,False,14.0,2.0,4.0,0.14285714285714285,0.2857142857142857
388,missense,,-0.0020807883491600642,-0.017661751236162718,0.015580962887002654,False,14.0,2.0,4.0,0.14285714285714285,0.2857142857142857
388,synonymous,,-0.09674968943413041,-0.02418076560366907,-0.07256892383046135,False,12.0,1.0,4.0,0.08333333333333333,0.3333333333333333
388,synonymous,,-0.06538836872671225,-0.021432881468198148,-0.0439554872585141,False,12.0,1.0,4.0,0.08333333333333333,0.3333333333333333
388,synonymous,,-0.02586921993370934,-0.01258497811287108,-0.01328424182083826,False,12.0,1.0,4.0,0.08333333333333333,0.3333333333333333
388,synonymous,,0.042241902864494064,-0.007415820815841421,0.04965772368033548,False,12.0,1.0,4.0,0.08333333333333333,0.3333333333333333
388,synonymous,,-0.013086487847444872,-0.013292266709090617,0.00020577886164574455,False,12.0,1.0,4.0,0.08333333333333333,0.3333333333333333
388,synonymous,,-0.0474253412034338,-0.017661751236162718,-0.029763589967271083,False,12.0,1.0,4.0,0.08333333333333333,0.3333333333333333
389,missense,,-0.001092093460409229,-0.02418076560366907,0.02308867214325984,False,7.0,1.0,2.0,0.14285714285714285,0.2857142857142857
389,missense,,-0.005266746517838042,-0.021432881468198148,0.016166134950360105,False,7.0,1.0,2.0,0.14285714285714285,0.2857142857142857
389,missense,,0.002778743020426395,-0.01258497811287108,0.015363721133297476,False,7.0,1.0,2.0,0.14285714285714285,0.2857142857142857
389,missense,,0.0024131731673499557,-0.007415820815841421,0.009828993983191377,False,7.0,1.0,2.0,0.14285714285714285,0.2857142857142857
389,missense,,-0.012302940512010556,-0.013292266709090617,0.000989326197080061,False,7.0,1.0,2.0,0.14285714285714285,0.2857142857142857
389,missense,,0.000774500185440094,-0.017661751236162718,0.018436251421602812,False,7.0,1.0,2.0,0.14285714285714285,0.2857142857142857
389,synonymous,,-0.006524149100693535,-0.02418076560366907,0.017656616502975536,False,17.0,4.0,11.0,0.23529411764705882,0.6470588235294118
389,synonymous,,-0.023310778533924895,-0.021432881468198148,-0.0018778970657267469,False,17.0,4.0,11.0,0.23529411764705882,0.6470588235294118
389,synonymous,,-0.020866944953934003,-0.01258497811287108,-0.008281966841062922,False,17.0,4.0,11.0,0.23529411764705882,0.6470588235294118
389,synonymous,,-0.012653133670219521,-0.007415820815841421,-0.0052373128543780996,False,17.0,4.0,11.0,0.23529411764705882,0.6470588235294118
389,synonymous,,-0.01278151503383592,-0.013292266709090617,0.0005107516752546962,False,17.0,4.0,11.0,0.23529411764705882,0.6470588235294118
389,synonymous,,0.006279872309288394,-0.017661751236162718,0.02394162354545111,False,17.0,4.0,11.0,0.23529411764705882,0.6470588235294118
390,missense,,-0.0022370273965339263,-0.02418076560366907,0.021943738207135143,False,6.0,1.0,2.0,0.16666666666666666,0.3333333333333333
390,missense,,-0.07399397437610666,-0.021432881468198148,-0.052561092907908516,False,6.0,1.0,2.0,0.16666666666666666,0.3333333333333333
390,missense,,0.014361228186322185,-0.01258497811287108,0.026946206299193268,False,6.0,1.0,2.0,0.16666666666666666,0.3333333333333333
390,missense,,0.0002921715432832967,-0.007415820815841421,0.007707992359124718,False,6.0,1.0,2.0,0.16666666666666666,0.3333333333333333
390,missense,,-0.035176844727542365,-0.013292266709090617,-0.02188457801845175,False,6.0,1.0,2.0,0.16666666666666666,0.3333333333333333
390,missense,,-0.02575404910506317,-0.017661751236162718,-0.008092297868900453,False,6.0,1.0,2.0,0.16666666666666666,0.3333333333333333
390,synonymous,,-0.05038114682277858,-0.02418076560366907,-0.026200381219109514,False,13.0,3.0,6.0,0.23076923076923078,0.46153846153846156
390,synonymous,,-0.05283795070974676,-0.021432881468198148,-0.031405069241548615,False,13.0,3.0,6.0,0.23076923076923078,0.46153846153846156
390,synonymous,,-0.05551884011773633,-0.01258497811287108,-0.04293386200486525,False,13.0,3.0,6.0,0.23076923076923078,0.46153846153846156
390,synonymous,,-0.047085554945396395,-0.007415820815841421,-0.039669734129554976,False,13.0,3.0,6.0,0.23076923076923078,0.46153846153846156
390,synonymous,,-0.04621942134642948,-0.013292266709090617,-0.03292715463733886,False,13.0,3.0,6.0,0.23076923076923078,0.46153846153846156
390,synonymous,,-0.04496998478625553,-0.017661751236162718,-0.027308233550092813,False,13.0,3.0,6.0,0.23076923076923078,0.46153846153846156
391,missense,,-0.012786431630859504,-0.02418076560366907,0.011394333972809565,False,7.0,2.0,4.0,0.2857142857142857,0.5714285714285714
391,missense,,-0.028255519988986552,-0.021432881468198148,-0.006822638520788404,False,7.0,2.0,4.0,0.2857142857142857,0.5714285714285714
391,missense,,-0.050130749420625294,-0.01258497811287108,-0.03754577130775422,False,7.0,2.0,4.0,0.2857142857142857,0.5714285714285714
391,missense,,0.0005780068223080554,-0.007415820815841421,0.007993827638149476,False,7.0,2.0,4.0,0.2857142857142857,0.5714285714285714
391,missense,,-0.035315930402076395,-0.013292266709090617,-0.02202366369298578,False,7.0,2.0,4.0,0.2857142857142857,0.5714285714285714
391,missense,,0.008779217823734472,-0.017661751236162718,0.02644096905989719,False,7.0,2.0,4.0,0.2857142857142857,0.5714285714285714
391,synonymous,,-0.026363280461449323,-0.02418076560366907,-0.002182514857780253,False,10.0,3.0,5.0,0.3,0.5
391,synonymous,,0.005459906473787387,-0.021432881468198148,0.026892787941985536,False,10.0,3.0,5.0,0.3,0.5
391,synonymous,,-0.0018895118447723996,-0.01258497811287108,0.010695466268098681,False,10.0,3.0,5.0,0.3,0.5
391,synonymous,,-0.028072528904853507,-0.007415820815841421,-0.020656708089012085,False,10.0,3.0,5.0,0.3,0.5
391,synonymous,,-0.005549007942137442,-0.013292266709090617,0.007743258766953175,False,10.0,3.0,5.0,0.3,0.5
391,synonymous,,-0.0616141282506103,-0.017661751236162718,-0.04395237701444758,False,10.0,3.0,5.0,0.3,0.5
392,missense,,-0.08253302774742143,-0.02418076560366907,-0.05835226214375236,False,13.0,4.0,7.0,0.3076923076923077,0.5384615384615384
392,missense,,-0.02722465111602713,-0.021432881468198148,-0.005791769647828984,False,13.0,4.0,7.0,0.3076923076923077,0.5384615384615384
392,missense,,0.01233466723337039,-0.01258497811287108,0.02491964534624147,False,13.0,4.0,7.0,0.3076923076923077,0.5384615384615384
392,missense,,-0.019810703219771138,-0.007415820815841421,-0.012394882403929715,False,13.0,4.0,7.0,0.3076923076923077,0.5384615384615384
392,missense,,-0.05306755529169933,-0.013292266709090617,-0.03977528858260871,False,13.0,4.0,7.0,0.3076923076923077,0.5384615384615384
392,missense,,-0.024188411747065316,-0.017661751236162718,-0.006526660510902598,False,13.0,4.0,7.0,0.3076923076923077,0.5384615384615384
392,synonymous,,-0.022959065994743396,-0.02418076560366907,0.0012216996089256735,False,11.0,3.0,5.0,0.2727272727272727,0.45454545454545453
392,synonymous,,-0.0043803341762252675,-0.021432881468198148,0.01705254729197288,False,11.0,3.0,5.0,0.2727272727272727,0.45454545454545453
392,synonymous,,-0.038853784161726704,-0.01258497811287108,-0.026268806048855623,False,11.0,3.0,5.0,0.2727272727272727,0.45454545454545453
392,synonymous,,0.0014866719088865662,-0.007415820815841421,0.008902492724727987,False,11.0,3.0,5.0,0.2727272727272727,0.45454545454545453
392,synonymous,,0.003951612551700404,-0.013292266709090617,0.01724387926079102,False,11.0,3.0,5.0,0.2727272727272727,0.45454545454545453
392,synonymous,,-0.029537533696282807,-0.017661751236162718,-0.01187578246012009,False,11.0,3.0,5.0,0.2727272727272727,0.45454545454545453
393,missense,,-0.08914685346050322,-0.02418076560366907,-0.06496608785683415,False,12.0,1.0,4.0,0.08333333333333333,0.3333333333333333
393,missense,,-0.010285859542703866,-0.021432881468198148,0.011147021925494282,False,12.0,1.0,4.0,0.08333333333333333,0.3333333333333333
393,missense,,-0.027708545149127954,-0.01258497811287108,-0.015123567036256873,False,12.0,1.0,4.0,0.08333333333333333,0.3333333333333333
393,missense,,-0.0021023977791113434,-0.007415820815841421,0.0053134230367300785,False,12.0,1.0,4.0,0.08333333333333333,0.3333333333333333
393,missense,,-0.013340769808763796,-0.013292266709090617,-4.850309967317952e-05,False,12.0,1.0,4.0,0.08333333333333333,0.3333333333333333
393,missense,,-0.06573215703560292,-0.017661751236162718,-0.048070405799440205,False,12.0,1.0,4.0,0.08333333333333333,0.3333333333333333
393,synonymous,,-0.018420559922334587,-0.02418076560366907,0.005760205681334483,False,14.0,0.0,6.0,0.0,0.42857142857142855
393,synonymous,,-0.009749597751899389,-0.021432881468198148,0.011683283716298759,False,14.0,0.0,6.0,0.0,0.42857142857142855
393,synonymous,,-0.013883885825041659,-0.01258497811287108,-0.001298907712170578,False,14.0,0.0,6.0,0.0,0.42857142857142855
393,synonymous,,-0.0006863763025956706,-0.007415820815841421,0.006729444513245751,False,14.0,0.0,6.0,0.0,0.42857142857142855
393,synonymous,,-0.004225733017456386,-0.013292266709090617,0.00906653369163423,False,14.0,0.0,6.0,0.0,0.42857142857142855
393,synonymous,,-0.012484379422594647,-0.017661751236162718,0.005177371813568071,False,14.0,0.0,6.0,0.0,0.42857142857142855
394,missense,,-0.008368886391463595,-0.02418076560366907,0.015811879212205476,False,12.0,3.0,6.0,0.25,0.5
394,missense,,-0.08511255286188553,-0.021432881468198148,-0.06367967139368738,False,12.0,3.0,6.0,0.25,0.5
394,missense,,-0.02220712239542489,-0.01258497811287108,-0.00962214428255381,False,12.0,3.0,6.0,0.25,0.5
394,missense,,0.0058019086591376764,-0.007415820815841421,0.013217729474979099,False,12.0,3.0,6.0,0.25,0.5
394,missense,,0.007314751526224292,-0.013292266709090617,0.020607018235314908,False,12.0,3.0,6.0,0.25,0.5
394,missense,,-0.02498921277430362,-0.017661751236162718,-0.007327461538140904,False,12.0,3.0,6.0,0.25,0.5
394,synonymous,,0.020292224209267417,-0.02418076560366907,0.044472989812936486,False,8.0,2.0,5.0,0.25,0.625
394,synonymous,,-0.02974187514285992,-0.021432881468198148,-0.008308993674661772,False,8.0,2.0,5.0,0.25,0.625
394,synonymous,,-0.02471416631565226,-0.01258497811287108,-0.01212918820278118,False,8.0,2.0,5.0,0.25,0.625
394,synonymous,,0.020106987878832118,-0.007415820815841421,0.02752280869467354,False,8.0,2.0,5.0,0.25,0.625
394,synonymous,,-0.035892862826232386,-0.013292266709090617,-0.02260059611714177,False,8.0,2.0,5.0,0.25,0.625
394,synonymous,,0.0029291997660890537,-0.017661751236162718,0.02059095100225177,False,8.0,2.0,5.0,0.25,0.625
395,missense,,-0.08539875701669557,-0.02418076560366907,-0.0612179914130265,False,4.0,0.0,1.0,0.0,0.25
395,missense,,-0.037119795049697875,-0.021432881468198148,-0.015686913581499727,False,4.0,0.0,1.0,0.0,0.25
395,missense,,-0.12740655382149338,-0.01258497811287108,-0.1148215757086223,False,4.0,0.0,1.0,0.0,0.25
395,missense,,0.02582717800781512,-0.007415820815841421,0.03324299882365654,False,4.0,0.0,1.0,0.0,0.25
395,missense,,-0.050941642568654195,-0.013292266709090617,-0.03764937585956358,False,4.0,0.0,1.0,0.0,0.25
395,missense,,-0.05359583733919859,-0.017661751236162718,-0.035934086103035875,False,4.0,0.0,1.0,0.0,0.25
395,synonymous,,-0.030375574170963593,-0.02418076560366907,-0.006194808567294523,False,11.0,0.0,3.0,0.0,0.2727272727272727
395,synonymous,,-0.008319704335015533,-0.021432881468198148,0.013113177133182614,False,11.0,0.0,3.0,0.0,0.2727272727272727
395,synonymous,,0.014011997817066683,-0.01258497811287108,0.026596975929937764,False,11.0,0.0,3.0,0.0,0.2727272727272727
395,synonymous,,-0.005376138724459877,-0.007415820815841421,0.002039682091381544,False,11.0,0.0,3.0,0.0,0.2727272727272727
395,synonymous,,-0.01284927735173912,-0.013292266709090617,0.0004429893573514969,False,11.0,0.0,3.0,0.0,0.2727272727272727
395,synonymous,,-0.0003115932207564287,-0.017661751236162718,0.01735015801540629,False,11.0,0.0,3.0,0.0,0.2727272727272727
396,missense,,-0.009252110251253814,-0.02418076560366907,0.014928655352415256,False,15.0,1.0,4.0,0.06666666666666667,0.26666666666666666
396,missense,,-0.007794619814962385,-0.021432881468198148,0.013638261653235763,False,15.0,1.0,4.0,0.06666666666666667,0.26666666666666666
396,missense,,-0.0010628363778846263,-0.01258497811287108,0.011522141734986455,False,15.0,1.0,4.0,0.06666666666666667,0.26666666666666666
396,missense,,-0.000573541332656522,-0.007415820815841421,0.0068422794831849,False,15.0,1.0,4.0,0.06666666666666667,0.26666666666666666
396,missense,,-0.006469735895678068,-0.013292266709090617,0.0068225308134125485,False,15.0,1.0,4.0,0.06666666666666667,0.26666666666666666
396,missense,,-0.007764806113050873,-0.017661751236162718,0.009896945123111844,False,15.0,1.0,4.0,0.06666666666666667,0.26666666666666666
396,synonymous,,-0.006643893735799024,-0.02418076560366907,0.017536871867870046,False,5.0,0.0,2.0,0.0,0.4
396,synonymous,,-0.016996789323758744,-0.021432881468198148,0.004436092144439404,False,5.0,0.0,2.0,0.0,0.4
396,synonymous,,-0.012715222888323878,-0.01258497811287108,-0.0001302447754527973,False,5.0,0.0,2.0,0.0,0.4
396,synonymous,,0.002628022757316464,-0.007415820815841421,0.010043843573157886,False,5.0,0.0,2.0,0.0,0.4
396,synonymous,,-0.007951863244847607,-0.013292266709090617,0.005340403464243009,False,5.0,0.0,2.0,0.0,0.4
396,synonymous,,-0.010682680154360373,-0.017661751236162718,0.006979071081802344,False,5.0,0.0,2.0,0.0,0.4
397,missense,,-0.06439913725341767,-0.02418076560366907,-0.040218371649748605,False,7.0,2.0,4.0,0.2857142857142857,0.5714285714285714
397,missense,,0.038953569590431135,-0.021432881468198148,0.06038645105862928,False,7.0,2.0,4.0,0.2857142857142857,0.5714285714285714
397,missense,,-0.016007360627215063,-0.01258497811287108,-0.003422382514343982,False,7.0,2.0,4.0,0.2857142857142857,0.5714285714285714
397,missense,,-0.07995506970641379,-0.007415820815841421,-0.07253924889057237,False,7.0,2.0,4.0,0.2857142857142857,0.5714285714285714
397,missense,,-0.009948147996099626,-0.013292266709090617,0.003344118712990991,False,7.0,2.0,4.0,0.2857142857142857,0.5714285714285714
397,missense,,-0.033750441618804125,-0.017661751236162718,-0.016088690382641407,False,7.0,2.0,4.0,0.2857142857142857,0.5714285714285714
397,synonymous,,-0.019154732501574383,-0.02418076560366907,0.005026033102094686,False,4.0,0.0,2.0,0.0,0.5
397,synonymous,,0.024201075675223598,-0.021432881468198148,0.04563395714342175,False,4.0,0.0,2.0,0.0,0.5
397,synonymous,,-0.0048490723276268756,-0.01258497811287108,0.007735905785244205,False,4.0,0.0,2.0,0.0,0.5
397,synonymous,,0.005889245980066093,-0.007415820815841421,0.013305066795907514,False,4.0,0.0,2.0,0.0,0.5
397,synonymous,,0.007724177337116186,-0.013292266709090617,0.021016444046206804,False,4.0,0.0,2.0,0.0,0.5
397,synonymous,,-0.03192147285986029,-0.017661751236162718,-0.014259721623697576,False,4.0,0.0,2.0,0.0,0.5
398,missense,,-0.07193664875919599,-0.02418076560366907,-0.047755883155526924,False,8.0,2.0,5.0,0.25,0.625
398,missense,,-0.02211586789877411,-0.021432881468198148,-0.0006829864305759638,False,8.0,2.0,5.0,0.25,0.625
398,missense,,-0.05474497820179719,-0.01258497811287108,-0.042160000088926106,False,8.0,2.0,5.0,0.25,0.625
398,missense,,-0.033562441543026615,-0.007415820815841421,-0.026146620727185193,False,8.0,2.0,5.0,0.25,0.625
398,missense,,-0.06097808247905017,-0.013292266709090617,-0.047685815769959554,False,8.0,2.0,5.0,0.25,0.625
398,missense,,-0.023301541480263314,-0.017661751236162718,-0.005639790244100596,False,8.0,2.0,5.0,0.25,0.625
398,synonymous,,-0.06657230906335508,-0.02418076560366907,-0.042391543459686015,False,5.0,2.0,4.0,0.4,0.8
398,synonymous,,0.01696434633139488,-0.021432881468198148,0.03839722779959302,False,5.0,2.0,4.0,0.4,0.8
398,synonymous,,-0.0898429850237728,-0.01258497811287108,-0.07725800691090172,False,5.0,2.0,4.0,0.4,0.8
398,synonymous,,-0.009553446882699285,-0.007415820815841421,-0.002137626066857864,False,5.0,2.0,4.0,0.4,0.8
398,synonymous,,0.003743047665658008,-0.013292266709090617,0.017035314374748624,False,5.0,2.0,4.0,0.4,0.8
398,synonymous,,-0.13340878615774254,-0.017661751236162718,-0.11574703492157982,False,5.0,2.0,4.0,0.4,0.8
399,missense,,-0.05974272432509381,-0.02418076560366907,-0.035561958721424744,False,4.0,2.0,3.0,0.5,0.75
399,missense,,0.008364726510184778,-0.021432881468198148,0.029797607978382927,False,4.0,2.0,3.0,0.5,0.75
399,missense,,-0.04825809025119119,-0.01258497811287108,-0.03567311213832011,False,4.0,2.0,3.0,0.5,0.75
399,missense,,-0.03002174919200259,-0.007415820815841421,-0.02260592837616117,False,4.0,2.0,3.0,0.5,0.75
399,missense,,0.02625206340897276,-0.013292266709090617,0.03954433011806338,False,4.0,2.0,3.0,0.5,0.75
399,missense,,-0.03297506120048892,-0.017661751236162718,-0.0153133099643262,False,4.0,2.0,3.0,0.5,0.75
399,synonymous,,-0.0007643837108444015,-0.02418076560366907,0.02341638189282467,False,5.0,0.0,1.0,0.0,0.2
399,synonymous,,-0.00370601008014276,-0.021432881468198148,0.017726871388055388,False,5.0,0.0,1.0,0.0,0.2
399,synonymous,,0.0012324305437967815,-0.01258497811287108,0.013817408656667862,False,5.0,0.0,1.0,0.0,0.2
399,synonymous,,0.0024640080693973093,-0.007415820815841421,0.00987982888523873,False,5.0,0.0,1.0,0.0,0.2
399,synonymous,,-0.01661098311398707,-0.013292266709090617,-0.0033187164048964525,False,5.0,0.0,1.0,0.0,0.2
399,synonymous,,-0.0001413164853217715,-0.017661751236162718,0.017520434750840946,False,5.0,0.0,1.0,0.0,0.2
400,missense,,-0.035601302122917934,-0.02418076560366907,-0.011420536519248865,False,4.0,1.0,2.0,0.25,0.5
400,missense,,0.004633709556618302,-0.021432881468198148,0.02606659102481645,False,4.0,1.0,2.0,0.25,0.5
400,missense,,-0.02396336785865929,-0.01258497811287108,-0.011378389745788208,False,4.0,1.0,2.0,0.25,0.5
400,missense,,0.022353512629797703,-0.007415820815841421,0.029769333445639125,False,4.0,1.0,2.0,0.25,0.5
400,missense,,0.019744120832205315,-0.013292266709090617,0.03303638754129593,False,4.0,1.0,2.0,0.25,0.5
400,missense,,-0.01089071326474175,-0.017661751236162718,0.0067710379714209686,False,4.0,1.0,2.0,0.25,0.5
400,synonymous,,-0.14939655758560574,-0.02418076560366907,-0.12521579198193666,False,2.0,0.0,1.0,0.0,0.5
400,synonymous,,-0.06469858282517964,-0.021432881468198148,-0.04326570135698149,False,2.0,0.0,1.0,0.0,0.5
400,synonymous,,0.024644147143572024,-0.01258497811287108,0.037229125256443105,False,2.0,0.0,1.0,0.0,0.5
400,synonymous,,-0.004990356774279779,-0.007415820815841421,0.0024254640415616426,False,2.0,0.0,1.0,0.0,0.5
400,synonymous,,0.004371577216887618,-0.013292266709090617,0.017663843925978234,False,2.0,0.0,1.0,0.0,0.5
400,synonymous,,-0.02919728546914494,-0.017661751236162718,-0.011535534232982224,False,2.0,0.0,1.0,0.0,0.5
401,synonymous,,-0.00011136013504829837,-0.02418076560366907,0.024069405468620773,False,3.0,0.0,1.0,0.0,0.3333333333333333
401,synonymous,,-0.004396501458953958,-0.021432881468198148,0.01703638000924419,False,3.0,0.0,1.0,0.0,0.3333333333333333
401,synonymous,,0.03799677363044688,-0.01258497811287108,0.05058175174331796,False,3.0,0.0,1.0,0.0,0.3333333333333333
401,synonymous,,0.007232471560098135,-0.007415820815841421,0.014648292375939558,False,3.0,0.0,1.0,0.0,0.3333333333333333
401,synonymous,,0.03365220518692596,-0.013292266709090617,0.046944471896016575,False,3.0,0.0,1.0,0.0,0.3333333333333333
401,synonymous,,0.05258829831632805,-0.017661751236162718,0.07025004955249077,False,3.0,0.0,1.0,0.0,0.3333333333333333
402,missense,,-0.16768182354894273,-0.02418076560366907,-0.14350105794527365,False,10.0,1.0,3.0,0.1,0.3
402,missense,,-0.0252692150807189,-0.021432881468198148,-0.0038363336125207537,False,10.0,1.0,3.0,0.1,0.3
402,missense,,0.0016177587939060095,-0.01258497811287108,0.01420273690677709,False,10.0,1.0,3.0,0.1,0.3
402,missense,,-0.014129098359933699,-0.007415820815841421,-0.0067132775440922774,False,10.0,1.0,3.0,0.1,0.3
402,missense,,-0.06590137738786371,-0.013292266709090617,-0.052609110678773094,False,10.0,1.0,3.0,0.1,0.3
402,missense,,-0.04253225249410133,-0.017661751236162718,-0.02487050125793861,False,10.0,1.0,3.0,0.1,0.3
402,synonymous,,-0.019981266180660547,-0.02418076560366907,0.004199499423008523,False,6.0,1.0,4.0,0.16666666666666666,0.6666666666666666
402,synonymous,,0.009313132323156222,-0.021432881468198148,0.03074601379135437,False,6.0,1.0,4.0,0.16666666666666666,0.6666666666666666
402,synonymous,,0.02144331385046408,-0.01258497811287108,0.034028291963335164,False,6.0,1.0,4.0,0.16666666666666666,0.6666666666666666
402,synonymous,,0.00439042785401972,-0.007415820815841421,0.01180624866986114,False,6.0,1.0,4.0,0.16666666666666666,0.6666666666666666
402,synonymous,,0.01023851738878298,-0.013292266709090617,0.023530784097873597,False,6.0,1.0,4.0,0.16666666666666666,0.6666666666666666
402,synonymous,,0.0008898212364088282,-0.017661751236162718,0.018551572472571547,False,6.0,1.0,4.0,0.16666666666666666,0.6666666666666666
403,missense,,-1.3001680053491982,-0.02418076560366907,-1.2759872397455292,True,4.0,4.0,4.0,1.0,1.0
403,missense,,-0.13822377656422588,-0.021432881468198148,-0.11679089509602773,True,4.0,4.0,4.0,1.0,1.0
403,missense,,-0.6865759885619874,-0.01258497811287108,-0.6739910104491164,True,4.0,4.0,4.0,1.0,1.0
403,missense,,-0.5016616207568241,-0.007415820815841421,-0.49424579994098267,True,4.0,4.0,4.0,1.0,1.0
403,missense,,-1.5982790940676586,-0.013292266709090617,-1.5849868273585679,True,4.0,4.0,4.0,1.0,1.0
403,missense,,-0.04945804419919388,-0.017661751236162718,-0.031796292963031166,True,4.0,4.0,4.0,1.0,1.0
403,synonymous,,-0.0066032825074078955,-0.02418076560366907,0.017577483096261174,False,4.0,0.0,1.0,0.0,0.25
403,synonymous,,0.007278947432021837,-0.021432881468198148,0.028711828900219984,False,4.0,0.0,1.0,0.0,0.25
403,synonymous,,-0.003688435317673701,-0.01258497811287108,0.00889654279519738,False,4.0,0.0,1.0,0.0,0.25
403,synonymous,,0.00039954362741515816,-0.007415820815841421,0.007815364443256579,False,4.0,0.0,1.0,0.0,0.25
403,synonymous,,0.006200135081753207,-0.013292266709090617,0.019492401790843824,False,4.0,0.0,1.0,0.0,0.25
403,synonymous,,0.0012491978002850197,-0.017661751236162718,0.018910949036447737,False,4.0,0.0,1.0,0.0,0.25
404,missense,,-0.10320756146380274,-0.02418076560366907,-0.07902679586013367,False,5.0,1.0,2.0,0.2,0.4
404,missense,,0.008292811838899627,-0.021432881468198148,0.029725693307097775,False,5.0,1.0,2.0,0.2,0.4
404,missense,,-0.005599271524322495,-0.01258497811287108,0.006985706588548585,False,5.0,1.0,2.0,0.2,0.4
404,missense,,0.008468294041823695,-0.007415820815841421,0.015884114857665117,False,5.0,1.0,2.0,0.2,0.4
404,missense,,-0.007432344752745642,-0.013292266709090617,0.005859921956344974,False,5.0,1.0,2.0,0.2,0.4
404,missense,,-0.02606283251987366,-0.017661751236162718,-0.008401081283710941,False,5.0,1.0,2.0,0.2,0.4
404,synonymous,,-0.06099570557675167,-0.02418076560366907,-0.036814939973082605,False,4.0,0.0,2.0,0.0,0.5
404,synonymous,,0.01738528904252492,-0.021432881468198148,0.03881817051072307,False,4.0,0.0,2.0,0.0,0.5
404,synonymous,,-0.0004418488838351865,-0.01258497811287108,0.012143129229035893,False,4.0,0.0,2.0,0.0,0.5
404,synonymous,,-0.005149500261356588,-0.007415820815841421,0.0022663205544848335,False,4.0,0.0,2.0,0.0,0.5
404,synonymous,,0.0189554399993283,-0.013292266709090617,0.03224770670841892,False,4.0,0.0,2.0,0.0,0.5
404,synonymous,,-0.003928893449987936,-0.017661751236162718,0.013732857786174783,False,4.0,0.0,2.0,0.0,0.5
405,missense,,-0.027880295818691024,-0.02418076560366907,-0.0036995302150219546,False,1.0,0.0,0.0,0.0,0.0
405,missense,,-0.07490602750401941,-0.021432881468198148,-0.05347314603582126,False,1.0,0.0,0.0,0.0,0.0
405,missense,,-0.05317262071151892,-0.01258497811287108,-0.04058764259864783,False,1.0,0.0,0.0,0.0,0.0
405,missense,,-0.016138359080686275,-0.007415820815841421,-0.008722538264844853,False,1.0,0.0,0.0,0.0,0.0
405,missense,,-0.045078478444858336,-0.013292266709090617,-0.03178621173576772,False,1.0,0.0,0.0,0.0,0.0
405,missense,,0.037877787932637956,-0.017661751236162718,0.055539539168800674,False,1.0,0.0,0.0,0.0,0.0
405,synonymous,,-0.7438954015952884,-0.02418076560366907,-0.7197146359916193,False,2.0,0.0,2.0,0.0,1.0
405,synonymous,,-0.20713177974118344,-0.021432881468198148,-0.1856988982729853,False,2.0,0.0,2.0,0.0,1.0
405,synonymous,,-0.18768937947917463,-0.01258497811287108,-0.17510440136630356,False,2.0,0.0,2.0,0.0,1.0
405,synonymous,,-0.1325076789075406,-0.007415820815841421,-0.12509185809169918,False,2.0,0.0,2.0,0.0,1.0
405,synonymous,,-0.025033551279023902,-0.013292266709090617,-0.011741284569933286,False,2.0,0.0,2.0,0.0,1.0
405,synonymous,,-0.07643978617366058,-0.017661751236162718,-0.058778034937497864,False,2.0,0.0,2.0,0.0,1.0
406,missense,,-1.9522623211277246,-0.02418076560366907,-1.9280815555240556,True,4.0,4.0,4.0,1.0,1.0
406,missense,,-1.619256023369247,-0.021432881468198148,-1.597823141901049,True,4.0,4.0,4.0,1.0,1.0
406,missense,,-1.7935675079997244,-0.01258497811287108,-1.7809825298868533,True,4.0,4.0,4.0,1.0,1.0
406,missense,,-1.8224609481756733,-0.007415820815841421,-1.8150451273598318,True,4.0,4.0,4.0,1.0,1.0
406,missense,,-2.2943586017997806,-0.013292266709090617,-2.28106633509069,True,4.0,4.0,4.0,1.0,1.0
406,missense,,-0.5262839968029068,-0.017661751236162718,-0.5086222455667441,True,4.0,4.0,4.0,1.0,1.0
406,synonymous,,-0.011264910899486351,-0.02418076560366907,0.012915854704182718,False,2.0,0.0,0.0,0.0,0.0
406,synonymous,,-0.0009782688390435961,-0.021432881468198148,0.020454612629154552,False,2.0,0.0,0.0,0.0,0.0
406,synonymous,,0.0064884268751341165,-0.01258497811287108,0.019073404988005197,False,2.0,0.0,0.0,0.0,0.0
406,synonymous,,0.004886976921306055,-0.007415820815841421,0.012302797737147476,False,2.0,0.0,0.0,0.0,0.0
406,synonymous,,-0.0031428225877829213,-0.013292266709090617,0.010149444121307695,False,2.0,0.0,0.0,0.0,0.0
406,synonymous,,0.013313027295255067,-0.017661751236162718,0.030974778531417786,False,2.0,0.0,0.0,0.0,0.0
407,missense,,-0.011729156323886651,-0.02418076560366907,0.012451609279782418,False,4.0,1.0,3.0,0.25,0.75
407,missense,,-0.050515019791064805,-0.021432881468198148,-0.029082138322866657,False,4.0,1.0,3.0,0.25,0.75
407,missense,,0.006992825902134836,-0.01258497811287108,0.019577804015005917,False,4.0,1.0,3.0,0.25,0.75
407,missense,,-0.028526547639296365,-0.007415820815841421,-0.021110726823454943,False,4.0,1.0,3.0,0.25,0.75
407,missense,,-0.04342076197960714,-0.013292266709090617,-0.030128495270516524,False,4.0,1.0,3.0,0.25,0.75
407,missense,,-0.01871134771097951,-0.017661751236162718,-0.0010495964748167934,False,4.0,1.0,3.0,0.25,0.75
407,synonymous,,0.014527771697353056,-0.02418076560366907,0.038708537301022125,False,1.0,0.0,0.0,0.0,0.0
407,synonymous,,0.11473212486425705,-0.021432881468198148,0.1361650063324552,False,1.0,0.0,0.0,0.0,0.0
407,synonymous,,-0.18422967473538512,-0.01258497811287108,-0.17164469662251405,False,1.0,0.0,0.0,0.0,0.0
407,synonymous,,-0.6025679353860364,-0.007415820815841421,-0.5951521145701949,False,1.0,0.0,0.0,0.0,0.0
407,synonymous,,-0.0257343050785792,-0.013292266709090617,-0.012442038369488585,False,1.0,0.0,0.0,0.0,0.0
407,synonymous,,0.0368301230875254,-0.017661751236162718,0.05449187432368812,False,1.0,0.0,0.0,0.0,0.0
408,missense,,0.035277922056535314,-0.02418076560366907,0.05945868766020439,False,1.0,0.0,0.0,0.0,0.0
408,missense,,-0.03887183386015296,-0.021432881468198148,-0.01743895239195481,False,1.0,0.0,0.0,0.0,0.0
408,missense,,0.02728424717109352,-0.01258497811287108,0.039869225283964596,False,1.0,0.0,0.0,0.0,0.0
408,missense,,0.0035209331139637837,-0.007415820815841421,0.010936753929805205,False,1.0,0.0,0.0,0.0,0.0
408,missense,,0.0015861969695810329,-0.013292266709090617,0.01487846367867165,False,1.0,0.0,0.0,0.0,0.0
408,missense,,-0.019249533599000987,-0.017661751236162718,-0.0015877823628382692,False,1.0,0.0,0.0,0.0,0.0
408,synonymous,,-0.0009056924149840852,-0.02418076560366907,0.023275073188684985,False,3.0,1.0,2.0,0.3333333333333333,0.6666666666666666
408,synonymous,,-0.010576133578990798,-0.021432881468198148,0.01085674788920735,False,3.0,1.0,2.0,0.3333333333333333,0.6666666666666666
408,synonymous,,-0.05266396981095283,-0.01258497811287108,-0.04007899169808175,False,3.0,1.0,2.0,0.3333333333333333,0.6666666666666666
408,synonymous,,-0.01373166524883617,-0.007415820815841421,-0.006315844432994748,False,3.0,1.0,2.0,0.3333333333333333,0.6666666666666666
408,synonymous,,-0.07623010838308,-0.013292266709090617,-0.06293784167398939,False,3.0,1.0,2.0,0.3333333333333333,0.6666666666666666
408,synonymous,,-0.004856089165956092,-0.017661751236162718,0.012805662070206626,False,3.0,1.0,2.0,0.3333333333333333,0.6666666666666666
409,missense,,-1.3657405724317289,-0.02418076560366907,-1.3415598068280599,True,2.0,2.0,2.0,1.0,1.0
409,missense,,-0.10140938255478354,-0.021432881468198148,-0.0799765010865854,True,2.0,2.0,2.0,1.0,1.0
409,missense,,-1.005216881175196,-0.01258497811287108,-0.992631903062325,True,2.0,2.0,2.0,1.0,1.0
409,missense,,-0.8931695368937295,-0.007415820815841421,-0.885753716077888,True,2.0,2.0,2.0,1.0,1.0
409,missense,,-1.9413144312133346,-0.013292266709090617,-1.928022164504244,True,2.0,2.0,2.0,1.0,1.0
409,missense,,-0.17706174263750996,-0.017661751236162718,-0.15939999140134725,True,2.0,2.0,2.0,1.0,1.0
409,synonymous,,-0.7932350251364817,-0.02418076560366907,-0.7690542595328126,False,1.0,0.0,0.0,0.0,0.0
409,synonymous,,-1.4874333332927612,-0.021432881468198148,-1.466000451824563,False,1.0,0.0,0.0,0.0,0.0
409,synonymous,,-0.6306455604757033,-0.01258497811287108,-0.6180605823628322,False,1.0,0.0,0.0,0.0,0.0
409,synonymous,,-0.7503609483376875,-0.007415820815841421,-0.742945127521846,False,1.0,0.0,0.0,0.0,0.0
409,synonymous,,-1.1999843375732606,-0.013292266709090617,-1.18669207086417,False,1.0,0.0,0.0,0.0,0.0
409,synonymous,,-0.2833394462854226,-0.017661751236162718,-0.2656776950492599,False,1.0,0.0,0.0,0.0,0.0
410,synonymous,,-0.017816818291440557,-0.02418076560366907,0.006363947312228512,False,4.0,0.0,1.0,0.0,0.25
410,synonymous,,0.002692259493853978,-0.021432881468198148,0.024125140962052125,False,4.0,0.0,1.0,0.0,0.25
410,synonymous,,0.0018010348611886481,-0.01258497811287108,0.014386012974059729,False,4.0,0.0,1.0,0.0,0.25
410,synonymous,,-0.0018950678921714082,-0.007415820815841421,0.005520752923670013,False,4.0,0.0,1.0,0.0,0.25
410,synonymous,,0.01811035567517269,-0.013292266709090617,0.03140262238426331,False,4.0,0.0,1.0,0.0,0.25
410,synonymous,,-0.0001461418766574689,-0.017661751236162718,0.01751560935950525,False,4.0,0.0,1.0,0.0,0.25
411,missense,,-0.09965829832013368,-0.02418076560366907,-0.07547753271646461,False,4.0,1.0,3.0,0.25,0.75
411,missense,,-0.04673753074310518,-0.021432881468198148,-0.025304649274907033,False,4.0,1.0,3.0,0.25,0.75
411,missense,,0.12753524492013957,-0.01258497811287108,0.14012022303301064,False,4.0,1.0,3.0,0.25,0.75
411,missense,,0.07661777835015583,-0.007415820815841421,0.08403359916599726,False,4.0,1.0,3.0,0.25,0.75
411,missense,,-0.3406330149577829,-0.013292266709090617,-0.3273407482486923,False,4.0,1.0,3.0,0.25,0.75
411,missense,,-0.07097956629584397,-0.017661751236162718,-0.05331781505968125,False,4.0,1.0,3.0,0.25,0.75
411,synonymous,,-0.004653987723059471,-0.02418076560366907,0.019526777880609598,False,2.0,0.0,0.0,0.0,0.0
411,synonymous,,0.0018927681696887327,-0.021432881468198148,0.02332564963788688,False,2.0,0.0,0.0,0.0,0.0
411,synonymous,,0.0044368084608825825,-0.01258497811287108,0.017021786573753663,False,2.0,0.0,0.0,0.0,0.0
411,synonymous,,-0.0033118720702864555,-0.007415820815841421,0.004103948745554966,False,2.0,0.0,0.0,0.0,0.0
411,synonymous,,0.012664396536386468,-0.013292266709090617,0.025956663245477084,False,2.0,0.0,0.0,0.0,0.0
411,synonymous,,-0.0025219487065279325,-0.017661751236162718,0.015139802529634785,False,2.0,0.0,0.0,0.0,0.0
412,missense,,0.027882813317925415,-0.02418076560366907,0.05206357892159448,False,2.0,0.0,2.0,0.0,1.0
412,missense,,0.1357062267202092,-0.021432881468198148,0.15713910818840737,False,2.0,0.0,2.0,0.0,1.0
412,missense,,-0.02211759583510998,-0.01258497811287108,-0.0095326177222389,False,2.0,0.0,2.0,0.0,1.0
412,missense,,0.002542329946682715,-0.007415820815841421,0.009958150762524137,False,2.0,0.0,2.0,0.0,1.0
412,missense,,0.01207910583933891,-0.013292266709090617,0.025371372548429527,False,2.0,0.0,2.0,0.0,1.0
412,missense,,0.021165567519412086,-0.017661751236162718,0.038827318755574804,False,2.0,0.0,2.0,0.0,1.0
412,synonymous,,-0.002449205692647076,-0.02418076560366907,0.021731559911021995,False,4.0,0.0,2.0,0.0,0.5
412,synonymous,,-0.0250892608511516,-0.021432881468198148,-0.0036563793829534515,False,4.0,0.0,2.0,0.0,0.5
412,synonymous,,-0.018530402653214872,-0.01258497811287108,-0.005945424540343792,False,4.0,0.0,2.0,0.0,0.5
412,synonymous,,0.005002784667287261,-0.007415820815841421,0.012418605483128682,False,4.0,0.0,2.0,0.0,0.5
412,synonymous,,-0.014615284994998215,-0.013292266709090617,-0.0013230182859075984,False,4.0,0.0,2.0,0.0,0.5
412,synonymous,,0.0095739595999086,-0.017661751236162718,0.02723571083607132,False,4.0,0.0,2.0,0.0,0.5
413,missense,,-0.5534202424595834,-0.02418076560366907,-0.5292394768559143,False,9.0,7.0,9.0,0.7777777777777778,1.0
413,missense,,-0.14404756103871413,-0.021432881468198148,-0.12261467957051599,False,9.0,7.0,9.0,0.7777777777777778,1.0
413,missense,,-0.15047343951336878,-0.01258497811287108,-0.1378884614004977,False,9.0,7.0,9.0,0.7777777777777778,1.0
413,missense,,-0.08354813341087143,-0.007415820815841421,-0.07613231259503,False,9.0,7.0,9.0,0.7777777777777778,1.0
413,missense,,-0.20682372778082256,-0.013292266709090617,-0.19353146107173194,False,9.0,7.0,9.0,0.7777777777777778,1.0
413,missense,,-0.017674380635158388,-0.017661751236162718,-1.262939899566995e-05,False,9.0,7.0,9.0,0.7777777777777778,1.0
413,synonymous,,0.1412128069421615,-0.02418076560366907,0.1653935725458306,False,1.0,0.0,0.0,0.0,0.0
413,synonymous,,-0.1271880260060916,-0.021432881468198148,-0.10575514453789346,False,1.0,0.0,0.0,0.0,0.0
413,synonymous,,-0.17530272270798125,-0.01258497811287108,-0.16271774459511018,False,1.0,0.0,0.0,0.0,0.0
413,synonymous,,0.015900236510977425,-0.007415820815841421,0.023316057326818847,False,1.0,0.0,0.0,0.0,0.0
413,synonymous,,-0.06061508671987843,-0.013292266709090617,-0.04732282001078782,False,1.0,0.0,0.0,0.0,0.0
413,synonymous,,0.04024928480070246,-0.017661751236162718,0.05791103603686518,False,1.0,0.0,0.0,0.0,0.0
414,synonymous,,-0.01679943150504149,-0.02418076560366907,0.007381334098627578,False,1.0,0.0,0.0,0.0,0.0
414,synonymous,,-0.00699911665013868,-0.021432881468198148,0.014433764818059467,False,1.0,0.0,0.0,0.0,0.0
414,synonymous,,0.028582719143396124,-0.01258497811287108,0.041167697256267205,False,1.0,0.0,0.0,0.0,0.0
414,synonymous,,-0.02076803949944488,-0.007415820815841421,-0.013352218683603458,False,1.0,0.0,0.0,0.0,0.0
414,synonymous,,-0.0007721140688888627,-0.013292266709090617,0.012520152640201754,False,1.0,0.0,0.0,0.0,0.0
414,synonymous,,0.00960786155512574,-0.017661751236162718,0.027269612791288457,False,1.0,0.0,0.0,0.0,0.0
415,missense,,-0.029152636446240544,-0.02418076560366907,-0.004971870842571474,False,3.0,2.0,2.0,0.6666666666666666,0.6666666666666666
415,missense,,-0.027778702825851966,-0.021432881468198148,-0.006345821357653818,False,3.0,2.0,2.0,0.6666666666666666,0.6666666666666666
415,missense,,0.045050664177255,-0.01258497811287108,0.05763564229012608,False,3.0,2.0,2.0,0.6666666666666666,0.6666666666666666
415,missense,,0.0021299896787836743,-0.007415820815841421,0.009545810494625096,False,3.0,2.0,2.0,0.6666666666666666,0.6666666666666666
415,missense,,0.026047661741147417,-0.013292266709090617,0.03933992845023804,False,3.0,2.0,2.0,0.6666666666666666,0.6666666666666666
415,missense,,0.0022498887315759563,-0.017661751236162718,0.019911639967738676,False,3.0,2.0,2.0,0.6666666666666666,0.6666666666666666
415,synonymous,,0.01791621873973547,-0.02418076560366907,0.04209698434340454,False,2.0,0.0,1.0,0.0,0.5
415,synonymous,,0.04858755649956461,-0.021432881468198148,0.07002043796776275,False,2.0,0.0,1.0,0.0,0.5
415,synonymous,,0.01998139463113341,-0.01258497811287108,0.03256637274400449,False,2.0,0.0,1.0,0.0,0.5
415,synonymous,,0.006833926910134388,-0.007415820815841421,0.014249747725975809,False,2.0,0.0,1.0,0.0,0.5
415,synonymous,,0.019044762356944276,-0.013292266709090617,0.03233702906603489,False,2.0,0.0,1.0,0.0,0.5
415,synonymous,,-0.021390003791901046,-0.017661751236162718,-0.0037282525557383282,False,2.0,0.0,1.0,0.0,0.5
416,missense,,-0.003851607121342837,-0.02418076560366907,0.02032915848232623,False,6.0,0.0,0.0,0.0,0.0
416,missense,,-6.068585124188051e-05,-0.021432881468198148,0.021372195616956267,False,6.0,0.0,0.0,0.0,0.0
416,missense,,0.01048759844049929,-0.01258497811287108,0.02307257655337037,False,6.0,0.0,0.0,0.0,0.0
416,missense,,-0.0045092337257798916,-0.007415820815841421,0.00290658709006153,False,6.0,0.0,0.0,0.0,0.0
416,missense,,-0.031203593017290112,-0.013292266709090617,-0.017911326308199495,False,6.0,0.0,0.0,0.0,0.0
416,missense,,0.0008842970889235271,-0.017661751236162718,0.018546048325086245,False,6.0,0.0,0.0,0.0,0.0
417,missense,,0.007726290647489848,-0.02418076560366907,0.031907056251158916,False,1.0,0.0,0.0,0.0,0.0
417,missense,,-0.008516970497212447,-0.021432881468198148,0.0129159109709857,False,1.0,0.0,0.0,0.0,0.0
417,missense,,0.011473043299438615,-0.01258497811287108,0.024058021412309696,False,1.0,0.0,0.0,0.0,0.0
417,missense,,0.0016035884810798376,-0.007415820815841421,0.00901940929692126,False,1.0,0.0,0.0,0.0,0.0
417,missense,,0.004056373199858285,-0.013292266709090617,0.0173486399089489,False,1.0,0.0,0.0,0.0,0.0
417,missense,,-0.005322835025976487,-0.017661751236162718,0.012338916210186231,False,1.0,0.0,0.0,0.0,0.0
417,synonymous,,-0.1389035336111446,-0.02418076560366907,-0.11472276800747554,False,2.0,0.0,1.0,0.0,0.5
417,synonymous,,-0.5530414248386857,-0.021432881468198148,-0.5316085433704876,False,2.0,0.0,1.0,0.0,0.5
417,synonymous,,-0.28719405527892783,-0.01258497811287108,-0.27460907716605676,False,2.0,0.0,1.0,0.0,0.5
417,synonymous,,0.0003630205794015676,-0.007415820815841421,0.007778841395242989,False,2.0,0.0,1.0,0.0,0.5
417,synonymous,,0.0005177594698556308,-0.013292266709090617,0.013810026178946248,False,2.0,0.0,1.0,0.0,0.5
417,synonymous,,-0.08131773424282318,-0.017661751236162718,-0.06365598300666046,False,2.0,0.0,1.0,0.0,0.5
418,missense,,-1.2980371367189982,-0.02418076560366907,-1.2738563711153292,False,2.0,1.0,2.0,0.5,1.0
418,missense,,-0.11759293245655526,-0.021432881468198148,-0.09616005098835712,False,2.0,1.0,2.0,0.5,1.0
418,missense,,-0.22371097194414863,-0.01258497811287108,-0.21112599383127756,False,2.0,1.0,2.0,0.5,1.0
418,missense,,-0.21719262392192668,-0.007415820815841421,-0.20977680310608526,False,2.0,1.0,2.0,0.5,1.0
418,missense,,-1.7422900011597815,-0.013292266709090617,-1.7289977344506908,False,2.0,1.0,2.0,0.5,1.0
418,missense,,-0.15292324073103528,-0.017661751236162718,-0.13526148949487254,False,2.0,1.0,2.0,0.5,1.0
418,synonymous,,-0.00546804246376273,-0.02418076560366907,0.01871272313990634,False,2.0,0.0,2.0,0.0,1.0
418,synonymous,,-0.032081735422056126,-0.021432881468198148,-0.010648853953857979,False,2.0,0.0,2.0,0.0,1.0
418,synonymous,,-0.03332127234237646,-0.01258497811287108,-0.02073629422950538,False,2.0,0.0,2.0,0.0,1.0
418,synonymous,,0.0024947971140499626,-0.007415820815841421,0.009910617929891384,False,2.0,0.0,2.0,0.0,1.0
418,synonymous,,-0.03599041402371174,-0.013292266709090617,-0.022698147314621123,False,2.0,0.0,2.0,0.0,1.0
418,synonymous,,0.0011256132249258574,-0.017661751236162718,0.018787364461088574,False,2.0,0.0,2.0,0.0,1.0
419,synonymous,,-0.010426781956682436,-0.02418076560366907,0.013753983646986634,False,5.0,0.0,2.0,0.0,0.4
419,synonymous,,0.004313842532180871,-0.021432881468198148,0.02574672400037902,False,5.0,0.0,2.0,0.0,0.4
419,synonymous,,-0.0030720396517215465,-0.01258497811287108,0.009512938461149534,False,5.0,0.0,2.0,0.0,0.4
419,synonymous,,-0.003171293501186498,-0.007415820815841421,0.004244527314654923,False,5.0,0.0,2.0,0.0,0.4
419,synonymous,,0.011029659475862229,-0.013292266709090617,0.024321926184952845,False,5.0,0.0,2.0,0.0,0.4
419,synonymous,,-0.0029159662096293446,-0.017661751236162718,0.014745785026533374,False,5.0,0.0,2.0,0.0,0.4
420,missense,,0.007078940911025626,-0.02418076560366907,0.031259706514694695,False,2.0,0.0,1.0,0.0,0.5
420,missense,,-0.03919076560052223,-0.021432881468198148,-0.017757884132324084,False,2.0,0.0,1.0,0.0,0.5
420,missense,,0.008683931215858117,-0.01258497811287108,0.0212689093287292,False,2.0,0.0,1.0,0.0,0.5
420,missense,,-0.036796715139217916,-0.007415820815841421,-0.029380894323376493,False,2.0,0.0,1.0,0.0,0.5
420,missense,,-0.009663913683403087,-0.013292266709090617,0.0036283530256875293,False,2.0,0.0,1.0,0.0,0.5
420,missense,,-0.00610385324774167,-0.017661751236162718,0.011557897988421047,False,2.0,0.0,1.0,0.0,0.5
420,synonymous,,-0.007778028528417702,-0.02418076560366907,0.016402737075251368,False,1.0,0.0,0.0,0.0,0.0
420,synonymous,,-0.0011027062656202864,-0.021432881468198148,0.020330175202577863,False,1.0,0.0,0.0,0.0,0.0
420,synonymous,,-0.0005571438924570315,-0.01258497811287108,0.01202783422041405,False,1.0,0.0,0.0,0.0,0.0
420,synonymous,,0.00313689628440418,-0.007415820815841421,0.010552717100245601,False,1.0,0.0,0.0,0.0,0.0
420,synonymous,,0.007401580922299287,-0.013292266709090617,0.020693847631389903,False,1.0,0.0,0.0,0.0,0.0
420,synonymous,,0.006773649426552944,-0.017661751236162718,0.024435400662715663,False,1.0,0.0,0.0,0.0,0.0
421,missense,,-2.0774086563840797,-0.02418076560366907,-2.0532278907804105,True,1.0,1.0,1.0,1.0,1.0
421,missense,,-1.723606257017481,-0.021432881468198148,-1.702173375549283,True,1.0,1.0,1.0,1.0,1.0
421,missense,,-1.634933833532809,-0.01258497811287108,-1.622348855419938,True,1.0,1.0,1.0,1.0,1.0
421,missense,,-1.4596224528929662,-0.007415820815841421,-1.4522066320771247,True,1.0,1.0,1.0,1.0,1.0
421,missense,,-2.0599350351344135,-0.013292266709090617,-2.046642768425323,True,1.0,1.0,1.0,1.0,1.0
421,missense,,-0.19801001393356618,-0.017661751236162718,-0.18034826269740345,True,1.0,1.0,1.0,1.0,1.0
423,synonymous,,-0.416752450038208,-0.02418076560366907,-0.39257168443453894,False,1.0,0.0,1.0,0.0,1.0
423,synonymous,,-0.1442256955507318,-0.021432881468198148,-0.12279281408253366,False,1.0,0.0,1.0,0.0,1.0
423,synonymous,,-1.1025613765744253,-0.01258497811287108,-1.0899763984615543,False,1.0,0.0,1.0,0.0,1.0
423,synonymous,,-0.2894639712455563,-0.007415820815841421,-0.2820481504297149,False,1.0,0.0,1.0,0.0,1.0
423,synonymous,,-0.7563956676809718,-0.013292266709090617,-0.7431034009718811,False,1.0,0.0,1.0,0.0,1.0
423,synonymous,,-0.2818622317378745,-0.017661751236162718,-0.2642004805017118,False,1.0,0.0,1.0,0.0,1.0
424,missense,,-0.011018919441757912,-0.02418076560366907,0.013161846161911158,False,1.0,0.0,0.0,0.0,0.0
424,missense,,0.01681448880776472,-0.021432881468198148,0.038247370275962866,False,1.0,0.0,0.0,0.0,0.0
424,missense,,0.0009920317684939625,-0.01258497811287108,0.013577009881365043,False,1.0,0.0,0.0,0.0,0.0
424,missense,,-0.015462297758572517,-0.007415820815841421,-0.008046476942731095,False,1.0,0.0,0.0,0.0,0.0
424,missense,,0.016320219491015295,-0.013292266709090617,0.02961248620010591,False,1.0,0.0,0.0,0.0,0.0
424,missense,,0.005076205821996946,-0.017661751236162718,0.022737957058159664,False,1.0,0.0,0.0,0.0,0.0
426,missense,,-0.14582736317299755,-0.02418076560366907,-0.12164659756932848,False,2.0,0.0,0.0,0.0,0.0
426,missense,,0.002986278152151005,-0.021432881468198148,0.024419159620349153,False,2.0,0.0,0.0,0.0,0.0
426,missense,,-0.04174142230106334,-0.01258497811287108,-0.02915644418819226,False,2.0,0.0,0.0,0.0,0.0
426,missense,,-0.05260010278721308,-0.007415820815841421,-0.04518428197137166,False,2.0,0.0,0.0,0.0,0.0
426,missense,,-0.004463072293767278,-0.013292266709090617,0.008829194415323338,False,2.0,0.0,0.0,0.0,0.0
426,missense,,-0.05856995127008989,-0.017661751236162718,-0.04090820003392717,False,2.0,0.0,0.0,0.0,0.0
426,synonymous,,-1.812988054152284,-0.02418076560366907,-1.788807288548615,False,1.0,1.0,1.0,1.0,1.0
426,synonymous,,0.07231766227146856,-0.021432881468198148,0.09375054373966671,False,1.0,1.0,1.0,1.0,1.0
426,synonymous,,-0.034838791897501956,-0.01258497811287108,-0.022253813784630875,False,1.0,1.0,1.0,1.0,1.0
426,synonymous,,-0.7660661230063411,-0.007415820815841421,-0.7586503021904997,False,1.0,1.0,1.0,1.0,1.0
426,synonymous,,-1.576494694619326,-0.013292266709090617,-1.5632024279102352,False,1.0,1.0,1.0,1.0,1.0
426,synonymous,,-0.04161699109564889,-0.017661751236162718,-0.023955239859486173,False,1.0,1.0,1.0,1.0,1.0
427,missense,,-0.14094164305299486,-0.02418076560366907,-0.1167608774493258,False,7.0,1.0,6.0,0.14285714285714285,0.8571428571428571
427,missense,,-0.18707615916470563,-0.021432881468198148,-0.1656432776965075,False,7.0,1.0,6.0,0.14285714285714285,0.8571428571428571
427,missense,,-0.13708409333521457,-0.01258497811287108,-0.12449911522234348,False,7.0,1.0,6.0,0.14285714285714285,0.8571428571428571
427,missense,,-0.12451766814241531,-0.007415820815841421,-0.11710184732657389,False,7.0,1.0,6.0,0.14285714285714285,0.8571428571428571
427,missense,,-0.08204765521422946,-0.013292266709090617,-0.06875538850513885,False,7.0,1.0,6.0,0.14285714285714285,0.8571428571428571
427,missense,,-0.18761252307734844,-0.017661751236162718,-0.16995077184118573,False,7.0,1.0,6.0,0.14285714285714285,0.8571428571428571
427,synonymous,,-0.007728141275835395,-0.02418076560366907,0.016452624327833676,False,11.0,4.0,8.0,0.36363636363636365,0.7272727272727273
427,synonymous,,-0.019447364970436677,-0.021432881468198148,0.0019855164977614706,False,11.0,4.0,8.0,0.36363636363636365,0.7272727272727273
427,synonymous,,-0.033887333934645984,-0.01258497811287108,-0.021302355821774904,False,11.0,4.0,8.0,0.36363636363636365,0.7272727272727273
427,synonymous,,-0.009407606897105613,-0.007415820815841421,-0.0019917860812641913,False,11.0,4.0,8.0,0.36363636363636365,0.7272727272727273
427,synonymous,,0.005924202520202475,-0.013292266709090617,0.01921646922929309,False,11.0,4.0,8.0,0.36363636363636365,0.7272727272727273
427,synonymous,,0.004366164776134865,-0.017661751236162718,0.02202791601229758,False,11.0,4.0,8.0,0.36363636363636365,0.7272727272727273
428,missense,,-2.829856023156544,-0.02418076560366907,-2.805675257552875,True,1.0,1.0,1.0,1.0,1.0
428,missense,,-2.814949065465381,-0.021432881468198148,-2.7935161839971827,True,1.0,1.0,1.0,1.0,1.0
428,missense,,-2.3372208805667456,-0.01258497811287108,-2.3246359024538745,True,1.0,1.0,1.0,1.0,1.0
428,missense,,-2.847112928897706,-0.007415820815841421,-2.8396971080818645,True,1.0,1.0,1.0,1.0,1.0
428,missense,,-2.5927132768296923,-0.013292266709090617,-2.5794210101206017,True,1.0,1.0,1.0,1.0,1.0
428,missense,,-2.2876921225308635,-0.017661751236162718,-2.270030371294701,True,1.0,1.0,1.0,1.0,1.0
428,synonymous,,0.003544780087210886,-0.02418076560366907,0.027725545690879955,False,12.0,1.0,5.0,0.08333333333333333,0.4166666666666667
428,synonymous,,-0.02485004810886283,-0.021432881468198148,-0.0034171666406646838,False,12.0,1.0,5.0,0.08333333333333333,0.4166666666666667
428,synonymous,,-0.0300519253809399,-0.01258497811287108,-0.01746694726806882,False,12.0,1.0,5.0,0.08333333333333333,0.4166666666666667
428,synonymous,,-0.0035943589833455627,-0.007415820815841421,0.0038214618324958587,False,12.0,1.0,5.0,0.08333333333333333,0.4166666666666667
428,synonymous,,-0.010423299682344027,-0.013292266709090617,0.0028689670267465894,False,12.0,1.0,5.0,0.08333333333333333,0.4166666666666667
428,synonymous,,-0.019729997266726945,-0.017661751236162718,-0.0020682460305642275,False,12.0,1.0,5.0,0.08333333333333333,0.4166666666666667
429,missense,,0.021542515490924643,-0.02418076560366907,0.04572328109459371,False,8.0,3.0,4.0,0.375,0.5
429,missense,,-0.01727291610812791,-0.021432881468198148,0.004159965360070239,False,8.0,3.0,4.0,0.375,0.5
429,missense,,-0.011175743003591245,-0.01258497811287108,0.0014092351092798352,False,8.0,3.0,4.0,0.375,0.5
429,missense,,-0.0076220748785278195,-0.007415820815841421,-0.00020625406268639807,False,8.0,3.0,4.0,0.375,0.5
429,missense,,0.010405402809323068,-0.013292266709090617,0.023697669518413685,False,8.0,3.0,4.0,0.375,0.5
429,missense,,-0.015680294803377407,-0.017661751236162718,0.0019814564327853106,False,8.0,3.0,4.0,0.375,0.5
429,synonymous,,-0.013460163727343329,-0.02418076560366907,0.010720601876325741,False,5.0,0.0,2.0,0.0,0.4
429,synonymous,,0.0052769853940267805,-0.021432881468198148,0.02670986686222493,False,5.0,0.0,2.0,0.0,0.4
429,synonymous,,-0.001608032073068633,-0.01258497811287108,0.010976946039802447,False,5.0,0.0,2.0,0.0,0.4
429,synonymous,,0.00020009948389963333,-0.007415820815841421,0.007615920299741055,False,5.0,0.0,2.0,0.0,0.4
429,synonymous,,0.007316761748720266,-0.013292266709090617,0.02060902845781088,False,5.0,0.0,2.0,0.0,0.4
429,synonymous,,0.0033853913283086925,-0.017661751236162718,0.021047142564471412,False,5.0,0.0,2.0,0.0,0.4
430,missense,,-1.8633880240399685,-0.02418076560366907,-1.8392072584362995,True,3.0,2.0,2.0,0.6666666666666666,0.6666666666666666
430,missense,,-1.321206653446165,-0.021432881468198148,-1.299773771977967,True,3.0,2.0,2.0,0.6666666666666666,0.6666666666666666
430,missense,,-1.703462822812781,-0.01258497811287108,-1.69087784469991,True,3.0,2.0,2.0,0.6666666666666666,0.6666666666666666
430,missense,,-1.7497146969888633,-0.007415820815841421,-1.7422988761730218,True,3.0,2.0,2.0,0.6666666666666666,0.6666666666666666
430,missense,,-2.092495699385578,-0.013292266709090617,-2.079203432676487,True,3.0,2.0,2.0,0.6666666666666666,0.6666666666666666
430,missense,,-0.2602232850932227,-0.017661751236162718,-0.24256153385705997,True,3.0,2.0,2.0,0.6666666666666666,0.6666666666666666
430,synonymous,,0.020136241760789538,-0.02418076560366907,0.04431700736445861,False,1.0,0.0,0.0,0.0,0.0
430,synonymous,,-0.0426272802101921,-0.021432881468198148,-0.021194398741993956,False,1.0,0.0,0.0,0.0,0.0
430,synonymous,,-0.06569655613707286,-0.01258497811287108,-0.05311157802420177,False,1.0,0.0,0.0,0.0,0.0
430,synonymous,,0.037972463672930966,-0.007415820815841421,0.045388284488772385,False,1.0,0.0,0.0,0.0,0.0
430,synonymous,,-0.03946525416103754,-0.013292266709090617,-0.026172987451946926,False,1.0,0.0,0.0,0.0,0.0
430,synonymous,,0.03417098384766719,-0.017661751236162718,0.051832735083829906,False,1.0,0.0,0.0,0.0,0.0
431,missense,,0.03940176753766887,-0.02418076560366907,0.06358253314133794,False,4.0,1.0,3.0,0.25,0.75
431,missense,,-0.08982888282655394,-0.021432881468198148,-0.06839600135835579,False,4.0,1.0,3.0,0.25,0.75
431,missense,,0.05034976908816993,-0.01258497811287108,0.06293474720104102,False,4.0,1.0,3.0,0.25,0.75
431,missense,,-0.01854962410541747,-0.007415820815841421,-0.011133803289576048,False,4.0,1.0,3.0,0.25,0.75
431,missense,,0.021498823261727244,-0.013292266709090617,0.03479108997081786,False,4.0,1.0,3.0,0.25,0.75
431,missense,,-0.05794388211828574,-0.017661751236162718,-0.04028213088212302,False,4.0,1.0,3.0,0.25,0.75
432,missense,,-0.0005089719685158193,-0.02418076560366907,0.02367179363515325,False,5.0,1.0,3.0,0.2,0.6
432,missense,,-0.013659986409903877,-0.021432881468198148,0.007772895058294271,False,5.0,1.0,3.0,0.2,0.6
432,missense,,-0.0384513327798342,-0.01258497811287108,-0.02586635466696312,False,5.0,1.0,3.0,0.2,0.6
432,missense,,-0.0007248901516962273,-0.007415820815841421,0.006690930664145194,False,5.0,1.0,3.0,0.2,0.6
432,missense,,0.04034709254538251,-0.013292266709090617,0.05363935925447313,False,5.0,1.0,3.0,0.2,0.6
432,missense,,-0.009344902746315267,-0.017661751236162718,0.00831684848984745,False,5.0,1.0,3.0,0.2,0.6
432,synonymous,,-0.002125941185623518,-0.02418076560366907,0.02205482441804555,False,12.0,3.0,3.0,0.25,0.25
432,synonymous,,-0.016992879511744767,-0.021432881468198148,0.004440001956453381,False,12.0,3.0,3.0,0.25,0.25
432,synonymous,,-0.0022607186365236516,-0.01258497811287108,0.010324259476347429,False,12.0,3.0,3.0,0.25,0.25
432,synonymous,,-0.004017079968627749,-0.007415820815841421,0.0033987408472136724,False,12.0,3.0,3.0,0.25,0.25
432,synonymous,,-0.018279201149641048,-0.013292266709090617,-0.004986934440550431,False,12.0,3.0,3.0,0.25,0.25
432,synonymous,,-0.0343390768979051,-0.017661751236162718,-0.016677325661742383,False,12.0,3.0,3.0,0.25,0.25
433,missense,,0.0039050342589887323,-0.02418076560366907,0.0280857998626578,False,7.0,0.0,4.0,0.0,0.5714285714285714
433,missense,,-0.03965662001942484,-0.021432881468198148,-0.018223738551226693,False,7.0,0.0,4.0,0.0,0.5714285714285714
433,missense,,-0.03394521171901089,-0.01258497811287108,-0.021360233606139808,False,7.0,0.0,4.0,0.0,0.5714285714285714
433,missense,,-0.006315809638236323,-0.007415820815841421,0.0011000111776050987,False,7.0,0.0,4.0,0.0,0.5714285714285714
433,missense,,0.029784195388341685,-0.013292266709090617,0.0430764620974323,False,7.0,0.0,4.0,0.0,0.5714285714285714
433,missense,,-0.01865675165363711,-0.017661751236162718,-0.0009950004174743912,False,7.0,0.0,4.0,0.0,0.5714285714285714
433,synonymous,,-0.030918709201599115,-0.02418076560366907,-0.0067379435979300455,False,7.0,0.0,1.0,0.0,0.14285714285714285
433,synonymous,,-0.011990052636356831,-0.021432881468198148,0.009442828831841317,False,7.0,0.0,1.0,0.0,0.14285714285714285
433,synonymous,,-0.08561112853377278,-0.01258497811287108,-0.0730261504209017,False,7.0,0.0,1.0,0.0,0.14285714285714285
433,synonymous,,-0.04363891761832252,-0.007415820815841421,-0.0362230968024811,False,7.0,0.0,1.0,0.0,0.14285714285714285
433,synonymous,,-0.03656524521899846,-0.013292266709090617,-0.023272978509907845,False,7.0,0.0,1.0,0.0,0.14285714285714285
433,synonymous,,-0.03556164911196914,-0.017661751236162718,-0.017899897875806425,False,7.0,0.0,1.0,0.0,0.14285714285714285
434,missense,,-0.04049091978311884,-0.02418076560366907,-0.01631015417944977,False,7.0,2.0,7.0,0.2857142857142857,1.0
434,missense,,-0.09038042579447582,-0.021432881468198148,-0.06894754432627767,False,7.0,2.0,7.0,0.2857142857142857,1.0
434,missense,,-0.26304331917470186,-0.01258497811287108,-0.2504583410618308,False,7.0,2.0,7.0,0.2857142857142857,1.0
434,missense,,-0.11547164935143536,-0.007415820815841421,-0.10805582853559394,False,7.0,2.0,7.0,0.2857142857142857,1.0
434,missense,,0.05393976965234148,-0.013292266709090617,0.0672320363614321,False,7.0,2.0,7.0,0.2857142857142857,1.0
434,missense,,-0.020341234451582365,-0.017661751236162718,-0.0026794832154196473,False,7.0,2.0,7.0,0.2857142857142857,1.0
434,synonymous,,-0.006629997301644489,-0.02418076560366907,0.01755076830202458,False,10.0,2.0,4.0,0.2,0.4
434,synonymous,,-0.02026452753250688,-0.021432881468198148,0.001168353935691268,False,10.0,2.0,4.0,0.2,0.4
434,synonymous,,0.008581965593004502,-0.01258497811287108,0.02116694370587558,False,10.0,2.0,4.0,0.2,0.4
434,synonymous,,0.01013364048106399,-0.007415820815841421,0.017549461296905412,False,10.0,2.0,4.0,0.2,0.4
434,synonymous,,-0.010226559559297767,-0.013292266709090617,0.003065707149792849,False,10.0,2.0,4.0,0.2,0.4
434,synonymous,,-0.0141698880461566,-0.017661751236162718,0.003491863190006118,False,10.0,2.0,4.0,0.2,0.4
435,missense,,-0.12051413892007257,-0.02418076560366907,-0.0963333733164035,False,6.0,1.0,2.0,0.16666666666666666,0.3333333333333333
435,missense,,-0.09679536271120767,-0.021432881468198148,-0.07536248124300952,False,6.0,1.0,2.0,0.16666666666666666,0.3333333333333333
435,missense,,-0.04915716447759968,-0.01258497811287108,-0.0365721863647286,False,6.0,1.0,2.0,0.16666666666666666,0.3333333333333333
435,missense,,-0.053529346404433964,-0.007415820815841421,-0.046113525588592545,False,6.0,1.0,2.0,0.16666666666666666,0.3333333333333333
435,missense,,-0.11682650617563056,-0.013292266709090617,-0.10353423946653995,False,6.0,1.0,2.0,0.16666666666666666,0.3333333333333333
435,missense,,-0.10126605106248326,-0.017661751236162718,-0.08360429982632055,False,6.0,1.0,2.0,0.16666666666666666,0.3333333333333333
435,synonymous,,-0.09040644075131794,-0.02418076560366907,-0.06622567514764888,False,10.0,3.0,6.0,0.3,0.6
435,synonymous,,-0.0376205376030955,-0.021432881468198148,-0.016187656134897352,False,10.0,3.0,6.0,0.3,0.6
435,synonymous,,-0.0687983878268095,-0.01258497811287108,-0.056213409713938414,False,10.0,3.0,6.0,0.3,0.6
435,synonymous,,-0.07713704170691082,-0.007415820815841421,-0.0697212208910694,False,10.0,3.0,6.0,0.3,0.6
435,synonymous,,-0.3239295131168746,-0.013292266709090617,-0.310637246407784,False,10.0,3.0,6.0,0.3,0.6
435,synonymous,,-0.037215506656431516,-0.017661751236162718,-0.019553755420268798,False,10.0,3.0,6.0,0.3,0.6
436,missense,,0.02839161149261056,-0.02418076560366907,0.05257237709627963,False,6.0,0.0,3.0,0.0,0.5
436,missense,,-0.02953594528060858,-0.021432881468198148,-0.008103063812410431,False,6.0,0.0,3.0,0.0,0.5
436,missense,,-0.007199405004237833,-0.01258497811287108,0.005385573108633248,False,6.0,0.0,3.0,0.0,0.5
436,missense,,0.00011475269682577666,-0.007415820815841421,0.007530573512667198,False,6.0,0.0,3.0,0.0,0.5
436,missense,,-0.001841696029814744,-0.013292266709090617,0.011450570679275872,False,6.0,0.0,3.0,0.0,0.5
436,missense,,-0.007494449176169784,-0.017661751236162718,0.010167302059992934,False,6.0,0.0,3.0,0.0,0.5
436,synonymous,,-0.020878697023845722,-0.02418076560366907,0.0033020685798233473,False,7.0,1.0,3.0,0.14285714285714285,0.42857142857142855
436,synonymous,,0.018734761361842697,-0.021432881468198148,0.040167642830040845,False,7.0,1.0,3.0,0.14285714285714285,0.42857142857142855
436,synonymous,,-0.02129834163247305,-0.01258497811287108,-0.00871336351960197,False,7.0,1.0,3.0,0.14285714285714285,0.42857142857142855
436,synonymous,,0.008007752908931062,-0.007415820815841421,0.015423573724772485,False,7.0,1.0,3.0,0.14285714285714285,0.42857142857142855
436,synonymous,,0.004560276421669043,-0.013292266709090617,0.01785254313075966,False,7.0,1.0,3.0,0.14285714285714285,0.42857142857142855
436,synonymous,,-0.0006394130626737067,-0.017661751236162718,0.01702233817348901,False,7.0,1.0,3.0,0.14285714285714285,0.42857142857142855
437,missense,,0.0428930495121507,-0.02418076560366907,0.06707381511581977,False,5.0,0.0,4.0,0.0,0.8
437,missense,,-0.0916268739354436,-0.021432881468198148,-0.07019399246724545,False,5.0,0.0,4.0,0.0,0.8
437,missense,,-0.0042575711899894165,-0.01258497811287108,0.008327406922881664,False,5.0,0.0,4.0,0.0,0.8
437,missense,,-0.003357431629702165,-0.007415820815841421,0.004058389186139256,False,5.0,0.0,4.0,0.0,0.8
437,missense,,0.007795156690814986,-0.013292266709090617,0.021087423399905603,False,5.0,0.0,4.0,0.0,0.8
437,missense,,-0.0038404762374424964,-0.017661751236162718,0.01382127499872022,False,5.0,0.0,4.0,0.0,0.8
437,synonymous,,-0.03458453675376209,-0.02418076560366907,-0.010403771150093024,False,16.0,2.0,7.0,0.125,0.4375
437,synonymous,,-0.009366480562073782,-0.021432881468198148,0.012066400906124366,False,16.0,2.0,7.0,0.125,0.4375
437,synonymous,,0.0013242932265911565,-0.01258497811287108,0.013909271339462237,False,16.0,2.0,7.0,0.125,0.4375
437,synonymous,,-0.017321248499418046,-0.007415820815841421,-0.009905427683576624,False,16.0,2.0,7.0,0.125,0.4375
437,synonymous,,-0.023041915352780884,-0.013292266709090617,-0.009749648643690267,False,16.0,2.0,7.0,0.125,0.4375
437,synonymous,,-0.013843444954375297,-0.017661751236162718,0.0038183062817874203,False,16.0,2.0,7.0,0.125,0.4375
438,missense,,-0.022093761183570274,-0.02418076560366907,0.002087004420098796,False,7.0,1.0,3.0,0.14285714285714285,0.42857142857142855
438,missense,,-0.0005891345549323853,-0.021432881468198148,0.02084374691326576,False,7.0,1.0,3.0,0.14285714285714285,0.42857142857142855
438,missense,,-0.0002896420818806789,-0.01258497811287108,0.012295336030990402,False,7.0,1.0,3.0,0.14285714285714285,0.42857142857142855
438,missense,,0.0036088226068165946,-0.007415820815841421,0.011024643422658017,False,7.0,1.0,3.0,0.14285714285714285,0.42857142857142855
438,missense,,0.007408746518586833,-0.013292266709090617,0.02070101322767745,False,7.0,1.0,3.0,0.14285714285714285,0.42857142857142855
438,missense,,-0.016303704934417483,-0.017661751236162718,0.0013580463017452346,False,7.0,1.0,3.0,0.14285714285714285,0.42857142857142855
438,synonymous,,-0.015379932666440629,-0.02418076560366907,0.00880083293722844,False,3.0,0.0,2.0,0.0,0.6666666666666666
438,synonymous,,-0.06534702536505778,-0.021432881468198148,-0.04391414389685963,False,3.0,0.0,2.0,0.0,0.6666666666666666
438,synonymous,,-0.0143608302073302,-0.01258497811287108,-0.001775852094459119,False,3.0,0.0,2.0,0.0,0.6666666666666666
438,synonymous,,0.030969164573135977,-0.007415820815841421,0.038384985388977395,False,3.0,0.0,2.0,0.0,0.6666666666666666
438,synonymous,,-0.03700783977996469,-0.013292266709090617,-0.023715573070874074,False,3.0,0.0,2.0,0.0,0.6666666666666666
438,synonymous,,0.03941547467972507,-0.017661751236162718,0.057077225915887785,False,3.0,0.0,2.0,0.0,0.6666666666666666
439,missense,,-0.2701040836502083,-0.02418076560366907,-0.24592331804653925,False,3.0,1.0,2.0,0.3333333333333333,0.6666666666666666
439,missense,,-0.15389620019832456,-0.021432881468198148,-0.1324633187301264,False,3.0,1.0,2.0,0.3333333333333333,0.6666666666666666
439,missense,,-0.09298573357449949,-0.01258497811287108,-0.0804007554616284,False,3.0,1.0,2.0,0.3333333333333333,0.6666666666666666
439,missense,,-0.04598979447109548,-0.007415820815841421,-0.038573973655254064,False,3.0,1.0,2.0,0.3333333333333333,0.6666666666666666
439,missense,,0.05597071956983555,-0.013292266709090617,0.06926298627892616,False,3.0,1.0,2.0,0.3333333333333333,0.6666666666666666
439,missense,,-0.07123030828876788,-0.017661751236162718,-0.05356855705260516,False,3.0,1.0,2.0,0.3333333333333333,0.6666666666666666
439,synonymous,,-0.004917985171535582,-0.02418076560366907,0.01926278043213349,False,5.0,0.0,2.0,0.0,0.4
439,synonymous,,-0.03702346337395133,-0.021432881468198148,-0.01559058190575318,False,5.0,0.0,2.0,0.0,0.4
439,synonymous,,-0.028450604013130695,-0.01258497811287108,-0.015865625900259615,False,5.0,0.0,2.0,0.0,0.4
439,synonymous,,0.009901871173415016,-0.007415820815841421,0.017317691989256437,False,5.0,0.0,2.0,0.0,0.4
439,synonymous,,-0.011072030782785576,-0.013292266709090617,0.0022202359263050406,False,5.0,0.0,2.0,0.0,0.4
439,synonymous,,0.008631058817400164,-0.017661751236162718,0.026292810053562883,False,5.0,0.0,2.0,0.0,0.4
440,missense,,-0.004222024916404643,-0.02418076560366907,0.01995874068726443,False,1.0,0.0,0.0,0.0,0.0
440,missense,,0.0007019042547373336,-0.021432881468198148,0.022134785722935483,False,1.0,0.0,0.0,0.0,0.0
440,missense,,0.16780143403566797,-0.01258497811287108,0.18038641214853904,False,1.0,0.0,0.0,0.0,0.0
440,missense,,0.002844507646743992,-0.007415820815841421,0.010260328462585414,False,1.0,0.0,0.0,0.0,0.0
440,missense,,0.021314610241732104,-0.013292266709090617,0.03460687695082272,False,1.0,0.0,0.0,0.0,0.0
440,missense,,0.029213098940115145,-0.017661751236162718,0.04687485017627786,False,1.0,0.0,0.0,0.0,0.0
440,synonymous,,-0.003105346015766176,-0.02418076560366907,0.021075419587902895,False,2.0,0.0,1.0,0.0,0.5
440,synonymous,,-0.0431065064189681,-0.021432881468198148,-0.02167362495076995,False,2.0,0.0,1.0,0.0,0.5
440,synonymous,,0.042125580464228436,-0.01258497811287108,0.05471055857709951,False,2.0,0.0,1.0,0.0,0.5
440,synonymous,,0.019833463374095334,-0.007415820815841421,0.027249284189936756,False,2.0,0.0,1.0,0.0,0.5
440,synonymous,,-0.06673367446448691,-0.013292266709090617,-0.0534414077553963,False,2.0,0.0,1.0,0.0,0.5
440,synonymous,,0.0065594282203675835,-0.017661751236162718,0.024221179456530302,False,2.0,0.0,1.0,0.0,0.5
441,missense,,-0.027167077830283038,-0.02418076560366907,-0.0029863122266139686,False,4.0,1.0,2.0,0.25,0.5
441,missense,,0.014463405710470879,-0.021432881468198148,0.03589628717866902,False,4.0,1.0,2.0,0.25,0.5
441,missense,,0.0004855674783288418,-0.01258497811287108,0.013070545591199922,False,4.0,1.0,2.0,0.25,0.5
441,missense,,0.01023419794005499,-0.007415820815841421,0.01765001875589641,False,4.0,1.0,2.0,0.25,0.5
441,missense,,0.013864683690088581,-0.013292266709090617,0.027156950399179196,False,4.0,1.0,2.0,0.25,0.5
441,missense,,-0.04026183932847974,-0.017661751236162718,-0.02260008809231702,False,4.0,1.0,2.0,0.25,0.5
441,synonymous,,-0.03162132210928117,-0.02418076560366907,-0.007440556505612098,False,2.0,2.0,2.0,1.0,1.0
441,synonymous,,-0.18594030333053724,-0.021432881468198148,-0.16450742186233908,False,2.0,2.0,2.0,1.0,1.0
441,synonymous,,-0.11366085749830793,-0.01258497811287108,-0.10107587938543684,False,2.0,2.0,2.0,1.0,1.0
441,synonymous,,-0.08167898686780709,-0.007415820815841421,-0.07426316605196566,False,2.0,2.0,2.0,1.0,1.0
441,synonymous,,-0.1576584556129131,-0.013292266709090617,-0.1443661889038225,False,2.0,2.0,2.0,1.0,1.0
441,synonymous,,-0.2020585515039671,-0.017661751236162718,-0.18439680026780436,False,2.0,2.0,2.0,1.0,1.0
442,missense,,-0.006533636156530266,-0.02418076560366907,0.017647129447138803,False,3.0,0.0,2.0,0.0,0.6666666666666666
442,missense,,0.0016072073074826561,-0.021432881468198148,0.023040088775680805,False,3.0,0.0,2.0,0.0,0.6666666666666666
442,missense,,0.012260014176370466,-0.01258497811287108,0.024844992289241547,False,3.0,0.0,2.0,0.0,0.6666666666666666
442,missense,,-0.044493588415853456,-0.007415820815841421,-0.03707776760001204,False,3.0,0.0,2.0,0.0,0.6666666666666666
442,missense,,-0.06590224084090696,-0.013292266709090617,-0.05260997413181634,False,3.0,0.0,2.0,0.0,0.6666666666666666
442,missense,,-0.030285456060712507,-0.017661751236162718,-0.012623704824549789,False,3.0,0.0,2.0,0.0,0.6666666666666666
442,synonymous,,0.0050632525236646506,-0.02418076560366907,0.02924401812733372,False,2.0,0.0,0.0,0.0,0.0
442,synonymous,,-0.0065855809398719925,-0.021432881468198148,0.014847300528326154,False,2.0,0.0,0.0,0.0,0.0
442,synonymous,,0.021411584607617957,-0.01258497811287108,0.03399656272048904,False,2.0,0.0,0.0,0.0,0.0
442,synonymous,,0.002992519020613776,-0.007415820815841421,0.010408339836455198,False,2.0,0.0,0.0,0.0,0.0
442,synonymous,,0.015331102505203772,-0.013292266709090617,0.02862336921429439,False,2.0,0.0,0.0,0.0,0.0
442,synonymous,,-0.05180313227344521,-0.017661751236162718,-0.034141381037282495,False,2.0,0.0,0.0,0.0,0.0
443,missense,,-0.2380444245461955,-0.02418076560366907,-0.21386365894252643,False,6.0,1.0,3.0,0.16666666666666666,0.5
443,missense,,0.051367328506973516,-0.021432881468198148,0.07280020997517167,False,6.0,1.0,3.0,0.16666666666666666,0.5
443,missense,,0.034256958310172086,-0.01258497811287108,0.04684193642304317,False,6.0,1.0,3.0,0.16666666666666666,0.5
443,missense,,-0.038416754740293914,-0.007415820815841421,-0.03100093392445249,False,6.0,1.0,3.0,0.16666666666666666,0.5
443,missense,,-0.5637762763540488,-0.013292266709090617,-0.5504840096449581,False,6.0,1.0,3.0,0.16666666666666666,0.5
443,missense,,0.052762536014513625,-0.017661751236162718,0.07042428725067634,False,6.0,1.0,3.0,0.16666666666666666,0.5
443,synonymous,,-0.04780161075995159,-0.02418076560366907,-0.02362084515628252,False,2.0,0.0,0.0,0.0,0.0
443,synonymous,,-0.018631589001751988,-0.021432881468198148,0.00280129246644616,False,2.0,0.0,0.0,0.0,0.0
443,synonymous,,-0.03402606178725195,-0.01258497811287108,-0.021441083674380867,False,2.0,0.0,0.0,0.0,0.0
443,synonymous,,-0.008795949832077167,-0.007415820815841421,-0.0013801290162357453,False,2.0,0.0,0.0,0.0,0.0
443,synonymous,,0.003592230409283799,-0.013292266709090617,0.016884497118374416,False,2.0,0.0,0.0,0.0,0.0
443,synonymous,,-0.02189067188176338,-0.017661751236162718,-0.004228920645600664,False,2.0,0.0,0.0,0.0,0.0
444,missense,,-1.8729398948648779,-0.02418076560366907,-1.8487591292612089,True,3.0,2.0,3.0,0.6666666666666666,1.0
444,missense,,-0.8417796693554565,-0.021432881468198148,-0.8203467878872583,True,3.0,2.0,3.0,0.6666666666666666,1.0
444,missense,,-0.7954808826044819,-0.01258497811287108,-0.7828959044916108,True,3.0,2.0,3.0,0.6666666666666666,1.0
444,missense,,-1.4808432008435746,-0.007415820815841421,-1.473427380027733,True,3.0,2.0,3.0,0.6666666666666666,1.0
444,missense,,-1.807881093563447,-0.013292266709090617,-1.7945888268543564,True,3.0,2.0,3.0,0.6666666666666666,1.0
444,missense,,-0.13173275433235712,-0.017661751236162718,-0.1140710030961944,True,3.0,2.0,3.0,0.6666666666666666,1.0
444,synonymous,,0.0025112361451405116,-0.02418076560366907,0.02669200174880958,False,1.0,0.0,0.0,0.0,0.0
444,synonymous,,-0.06484237764561741,-0.021432881468198148,-0.043409496177419266,False,1.0,0.0,0.0,0.0,0.0
444,synonymous,,-0.001874284832350181,-0.01258497811287108,0.0107106932805209,False,1.0,0.0,0.0,0.0,0.0
444,synonymous,,0.00794622331376112,-0.007415820815841421,0.015362044129602542,False,1.0,0.0,0.0,0.0,0.0
444,synonymous,,-0.07015679645768988,-0.013292266709090617,-0.05686452974859926,False,1.0,0.0,0.0,0.0,0.0
444,synonymous,,0.016876194348762467,-0.017661751236162718,0.034537945584925185,False,1.0,0.0,0.0,0.0,0.0
445,missense,,-2.1402377449061776,-0.02418076560366907,-2.1160569793025084,True,2.0,1.0,2.0,0.5,1.0
445,missense,,-0.9703248446812149,-0.021432881468198148,-0.9488919632130168,True,2.0,1.0,2.0,0.5,1.0
445,missense,,-1.2759726861985903,-0.01258497811287108,-1.2633877080857192,True,2.0,1.0,2.0,0.5,1.0
445,missense,,-1.496333359965979,-0.007415820815841421,-1.4889175391501375,True,2.0,1.0,2.0,0.5,1.0
445,missense,,-1.7592146157647575,-0.013292266709090617,-1.7459223490556668,True,2.0,1.0,2.0,0.5,1.0
445,missense,,-0.29946605505696516,-0.017661751236162718,-0.28180430382080246,True,2.0,1.0,2.0,0.5,1.0
445,synonymous,,-0.027837203644189106,-0.02418076560366907,-0.0036564380405200367,False,1.0,0.0,1.0,0.0,1.0
445,synonymous,,0.02227014251534761,-0.021432881468198148,0.04370302398354576,False,1.0,0.0,1.0,0.0,1.0
445,synonymous,,0.0009777483630029542,-0.01258497811287108,0.013562726475874035,False,1.0,0.0,1.0,0.0,1.0
445,synonymous,,0.013313977761580083,-0.007415820815841421,0.020729798577421504,False,1.0,0.0,1.0,0.0,1.0
445,synonymous,,0.019362857944931637,-0.013292266709090617,0.032655124654022254,False,1.0,0.0,1.0,0.0,1.0
445,synonymous,,-0.02373133782086385,-0.017661751236162718,-0.006069586584701133,False,1.0,0.0,1.0,0.0,1.0
447,missense,,-0.056661038365813446,-0.02418076560366907,-0.03248027276214438,False,3.0,0.0,1.0,0.0,0.3333333333333333
447,missense,,-0.00019488985211034266,-0.021432881468198148,0.021237991616087804,False,3.0,0.0,1.0,0.0,0.3333333333333333
447,missense,,-0.01636651051477873,-0.01258497811287108,-0.00378153240190765,False,3.0,0.0,1.0,0.0,0.3333333333333333
447,missense,,-0.04163913364461461,-0.007415820815841421,-0.03422331282877319,False,3.0,0.0,1.0,0.0,0.3333333333333333
447,missense,,0.010132107283458236,-0.013292266709090617,0.023424373992548854,False,3.0,0.0,1.0,0.0,0.3333333333333333
447,missense,,-0.09229281211052999,-0.017661751236162718,-0.07463106087436727,False,3.0,0.0,1.0,0.0,0.3333333333333333
447,synonymous,,-0.03053707710786095,-0.02418076560366907,-0.006356311504191879,False,5.0,1.0,3.0,0.2,0.6
447,synonymous,,-0.025559285067935655,-0.021432881468198148,-0.004126403599737507,False,5.0,1.0,3.0,0.2,0.6
447,synonymous,,-0.025884723573337185,-0.01258497811287108,-0.013299745460466104,False,5.0,1.0,3.0,0.2,0.6
447,synonymous,,0.010466293231685537,-0.007415820815841421,0.01788211404752696,False,5.0,1.0,3.0,0.2,0.6
447,synonymous,,-0.0038206889512429226,-0.013292266709090617,0.009471577757847694,False,5.0,1.0,3.0,0.2,0.6
447,synonymous,,-0.004899881467498508,-0.017661751236162718,0.01276186976866421,False,5.0,1.0,3.0,0.2,0.6
448,missense,,-0.032769556941031196,-0.02418076560366907,-0.008588791337362126,False,5.0,1.0,1.0,0.2,0.2
448,missense,,-0.01901025189865615,-0.021432881468198148,0.0024226295695419994,False,5.0,1.0,1.0,0.2,0.2
448,missense,,0.013645410104080227,-0.01258497811287108,0.026230388216951308,False,5.0,1.0,1.0,0.2,0.2
448,missense,,-0.02525180126549479,-0.007415820815841421,-0.017835980449653368,False,5.0,1.0,1.0,0.2,0.2
448,missense,,-0.068424316645109,-0.013292266709090617,-0.05513204993601839,False,5.0,1.0,1.0,0.2,0.2
448,missense,,0.021821909969942713,-0.017661751236162718,0.03948366120610543,False,5.0,1.0,1.0,0.2,0.2
448,synonymous,,0.02306155489841436,-0.02418076560366907,0.04724232050208343,False,4.0,1.0,2.0,0.25,0.5
448,synonymous,,-0.033541530169519114,-0.021432881468198148,-0.012108648701320966,False,4.0,1.0,2.0,0.25,0.5
448,synonymous,,0.0004694149839492053,-0.01258497811287108,0.013054393096820285,False,4.0,1.0,2.0,0.25,0.5
448,synonymous,,0.0048973641022024145,-0.007415820815841421,0.012313184918043837,False,4.0,1.0,2.0,0.25,0.5
448,synonymous,,-0.03472143878433261,-0.013292266709090617,-0.021429172075241996,False,4.0,1.0,2.0,0.25,0.5
448,synonymous,,0.008877987451406898,-0.017661751236162718,0.026539738687569616,False,4.0,1.0,2.0,0.25,0.5
449,missense,,0.00732448329889182,-0.02418076560366907,0.03150524890256089,False,4.0,0.0,2.0,0.0,0.5
449,missense,,-0.03049000827065799,-0.021432881468198148,-0.009057126802459844,False,4.0,0.0,2.0,0.0,0.5
449,missense,,0.0036148751283549656,-0.01258497811287108,0.016199853241226046,False,4.0,0.0,2.0,0.0,0.5
449,missense,,-0.0041766520057023426,-0.007415820815841421,0.003239168810139079,False,4.0,0.0,2.0,0.0,0.5
449,missense,,-0.011230670903718567,-0.013292266709090617,0.0020615958053720497,False,4.0,0.0,2.0,0.0,0.5
449,missense,,-0.018757921270279733,-0.017661751236162718,-0.0010961700341170152,False,4.0,0.0,2.0,0.0,0.5
449,synonymous,,0.006077067132345443,-0.02418076560366907,0.03025783273601451,False,6.0,0.0,0.0,0.0,0.0
449,synonymous,,-0.020242453278102056,-0.021432881468198148,0.001190428190096092,False,6.0,0.0,0.0,0.0,0.0
449,synonymous,,-0.03911724507856887,-0.01258497811287108,-0.026532266965697788,False,6.0,0.0,0.0,0.0,0.0
449,synonymous,,-0.0034894202921475393,-0.007415820815841421,0.003926400523693882,False,6.0,0.0,0.0,0.0,0.0
449,synonymous,,-0.03029569766440774,-0.013292266709090617,-0.017003430955317124,False,6.0,0.0,0.0,0.0,0.0
449,synonymous,,-0.022384216363615983,-0.017661751236162718,-0.004722465127453265,False,6.0,0.0,0.0,0.0,0.0
450,missense,,-0.05536085558102383,-0.02418076560366907,-0.031180089977354757,False,7.0,0.0,0.0,0.0,0.0
450,missense,,-0.022517450743926592,-0.021432881468198148,-0.001084569275728444,False,7.0,0.0,0.0,0.0,0.0
450,missense,,-0.025765105131104627,-0.01258497811287108,-0.013180127018233546,False,7.0,0.0,0.0,0.0,0.0
450,missense,,-0.032903214951006635,-0.007415820815841421,-0.025487394135165212,False,7.0,0.0,0.0,0.0,0.0
450,missense,,-0.03139212996481681,-0.013292266709090617,-0.01809986325572619,False,7.0,0.0,0.0,0.0,0.0
450,missense,,-0.008841506836335522,-0.017661751236162718,0.008820244399827195,False,7.0,0.0,0.0,0.0,0.0
450,synonymous,,-0.008872979113058866,-0.02418076560366907,0.015307786490610204,False,7.0,0.0,1.0,0.0,0.14285714285714285
450,synonymous,,0.0014991488741492344,-0.021432881468198148,0.022932030342347382,False,7.0,0.0,1.0,0.0,0.14285714285714285
450,synonymous,,0.0016809859453761431,-0.01258497811287108,0.014265964058247224,False,7.0,0.0,1.0,0.0,0.14285714285714285
450,synonymous,,0.0007257401183350631,-0.007415820815841421,0.008141560934176485,False,7.0,0.0,1.0,0.0,0.14285714285714285
450,synonymous,,-0.007760035915479624,-0.013292266709090617,0.005532230793610993,False,7.0,0.0,1.0,0.0,0.14285714285714285
450,synonymous,,-0.007633181358861452,-0.017661751236162718,0.010028569877301266,False,7.0,0.0,1.0,0.0,0.14285714285714285
451,missense,,-0.0067070211483163805,-0.02418076560366907,0.01747374445535269,False,6.0,1.0,4.0,0.16666666666666666,0.6666666666666666
451,missense,,-0.029536612713785285,-0.021432881468198148,-0.008103731245587137,False,6.0,1.0,4.0,0.16666666666666666,0.6666666666666666
451,missense,,0.01287837020991929,-0.01258497811287108,0.02546334832279037,False,6.0,1.0,4.0,0.16666666666666666,0.6666666666666666
451,missense,,-0.007540765890852777,-0.007415820815841421,-0.0001249450750113552,False,6.0,1.0,4.0,0.16666666666666666,0.6666666666666666
451,missense,,0.004984372381720206,-0.013292266709090617,0.01827663909081082,False,6.0,1.0,4.0,0.16666666666666666,0.6666666666666666
451,missense,,-0.022633335912544163,-0.017661751236162718,-0.004971584676381445,False,6.0,1.0,4.0,0.16666666666666666,0.6666666666666666
451,synonymous,,0.0070910939913314,-0.02418076560366907,0.03127185959500047,False,3.0,1.0,2.0,0.3333333333333333,0.6666666666666666
451,synonymous,,-0.22992176576092294,-0.021432881468198148,-0.20848888429272477,False,3.0,1.0,2.0,0.3333333333333333,0.6666666666666666
451,synonymous,,-0.05679018851482281,-0.01258497811287108,-0.04420521040195173,False,3.0,1.0,2.0,0.3333333333333333,0.6666666666666666
451,synonymous,,-0.3231896536303075,-0.007415820815841421,-0.3157738328144661,False,3.0,1.0,2.0,0.3333333333333333,0.6666666666666666
451,synonymous,,-0.08781505438422743,-0.013292266709090617,-0.07452278767513681,False,3.0,1.0,2.0,0.3333333333333333,0.6666666666666666
451,synonymous,,-0.3586122942113262,-0.017661751236162718,-0.3409505429751635,False,3.0,1.0,2.0,0.3333333333333333,0.6666666666666666
452,missense,,-0.05571811139745776,-0.02418076560366907,-0.031537345793788696,False,4.0,0.0,1.0,0.0,0.25
452,missense,,-0.03281070508635028,-0.021432881468198148,-0.011377823618152129,False,4.0,0.0,1.0,0.0,0.25
452,missense,,-0.03457596317184679,-0.01258497811287108,-0.021990985058975707,False,4.0,0.0,1.0,0.0,0.25
452,missense,,0.03449086243060977,-0.007415820815841421,0.041906683246451186,False,4.0,0.0,1.0,0.0,0.25
452,missense,,-0.08628619799564816,-0.013292266709090617,-0.07299393128655754,False,4.0,0.0,1.0,0.0,0.25
452,missense,,-0.026584329063388337,-0.017661751236162718,-0.008922577827225619,False,4.0,0.0,1.0,0.0,0.25
452,synonymous,,-0.0012559531520567313,-0.02418076560366907,0.022924812451612337,False,4.0,0.0,2.0,0.0,0.5
452,synonymous,,0.0012384497499768785,-0.021432881468198148,0.022671331218175026,False,4.0,0.0,2.0,0.0,0.5
452,synonymous,,0.017169450853225725,-0.01258497811287108,0.029754428966096806,False,4.0,0.0,2.0,0.0,0.5
452,synonymous,,-0.0003011725649390996,-0.007415820815841421,0.007114648250902322,False,4.0,0.0,2.0,0.0,0.5
452,synonymous,,0.004108605322854431,-0.013292266709090617,0.01740087203194505,False,4.0,0.0,2.0,0.0,0.5
452,synonymous,,-0.003601420942714194,-0.017661751236162718,0.014060330293448524,False,4.0,0.0,2.0,0.0,0.5
453,missense,,-0.013837873876029307,-0.02418076560366907,0.010342891727639763,False,3.0,0.0,0.0,0.0,0.0
453,missense,,0.003033084166569862,-0.021432881468198148,0.024465965634768008,False,3.0,0.0,0.0,0.0,0.0
453,missense,,-0.0335472113699278,-0.01258497811287108,-0.020962233257056716,False,3.0,0.0,0.0,0.0,0.0
453,missense,,-0.007591148787368178,-0.007415820815841421,-0.0001753279715267569,False,3.0,0.0,0.0,0.0,0.0
453,missense,,-0.017812174774880108,-0.013292266709090617,-0.0045199080657894915,False,3.0,0.0,0.0,0.0,0.0
453,missense,,-0.0034426276979289826,-0.017661751236162718,0.014219123538233736,False,3.0,0.0,0.0,0.0,0.0
453,synonymous,,-0.06370022807228849,-0.02418076560366907,-0.039519462468619426,False,10.0,1.0,3.0,0.1,0.3
453,synonymous,,-0.016771860878187123,-0.021432881468198148,0.0046610205900110245,False,10.0,1.0,3.0,0.1,0.3
453,synonymous,,-0.041312442016766794,-0.01258497811287108,-0.028727463903895713,False,10.0,1.0,3.0,0.1,0.3
453,synonymous,,-0.024714018248022634,-0.007415820815841421,-0.017298197432181212,False,10.0,1.0,3.0,0.1,0.3
453,synonymous,,-0.0022751988526813053,-0.013292266709090617,0.011017067856409312,False,10.0,1.0,3.0,0.1,0.3
453,synonymous,,-0.05454127587852223,-0.017661751236162718,-0.03687952464235951,False,10.0,1.0,3.0,0.1,0.3
454,missense,,-0.0074550022252890796,-0.02418076560366907,0.01672576337837999,False,2.0,0.0,0.0,0.0,0.0
454,missense,,0.000325268138178131,-0.021432881468198148,0.02175814960637628,False,2.0,0.0,0.0,0.0,0.0
454,missense,,0.005507992772557897,-0.01258497811287108,0.018092970885428977,False,2.0,0.0,0.0,0.0,0.0
454,missense,,-0.012344927474480072,-0.007415820815841421,-0.0049291066586386505,False,2.0,0.0,0.0,0.0,0.0
454,missense,,0.002384751470824846,-0.013292266709090617,0.015677018179915462,False,2.0,0.0,0.0,0.0,0.0
454,missense,,-0.01763641061154486,-0.017661751236162718,2.5340624617856133e-05,False,2.0,0.0,0.0,0.0,0.0
454,synonymous,,0.01219500606997588,-0.02418076560366907,0.03637577167364495,False,1.0,0.0,0.0,0.0,0.0
454,synonymous,,-0.03601519506389763,-0.021432881468198148,-0.014582313595699482,False,1.0,0.0,0.0,0.0,0.0
454,synonymous,,0.015182244100662627,-0.01258497811287108,0.027767222213533706,False,1.0,0.0,0.0,0.0,0.0
454,synonymous,,0.007701834980408554,-0.007415820815841421,0.015117655796249976,False,1.0,0.0,0.0,0.0,0.0
454,synonymous,,-0.010052741983094072,-0.013292266709090617,0.0032395247259965447,False,1.0,0.0,0.0,0.0,0.0
454,synonymous,,0.01059597080148402,-0.017661751236162718,0.02825772203764674,False,1.0,0.0,0.0,0.0,0.0
456,missense,,-0.02056256590289175,-0.02418076560366907,0.0036181997007773206,False,6.0,1.0,3.0,0.16666666666666666,0.5
456,missense,,-0.019879777548522208,-0.021432881468198148,0.0015531039196759397,False,6.0,1.0,3.0,0.16666666666666666,0.5
456,missense,,-0.049268150368369915,-0.01258497811287108,-0.03668317225549883,False,6.0,1.0,3.0,0.16666666666666666,0.5
456,missense,,-0.03702254268860221,-0.007415820815841421,-0.029606721872760786,False,6.0,1.0,3.0,0.16666666666666666,0.5
456,missense,,0.00814671035006161,-0.013292266709090617,0.021438977059152226,False,6.0,1.0,3.0,0.16666666666666666,0.5
456,missense,,-0.028580580709960193,-0.017661751236162718,-0.010918829473797475,False,6.0,1.0,3.0,0.16666666666666666,0.5
456,synonymous,,-0.02324388009752953,-0.02418076560366907,0.0009368855061395384,False,4.0,0.0,2.0,0.0,0.5
456,synonymous,,-0.0097343565155662,-0.021432881468198148,0.011698524952631947,False,4.0,0.0,2.0,0.0,0.5
456,synonymous,,0.050084932379784765,-0.01258497811287108,0.06266991049265584,False,4.0,0.0,2.0,0.0,0.5
456,synonymous,,-0.08038392586046565,-0.007415820815841421,-0.07296810504462423,False,4.0,0.0,2.0,0.0,0.5
456,synonymous,,0.005619872777087219,-0.013292266709090617,0.018912139486177836,False,4.0,0.0,2.0,0.0,0.5
456,synonymous,,0.023367159708674565,-0.017661751236162718,0.04102891094483728,False,4.0,0.0,2.0,0.0,0.5
457,missense,,-0.3607099670986162,-0.02418076560366907,-0.33652920149494714,False,3.0,1.0,3.0,0.3333333333333333,1.0
457,missense,,-0.36195443390604864,-0.021432881468198148,-0.3405215524378505,False,3.0,1.0,3.0,0.3333333333333333,1.0
457,missense,,-0.874427881208744,-0.01258497811287108,-0.861842903095873,False,3.0,1.0,3.0,0.3333333333333333,1.0
457,missense,,-0.42437994328068807,-0.007415820815841421,-0.41696412246484665,False,3.0,1.0,3.0,0.3333333333333333,1.0
457,missense,,-0.42346601402488154,-0.013292266709090617,-0.4101737473157909,False,3.0,1.0,3.0,0.3333333333333333,1.0
457,missense,,-0.07392722744175458,-0.017661751236162718,-0.05626547620559186,False,3.0,1.0,3.0,0.3333333333333333,1.0
457,synonymous,,-0.03263241993669794,-0.02418076560366907,-0.008451654333028868,False,9.0,2.0,3.0,0.2222222222222222,0.3333333333333333
457,synonymous,,-0.015084994803477669,-0.021432881468198148,0.006347886664720479,False,9.0,2.0,3.0,0.2222222222222222,0.3333333333333333
457,synonymous,,-0.02092899385272576,-0.01258497811287108,-0.00834401573985468,False,9.0,2.0,3.0,0.2222222222222222,0.3333333333333333
457,synonymous,,-0.0026260951827055596,-0.007415820815841421,0.004789725633135861,False,9.0,2.0,3.0,0.2222222222222222,0.3333333333333333
457,synonymous,,-0.007992380020356394,-0.013292266709090617,0.005299886688734223,False,9.0,2.0,3.0,0.2222222222222222,0.3333333333333333
457,synonymous,,-0.07553070224116519,-0.017661751236162718,-0.05786895100500247,False,9.0,2.0,3.0,0.2222222222222222,0.3333333333333333
458,missense,,0.003773467114276707,-0.02418076560366907,0.027954232717945775,False,5.0,1.0,2.0,0.2,0.4
458,missense,,-0.03979698666527795,-0.021432881468198148,-0.018364105197079802,False,5.0,1.0,2.0,0.2,0.4
458,missense,,-0.015091562878665548,-0.01258497811287108,-0.002506584765794467,False,5.0,1.0,2.0,0.2,0.4
458,missense,,-0.04298740471030825,-0.007415820815841421,-0.03557158389446683,False,5.0,1.0,2.0,0.2,0.4
458,missense,,-0.048101661049700165,-0.013292266709090617,-0.03480939434060955,False,5.0,1.0,2.0,0.2,0.4
458,missense,,-0.045134803300341975,-0.017661751236162718,-0.027473052064179257,False,5.0,1.0,2.0,0.2,0.4
458,synonymous,,-0.04709445734016887,-0.02418076560366907,-0.022913691736499802,False,2.0,1.0,2.0,0.5,1.0
458,synonymous,,0.06664022501278469,-0.021432881468198148,0.08807310648098284,False,2.0,1.0,2.0,0.5,1.0
458,synonymous,,-0.016616785446106685,-0.01258497811287108,-0.004031807333235604,False,2.0,1.0,2.0,0.5,1.0
458,synonymous,,0.12695960966622205,-0.007415820815841421,0.13437543048206346,False,2.0,1.0,2.0,0.5,1.0
458,synonymous,,-0.21312194527842176,-0.013292266709090617,-0.19982967856933115,False,2.0,1.0,2.0,0.5,1.0
458,synonymous,,-0.2280065261187996,-0.017661751236162718,-0.21034477488263686,False,2.0,1.0,2.0,0.5,1.0
459,missense,,0.10087753028301524,-0.02418076560366907,0.12505829588668432,False,2.0,1.0,1.0,0.5,0.5
459,missense,,-0.12132925346616082,-0.021432881468198148,-0.09989637199796267,False,2.0,1.0,1.0,0.5,0.5
459,missense,,-0.03468323530537975,-0.01258497811287108,-0.02209825719250867,False,2.0,1.0,1.0,0.5,0.5
459,missense,,-0.06667393118271991,-0.007415820815841421,-0.059258110366878496,False,2.0,1.0,1.0,0.5,0.5
459,missense,,0.019680604801880715,-0.013292266709090617,0.032972871510971336,False,2.0,1.0,1.0,0.5,0.5
459,missense,,-0.01084250689109523,-0.017661751236162718,0.006819244345067487,False,2.0,1.0,1.0,0.5,0.5
459,synonymous,,-0.10353138975131983,-0.02418076560366907,-0.07935062414765076,False,4.0,0.0,2.0,0.0,0.5
459,synonymous,,-0.16542256879565848,-0.021432881468198148,-0.14398968732746031,False,4.0,0.0,2.0,0.0,0.5
459,synonymous,,-0.30070978144633265,-0.01258497811287108,-0.2881248033334616,False,4.0,0.0,2.0,0.0,0.5
459,synonymous,,0.13045656863601374,-0.007415820815841421,0.13787238945185515,False,4.0,0.0,2.0,0.0,0.5
459,synonymous,,-0.013804380606082271,-0.013292266709090617,-0.0005121138969916544,False,4.0,0.0,2.0,0.0,0.5
459,synonymous,,-0.035837667776511345,-0.017661751236162718,-0.018175916540348627,False,4.0,0.0,2.0,0.0,0.5
460,missense,,-1.9018527138554706,-0.02418076560366907,-1.8776719482518016,True,1.0,1.0,1.0,1.0,1.0
460,missense,,-0.46880147327682214,-0.021432881468198148,-0.447368591808624,True,1.0,1.0,1.0,1.0,1.0
460,missense,,-0.47708392835997565,-0.01258497811287108,-0.4644989502471046,True,1.0,1.0,1.0,1.0,1.0
460,missense,,-1.1879812510766323,-0.007415820815841421,-1.1805654302607909,True,1.0,1.0,1.0,1.0,1.0
460,missense,,-1.6982507369250825,-0.013292266709090617,-1.6849584702159919,True,1.0,1.0,1.0,1.0,1.0
460,missense,,-0.01898653300571456,-0.017661751236162718,-0.001324781769551843,True,1.0,1.0,1.0,1.0,1.0
460,synonymous,,-0.05255195002104367,-0.02418076560366907,-0.028371184417374597,False,3.0,2.0,2.0,0.6666666666666666,0.6666666666666666
460,synonymous,,-0.0049792204200450624,-0.021432881468198148,0.016453661048153087,False,3.0,2.0,2.0,0.6666666666666666,0.6666666666666666
460,synonymous,,-0.03966941776434474,-0.01258497811287108,-0.027084439651473658,False,3.0,2.0,2.0,0.6666666666666666,0.6666666666666666
460,synonymous,,0.010345838091495647,-0.007415820815841421,0.01776165890733707,False,3.0,2.0,2.0,0.6666666666666666,0.6666666666666666
460,synonymous,,0.0013846477412693694,-0.013292266709090617,0.014676914450359986,False,3.0,2.0,2.0,0.6666666666666666,0.6666666666666666
460,synonymous,,-0.006753089669833808,-0.017661751236162718,0.010908661566328911,False,3.0,2.0,2.0,0.6666666666666666,0.6666666666666666
461,missense,,0.014447900466332158,-0.02418076560366907,0.038628666070001226,False,5.0,0.0,2.0,0.0,0.4
461,missense,,-0.034449714355335385,-0.021432881468198148,-0.013016832887137238,False,5.0,0.0,2.0,0.0,0.4
461,missense,,0.04780200018279911,-0.01258497811287108,0.06038697829567019,False,5.0,0.0,2.0,0.0,0.4
461,missense,,-0.03864892294400394,-0.007415820815841421,-0.031233102128162517,False,5.0,0.0,2.0,0.0,0.4
461,missense,,-0.012872327569596996,-0.013292266709090617,0.0004199391394936209,False,5.0,0.0,2.0,0.0,0.4
461,missense,,-0.03675870057932589,-0.017661751236162718,-0.019096949343163173,False,5.0,0.0,2.0,0.0,0.4
461,synonymous,,-0.15732521914905742,-0.02418076560366907,-0.13314445354538834,False,6.0,0.0,4.0,0.0,0.6666666666666666
461,synonymous,,-0.1987071663389158,-0.021432881468198148,-0.17727428487071767,False,6.0,0.0,4.0,0.0,0.6666666666666666
461,synonymous,,-0.0565190623945527,-0.01258497811287108,-0.04393408428168162,False,6.0,0.0,4.0,0.0,0.6666666666666666
461,synonymous,,-0.027764675856715503,-0.007415820815841421,-0.02034885504087408,False,6.0,0.0,4.0,0.0,0.6666666666666666
461,synonymous,,-0.1162464050355753,-0.013292266709090617,-0.10295413832648469,False,6.0,0.0,4.0,0.0,0.6666666666666666
461,synonymous,,-0.013256251840844106,-0.017661751236162718,0.004405499395318611,False,6.0,0.0,4.0,0.0,0.6666666666666666
462,missense,,0.04939751294497247,-0.02418076560366907,0.07357827854864155,False,2.0,0.0,1.0,0.0,0.5
462,missense,,-0.2742141116610136,-0.021432881468198148,-0.25278123019281545,False,2.0,0.0,1.0,0.0,0.5
462,missense,,0.023098269873051247,-0.01258497811287108,0.03568324798592233,False,2.0,0.0,1.0,0.0,0.5
462,missense,,0.004456021162449821,-0.007415820815841421,0.011871841978291242,False,2.0,0.0,1.0,0.0,0.5
462,missense,,0.021348342713267292,-0.013292266709090617,0.03464060942235791,False,2.0,0.0,1.0,0.0,0.5
462,missense,,0.004004054503082219,-0.017661751236162718,0.021665805739244936,False,2.0,0.0,1.0,0.0,0.5
462,synonymous,,0.04233398343876977,-0.02418076560366907,0.06651474904243884,False,2.0,0.0,0.0,0.0,0.0
462,synonymous,,-0.006999659189244396,-0.021432881468198148,0.014433222278953751,False,2.0,0.0,0.0,0.0,0.0
462,synonymous,,0.012175715089771912,-0.01258497811287108,0.024760693202642993,False,2.0,0.0,0.0,0.0,0.0
462,synonymous,,-0.016982742014215433,-0.007415820815841421,-0.00956692119837401,False,2.0,0.0,0.0,0.0,0.0
462,synonymous,,0.04149024736109457,-0.013292266709090617,0.05478251407018519,False,2.0,0.0,0.0,0.0,0.0
462,synonymous,,-0.043498682793630214,-0.017661751236162718,-0.025836931557467496,False,2.0,0.0,0.0,0.0,0.0
463,missense,,-0.10886745523475291,-0.02418076560366907,-0.08468668963108385,False,2.0,0.0,1.0,0.0,0.5
463,missense,,-0.1838145696280744,-0.021432881468198148,-0.16238168815987625,False,2.0,0.0,1.0,0.0,0.5
463,missense,,0.014681382790503008,-0.01258497811287108,0.027266360903374087,False,2.0,0.0,1.0,0.0,0.5
463,missense,,-0.04638805448555811,-0.007415820815841421,-0.038972233669716694,False,2.0,0.0,1.0,0.0,0.5
463,missense,,0.007150891238930533,-0.013292266709090617,0.02044315794802115,False,2.0,0.0,1.0,0.0,0.5
463,missense,,-0.12470734858651092,-0.017661751236162718,-0.1070455973503482,False,2.0,0.0,1.0,0.0,0.5
463,synonymous,,-0.010574575110149125,-0.02418076560366907,0.013606190493519944,False,4.0,1.0,2.0,0.25,0.5
463,synonymous,,0.0317848351056889,-0.021432881468198148,0.05321771657388705,False,4.0,1.0,2.0,0.25,0.5
463,synonymous,,0.09330159148294263,-0.01258497811287108,0.10588656959581372,False,4.0,1.0,2.0,0.25,0.5
463,synonymous,,-0.07282010145429715,-0.007415820815841421,-0.06540428063845573,False,4.0,1.0,2.0,0.25,0.5
463,synonymous,,-0.002718276027681858,-0.013292266709090617,0.010573990681408758,False,4.0,1.0,2.0,0.25,0.5
463,synonymous,,-0.021649515298637834,-0.017661751236162718,-0.003987764062475117,False,4.0,1.0,2.0,0.25,0.5
464,missense,,-0.03553267964954156,-0.02418076560366907,-0.011351914045872488,False,9.0,1.0,4.0,0.1111111111111111,0.4444444444444444
464,missense,,-0.01801038259340689,-0.021432881468198148,0.0034224988747912563,False,9.0,1.0,4.0,0.1111111111111111,0.4444444444444444
464,missense,,-0.02158355983268807,-0.01258497811287108,-0.00899858171981699,False,9.0,1.0,4.0,0.1111111111111111,0.4444444444444444
464,missense,,-0.04553734022573897,-0.007415820815841421,-0.03812151940989755,False,9.0,1.0,4.0,0.1111111111111111,0.4444444444444444
464,missense,,-0.06139427501251576,-0.013292266709090617,-0.04810200830342514,False,9.0,1.0,4.0,0.1111111111111111,0.4444444444444444
464,missense,,-0.005543701791653561,-0.017661751236162718,0.012118049444509157,False,9.0,1.0,4.0,0.1111111111111111,0.4444444444444444
464,synonymous,,-0.02418532144229305,-0.02418076560366907,-4.555838623979125e-06,False,4.0,0.0,2.0,0.0,0.5
464,synonymous,,-0.05375155983176393,-0.021432881468198148,-0.032318678363565785,False,4.0,0.0,2.0,0.0,0.5
464,synonymous,,-0.08173591006410053,-0.01258497811287108,-0.06915093195122944,False,4.0,0.0,2.0,0.0,0.5
464,synonymous,,-0.08847340197507804,-0.007415820815841421,-0.08105758115923661,False,4.0,0.0,2.0,0.0,0.5
464,synonymous,,0.0070794865076526155,-0.013292266709090617,0.020371753216743234,False,4.0,0.0,2.0,0.0,0.5
464,synonymous,,0.024007993816890203,-0.017661751236162718,0.04166974505305292,False,4.0,0.0,2.0,0.0,0.5
465,missense,,0.012858215020528481,-0.02418076560366907,0.037038980624197554,False,9.0,0.0,2.0,0.0,0.2222222222222222
465,missense,,0.005120825799908591,-0.021432881468198148,0.026553707268106738,False,9.0,0.0,2.0,0.0,0.2222222222222222
465,missense,,-0.017052554887681648,-0.01258497811287108,-0.004467576774810567,False,9.0,0.0,2.0,0.0,0.2222222222222222
465,missense,,-0.0015829696374311643,-0.007415820815841421,0.005832851178410257,False,9.0,0.0,2.0,0.0,0.2222222222222222
465,missense,,0.012353550527503105,-0.013292266709090617,0.02564581723659372,False,9.0,0.0,2.0,0.0,0.2222222222222222
465,missense,,0.01018883542461526,-0.017661751236162718,0.027850586660777978,False,9.0,0.0,2.0,0.0,0.2222222222222222
466,missense,,-0.02533159933517351,-0.02418076560366907,-0.0011508337315044408,False,9.0,2.0,7.0,0.2222222222222222,0.7777777777777778
466,missense,,-0.18704015312897837,-0.021432881468198148,-0.1656072716607802,False,9.0,2.0,7.0,0.2222222222222222,0.7777777777777778
466,missense,,-0.09500799734909592,-0.01258497811287108,-0.08242301923622483,False,9.0,2.0,7.0,0.2222222222222222,0.7777777777777778
466,missense,,-0.11993063672224445,-0.007415820815841421,-0.11251481590640303,False,9.0,2.0,7.0,0.2222222222222222,0.7777777777777778
466,missense,,0.04663290438516732,-0.013292266709090617,0.059925171094257934,False,9.0,2.0,7.0,0.2222222222222222,0.7777777777777778
466,missense,,-0.16649790383008842,-0.017661751236162718,-0.14883615259392569,False,9.0,2.0,7.0,0.2222222222222222,0.7777777777777778
466,synonymous,,-0.006439460076261036,-0.02418076560366907,0.017741305527408033,False,1.0,0.0,0.0,0.0,0.0
466,synonymous,,-0.026214645266768186,-0.021432881468198148,-0.004781763798570038,False,1.0,0.0,0.0,0.0,0.0
466,synonymous,,-0.012457823529477986,-0.01258497811287108,0.0001271545833930951,False,1.0,0.0,0.0,0.0,0.0
466,synonymous,,0.008875037215235054,-0.007415820815841421,0.016290858031076477,False,1.0,0.0,0.0,0.0,0.0
466,synonymous,,0.03269630903370943,-0.013292266709090617,0.04598857574280005,False,1.0,0.0,0.0,0.0,0.0
466,synonymous,,-0.028464397295022287,-0.017661751236162718,-0.010802646058859569,False,1.0,0.0,0.0,0.0,0.0
467,missense,,0.027200255252330423,-0.02418076560366907,0.05138102085599949,False,5.0,2.0,2.0,0.4,0.4
467,missense,,-0.024471959500251213,-0.021432881468198148,-0.0030390780320530657,False,5.0,2.0,2.0,0.4,0.4
467,missense,,-0.003552895684174389,-0.01258497811287108,0.009032082428696691,False,5.0,2.0,2.0,0.4,0.4
467,missense,,-0.005230787191962514,-0.007415820815841421,0.002185033623878907,False,5.0,2.0,2.0,0.4,0.4
467,missense,,0.021393727762428788,-0.013292266709090617,0.034685994471519405,False,5.0,2.0,2.0,0.4,0.4
467,missense,,0.002354177917721706,-0.017661751236162718,0.020015929153884424,False,5.0,2.0,2.0,0.4,0.4
467,synonymous,,-0.06186679338599602,-0.02418076560366907,-0.03768602778232695,False,5.0,1.0,2.0,0.2,0.4
467,synonymous,,-0.010213134225693732,-0.021432881468198148,0.011219747242504416,False,5.0,1.0,2.0,0.2,0.4
467,synonymous,,0.019804297093727323,-0.01258497811287108,0.0323892752065984,False,5.0,1.0,2.0,0.2,0.4
467,synonymous,,-0.03180782765751615,-0.007415820815841421,-0.024392006841674727,False,5.0,1.0,2.0,0.2,0.4
467,synonymous,,0.009578469146372651,-0.013292266709090617,0.022870735855463266,False,5.0,1.0,2.0,0.2,0.4
467,synonymous,,-0.03992801441580946,-0.017661751236162718,-0.022266263179646743,False,5.0,1.0,2.0,0.2,0.4
468,missense,,0.015439237750694472,-0.02418076560366907,0.03962000335436354,False,3.0,1.0,2.0,0.3333333333333333,0.6666666666666666
468,missense,,-0.054821863977422794,-0.021432881468198148,-0.033388982509224646,False,3.0,1.0,2.0,0.3333333333333333,0.6666666666666666
468,missense,,-0.0885332330470715,-0.01258497811287108,-0.07594825493420042,False,3.0,1.0,2.0,0.3333333333333333,0.6666666666666666
468,missense,,0.003358467356758717,-0.007415820815841421,0.010774288172600139,False,3.0,1.0,2.0,0.3333333333333333,0.6666666666666666
468,missense,,0.02298306408921676,-0.013292266709090617,0.03627533079830737,False,3.0,1.0,2.0,0.3333333333333333,0.6666666666666666
468,missense,,-0.09239629924651785,-0.017661751236162718,-0.07473454801035513,False,3.0,1.0,2.0,0.3333333333333333,0.6666666666666666
468,synonymous,,-0.6412293714416654,-0.02418076560366907,-0.6170486058379963,False,2.0,0.0,2.0,0.0,1.0
468,synonymous,,-0.52130537506564,-0.021432881468198148,-0.49987249359744185,False,2.0,0.0,2.0,0.0,1.0
468,synonymous,,0.20440644138903252,-0.01258497811287108,0.2169914195019036,False,2.0,0.0,2.0,0.0,1.0
468,synonymous,,-0.12027153842184034,-0.007415820815841421,-0.11285571760599891,False,2.0,0.0,2.0,0.0,1.0
468,synonymous,,-0.38133060212342834,-0.013292266709090617,-0.3680383354143377,False,2.0,0.0,2.0,0.0,1.0
468,synonymous,,-0.3412868214768227,-0.017661751236162718,-0.32362507024066,False,2.0,0.0,2.0,0.0,1.0
469,missense,,-0.033117043264403165,-0.02418076560366907,-0.008936277660734095,False,5.0,2.0,2.0,0.4,0.4
469,missense,,-0.07089938050986788,-0.021432881468198148,-0.049466499041669734,False,5.0,2.0,2.0,0.4,0.4
469,missense,,0.0704075383152008,-0.01258497811287108,0.08299251642807189,False,5.0,2.0,2.0,0.4,0.4
469,missense,,-0.021283720642216456,-0.007415820815841421,-0.013867899826375034,False,5.0,2.0,2.0,0.4,0.4
469,missense,,0.01699241227582802,-0.013292266709090617,0.030284678984918635,False,5.0,2.0,2.0,0.4,0.4
469,missense,,-0.02080693896918696,-0.017661751236162718,-0.0031451877330242427,False,5.0,2.0,2.0,0.4,0.4
469,synonymous,,-0.05895241826747873,-0.02418076560366907,-0.03477165266380966,False,4.0,1.0,3.0,0.25,0.75
469,synonymous,,-0.06065194063553527,-0.021432881468198148,-0.039219059167337124,False,4.0,1.0,3.0,0.25,0.75
469,synonymous,,0.03870754612361836,-0.01258497811287108,0.051292524236489445,False,4.0,1.0,3.0,0.25,0.75
469,synonymous,,0.002062314384305946,-0.007415820815841421,0.009478135200147368,False,4.0,1.0,3.0,0.25,0.75
469,synonymous,,-0.0173914866990937,-0.013292266709090617,-0.004099219990003084,False,4.0,1.0,3.0,0.25,0.75
469,synonymous,,-0.01586000564442457,-0.017661751236162718,0.0018017455917381485,False,4.0,1.0,3.0,0.25,0.75
470,missense,,0.02551384809833357,-0.02418076560366907,0.049694613702002635,False,4.0,0.0,1.0,0.0,0.25
470,missense,,-0.13560856833262186,-0.021432881468198148,-0.11417568686442371,False,4.0,0.0,1.0,0.0,0.25
470,missense,,-0.03275280429161515,-0.01258497811287108,-0.02016782617874407,False,4.0,0.0,1.0,0.0,0.25
470,missense,,-0.024266756953125756,-0.007415820815841421,-0.016850936137284334,False,4.0,0.0,1.0,0.0,0.25
470,missense,,0.0164989678753881,-0.013292266709090617,0.029791234584478715,False,4.0,0.0,1.0,0.0,0.25
470,missense,,0.019775260111266776,-0.017661751236162718,0.037437011347429494,False,4.0,0.0,1.0,0.0,0.25
470,synonymous,,-0.028753610010649147,-0.02418076560366907,-0.004572844406980078,False,7.0,1.0,3.0,0.14285714285714285,0.42857142857142855
470,synonymous,,-0.023191753921535115,-0.021432881468198148,-0.0017588724533369668,False,7.0,1.0,3.0,0.14285714285714285,0.42857142857142855
470,synonymous,,-0.04829991719088283,-0.01258497811287108,-0.03571493907801175,False,7.0,1.0,3.0,0.14285714285714285,0.42857142857142855
470,synonymous,,-0.01912589020453024,-0.007415820815841421,-0.011710069388688817,False,7.0,1.0,3.0,0.14285714285714285,0.42857142857142855
470,synonymous,,-0.04343307429350058,-0.013292266709090617,-0.030140807584409963,False,7.0,1.0,3.0,0.14285714285714285,0.42857142857142855
470,synonymous,,-0.021204536583777845,-0.017661751236162718,-0.0035427853476151273,False,7.0,1.0,3.0,0.14285714285714285,0.42857142857142855
471,missense,,0.039838274891440886,-0.02418076560366907,0.06401904049510995,False,4.0,0.0,3.0,0.0,0.75
471,missense,,-0.03746861504919744,-0.021432881468198148,-0.016035733580999294,False,4.0,0.0,3.0,0.0,0.75
471,missense,,-0.0353470226647506,-0.01258497811287108,-0.02276204455187952,False,4.0,0.0,3.0,0.0,0.75
471,missense,,-0.03783527774616955,-0.007415820815841421,-0.030419456930328128,False,4.0,0.0,3.0,0.0,0.75
471,missense,,0.021452531132576894,-0.013292266709090617,0.03474479784166751,False,4.0,0.0,3.0,0.0,0.75
471,missense,,0.009172509426397975,-0.017661751236162718,0.026834260662560692,False,4.0,0.0,3.0,0.0,0.75
471,synonymous,,-0.24698132263586578,-0.02418076560366907,-0.2228005570321967,False,2.0,0.0,1.0,0.0,0.5
471,synonymous,,0.12547957794385114,-0.021432881468198148,0.14691245941204928,False,2.0,0.0,1.0,0.0,0.5
471,synonymous,,-0.4676271678441943,-0.01258497811287108,-0.4550421897313232,False,2.0,0.0,1.0,0.0,0.5
471,synonymous,,0.015282044473418766,-0.007415820815841421,0.022697865289260186,False,2.0,0.0,1.0,0.0,0.5
471,synonymous,,-0.08258738667306818,-0.013292266709090617,-0.06929511996397757,False,2.0,0.0,1.0,0.0,0.5
471,synonymous,,0.11945706469048387,-0.017661751236162718,0.1371188159266466,False,2.0,0.0,1.0,0.0,0.5
472,missense,,-0.019870158537995748,-0.02418076560366907,0.004310607065673322,False,7.0,1.0,5.0,0.14285714285714285,0.7142857142857143
472,missense,,-0.0005935429246609858,-0.021432881468198148,0.020839338543537162,False,7.0,1.0,5.0,0.14285714285714285,0.7142857142857143
472,missense,,-0.025808607225735993,-0.01258497811287108,-0.013223629112864912,False,7.0,1.0,5.0,0.14285714285714285,0.7142857142857143
472,missense,,-0.019102280083388223,-0.007415820815841421,-0.0116864592675468,False,7.0,1.0,5.0,0.14285714285714285,0.7142857142857143
472,missense,,0.042163555541831876,-0.013292266709090617,0.05545582225092249,False,7.0,1.0,5.0,0.14285714285714285,0.7142857142857143
472,missense,,-0.019052389819184286,-0.017661751236162718,-0.0013906385830215681,False,7.0,1.0,5.0,0.14285714285714285,0.7142857142857143
472,synonymous,,0.1804049274918767,-0.02418076560366907,0.20458569309554578,False,2.0,1.0,2.0,0.5,1.0
472,synonymous,,-0.3831888290465584,-0.021432881468198148,-0.3617559475783602,False,2.0,1.0,2.0,0.5,1.0
472,synonymous,,-0.2667151156924253,-0.01258497811287108,-0.2541301375795542,False,2.0,1.0,2.0,0.5,1.0
472,synonymous,,-0.028213305574015347,-0.007415820815841421,-0.020797484758173924,False,2.0,1.0,2.0,0.5,1.0
472,synonymous,,-0.001312225090047238,-0.013292266709090617,0.01198004161904338,False,2.0,1.0,2.0,0.5,1.0
472,synonymous,,-0.5137469967876024,-0.017661751236162718,-0.4960852455514397,False,2.0,1.0,2.0,0.5,1.0
473,missense,,-0.01959466096120915,-0.02418076560366907,0.004586104642459919,False,4.0,1.0,2.0,0.25,0.5
473,missense,,0.09035359978552276,-0.021432881468198148,0.11178648125372091,False,4.0,1.0,2.0,0.25,0.5
473,missense,,-0.11773868754429273,-0.01258497811287108,-0.10515370943142165,False,4.0,1.0,2.0,0.25,0.5
473,missense,,0.030035166286044645,-0.007415820815841421,0.03745098710188607,False,4.0,1.0,2.0,0.25,0.5
473,missense,,0.03343526335846684,-0.013292266709090617,0.046727530067557456,False,4.0,1.0,2.0,0.25,0.5
473,missense,,-0.18069739338383167,-0.017661751236162718,-0.16303564214766897,False,4.0,1.0,2.0,0.25,0.5
473,synonymous,,-0.03131696665211116,-0.02418076560366907,-0.007136201048442089,False,1.0,0.0,1.0,0.0,1.0
473,synonymous,,0.013468427571502564,-0.021432881468198148,0.03490130903970071,False,1.0,0.0,1.0,0.0,1.0
473,synonymous,,0.24088698661093377,-0.01258497811287108,0.25347196472380484,False,1.0,0.0,1.0,0.0,1.0
473,synonymous,,-0.02913905496482569,-0.007415820815841421,-0.021723234148984267,False,1.0,0.0,1.0,0.0,1.0
473,synonymous,,0.0542447971684361,-0.013292266709090617,0.06753706387752673,False,1.0,0.0,1.0,0.0,1.0
473,synonymous,,0.016869696241261962,-0.017661751236162718,0.034531447477424676,False,1.0,0.0,1.0,0.0,1.0
474,missense,,0.05423522619053022,-0.02418076560366907,0.0784159917941993,False,1.0,0.0,0.0,0.0,0.0
474,missense,,0.013869925161807548,-0.021432881468198148,0.03530280663000569,False,1.0,0.0,0.0,0.0,0.0
474,missense,,-0.016166499825851787,-0.01258497811287108,-0.0035815217129807064,False,1.0,0.0,0.0,0.0,0.0
474,missense,,-0.05140014137892136,-0.007415820815841421,-0.043984320563079944,False,1.0,0.0,0.0,0.0,0.0
474,missense,,0.0298140051485023,-0.013292266709090617,0.043106271857592915,False,1.0,0.0,0.0,0.0,0.0
474,missense,,0.030038216254620553,-0.017661751236162718,0.04769996749078327,False,1.0,0.0,0.0,0.0,0.0
474,synonymous,,-0.014175617247434474,-0.02418076560366907,0.010005148356234596,False,2.0,0.0,1.0,0.0,0.5
474,synonymous,,-0.11356399895934237,-0.021432881468198148,-0.09213111749114422,False,2.0,0.0,1.0,0.0,0.5
474,synonymous,,-0.158621870914838,-0.01258497811287108,-0.14603689280196694,False,2.0,0.0,1.0,0.0,0.5
474,synonymous,,-0.0034968784725288556,-0.007415820815841421,0.003918942343312566,False,2.0,0.0,1.0,0.0,0.5
474,synonymous,,0.04720399435084626,-0.013292266709090617,0.06049626105993688,False,2.0,0.0,1.0,0.0,0.5
474,synonymous,,-0.06993413364684735,-0.017661751236162718,-0.05227238241068463,False,2.0,0.0,1.0,0.0,0.5
475,missense,,-0.009529616377342445,-0.02418076560366907,0.014651149226326625,False,2.0,0.0,1.0,0.0,0.5
475,missense,,0.0032519333675496472,-0.021432881468198148,0.024684814835747797,False,2.0,0.0,1.0,0.0,0.5
475,missense,,0.013832685141617907,-0.01258497811287108,0.026417663254488986,False,2.0,0.0,1.0,0.0,0.5
475,missense,,-0.012635307939806946,-0.007415820815841421,-0.0052194871239655246,False,2.0,0.0,1.0,0.0,0.5
475,missense,,0.009414831412309452,-0.013292266709090617,0.02270709812140007,False,2.0,0.0,1.0,0.0,0.5
475,missense,,-0.07566954732040965,-0.017661751236162718,-0.05800779608424693,False,2.0,0.0,1.0,0.0,0.5
475,synonymous,,-0.22654703840741366,-0.02418076560366907,-0.20236627280374458,False,5.0,0.0,2.0,0.0,0.4
475,synonymous,,-0.1665553192344372,-0.021432881468198148,-0.14512243776623907,False,5.0,0.0,2.0,0.0,0.4
475,synonymous,,-0.15793431219362375,-0.01258497811287108,-0.14534933408075268,False,5.0,0.0,2.0,0.0,0.4
475,synonymous,,-0.13664334803096742,-0.007415820815841421,-0.129227527215126,False,5.0,0.0,2.0,0.0,0.4
475,synonymous,,-0.1424077048120201,-0.013292266709090617,-0.12911543810292947,False,5.0,0.0,2.0,0.0,0.4
475,synonymous,,-0.07339996394380115,-0.017661751236162718,-0.05573821270763843,False,5.0,0.0,2.0,0.0,0.4
476,missense,,-0.09322222736857062,-0.02418076560366907,-0.06904146176490156,False,4.0,1.0,3.0,0.25,0.75
476,missense,,-0.0992513327154646,-0.021432881468198148,-0.07781845124726645,False,4.0,1.0,3.0,0.25,0.75
476,missense,,-0.0675944943661869,-0.01258497811287108,-0.05500951625331582,False,4.0,1.0,3.0,0.25,0.75
476,missense,,0.04100568849879127,-0.007415820815841421,0.04842150931463269,False,4.0,1.0,3.0,0.25,0.75
476,missense,,-0.014917635677016462,-0.013292266709090617,-0.0016253689679258457,False,4.0,1.0,3.0,0.25,0.75
476,missense,,-0.09433918963088585,-0.017661751236162718,-0.07667743839472313,False,4.0,1.0,3.0,0.25,0.75
476,synonymous,,0.0013842833095777695,-0.02418076560366907,0.02556504891324684,False,5.0,1.0,2.0,0.2,0.4
476,synonymous,,0.009382540041963448,-0.021432881468198148,0.030815421510161596,False,5.0,1.0,2.0,0.2,0.4
476,synonymous,,-0.0257026806824008,-0.01258497811287108,-0.01311770256952972,False,5.0,1.0,2.0,0.2,0.4
476,synonymous,,-0.038086550625851374,-0.007415820815841421,-0.030670729810009952,False,5.0,1.0,2.0,0.2,0.4
476,synonymous,,0.007218811495841788,-0.013292266709090617,0.020511078204932406,False,5.0,1.0,2.0,0.2,0.4
476,synonymous,,-0.010980458976766064,-0.017661751236162718,0.006681292259396654,False,5.0,1.0,2.0,0.2,0.4
477,missense,,0.0184694400133348,-0.02418076560366907,0.04265020561700387,False,10.0,1.0,4.0,0.1,0.4
477,missense,,-0.11192104657314549,-0.021432881468198148,-0.09048816510494734,False,10.0,1.0,4.0,0.1,0.4
477,missense,,-0.0069084991674628745,-0.01258497811287108,0.005676478945408206,False,10.0,1.0,4.0,0.1,0.4
477,missense,,0.005075265264543188,-0.007415820815841421,0.01249108608038461,False,10.0,1.0,4.0,0.1,0.4
477,missense,,-0.0030043170447480584,-0.013292266709090617,0.010287949664342558,False,10.0,1.0,4.0,0.1,0.4
477,missense,,-0.005117409209230035,-0.017661751236162718,0.012544342026932682,False,10.0,1.0,4.0,0.1,0.4
477,synonymous,,-0.019487652487248035,-0.02418076560366907,0.004693113116421035,False,5.0,0.0,0.0,0.0,0.0
477,synonymous,,0.00802961181348956,-0.021432881468198148,0.029462493281687707,False,5.0,0.0,0.0,0.0,0.0
477,synonymous,,-0.006842054004077614,-0.01258497811287108,0.005742924108793466,False,5.0,0.0,0.0,0.0,0.0
477,synonymous,,0.0037981182194416103,-0.007415820815841421,0.011213939035283033,False,5.0,0.0,0.0,0.0,0.0
477,synonymous,,0.0007448755815539752,-0.013292266709090617,0.014037142290644592,False,5.0,0.0,0.0,0.0,0.0
477,synonymous,,-0.04424368163960589,-0.017661751236162718,-0.02658193040344317,False,5.0,0.0,0.0,0.0,0.0
478,missense,,0.02419579171676389,-0.02418076560366907,0.04837655732043296,False,6.0,0.0,3.0,0.0,0.5
478,missense,,-0.010895792281264935,-0.021432881468198148,0.010537089186933213,False,6.0,0.0,3.0,0.0,0.5
478,missense,,-0.0709947520116695,-0.01258497811287108,-0.05840977389879842,False,6.0,0.0,3.0,0.0,0.5
478,missense,,-0.0893262110471887,-0.007415820815841421,-0.08191039023134727,False,6.0,0.0,3.0,0.0,0.5
478,missense,,-0.1358523883047696,-0.013292266709090617,-0.12256012159567897,False,6.0,0.0,3.0,0.0,0.5
478,missense,,-0.005749830257308809,-0.017661751236162718,0.011911920978853909,False,6.0,0.0,3.0,0.0,0.5
478,synonymous,,-0.058191646511038274,-0.02418076560366907,-0.0340108809073692,False,9.0,3.0,4.0,0.3333333333333333,0.4444444444444444
478,synonymous,,0.01077529232825661,-0.021432881468198148,0.032208173796454756,False,9.0,3.0,4.0,0.3333333333333333,0.4444444444444444
478,synonymous,,-0.07058322232202355,-0.01258497811287108,-0.057998244209152464,False,9.0,3.0,4.0,0.3333333333333333,0.4444444444444444
478,synonymous,,0.007958343435571743,-0.007415820815841421,0.015374164251413164,False,9.0,3.0,4.0,0.3333333333333333,0.4444444444444444
478,synonymous,,-0.027247101116275884,-0.013292266709090617,-0.013954834407185267,False,9.0,3.0,4.0,0.3333333333333333,0.4444444444444444
478,synonymous,,-0.019475270666789113,-0.017661751236162718,-0.0018135194306263952,False,9.0,3.0,4.0,0.3333333333333333,0.4444444444444444
479,missense,,-0.46182112031362155,-0.02418076560366907,-0.4376403547099525,False,1.0,0.0,0.0,0.0,0.0
479,missense,,-0.7558708383870714,-0.021432881468198148,-0.7344379569188733,False,1.0,0.0,0.0,0.0,0.0
479,missense,,-0.7539093520921238,-0.01258497811287108,-0.7413243739792528,False,1.0,0.0,0.0,0.0,0.0
479,missense,,-0.11514104199755816,-0.007415820815841421,-0.10772522118171673,False,1.0,0.0,0.0,0.0,0.0
479,missense,,-0.2291308944099694,-0.013292266709090617,-0.21583862770087878,False,1.0,0.0,0.0,0.0,0.0
479,missense,,-0.4173874334397073,-0.017661751236162718,-0.3997256822035446,False,1.0,0.0,0.0,0.0,0.0
479,synonymous,,-0.07820618307284813,-0.02418076560366907,-0.05402541746917906,False,11.0,1.0,6.0,0.09090909090909091,0.5454545454545454
479,synonymous,,-0.0527125427754515,-0.021432881468198148,-0.031279661307253355,False,11.0,1.0,6.0,0.09090909090909091,0.5454545454545454
479,synonymous,,0.07055631015353804,-0.01258497811287108,0.08314128826640912,False,11.0,1.0,6.0,0.09090909090909091,0.5454545454545454
479,synonymous,,-0.04211971417186622,-0.007415820815841421,-0.0347038933560248,False,11.0,1.0,6.0,0.09090909090909091,0.5454545454545454
479,synonymous,,-0.08454552523564758,-0.013292266709090617,-0.07125325852655696,False,11.0,1.0,6.0,0.09090909090909091,0.5454545454545454
479,synonymous,,-0.028361562416345576,-0.017661751236162718,-0.010699811180182858,False,11.0,1.0,6.0,0.09090909090909091,0.5454545454545454
480,missense,,0.05074522401735355,-0.02418076560366907,0.07492598962102262,False,6.0,0.0,2.0,0.0,0.3333333333333333
480,missense,,-0.04655095348091275,-0.021432881468198148,-0.025118072012714605,False,6.0,0.0,2.0,0.0,0.3333333333333333
480,missense,,-0.02240692819585807,-0.01258497811287108,-0.009821950082986988,False,6.0,0.0,2.0,0.0,0.3333333333333333
480,missense,,-0.011599283643185895,-0.007415820815841421,-0.004183462827344474,False,6.0,0.0,2.0,0.0,0.3333333333333333
480,missense,,-0.008656901958669312,-0.013292266709090617,0.004635364750421304,False,6.0,0.0,2.0,0.0,0.3333333333333333
480,missense,,0.02545342357972083,-0.017661751236162718,0.04311517481588355,False,6.0,0.0,2.0,0.0,0.3333333333333333
480,synonymous,,-0.08286662627735199,-0.02418076560366907,-0.05868586067368292,False,11.0,1.0,5.0,0.09090909090909091,0.45454545454545453
480,synonymous,,-0.2619951269884789,-0.021432881468198148,-0.24056224552028072,False,11.0,1.0,5.0,0.09090909090909091,0.45454545454545453
480,synonymous,,-0.07428684337844109,-0.01258497811287108,-0.061701865265570005,False,11.0,1.0,5.0,0.09090909090909091,0.45454545454545453
480,synonymous,,-0.016701640833992316,-0.007415820815841421,-0.009285820018150894,False,11.0,1.0,5.0,0.09090909090909091,0.45454545454545453
480,synonymous,,-0.07429362369585349,-0.013292266709090617,-0.06100135698676287,False,11.0,1.0,5.0,0.09090909090909091,0.45454545454545453
480,synonymous,,-0.09901122078434144,-0.017661751236162718,-0.08134946954817872,False,11.0,1.0,5.0,0.09090909090909091,0.45454545454545453
481,missense,,-0.14137729643636332,-0.02418076560366907,-0.11719653083269425,False,9.0,1.0,3.0,0.1111111111111111,0.3333333333333333
481,missense,,-0.010759535045264949,-0.021432881468198148,0.010673346422933199,False,9.0,1.0,3.0,0.1111111111111111,0.3333333333333333
481,missense,,-0.021907761938976412,-0.01258497811287108,-0.009322783826105331,False,9.0,1.0,3.0,0.1111111111111111,0.3333333333333333
481,missense,,-0.030495006993133008,-0.007415820815841421,-0.023079186177291586,False,9.0,1.0,3.0,0.1111111111111111,0.3333333333333333
481,missense,,0.015613926222995908,-0.013292266709090617,0.028906192932086523,False,9.0,1.0,3.0,0.1111111111111111,0.3333333333333333
481,missense,,-0.04418241672717733,-0.017661751236162718,-0.02652066549101461,False,9.0,1.0,3.0,0.1111111111111111,0.3333333333333333
481,synonymous,,-0.052701707269415914,-0.02418076560366907,-0.028520941665746844,False,13.0,2.0,7.0,0.15384615384615385,0.5384615384615384
481,synonymous,,-0.025440134611758754,-0.021432881468198148,-0.004007253143560607,False,13.0,2.0,7.0,0.15384615384615385,0.5384615384615384
481,synonymous,,-0.05723440386013439,-0.01258497811287108,-0.04464942574726331,False,13.0,2.0,7.0,0.15384615384615385,0.5384615384615384
481,synonymous,,-0.0003901149029138803,-0.007415820815841421,0.007025705912927541,False,13.0,2.0,7.0,0.15384615384615385,0.5384615384615384
481,synonymous,,-0.00017584390003463028,-0.013292266709090617,0.013116422809055986,False,13.0,2.0,7.0,0.15384615384615385,0.5384615384615384
481,synonymous,,-0.048130928022522945,-0.017661751236162718,-0.030469176786360228,False,13.0,2.0,7.0,0.15384615384615385,0.5384615384615384
482,missense,,-0.06362655316408557,-0.02418076560366907,-0.0394457875604165,False,11.0,1.0,4.0,0.09090909090909091,0.36363636363636365
482,missense,,-0.016023197266659416,-0.021432881468198148,0.0054096842015387316,False,11.0,1.0,4.0,0.09090909090909091,0.36363636363636365
482,missense,,-0.004506444151951861,-0.01258497811287108,0.00807853396091922,False,11.0,1.0,4.0,0.09090909090909091,0.36363636363636365
482,missense,,-0.007271358082425647,-0.007415820815841421,0.000144462733415774,False,11.0,1.0,4.0,0.09090909090909091,0.36363636363636365
482,missense,,-0.08437116027913444,-0.013292266709090617,-0.07107889357004382,False,11.0,1.0,4.0,0.09090909090909091,0.36363636363636365
482,missense,,0.0015154535767286665,-0.017661751236162718,0.019177204812891382,False,11.0,1.0,4.0,0.09090909090909091,0.36363636363636365
482,synonymous,,0.021080433622842357,-0.02418076560366907,0.04526119922651142,False,6.0,1.0,2.0,0.16666666666666666,0.3333333333333333
482,synonymous,,0.00410154655573907,-0.021432881468198148,0.025534428023937218,False,6.0,1.0,2.0,0.16666666666666666,0.3333333333333333
482,synonymous,,0.025175439362667817,-0.01258497811287108,0.0377604174755389,False,6.0,1.0,2.0,0.16666666666666666,0.3333333333333333
482,synonymous,,-0.006281650472536482,-0.007415820815841421,0.0011341703433049395,False,6.0,1.0,2.0,0.16666666666666666,0.3333333333333333
482,synonymous,,-0.018644530291643428,-0.013292266709090617,-0.005352263582552811,False,6.0,1.0,2.0,0.16666666666666666,0.3333333333333333
482,synonymous,,0.01848349278541956,-0.017661751236162718,0.03614524402158228,False,6.0,1.0,2.0,0.16666666666666666,0.3333333333333333
483,missense,,0.006713179850072718,-0.02418076560366907,0.030893945453741786,False,3.0,0.0,1.0,0.0,0.3333333333333333
483,missense,,-0.026790951915741098,-0.021432881468198148,-0.00535807044754295,False,3.0,0.0,1.0,0.0,0.3333333333333333
483,missense,,0.020035611489698534,-0.01258497811287108,0.03262058960256961,False,3.0,0.0,1.0,0.0,0.3333333333333333
483,missense,,-0.007748630518907296,-0.007415820815841421,-0.0003328097030658745,False,3.0,0.0,1.0,0.0,0.3333333333333333
483,missense,,-0.010868922618617403,-0.013292266709090617,0.002423344090473213,False,3.0,0.0,1.0,0.0,0.3333333333333333
483,missense,,-0.038213307817013736,-0.017661751236162718,-0.02055155658085102,False,3.0,0.0,1.0,0.0,0.3333333333333333
483,synonymous,,-0.002946093356818376,-0.02418076560366907,0.021234672246850692,False,4.0,1.0,1.0,0.25,0.25
483,synonymous,,0.0019420512364243232,-0.021432881468198148,0.023374932704622473,False,4.0,1.0,1.0,0.25,0.25
483,synonymous,,-0.017933819177136198,-0.01258497811287108,-0.0053488410642651175,False,4.0,1.0,1.0,0.25,0.25
483,synonymous,,0.008321549808835193,-0.007415820815841421,0.015737370624676613,False,4.0,1.0,1.0,0.25,0.25
483,synonymous,,0.0250446723602551,-0.013292266709090617,0.03833693906934572,False,4.0,1.0,1.0,0.25,0.25
483,synonymous,,0.003436957395563122,-0.017661751236162718,0.02109870863172584,False,4.0,1.0,1.0,0.25,0.25
484,missense,,0.0027878280943291205,-0.02418076560366907,0.02696859369799819,False,10.0,1.0,4.0,0.1,0.4
484,missense,,-0.02571375815531009,-0.021432881468198148,-0.004280876687111943,False,10.0,1.0,4.0,0.1,0.4
484,missense,,-0.026119991483053516,-0.01258497811287108,-0.013535013370182435,False,10.0,1.0,4.0,0.1,0.4
484,missense,,-0.019455151838625288,-0.007415820815841421,-0.012039331022783865,False,10.0,1.0,4.0,0.1,0.4
484,missense,,0.0070052882642709915,-0.013292266709090617,0.02029755497336161,False,10.0,1.0,4.0,0.1,0.4
484,missense,,0.0032615654953428177,-0.017661751236162718,0.020923316731505534,False,10.0,1.0,4.0,0.1,0.4
484,synonymous,,-0.014638304998398036,-0.02418076560366907,0.009542460605271034,False,4.0,0.0,2.0,0.0,0.5
484,synonymous,,0.01888418227602386,-0.021432881468198148,0.040317063744222004,False,4.0,0.0,2.0,0.0,0.5
484,synonymous,,-0.027776934559355405,-0.01258497811287108,-0.015191956446484325,False,4.0,0.0,2.0,0.0,0.5
484,synonymous,,0.008814708804375898,-0.007415820815841421,0.01623052962021732,False,4.0,0.0,2.0,0.0,0.5
484,synonymous,,0.000716306471148111,-0.013292266709090617,0.014008573180238728,False,4.0,0.0,2.0,0.0,0.5
484,synonymous,,-0.05259557746689749,-0.017661751236162718,-0.03493382623073477,False,4.0,0.0,2.0,0.0,0.5
485,missense,,-0.03983166446492968,-0.02418076560366907,-0.01565089886126061,False,13.0,3.0,5.0,0.23076923076923078,0.38461538461538464
485,missense,,-0.005615872948259966,-0.021432881468198148,0.015817008519938183,False,13.0,3.0,5.0,0.23076923076923078,0.38461538461538464
485,missense,,-0.027707893213408802,-0.01258497811287108,-0.015122915100537721,False,13.0,3.0,5.0,0.23076923076923078,0.38461538461538464
485,missense,,-0.022931143688112356,-0.007415820815841421,-0.015515322872270934,False,13.0,3.0,5.0,0.23076923076923078,0.38461538461538464
485,missense,,-0.051090871633273756,-0.013292266709090617,-0.03779860492418314,False,13.0,3.0,5.0,0.23076923076923078,0.38461538461538464
485,missense,,-0.010577399331558978,-0.017661751236162718,0.00708435190460374,False,13.0,3.0,5.0,0.23076923076923078,0.38461538461538464
485,synonymous,,-0.04469979551583641,-0.02418076560366907,-0.02051902991216734,False,18.0,2.0,7.0,0.1111111111111111,0.3888888888888889
485,synonymous,,-0.039628838839272824,-0.021432881468198148,-0.018195957371074677,False,18.0,2.0,7.0,0.1111111111111111,0.3888888888888889
485,synonymous,,0.02710188265317315,-0.01258497811287108,0.03968686076604423,False,18.0,2.0,7.0,0.1111111111111111,0.3888888888888889
485,synonymous,,0.0022417559112411257,-0.007415820815841421,0.009657576727082548,False,18.0,2.0,7.0,0.1111111111111111,0.3888888888888889
485,synonymous,,-0.011100691360429476,-0.013292266709090617,0.002191575348661141,False,18.0,2.0,7.0,0.1111111111111111,0.3888888888888889
485,synonymous,,-0.014188294216658062,-0.017661751236162718,0.003473457019504656,False,18.0,2.0,7.0,0.1111111111111111,0.3888888888888889
486,missense,,0.04417965272284593,-0.02418076560366907,0.068360418326515,False,3.0,0.0,2.0,0.0,0.6666666666666666
486,missense,,0.05638191234213542,-0.021432881468198148,0.07781479381033357,False,3.0,0.0,2.0,0.0,0.6666666666666666
486,missense,,-0.0031439649730044717,-0.01258497811287108,0.00944101313986661,False,3.0,0.0,2.0,0.0,0.6666666666666666
486,missense,,-0.14891263020986883,-0.007415820815841421,-0.14149680939402742,False,3.0,0.0,2.0,0.0,0.6666666666666666
486,missense,,0.0281897424997115,-0.013292266709090617,0.041482009208802115,False,3.0,0.0,2.0,0.0,0.6666666666666666
486,missense,,0.09434878019759935,-0.017661751236162718,0.11201053143376206,False,3.0,0.0,2.0,0.0,0.6666666666666666
486,synonymous,,-0.030712979819889186,-0.02418076560366907,-0.006532214216220116,False,5.0,0.0,2.0,0.0,0.4
486,synonymous,,0.03053061052142236,-0.021432881468198148,0.05196349198962051,False,5.0,0.0,2.0,0.0,0.4
486,synonymous,,-0.025208632223036022,-0.01258497811287108,-0.012623654110164941,False,5.0,0.0,2.0,0.0,0.4
486,synonymous,,-0.022316449368064522,-0.007415820815841421,-0.0149006285522231,False,5.0,0.0,2.0,0.0,0.4
486,synonymous,,0.005136622674101472,-0.013292266709090617,0.01842888938319209,False,5.0,0.0,2.0,0.0,0.4
486,synonymous,,0.0051579817175352646,-0.017661751236162718,0.022819732953697984,False,5.0,0.0,2.0,0.0,0.4
487,missense,,-0.015867044202656028,-0.02418076560366907,0.008313721401013042,False,6.0,0.0,3.0,0.0,0.5
487,missense,,0.039466018651977144,-0.021432881468198148,0.06089890012017529,False,6.0,0.0,3.0,0.0,0.5
487,missense,,-0.194278371519099,-0.01258497811287108,-0.18169339340622792,False,6.0,0.0,3.0,0.0,0.5
487,missense,,-0.04678258486677269,-0.007415820815841421,-0.03936676405093127,False,6.0,0.0,3.0,0.0,0.5
487,missense,,0.020320782224238162,-0.013292266709090617,0.03361304893332878,False,6.0,0.0,3.0,0.0,0.5
487,missense,,-0.05768951241141112,-0.017661751236162718,-0.0400277611752484,False,6.0,0.0,3.0,0.0,0.5
487,synonymous,,-0.0862030726508581,-0.02418076560366907,-0.06202230704718903,False,4.0,0.0,3.0,0.0,0.75
487,synonymous,,0.006536872112796943,-0.021432881468198148,0.027969753580995092,False,4.0,0.0,3.0,0.0,0.75
487,synonymous,,-0.1179401299648591,-0.01258497811287108,-0.10535515185198802,False,4.0,0.0,3.0,0.0,0.75
487,synonymous,,0.02148131535105196,-0.007415820815841421,0.02889713616689338,False,4.0,0.0,3.0,0.0,0.75
487,synonymous,,-0.04951296610969167,-0.013292266709090617,-0.036220699400601054,False,4.0,0.0,3.0,0.0,0.75
487,synonymous,,-0.20929732267806236,-0.017661751236162718,-0.19163557144189963,False,4.0,0.0,3.0,0.0,0.75
488,missense,,0.01338813004669749,-0.02418076560366907,0.03756889565036656,False,2.0,0.0,0.0,0.0,0.0
488,missense,,-0.03515587097387612,-0.021432881468198148,-0.01372298950567797,False,2.0,0.0,0.0,0.0,0.0
488,missense,,0.10047165134410313,-0.01258497811287108,0.11305662945697421,False,2.0,0.0,0.0,0.0,0.0
488,missense,,-0.025493742893029837,-0.007415820815841421,-0.018077922077188415,False,2.0,0.0,0.0,0.0,0.0
488,missense,,0.013539876662514164,-0.013292266709090617,0.02683214337160478,False,2.0,0.0,0.0,0.0,0.0
488,missense,,-0.039082542792366115,-0.017661751236162718,-0.021420791556203397,False,2.0,0.0,0.0,0.0,0.0
488,synonymous,,-0.013545601703123928,-0.02418076560366907,0.010635163900545141,False,2.0,0.0,0.0,0.0,0.0
488,synonymous,,-0.014785906688275742,-0.021432881468198148,0.006646974779922406,False,2.0,0.0,0.0,0.0,0.0
488,synonymous,,-0.02280323563355862,-0.01258497811287108,-0.01021825752068754,False,2.0,0.0,0.0,0.0,0.0
488,synonymous,,-0.02206355921920966,-0.007415820815841421,-0.014647738403368239,False,2.0,0.0,0.0,0.0,0.0
488,synonymous,,-0.004120095569729985,-0.013292266709090617,0.00917217113936063,False,2.0,0.0,0.0,0.0,0.0
488,synonymous,,0.024185433316064642,-0.017661751236162718,0.04184718455222736,False,2.0,0.0,0.0,0.0,0.0
489,missense,,-0.040603233576180994,-0.02418076560366907,-0.016422467972511925,False,9.0,2.0,4.0,0.2222222222222222,0.4444444444444444
489,missense,,-0.02987764270260234,-0.021432881468198148,-0.008444761234404193,False,9.0,2.0,4.0,0.2222222222222222,0.4444444444444444
489,missense,,-0.04221027961443529,-0.01258497811287108,-0.02962530150156421,False,9.0,2.0,4.0,0.2222222222222222,0.4444444444444444
489,missense,,-0.008391744715861127,-0.007415820815841421,-0.0009759239000197055,False,9.0,2.0,4.0,0.2222222222222222,0.4444444444444444
489,missense,,-0.019494325314318394,-0.013292266709090617,-0.0062020586052277775,False,9.0,2.0,4.0,0.2222222222222222,0.4444444444444444
489,missense,,-0.03449944411419365,-0.017661751236162718,-0.016837692878030934,False,9.0,2.0,4.0,0.2222222222222222,0.4444444444444444
489,synonymous,,-0.06212523873815491,-0.02418076560366907,-0.037944473134485845,False,9.0,1.0,6.0,0.1111111111111111,0.6666666666666666
489,synonymous,,0.007299559113816383,-0.021432881468198148,0.028732440582014532,False,9.0,1.0,6.0,0.1111111111111111,0.6666666666666666
489,synonymous,,-0.04227462208340136,-0.01258497811287108,-0.02968964397053028,False,9.0,1.0,6.0,0.1111111111111111,0.6666666666666666
489,synonymous,,-0.0403189526603272,-0.007415820815841421,-0.03290313184448578,False,9.0,1.0,6.0,0.1111111111111111,0.6666666666666666
489,synonymous,,0.0016148534068748078,-0.013292266709090617,0.014907120115965424,False,9.0,1.0,6.0,0.1111111111111111,0.6666666666666666
489,synonymous,,-0.04344558109352006,-0.017661751236162718,-0.02578382985735734,False,9.0,1.0,6.0,0.1111111111111111,0.6666666666666666
490,missense,,-0.01933142528650354,-0.02418076560366907,0.0048493403171655305,False,4.0,0.0,2.0,0.0,0.5
490,missense,,-0.061878954745979924,-0.021432881468198148,-0.040446073277781776,False,4.0,0.0,2.0,0.0,0.5
490,missense,,-0.006377039265520472,-0.01258497811287108,0.006207938847350609,False,4.0,0.0,2.0,0.0,0.5
490,missense,,0.02541882510710693,-0.007415820815841421,0.03283464592294835,False,4.0,0.0,2.0,0.0,0.5
490,missense,,-0.006317339831286281,-0.013292266709090617,0.0069749268778043355,False,4.0,0.0,2.0,0.0,0.5
490,missense,,0.014950847501076845,-0.017661751236162718,0.03261259873723956,False,4.0,0.0,2.0,0.0,0.5
490,synonymous,,-0.04177628988541286,-0.02418076560366907,-0.017595524281743793,False,7.0,2.0,5.0,0.2857142857142857,0.7142857142857143
490,synonymous,,-0.06327815533800124,-0.021432881468198148,-0.04184527386980309,False,7.0,2.0,5.0,0.2857142857142857,0.7142857142857143
490,synonymous,,-0.024230216260769308,-0.01258497811287108,-0.011645238147898227,False,7.0,2.0,5.0,0.2857142857142857,0.7142857142857143
490,synonymous,,0.0012291274932887154,-0.007415820815841421,0.008644948309130138,False,7.0,2.0,5.0,0.2857142857142857,0.7142857142857143
490,synonymous,,0.005090501719086751,-0.013292266709090617,0.01838276842817737,False,7.0,2.0,5.0,0.2857142857142857,0.7142857142857143
490,synonymous,,-0.008019664481627546,-0.017661751236162718,0.009642086754535172,False,7.0,2.0,5.0,0.2857142857142857,0.7142857142857143
491,missense,,0.023539198594883345,-0.02418076560366907,0.047719964198552414,False,1.0,0.0,0.0,0.0,0.0
491,missense,,-0.0038534025317596746,-0.021432881468198148,0.017579478936438474,False,1.0,0.0,0.0,0.0,0.0
491,missense,,-0.008752627445811283,-0.01258497811287108,0.003832350667059798,False,1.0,0.0,0.0,0.0,0.0
491,missense,,0.000491968680493523,-0.007415820815841421,0.007907789496334944,False,1.0,0.0,0.0,0.0,0.0
491,missense,,-0.027210582773068395,-0.013292266709090617,-0.013918316063977778,False,1.0,0.0,0.0,0.0,0.0
491,missense,,0.0009032449731529306,-0.017661751236162718,0.01856499620931565,False,1.0,0.0,0.0,0.0,0.0
491,synonymous,,-0.008772891666973353,-0.02418076560366907,0.015407873936695717,False,14.0,1.0,3.0,0.07142857142857142,0.21428571428571427
491,synonymous,,-0.01817277847566309,-0.021432881468198148,0.0032601029925350584,False,14.0,1.0,3.0,0.07142857142857142,0.21428571428571427
491,synonymous,,-0.01456047969656388,-0.01258497811287108,-0.0019755015836928,False,14.0,1.0,3.0,0.07142857142857142,0.21428571428571427
491,synonymous,,0.00925148406842237,-0.007415820815841421,0.01666730488426379,False,14.0,1.0,3.0,0.07142857142857142,0.21428571428571427
491,synonymous,,-0.007562669900214412,-0.013292266709090617,0.005729596808876205,False,14.0,1.0,3.0,0.07142857142857142,0.21428571428571427
491,synonymous,,-0.0013606793538861461,-0.017661751236162718,0.01630107188227657,False,14.0,1.0,3.0,0.07142857142857142,0.21428571428571427
492,synonymous,,-0.014996479469381686,-0.02418076560366907,0.009184286134287383,False,1.0,0.0,1.0,0.0,1.0
492,synonymous,,0.06835989321924321,-0.021432881468198148,0.08979277468744136,False,1.0,0.0,1.0,0.0,1.0
492,synonymous,,0.0516274360901051,-0.01258497811287108,0.06421241420297619,False,1.0,0.0,1.0,0.0,1.0
492,synonymous,,0.03795859742978553,-0.007415820815841421,0.04537441824562695,False,1.0,0.0,1.0,0.0,1.0
492,synonymous,,0.0006440302597315495,-0.013292266709090617,0.013936296968822166,False,1.0,0.0,1.0,0.0,1.0
492,synonymous,,-0.028266256604234645,-0.017661751236162718,-0.010604505368071927,False,1.0,0.0,1.0,0.0,1.0
493,missense,,0.02603092132049071,-0.02418076560366907,0.05021168692415978,False,3.0,0.0,1.0,0.0,0.3333333333333333
493,missense,,-0.027810345065404238,-0.021432881468198148,-0.00637746359720609,False,3.0,0.0,1.0,0.0,0.3333333333333333
493,missense,,-0.004141982576290083,-0.01258497811287108,0.008442995536580997,False,3.0,0.0,1.0,0.0,0.3333333333333333
493,missense,,0.0027328374192755506,-0.007415820815841421,0.010148658235116972,False,3.0,0.0,1.0,0.0,0.3333333333333333
493,missense,,-0.02813584878326513,-0.013292266709090617,-0.014843582074174515,False,3.0,0.0,1.0,0.0,0.3333333333333333
493,missense,,0.006000590506363651,-0.017661751236162718,0.02366234174252637,False,3.0,0.0,1.0,0.0,0.3333333333333333
493,synonymous,,-0.013971923883544497,-0.02418076560366907,0.010208841720124573,False,4.0,0.0,1.0,0.0,0.25
493,synonymous,,-0.02846355087491248,-0.021432881468198148,-0.007030669406714332,False,4.0,0.0,1.0,0.0,0.25
493,synonymous,,0.019804954762016873,-0.01258497811287108,0.03238993287488795,False,4.0,0.0,1.0,0.0,0.25
493,synonymous,,0.0024653403447624017,-0.007415820815841421,0.009881161160603823,False,4.0,0.0,1.0,0.0,0.25
493,synonymous,,-0.01795664377719376,-0.013292266709090617,-0.004664377068103142,False,4.0,0.0,1.0,0.0,0.25
493,synonymous,,-5.966824062075231e-06,-0.017661751236162718,0.017655784412100643,False,4.0,0.0,1.0,0.0,0.25
494,missense,,-0.010765371396024447,-0.02418076560366907,0.013415394207644623,False,3.0,1.0,1.0,0.3333333333333333,0.3333333333333333
494,missense,,-0.017922370398274035,-0.021432881468198148,0.0035105110699241125,False,3.0,1.0,1.0,0.3333333333333333,0.3333333333333333
494,missense,,0.032920992905146045,-0.01258497811287108,0.04550597101801712,False,3.0,1.0,1.0,0.3333333333333333,0.3333333333333333
494,missense,,0.004227728693656735,-0.007415820815841421,0.011643549509498157,False,3.0,1.0,1.0,0.3333333333333333,0.3333333333333333
494,missense,,-0.028156227279260884,-0.013292266709090617,-0.014863960570170268,False,3.0,1.0,1.0,0.3333333333333333,0.3333333333333333
494,missense,,-0.001977095294161756,-0.017661751236162718,0.015684655942000962,False,3.0,1.0,1.0,0.3333333333333333,0.3333333333333333
494,synonymous,,-0.06067234621542909,-0.02418076560366907,-0.03649158061176003,False,6.0,2.0,4.0,0.3333333333333333,0.6666666666666666
494,synonymous,,-0.09974109304591848,-0.021432881468198148,-0.07830821157772033,False,6.0,2.0,4.0,0.3333333333333333,0.6666666666666666
494,synonymous,,-0.07559329754005226,-0.01258497811287108,-0.06300831942718117,False,6.0,2.0,4.0,0.3333333333333333,0.6666666666666666
494,synonymous,,0.007537380368545154,-0.007415820815841421,0.014953201184386575,False,6.0,2.0,4.0,0.3333333333333333,0.6666666666666666
494,synonymous,,-0.06587156486981995,-0.013292266709090617,-0.05257929816072933,False,6.0,2.0,4.0,0.3333333333333333,0.6666666666666666
494,synonymous,,-0.03326297372124477,-0.017661751236162718,-0.015601222485082049,False,6.0,2.0,4.0,0.3333333333333333,0.6666666666666666
495,missense,,0.012872697404348122,-0.02418076560366907,0.03705346300801719,False,4.0,0.0,1.0,0.0,0.25
495,missense,,-0.03364308082146058,-0.021432881468198148,-0.012210199353262431,False,4.0,0.0,1.0,0.0,0.25
495,missense,,0.011088552023768124,-0.01258497811287108,0.023673530136639205,False,4.0,0.0,1.0,0.0,0.25
495,missense,,-0.006041216341328528,-0.007415820815841421,0.0013746044745128931,False,4.0,0.0,1.0,0.0,0.25
495,missense,,-0.04719382793973546,-0.013292266709090617,-0.03390156123064484,False,4.0,0.0,1.0,0.0,0.25
495,missense,,-0.006858137675311559,-0.017661751236162718,0.010803613560851159,False,4.0,0.0,1.0,0.0,0.25
495,synonymous,,-0.26277005821592897,-0.02418076560366907,-0.2385892926122599,False,3.0,0.0,2.0,0.0,0.6666666666666666
495,synonymous,,0.12537954812881746,-0.021432881468198148,0.14681242959701563,False,3.0,0.0,2.0,0.0,0.6666666666666666
495,synonymous,,-0.04730565986891899,-0.01258497811287108,-0.03472068175604791,False,3.0,0.0,2.0,0.0,0.6666666666666666
495,synonymous,,0.09839329790534893,-0.007415820815841421,0.10580911872119035,False,3.0,0.0,2.0,0.0,0.6666666666666666
495,synonymous,,-0.05692604424502981,-0.013292266709090617,-0.043633777535939194,False,3.0,0.0,2.0,0.0,0.6666666666666666
495,synonymous,,0.053546755835896756,-0.017661751236162718,0.07120850707205947,False,3.0,0.0,2.0,0.0,0.6666666666666666
496,missense,,-0.06251725468167374,-0.02418076560366907,-0.038336489078004674,False,5.0,2.0,4.0,0.4,0.8
496,missense,,-0.05483834131573602,-0.021432881468198148,-0.03340545984753787,False,5.0,2.0,4.0,0.4,0.8
496,missense,,-0.004963043824854151,-0.01258497811287108,0.00762193428801693,False,5.0,2.0,4.0,0.4,0.8
496,missense,,-0.021141419591150856,-0.007415820815841421,-0.013725598775309433,False,5.0,2.0,4.0,0.4,0.8
496,missense,,-0.011905532884103289,-0.013292266709090617,0.0013867338249873278,False,5.0,2.0,4.0,0.4,0.8
496,missense,,0.002407742924096517,-0.017661751236162718,0.020069494160259233,False,5.0,2.0,4.0,0.4,0.8
496,synonymous,,0.19719245654469028,-0.02418076560366907,0.22137322214835936,False,1.0,0.0,0.0,0.0,0.0
496,synonymous,,0.212986838527301,-0.021432881468198148,0.23441971999549915,False,1.0,0.0,0.0,0.0,0.0
496,synonymous,,-0.052069370260143966,-0.01258497811287108,-0.03948439214727288,False,1.0,0.0,0.0,0.0,0.0
496,synonymous,,-0.001990890458585233,-0.007415820815841421,0.005424930357256188,False,1.0,0.0,0.0,0.0,0.0
496,synonymous,,-0.06727167282476065,-0.013292266709090617,-0.05397940611567004,False,1.0,0.0,0.0,0.0,0.0
496,synonymous,,-0.09832996202650705,-0.017661751236162718,-0.08066821079034434,False,1.0,0.0,0.0,0.0,0.0
497,synonymous,,-0.03762067473251412,-0.02418076560366907,-0.013439909128845049,False,3.0,0.0,1.0,0.0,0.3333333333333333
497,synonymous,,-0.054728817613177064,-0.021432881468198148,-0.033295936144978916,False,3.0,0.0,1.0,0.0,0.3333333333333333
497,synonymous,,-0.013301221010648552,-0.01258497811287108,-0.000716242897777471,False,3.0,0.0,1.0,0.0,0.3333333333333333
497,synonymous,,0.005203509816310889,-0.007415820815841421,0.012619330632152311,False,3.0,0.0,1.0,0.0,0.3333333333333333
497,synonymous,,-0.00811800969254795,-0.013292266709090617,0.005174257016542666,False,3.0,0.0,1.0,0.0,0.3333333333333333
497,synonymous,,-0.025874843975856838,-0.017661751236162718,-0.00821309273969412,False,3.0,0.0,1.0,0.0,0.3333333333333333
498,synonymous,,-0.05053111311724009,-0.02418076560366907,-0.02635034751357102,False,2.0,1.0,2.0,0.5,1.0
498,synonymous,,-0.061975806858112444,-0.021432881468198148,-0.040542925389914296,False,2.0,1.0,2.0,0.5,1.0
498,synonymous,,-0.024643629148888124,-0.01258497811287108,-0.012058651036017044,False,2.0,1.0,2.0,0.5,1.0
498,synonymous,,0.000821886560298116,-0.007415820815841421,0.008237707376139537,False,2.0,1.0,2.0,0.5,1.0
498,synonymous,,-0.05340743790572057,-0.013292266709090617,-0.04011517119662995,False,2.0,1.0,2.0,0.5,1.0
498,synonymous,,0.039614963083028275,-0.017661751236162718,0.05727671431919099,False,2.0,1.0,2.0,0.5,1.0
499,missense,,-0.039196574523363004,-0.02418076560366907,-0.015015808919693934,False,5.0,1.0,3.0,0.2,0.6
499,missense,,-0.08796339245326393,-0.021432881468198148,-0.06653051098506578,False,5.0,1.0,3.0,0.2,0.6
499,missense,,0.01843386130529398,-0.01258497811287108,0.03101883941816506,False,5.0,1.0,3.0,0.2,0.6
499,missense,,0.013520177136788467,-0.007415820815841421,0.02093599795262989,False,5.0,1.0,3.0,0.2,0.6
499,missense,,-0.04075859255446003,-0.013292266709090617,-0.027466325845369413,False,5.0,1.0,3.0,0.2,0.6
499,missense,,-0.02732905893398024,-0.017661751236162718,-0.009667307697817522,False,5.0,1.0,3.0,0.2,0.6
499,synonymous,,-0.05264826508427288,-0.02418076560366907,-0.02846749948060381,False,4.0,0.0,3.0,0.0,0.75
499,synonymous,,-0.02149967032040462,-0.021432881468198148,-6.678885220647371e-05,False,4.0,0.0,3.0,0.0,0.75
499,synonymous,,-0.02998162154777876,-0.01258497811287108,-0.01739664343490768,False,4.0,0.0,3.0,0.0,0.75
499,synonymous,,-0.053986459895378966,-0.007415820815841421,-0.04657063907953755,False,4.0,0.0,3.0,0.0,0.75
499,synonymous,,0.018155751888561625,-0.013292266709090617,0.03144801859765224,False,4.0,0.0,3.0,0.0,0.75
499,synonymous,,-0.03943008112336075,-0.017661751236162718,-0.021768329887198033,False,4.0,0.0,3.0,0.0,0.75
500,missense,,-0.004417221860958138,-0.02418076560366907,0.019763543742710932,False,4.0,0.0,1.0,0.0,0.25
500,missense,,-0.059722415684028786,-0.021432881468198148,-0.03828953421583064,False,4.0,0.0,1.0,0.0,0.25
500,missense,,-0.07948465205381285,-0.01258497811287108,-0.06689967394094176,False,4.0,0.0,1.0,0.0,0.25
500,missense,,0.000476273449807692,-0.007415820815841421,0.007892094265649113,False,4.0,0.0,1.0,0.0,0.25
500,missense,,-0.03472600649699955,-0.013292266709090617,-0.021433739787908933,False,4.0,0.0,1.0,0.0,0.25
500,missense,,-0.058559403693601346,-0.017661751236162718,-0.04089765245743863,False,4.0,0.0,1.0,0.0,0.25
500,synonymous,,-0.14258496548311106,-0.02418076560366907,-0.118404199879442,False,4.0,0.0,1.0,0.0,0.25
500,synonymous,,0.05923747479330348,-0.021432881468198148,0.08067035626150162,False,4.0,0.0,1.0,0.0,0.25
500,synonymous,,-0.10101238772071887,-0.01258497811287108,-0.08842740960784778,False,4.0,0.0,1.0,0.0,0.25
500,synonymous,,0.008741421261811242,-0.007415820815841421,0.016157242077652664,False,4.0,0.0,1.0,0.0,0.25
500,synonymous,,-0.02414750988496652,-0.013292266709090617,-0.010855243175875905,False,4.0,0.0,1.0,0.0,0.25
500,synonymous,,-0.03255967853067905,-0.017661751236162718,-0.014897927294516333,False,4.0,0.0,1.0,0.0,0.25
501,missense,,-0.028703443732289585,-0.02418076560366907,-0.004522678128620516,False,8.0,1.0,5.0,0.125,0.625
501,missense,,-0.027282581583644185,-0.021432881468198148,-0.0058497001154460375,False,8.0,1.0,5.0,0.125,0.625
501,missense,,-0.051168832399017324,-0.01258497811287108,-0.038583854286146246,False,8.0,1.0,5.0,0.125,0.625
501,missense,,0.013256409071904885,-0.007415820815841421,0.020672229887746307,False,8.0,1.0,5.0,0.125,0.625
501,missense,,-0.04238202928843387,-0.013292266709090617,-0.029089762579343252,False,8.0,1.0,5.0,0.125,0.625
501,missense,,-0.02438227741750166,-0.017661751236162718,-0.006720526181338941,False,8.0,1.0,5.0,0.125,0.625
501,synonymous,,-0.061556679386028434,-0.02418076560366907,-0.03737591378235937,False,3.0,0.0,3.0,0.0,1.0
501,synonymous,,-0.10177321783060803,-0.021432881468198148,-0.08034033636240988,False,3.0,0.0,3.0,0.0,1.0
501,synonymous,,-0.03467881573426074,-0.01258497811287108,-0.022093837621389657,False,3.0,0.0,3.0,0.0,1.0
501,synonymous,,-0.027507242694354055,-0.007415820815841421,-0.020091421878512632,False,3.0,0.0,3.0,0.0,1.0
501,synonymous,,0.01585647569123665,-0.013292266709090617,0.029148742400327266,False,3.0,0.0,3.0,0.0,1.0
501,synonymous,,-0.08749959457116939,-0.017661751236162718,-0.06983784333500667,False,3.0,0.0,3.0,0.0,1.0
502,missense,,-0.03282009617498199,-0.02418076560366907,-0.008639330571312918,False,5.0,1.0,2.0,0.2,0.4
502,missense,,-0.0530864752802553,-0.021432881468198148,-0.03165359381205715,False,5.0,1.0,2.0,0.2,0.4
502,missense,,0.01556297340029994,-0.01258497811287108,0.02814795151317102,False,5.0,1.0,2.0,0.2,0.4
502,missense,,-0.007286894537906481,-0.007415820815841421,0.00012892627793494038,False,5.0,1.0,2.0,0.2,0.4
502,missense,,-0.007725716043926088,-0.013292266709090617,0.0055665506651645285,False,5.0,1.0,2.0,0.2,0.4
502,missense,,-0.002294806859622511,-0.017661751236162718,0.015366944376540206,False,5.0,1.0,2.0,0.2,0.4
502,synonymous,,-0.06629293530208065,-0.02418076560366907,-0.04211216969841158,False,12.0,2.0,9.0,0.16666666666666666,0.75
502,synonymous,,0.009352533978648953,-0.021432881468198148,0.0307854154468471,False,12.0,2.0,9.0,0.16666666666666666,0.75
502,synonymous,,-0.007999147604839874,-0.01258497811287108,0.0045858305080312065,False,12.0,2.0,9.0,0.16666666666666666,0.75
502,synonymous,,0.006701141568244239,-0.007415820815841421,0.01411696238408566,False,12.0,2.0,9.0,0.16666666666666666,0.75
502,synonymous,,-0.03448809766371673,-0.013292266709090617,-0.021195830954626113,False,12.0,2.0,9.0,0.16666666666666666,0.75
502,synonymous,,-0.012834964540196754,-0.017661751236162718,0.004826786695965963,False,12.0,2.0,9.0,0.16666666666666666,0.75
503,missense,,-0.18152239454681976,-0.02418076560366907,-0.15734162894315068,False,6.0,1.0,2.0,0.16666666666666666,0.3333333333333333
503,missense,,-0.040609576168425074,-0.021432881468198148,-0.019176694700226926,False,6.0,1.0,2.0,0.16666666666666666,0.3333333333333333
503,missense,,-0.04064771835346421,-0.01258497811287108,-0.028062740240593128,False,6.0,1.0,2.0,0.16666666666666666,0.3333333333333333
503,missense,,-0.021846309182068667,-0.007415820815841421,-0.014430488366227245,False,6.0,1.0,2.0,0.16666666666666666,0.3333333333333333
503,missense,,-0.0064794160137258555,-0.013292266709090617,0.006812850695364761,False,6.0,1.0,2.0,0.16666666666666666,0.3333333333333333
503,missense,,-0.15410747578397063,-0.017661751236162718,-0.1364457245478079,False,6.0,1.0,2.0,0.16666666666666666,0.3333333333333333
503,synonymous,,0.01551019407712121,-0.02418076560366907,0.03969095968079028,False,2.0,0.0,0.0,0.0,0.0
503,synonymous,,-0.024498040103102116,-0.021432881468198148,-0.003065158634903968,False,2.0,0.0,0.0,0.0,0.0
503,synonymous,,-0.030277851519688606,-0.01258497811287108,-0.017692873406817525,False,2.0,0.0,0.0,0.0,0.0
503,synonymous,,-0.007573241395166349,-0.007415820815841421,-0.00015742057932492757,False,2.0,0.0,0.0,0.0,0.0
503,synonymous,,-0.03325515504445148,-0.013292266709090617,-0.019962888335360862,False,2.0,0.0,0.0,0.0,0.0
503,synonymous,,-0.0020316365095381208,-0.017661751236162718,0.015630114726624598,False,2.0,0.0,0.0,0.0,0.0
504,missense,,-0.04004184389329151,-0.02418076560366907,-0.01586107828962244,False,14.0,2.0,7.0,0.14285714285714285,0.5
504,missense,,-0.010725078443404257,-0.021432881468198148,0.010707803024793891,False,14.0,2.0,7.0,0.14285714285714285,0.5
504,missense,,-0.027431080194715178,-0.01258497811287108,-0.014846102081844097,False,14.0,2.0,7.0,0.14285714285714285,0.5
504,missense,,-0.003852459330781057,-0.007415820815841421,0.0035633614850603644,False,14.0,2.0,7.0,0.14285714285714285,0.5
504,missense,,-0.023030055588071034,-0.013292266709090617,-0.009737788878980417,False,14.0,2.0,7.0,0.14285714285714285,0.5
504,missense,,-0.041330897004109905,-0.017661751236162718,-0.023669145767947188,False,14.0,2.0,7.0,0.14285714285714285,0.5
504,synonymous,,-0.015473391526113864,-0.02418076560366907,0.008707374077555206,False,3.0,0.0,0.0,0.0,0.0
504,synonymous,,5.208136018640952e-05,-0.021432881468198148,0.02148496282838456,False,3.0,0.0,0.0,0.0,0.0
504,synonymous,,0.0012975415139929915,-0.01258497811287108,0.013882519626864072,False,3.0,0.0,0.0,0.0,0.0
504,synonymous,,0.015488939243583208,-0.007415820815841421,0.022904760059424628,False,3.0,0.0,0.0,0.0,0.0
504,synonymous,,0.0004722813629601756,-0.013292266709090617,0.013764548072050792,False,3.0,0.0,0.0,0.0,0.0
504,synonymous,,0.0006584186619949674,-0.017661751236162718,0.018320169898157684,False,3.0,0.0,0.0,0.0,0.0
505,missense,,0.009168937106290548,-0.02418076560366907,0.033349702709959614,False,5.0,0.0,1.0,0.0,0.2
505,missense,,-0.008418232934917681,-0.021432881468198148,0.013014648533280467,False,5.0,0.0,1.0,0.0,0.2
505,missense,,0.006957424059518819,-0.01258497811287108,0.0195424021723899,False,5.0,0.0,1.0,0.0,0.2
505,missense,,0.0013001927785097915,-0.007415820815841421,0.008716013594351212,False,5.0,0.0,1.0,0.0,0.2
505,missense,,0.005119054954515657,-0.013292266709090617,0.018411321663606275,False,5.0,0.0,1.0,0.0,0.2
505,missense,,0.00023283658377925583,-0.017661751236162718,0.017894587819941972,False,5.0,0.0,1.0,0.0,0.2
505,synonymous,,0.010597120652682574,-0.02418076560366907,0.03477788625635164,False,3.0,0.0,3.0,0.0,1.0
505,synonymous,,-0.018033431925168365,-0.021432881468198148,0.003399449543029783,False,3.0,0.0,3.0,0.0,1.0
505,synonymous,,0.13359080453332908,-0.01258497811287108,0.14617578264620015,False,3.0,0.0,3.0,0.0,1.0
505,synonymous,,-0.000866776994619072,-0.007415820815841421,0.00654904382122235,False,3.0,0.0,3.0,0.0,1.0
505,synonymous,,0.00915147185159799,-0.013292266709090617,0.022443738560688604,False,3.0,0.0,3.0,0.0,1.0
505,synonymous,,-0.05452254479888049,-0.017661751236162718,-0.03686079356271777,False,3.0,0.0,3.0,0.0,1.0
506,missense,,-0.0067632984239303145,-0.02418076560366907,0.017417467179738754,False,2.0,0.0,0.0,0.0,0.0
506,missense,,0.2238277159733736,-0.021432881468198148,0.24526059744157175,False,2.0,0.0,0.0,0.0,0.0
506,missense,,-0.6399710060297966,-0.01258497811287108,-0.6273860279169255,False,2.0,0.0,0.0,0.0,0.0
506,missense,,-0.0005830855741854269,-0.007415820815841421,0.006832735241655994,False,2.0,0.0,0.0,0.0,0.0
506,missense,,-0.5888043254497256,-0.013292266709090617,-0.575512058740635,False,2.0,0.0,0.0,0.0,0.0
506,missense,,-0.22683201251565,-0.017661751236162718,-0.2091702612794873,False,2.0,0.0,0.0,0.0,0.0
506,synonymous,,-0.16702262778383845,-0.02418076560366907,-0.14284186218016937,False,1.0,0.0,0.0,0.0,0.0
506,synonymous,,-0.11566944896501533,-0.021432881468198148,-0.09423656749681718,False,1.0,0.0,0.0,0.0,0.0
506,synonymous,,-0.02956843098780679,-0.01258497811287108,-0.01698345287493571,False,1.0,0.0,0.0,0.0,0.0
506,synonymous,,-0.12395198170178943,-0.007415820815841421,-0.11653616088594801,False,1.0,0.0,0.0,0.0,0.0
506,synonymous,,-0.034755965201645686,-0.013292266709090617,-0.02146369849255507,False,1.0,0.0,0.0,0.0,0.0
506,synonymous,,-0.17044948317304273,-0.017661751236162718,-0.15278773193688,False,1.0,0.0,0.0,0.0,0.0
507,missense,,-0.010167912646855558,-0.02418076560366907,0.014012852956813511,False,3.0,0.0,0.0,0.0,0.0
507,missense,,0.002397193578392175,-0.021432881468198148,0.02383007504659032,False,3.0,0.0,0.0,0.0,0.0
507,missense,,0.00023394022616166394,-0.01258497811287108,0.012818918339032745,False,3.0,0.0,0.0,0.0,0.0
507,missense,,-0.018074731864532366,-0.007415820815841421,-0.010658911048690944,False,3.0,0.0,0.0,0.0,0.0
507,missense,,0.010370951204222665,-0.013292266709090617,0.02366321791331328,False,3.0,0.0,0.0,0.0,0.0
507,missense,,0.00992874719425284,-0.017661751236162718,0.027590498430415555,False,3.0,0.0,0.0,0.0,0.0
507,synonymous,,-0.11099219613674947,-0.02418076560366907,-0.08681143053308041,False,1.0,0.0,0.0,0.0,0.0
507,synonymous,,-0.08889893754404476,-0.021432881468198148,-0.06746605607584662,False,1.0,0.0,0.0,0.0,0.0
507,synonymous,,-0.05047256060474157,-0.01258497811287108,-0.03788758249187049,False,1.0,0.0,0.0,0.0,0.0
507,synonymous,,0.021258613145999826,-0.007415820815841421,0.028674433961841248,False,1.0,0.0,0.0,0.0,0.0
507,synonymous,,-0.39945725309836644,-0.013292266709090617,-0.3861649863892758,False,1.0,0.0,0.0,0.0,0.0
507,synonymous,,0.034547834272872835,-0.017661751236162718,0.05220958550903555,False,1.0,0.0,0.0,0.0,0.0
508,missense,,-0.4877424651054283,-0.02418076560366907,-0.46356169950175924,False,2.0,0.0,1.0,0.0,0.5
508,missense,,0.15386869298504552,-0.021432881468198148,0.17530157445324368,False,2.0,0.0,1.0,0.0,0.5
508,missense,,-0.030270798128484253,-0.01258497811287108,-0.017685820015613172,False,2.0,0.0,1.0,0.0,0.5
508,missense,,0.10340479634893107,-0.007415820815841421,0.1108206171647725,False,2.0,0.0,1.0,0.0,0.5
508,missense,,0.08816959169284108,-0.013292266709090617,0.1014618584019317,False,2.0,0.0,1.0,0.0,0.5
508,missense,,-0.16536432640618393,-0.017661751236162718,-0.14770257517002122,False,2.0,0.0,1.0,0.0,0.5
509,missense,,-0.060429545808575444,-0.02418076560366907,-0.03624878020490638,False,6.0,0.0,1.0,0.0,0.16666666666666666
509,missense,,-0.010169505896053485,-0.021432881468198148,0.011263375572144662,False,6.0,0.0,1.0,0.0,0.16666666666666666
509,missense,,-0.06837046264276744,-0.01258497811287108,-0.05578548452989636,False,6.0,0.0,1.0,0.0,0.16666666666666666
509,missense,,0.0004403775875416282,-0.007415820815841421,0.00785619840338305,False,6.0,0.0,1.0,0.0,0.16666666666666666
509,missense,,-0.03572188231158699,-0.013292266709090617,-0.022429615602496372,False,6.0,0.0,1.0,0.0,0.16666666666666666
509,missense,,-0.02082348537922865,-0.017661751236162718,-0.0031617341430659335,False,6.0,0.0,1.0,0.0,0.16666666666666666
509,synonymous,,-0.007972242188511357,-0.02418076560366907,0.016208523415157713,False,3.0,0.0,1.0,0.0,0.3333333333333333
509,synonymous,,0.016686279204523893,-0.021432881468198148,0.038119160672722044,False,3.0,0.0,1.0,0.0,0.3333333333333333
509,synonymous,,-0.03489742080793892,-0.01258497811287108,-0.022312442695067842,False,3.0,0.0,1.0,0.0,0.3333333333333333
509,synonymous,,-0.02504397152184022,-0.007415820815841421,-0.017628150705998796,False,3.0,0.0,1.0,0.0,0.3333333333333333
509,synonymous,,0.007120478182483052,-0.013292266709090617,0.02041274489157367,False,3.0,0.0,1.0,0.0,0.3333333333333333
509,synonymous,,-0.017412637082938536,-0.017661751236162718,0.00024911415322418154,False,3.0,0.0,1.0,0.0,0.3333333333333333
510,missense,,0.023244190003655442,-0.02418076560366907,0.047424955607324515,False,3.0,0.0,0.0,0.0,0.0
510,missense,,0.02477270633503322,-0.021432881468198148,0.04620558780323136,False,3.0,0.0,0.0,0.0,0.0
510,missense,,-0.047942697333887334,-0.01258497811287108,-0.03535771922101626,False,3.0,0.0,0.0,0.0,0.0
510,missense,,0.009856415974617134,-0.007415820815841421,0.017272236790458556,False,3.0,0.0,0.0,0.0,0.0
510,missense,,-0.013097309843679248,-0.013292266709090617,0.0001949568654113689,False,3.0,0.0,0.0,0.0,0.0
510,missense,,-0.03775484611706062,-0.017661751236162718,-0.020093094880897902,False,3.0,0.0,0.0,0.0,0.0
510,synonymous,,0.00046969942786087885,-0.02418076560366907,0.02465046503152995,False,2.0,0.0,0.0,0.0,0.0
510,synonymous,,-0.027408025970720683,-0.021432881468198148,-0.005975144502522536,False,2.0,0.0,0.0,0.0,0.0
510,synonymous,,-0.008519011333126847,-0.01258497811287108,0.0040659667797442334,False,2.0,0.0,0.0,0.0,0.0
510,synonymous,,0.018620923336921818,-0.007415820815841421,0.02603674415276324,False,2.0,0.0,0.0,0.0,0.0
510,synonymous,,-0.009331316340111062,-0.013292266709090617,0.003960950368979555,False,2.0,0.0,0.0,0.0,0.0
510,synonymous,,-0.004655120390628604,-0.017661751236162718,0.013006630845534113,False,2.0,0.0,0.0,0.0,0.0
511,missense,,-0.024167846000052853,-0.02418076560366907,1.2919603616216163e-05,False,3.0,1.0,2.0,0.3333333333333333,0.6666666666666666
511,missense,,0.014509612079952862,-0.021432881468198148,0.03594249354815101,False,3.0,1.0,2.0,0.3333333333333333,0.6666666666666666
511,missense,,0.03436699466571432,-0.01258497811287108,0.0469519727785854,False,3.0,1.0,2.0,0.3333333333333333,0.6666666666666666
511,missense,,-0.002488268052572117,-0.007415820815841421,0.0049275527632693045,False,3.0,1.0,2.0,0.3333333333333333,0.6666666666666666
511,missense,,-0.0007556487861165209,-0.013292266709090617,0.012536617922974096,False,3.0,1.0,2.0,0.3333333333333333,0.6666666666666666
511,missense,,-0.00808334677839158,-0.017661751236162718,0.009578404457771137,False,3.0,1.0,2.0,0.3333333333333333,0.6666666666666666
512,missense,,0.2475516117905573,-0.02418076560366907,0.27173237739422634,False,1.0,0.0,0.0,0.0,0.0
512,missense,,-0.05333221864633099,-0.021432881468198148,-0.03189933717813284,False,1.0,0.0,0.0,0.0,0.0
512,missense,,-0.09873311120808503,-0.01258497811287108,-0.08614813309521395,False,1.0,0.0,0.0,0.0,0.0
512,missense,,-0.030284089168329302,-0.007415820815841421,-0.02286826835248788,False,1.0,0.0,0.0,0.0,0.0
512,missense,,-0.12085087735482312,-0.013292266709090617,-0.10755861064573251,False,1.0,0.0,0.0,0.0,0.0
512,missense,,-0.08788916441835723,-0.017661751236162718,-0.07022741318219451,False,1.0,0.0,0.0,0.0,0.0
513,missense,,-0.010384300872157515,-0.02418076560366907,0.013796464731511554,False,2.0,0.0,0.0,0.0,0.0
513,missense,,0.00828103126047176,-0.021432881468198148,0.029713912728669908,False,2.0,0.0,0.0,0.0,0.0
513,missense,,-0.006152402031232325,-0.01258497811287108,0.006432576081638755,False,2.0,0.0,0.0,0.0,0.0
513,missense,,0.008789219394814569,-0.007415820815841421,0.01620504021065599,False,2.0,0.0,0.0,0.0,0.0
513,missense,,0.000758422743753716,-0.013292266709090617,0.014050689452844333,False,2.0,0.0,0.0,0.0,0.0
513,missense,,0.006435795536950601,-0.017661751236162718,0.02409754677311332,False,2.0,0.0,0.0,0.0,0.0
518,missense,,-0.0039802296669019625,-0.02418076560366907,0.020200535936767107,False,3.0,0.0,0.0,0.0,0.0
518,missense,,-0.006972160788870763,-0.021432881468198148,0.014460720679327386,False,3.0,0.0,0.0,0.0,0.0
518,missense,,0.006865453825126907,-0.01258497811287108,0.01945043193799799,False,3.0,0.0,0.0,0.0,0.0
518,missense,,0.00919838900698976,-0.007415820815841421,0.016614209822831183,False,3.0,0.0,0.0,0.0,0.0
518,missense,,-0.02916066547246474,-0.013292266709090617,-0.015868398763374123,False,3.0,0.0,0.0,0.0,0.0
518,missense,,0.008137760168412441,-0.017661751236162718,0.02579951140457516,False,3.0,0.0,0.0,0.0,0.0
520,missense,,-0.003162736237376214,-0.02418076560366907,0.021018029366292854,False,2.0,0.0,0.0,0.0,0.0
520,missense,,-0.004979002041373872,-0.021432881468198148,0.016453879426824275,False,2.0,0.0,0.0,0.0,0.0
520,missense,,-0.015438091662126377,-0.01258497811287108,-0.0028531135492552966,False,2.0,0.0,0.0,0.0,0.0
520,missense,,0.0017401742150103708,-0.007415820815841421,0.009155995030851792,False,2.0,0.0,0.0,0.0,0.0
520,missense,,0.0011706387032754297,-0.013292266709090617,0.014462905412366046,False,2.0,0.0,0.0,0.0,0.0
520,missense,,-0.010569978315719833,-0.017661751236162718,0.007091772920442885,False,2.0,0.0,0.0,0.0,0.0
520,synonymous,,-0.024308333910136783,-0.02418076560366907,-0.00012756830646771383,False,1.0,0.0,0.0,0.0,0.0
520,synonymous,,-0.020589836455675838,-0.021432881468198148,0.0008430450125223102,False,1.0,0.0,0.0,0.0,0.0
520,synonymous,,-0.09834483170937246,-0.01258497811287108,-0.08575985359650137,False,1.0,0.0,0.0,0.0,0.0
520,synonymous,,-0.013998311394277962,-0.007415820815841421,-0.006582490578436541,False,1.0,0.0,0.0,0.0,0.0
520,synonymous,,-0.027629855556159964,-0.013292266709090617,-0.014337588847069347,False,1.0,0.0,0.0,0.0,0.0
520,synonymous,,0.024872713698553338,-0.017661751236162718,0.042534464934716056,False,1.0,0.0,0.0,0.0,0.0
521,missense,,0.013227336559317869,-0.02418076560366907,0.03740810216298694,False,3.0,1.0,1.0,0.3333333333333333,0.3333333333333333
521,missense,,-0.03341245608762309,-0.021432881468198148,-0.011979574619424942,False,3.0,1.0,1.0,0.3333333333333333,0.3333333333333333
521,missense,,-0.04148844610789408,-0.01258497811287108,-0.028903467995023,False,3.0,1.0,1.0,0.3333333333333333,0.3333333333333333
521,missense,,0.0033924360124908993,-0.007415820815841421,0.010808256828332322,False,3.0,1.0,1.0,0.3333333333333333,0.3333333333333333
521,missense,,-0.0487468497678109,-0.013292266709090617,-0.03545458305872028,False,3.0,1.0,1.0,0.3333333333333333,0.3333333333333333
521,missense,,-0.03788465051651255,-0.017661751236162718,-0.02022289928034983,False,3.0,1.0,1.0,0.3333333333333333,0.3333333333333333
521,synonymous,,-0.005731742078114251,-0.02418076560366907,0.018449023525554817,False,8.0,0.0,2.0,0.0,0.25
521,synonymous,,0.007436197780792619,-0.021432881468198148,0.028869079248990768,False,8.0,0.0,2.0,0.0,0.25
521,synonymous,,-0.0037431693309698485,-0.01258497811287108,0.008841808781901233,False,8.0,0.0,2.0,0.0,0.25
521,synonymous,,-0.0009744588992686152,-0.007415820815841421,0.006441361916572806,False,8.0,0.0,2.0,0.0,0.25
521,synonymous,,0.013611048912138993,-0.013292266709090617,0.02690331562122961,False,8.0,0.0,2.0,0.0,0.25
521,synonymous,,-0.00518126539327592,-0.017661751236162718,0.012480485842886798,False,8.0,0.0,2.0,0.0,0.25
522,synonymous,,0.005674526100615146,-0.02418076560366907,0.029855291704284213,False,4.0,0.0,0.0,0.0,0.0
522,synonymous,,-0.011780567865442685,-0.021432881468198148,0.009652313602755463,False,4.0,0.0,0.0,0.0,0.0
522,synonymous,,0.00471726236393201,-0.01258497811287108,0.01730224047680309,False,4.0,0.0,0.0,0.0,0.0
522,synonymous,,0.013408495357102663,-0.007415820815841421,0.020824316172944085,False,4.0,0.0,0.0,0.0,0.0
522,synonymous,,0.005351931590461364,-0.013292266709090617,0.01864419829955198,False,4.0,0.0,0.0,0.0,0.0
522,synonymous,,-0.005640621407492329,-0.017661751236162718,0.012021129828670388,False,4.0,0.0,0.0,0.0,0.0
523,missense,,0.09622070826958824,-0.02418076560366907,0.12040147387325731,False,1.0,0.0,1.0,0.0,1.0
523,missense,,-0.18443281141353723,-0.021432881468198148,-0.16299992994533907,False,1.0,0.0,1.0,0.0,1.0
523,missense,,-1.08067624386519,-0.01258497811287108,-1.068091265752319,False,1.0,0.0,1.0,0.0,1.0
523,missense,,-0.06252353974009767,-0.007415820815841421,-0.05510771892425625,False,1.0,0.0,1.0,0.0,1.0
523,missense,,-0.9254124809327255,-0.013292266709090617,-0.9121202142236349,False,1.0,0.0,1.0,0.0,1.0
523,missense,,0.14669031557963694,-0.017661751236162718,0.16435206681579967,False,1.0,0.0,1.0,0.0,1.0
523,synonymous,,-0.007339697690363854,-0.02418076560366907,0.016841067913305217,False,1.0,0.0,0.0,0.0,0.0
523,synonymous,,0.021276026763998344,-0.021432881468198148,0.04270890823219649,False,1.0,0.0,0.0,0.0,0.0
523,synonymous,,-0.004605028608116728,-0.01258497811287108,0.007979949504754353,False,1.0,0.0,0.0,0.0,0.0
523,synonymous,,0.003212285573922545,-0.007415820815841421,0.010628106389763966,False,1.0,0.0,0.0,0.0,0.0
523,synonymous,,0.004900023696916694,-0.013292266709090617,0.01819229040600731,False,1.0,0.0,0.0,0.0,0.0
523,synonymous,,-0.002397134129823533,-0.017661751236162718,0.015264617106339185,False,1.0,0.0,0.0,0.0,0.0
525,missense,,0.011251788781813394,-0.02418076560366907,0.03543255438548246,False,1.0,0.0,0.0,0.0,0.0
525,missense,,-0.01676115443241001,-0.021432881468198148,0.004671727035788137,False,1.0,0.0,0.0,0.0,0.0
525,missense,,-0.002241837600281861,-0.01258497811287108,0.01034314051258922,False,1.0,0.0,0.0,0.0,0.0
525,missense,,-0.018412438188100552,-0.007415820815841421,-0.01099661737225913,False,1.0,0.0,0.0,0.0,0.0
525,missense,,0.016803525950689114,-0.013292266709090617,0.03009579265977973,False,1.0,0.0,0.0,0.0,0.0
525,missense,,-0.024803619621434243,-0.017661751236162718,-0.007141868385271526,False,1.0,0.0,0.0,0.0,0.0
525,synonymous,,0.005102232801702311,-0.02418076560366907,0.02928299840537138,False,3.0,0.0,1.0,0.0,0.3333333333333333
525,synonymous,,-0.051561484123345706,-0.021432881468198148,-0.03012860265514756,False,3.0,0.0,1.0,0.0,0.3333333333333333
525,synonymous,,-0.015672357446688226,-0.01258497811287108,-0.0030873793338171453,False,3.0,0.0,1.0,0.0,0.3333333333333333
525,synonymous,,0.020567122475615724,-0.007415820815841421,0.027982943291457146,False,3.0,0.0,1.0,0.0,0.3333333333333333
525,synonymous,,0.020600005548362166,-0.013292266709090617,0.03389227225745278,False,3.0,0.0,1.0,0.0,0.3333333333333333
525,synonymous,,-0.04271824246006353,-0.017661751236162718,-0.025056491223900815,False,3.0,0.0,1.0,0.0,0.3333333333333333
526,missense,,-0.015564288869065163,-0.02418076560366907,0.008616476734603907,False,2.0,0.0,0.0,0.0,0.0
526,missense,,0.008797106007696807,-0.021432881468198148,0.030229987475894955,False,2.0,0.0,0.0,0.0,0.0
526,missense,,-0.0029559507740505365,-0.01258497811287108,0.009629027338820545,False,2.0,0.0,0.0,0.0,0.0
526,missense,,0.010601341986668844,-0.007415820815841421,0.018017162802510266,False,2.0,0.0,0.0,0.0,0.0
526,missense,,0.010468873875333708,-0.013292266709090617,0.023761140584424325,False,2.0,0.0,0.0,0.0,0.0
526,missense,,-0.002743708093718147,-0.017661751236162718,0.01491804314244457,False,2.0,0.0,0.0,0.0,0.0
527,missense,,0.014826483401214246,-0.02418076560366907,0.03900724900488332,False,1.0,0.0,0.0,0.0,0.0
527,missense,,0.03726728212199177,-0.021432881468198148,0.05870016359018992,False,1.0,0.0,0.0,0.0,0.0
527,missense,,0.010816139945889187,-0.01258497811287108,0.023401118058760266,False,1.0,0.0,0.0,0.0,0.0
527,missense,,0.0274726646616986,-0.007415820815841421,0.03488848547754002,False,1.0,0.0,0.0,0.0,0.0
527,missense,,0.023113251592010033,-0.013292266709090617,0.03640551830110065,False,1.0,0.0,0.0,0.0,0.0
527,missense,,-0.008711161763599606,-0.017661751236162718,0.008950589472563112,False,1.0,0.0,0.0,0.0,0.0
527,synonymous,,0.006646524655794768,-0.02418076560366907,0.03082729025946384,False,2.0,0.0,1.0,0.0,0.5
527,synonymous,,0.019042344555621656,-0.021432881468198148,0.0404752260238198,False,2.0,0.0,1.0,0.0,0.5
527,synonymous,,0.010482778256936186,-0.01258497811287108,0.023067756369807266,False,2.0,0.0,1.0,0.0,0.5
527,synonymous,,0.015972984406937386,-0.007415820815841421,0.023388805222778808,False,2.0,0.0,1.0,0.0,0.5
527,synonymous,,-0.0017265797742166277,-0.013292266709090617,0.01156568693487399,False,2.0,0.0,1.0,0.0,0.5
527,synonymous,,-0.011628336852729636,-0.017661751236162718,0.006033414383433081,False,2.0,0.0,1.0,0.0,0.5
528,missense,,-0.17275708707859033,-0.02418076560366907,-0.14857632147492125,False,1.0,0.0,1.0,0.0,1.0
528,missense,,-0.7568682551545771,-0.021432881468198148,-0.735435373686379,False,1.0,0.0,1.0,0.0,1.0
528,missense,,-0.3265746384001063,-0.01258497811287108,-0.31398966028723524,False,1.0,0.0,1.0,0.0,1.0
528,missense,,-0.12796834645510619,-0.007415820815841421,-0.12055252563926476,False,1.0,0.0,1.0,0.0,1.0
528,missense,,0.030420931586660448,-0.013292266709090617,0.043713198295751064,False,1.0,0.0,1.0,0.0,1.0
528,missense,,-0.09020648316909727,-0.017661751236162718,-0.07254473193293455,False,1.0,0.0,1.0,0.0,1.0
528,synonymous,,-0.024959122223282195,-0.02418076560366907,-0.0007783566196131256,False,2.0,0.0,0.0,0.0,0.0
528,synonymous,,-0.02981549241927122,-0.021432881468198148,-0.008382610951073073,False,2.0,0.0,0.0,0.0,0.0
528,synonymous,,-0.13182009836971154,-0.01258497811287108,-0.11923512025684045,False,2.0,0.0,0.0,0.0,0.0
528,synonymous,,0.05591662888536985,-0.007415820815841421,0.06333244970121127,False,2.0,0.0,0.0,0.0,0.0
528,synonymous,,-0.015336164138911718,-0.013292266709090617,-0.0020438974298211017,False,2.0,0.0,0.0,0.0,0.0
528,synonymous,,-0.02060906870544281,-0.017661751236162718,-0.002947317469280092,False,2.0,0.0,0.0,0.0,0.0
529,missense,,-0.02491855046164466,-0.02418076560366907,-0.0007377848579755916,False,7.0,0.0,1.0,0.0,0.14285714285714285
529,missense,,0.003224720881640794,-0.021432881468198148,0.024657602349838943,False,7.0,0.0,1.0,0.0,0.14285714285714285
529,missense,,0.01011282974860545,-0.01258497811287108,0.02269780786147653,False,7.0,0.0,1.0,0.0,0.14285714285714285
529,missense,,-0.009521499086764555,-0.007415820815841421,-0.0021056782709231335,False,7.0,0.0,1.0,0.0,0.14285714285714285
529,missense,,0.023191826162979802,-0.013292266709090617,0.03648409287207042,False,7.0,0.0,1.0,0.0,0.14285714285714285
529,missense,,0.011529025446838698,-0.017661751236162718,0.029190776683001414,False,7.0,0.0,1.0,0.0,0.14285714285714285
529,synonymous,,-0.062005760168836146,-0.02418076560366907,-0.03782499456516708,False,1.0,0.0,1.0,0.0,1.0
529,synonymous,,0.08656538044087779,-0.021432881468198148,0.10799826190907594,False,1.0,0.0,1.0,0.0,1.0
529,synonymous,,-0.007729359072244961,-0.01258497811287108,0.00485561904062612,False,1.0,0.0,1.0,0.0,1.0
529,synonymous,,0.0027498711604397705,-0.007415820815841421,0.010165691976281192,False,1.0,0.0,1.0,0.0,1.0
529,synonymous,,0.014666541121856266,-0.013292266709090617,0.027958807830946883,False,1.0,0.0,1.0,0.0,1.0
529,synonymous,,-0.0002535485604558085,-0.017661751236162718,0.017408202675706908,False,1.0,0.0,1.0,0.0,1.0
530,missense,,-0.06225707128377788,-0.02418076560366907,-0.03807630568010881,False,5.0,0.0,3.0,0.0,0.6
530,missense,,-0.04645408422433279,-0.021432881468198148,-0.02502120275613464,False,5.0,0.0,3.0,0.0,0.6
530,missense,,0.015234933102678734,-0.01258497811287108,0.027819911215549817,False,5.0,0.0,3.0,0.0,0.6
530,missense,,0.021721360606530373,-0.007415820815841421,0.029137181422371795,False,5.0,0.0,3.0,0.0,0.6
530,missense,,-0.02339051359022839,-0.013292266709090617,-0.010098246881137772,False,5.0,0.0,3.0,0.0,0.6
530,missense,,-0.03649173474358515,-0.017661751236162718,-0.018829983507422432,False,5.0,0.0,3.0,0.0,0.6
530,synonymous,,-0.03829235217047595,-0.02418076560366907,-0.014111586566806878,False,7.0,1.0,3.0,0.14285714285714285,0.42857142857142855
530,synonymous,,-0.05179334048790399,-0.021432881468198148,-0.03036045901970584,False,7.0,1.0,3.0,0.14285714285714285,0.42857142857142855
530,synonymous,,-0.050500171225025696,-0.01258497811287108,-0.03791519311215462,False,7.0,1.0,3.0,0.14285714285714285,0.42857142857142855
530,synonymous,,-0.019864929597330445,-0.007415820815841421,-0.012449108781489023,False,7.0,1.0,3.0,0.14285714285714285,0.42857142857142855
530,synonymous,,-0.02970011410337263,-0.013292266709090617,-0.016407847394282013,False,7.0,1.0,3.0,0.14285714285714285,0.42857142857142855
530,synonymous,,-0.015512017878927855,-0.017661751236162718,0.0021497333572348624,False,7.0,1.0,3.0,0.14285714285714285,0.42857142857142855
531,missense,,-0.0037369427674101997,-0.02418076560366907,0.020443822836258868,False,6.0,0.0,0.0,0.0,0.0
531,missense,,-0.020877656305257432,-0.021432881468198148,0.0005552251629407159,False,6.0,0.0,0.0,0.0,0.0
531,missense,,-0.026597428500644078,-0.01258497811287108,-0.014012450387772997,False,6.0,0.0,0.0,0.0,0.0
531,missense,,-0.00843455140535712,-0.007415820815841421,-0.0010187305895156982,False,6.0,0.0,0.0,0.0,0.0
531,missense,,-0.021259251541941616,-0.013292266709090617,-0.007966984832851,False,6.0,0.0,0.0,0.0,0.0
531,missense,,-0.007973475022977097,-0.017661751236162718,0.009688276213185621,False,6.0,0.0,0.0,0.0,0.0
531,synonymous,,0.010839469805828452,-0.02418076560366907,0.03502023540949752,False,2.0,1.0,2.0,0.5,1.0
531,synonymous,,-0.13881818455043532,-0.021432881468198148,-0.11738530308223717,False,2.0,1.0,2.0,0.5,1.0
531,synonymous,,0.012545971303009674,-0.01258497811287108,0.025130949415880753,False,2.0,1.0,2.0,0.5,1.0
531,synonymous,,-0.1268639989845785,-0.007415820815841421,-0.11944817816873708,False,2.0,1.0,2.0,0.5,1.0
531,synonymous,,-0.0885076032690966,-0.013292266709090617,-0.07521533656000598,False,2.0,1.0,2.0,0.5,1.0
531,synonymous,,0.0628222179629855,-0.017661751236162718,0.08048396919914821,False,2.0,1.0,2.0,0.5,1.0
541,synonymous,,-0.0263756641109602,-0.02418076560366907,-0.00219489850729113,False,1.0,0.0,0.0,0.0,0.0
541,synonymous,,0.01915815702780245,-0.021432881468198148,0.0405910384960006,False,1.0,0.0,0.0,0.0,0.0
541,synonymous,,0.01713124774437001,-0.01258497811287108,0.02971622585724109,False,1.0,0.0,0.0,0.0,0.0
541,synonymous,,-0.00531219195257602,-0.007415820815841421,0.0021036288632654016,False,1.0,0.0,0.0,0.0,0.0
541,synonymous,,-0.02591932092372265,-0.013292266709090617,-0.012627054214632033,False,1.0,0.0,0.0,0.0,0.0
541,synonymous,,0.011338135122217298,-0.017661751236162718,0.028999886358380016,False,1.0,0.0,0.0,0.0,0.0
542,synonymous,,-0.019749209364641678,-0.02418076560366907,0.004431556239027391,False,1.0,0.0,0.0,0.0,0.0
542,synonymous,,-0.00017046935607578718,-0.021432881468198148,0.02126241211212236,False,1.0,0.0,0.0,0.0,0.0
542,synonymous,,0.13308439673250122,-0.01258497811287108,0.1456693748453723,False,1.0,0.0,0.0,0.0,0.0
542,synonymous,,0.003706897353600618,-0.007415820815841421,0.01112271816944204,False,1.0,0.0,0.0,0.0,0.0
542,synonymous,,-0.03728273588576117,-0.013292266709090617,-0.023990469176670554,False,1.0,0.0,0.0,0.0,0.0
542,synonymous,,0.01592535247565142,-0.017661751236162718,0.03358710371181414,False,1.0,0.0,0.0,0.0,0.0
543,missense,,0.019717579518775823,-0.02418076560366907,0.04389834512244489,False,1.0,0.0,0.0,0.0,0.0
543,missense,,-0.09592637915343341,-0.021432881468198148,-0.07449349768523526,False,1.0,0.0,0.0,0.0,0.0
543,missense,,0.1877835126816607,-0.01258497811287108,0.20036849079453178,False,1.0,0.0,0.0,0.0,0.0
543,missense,,0.014299144628735456,-0.007415820815841421,0.021714965444576878,False,1.0,0.0,0.0,0.0,0.0
543,missense,,0.22397930230687474,-0.013292266709090617,0.23727156901596536,False,1.0,0.0,0.0,0.0,0.0
543,missense,,0.03085439355593597,-0.017661751236162718,0.04851614479209869,False,1.0,0.0,0.0,0.0,0.0
543,synonymous,,-0.0061838012447230995,-0.02418076560366907,0.01799696435894597,False,2.0,0.0,1.0,0.0,0.5
543,synonymous,,0.012373716618011153,-0.021432881468198148,0.0338065980862093,False,2.0,0.0,1.0,0.0,0.5
543,synonymous,,-0.132993407053131,-0.01258497811287108,-0.12040842894025992,False,2.0,0.0,1.0,0.0,0.5
543,synonymous,,0.010804446467991728,-0.007415820815841421,0.01822026728383315,False,2.0,0.0,1.0,0.0,0.5
543,synonymous,,0.034474355746536074,-0.013292266709090617,0.04776662245562669,False,2.0,0.0,1.0,0.0,0.5
543,synonymous,,-0.013491685157734985,-0.017661751236162718,0.004170066078427733,False,2.0,0.0,1.0,0.0,0.5
544,missense,,-0.24779881221343208,-0.02418076560366907,-0.223618046609763,False,2.0,0.0,1.0,0.0,0.5
544,missense,,0.11688326409333909,-0.021432881468198148,0.13831614556153723,False,2.0,0.0,1.0,0.0,0.5
544,missense,,-0.1573816629554408,-0.01258497811287108,-0.14479668484256972,False,2.0,0.0,1.0,0.0,0.5
544,missense,,-0.0473508938870377,-0.007415820815841421,-0.03993507307119628,False,2.0,0.0,1.0,0.0,0.5
544,missense,,0.05880432048104563,-0.013292266709090617,0.07209658719013624,False,2.0,0.0,1.0,0.0,0.5
544,missense,,-0.23918857434086976,-0.017661751236162718,-0.22152682310470706,False,2.0,0.0,1.0,0.0,0.5
545,missense,,-0.01802866196479052,-0.02418076560366907,0.00615210363887855,False,2.0,0.0,1.0,0.0,0.5
545,missense,,0.004050102031534653,-0.021432881468198148,0.0254829834997328,False,2.0,0.0,1.0,0.0,0.5
545,missense,,-0.004586886493049757,-0.01258497811287108,0.007998091619821323,False,2.0,0.0,1.0,0.0,0.5
545,missense,,-0.007166827975621464,-0.007415820815841421,0.0002489928402199578,False,2.0,0.0,1.0,0.0,0.5
545,missense,,-0.0017857667385953139,-0.013292266709090617,0.011506499970495302,False,2.0,0.0,1.0,0.0,0.5
545,missense,,0.007202477663759234,-0.017661751236162718,0.02486422889992195,False,2.0,0.0,1.0,0.0,0.5
545,synonymous,,-0.04738852786412368,-0.02418076560366907,-0.023207762260454613,False,3.0,0.0,1.0,0.0,0.3333333333333333
545,synonymous,,-0.15357709087765004,-0.021432881468198148,-0.13214420940945187,False,3.0,0.0,1.0,0.0,0.3333333333333333
545,synonymous,,-0.03540915786095153,-0.01258497811287108,-0.02282417974808045,False,3.0,0.0,1.0,0.0,0.3333333333333333
545,synonymous,,-0.0801045763131363,-0.007415820815841421,-0.07268875549729488,False,3.0,0.0,1.0,0.0,0.3333333333333333
545,synonymous,,-0.18263814449059795,-0.013292266709090617,-0.16934587778150734,False,3.0,0.0,1.0,0.0,0.3333333333333333
545,synonymous,,-0.11136829398148804,-0.017661751236162718,-0.09370654274532532,False,3.0,0.0,1.0,0.0,0.3333333333333333
546,missense,,-0.050743019192549456,-0.02418076560366907,-0.026562253588880386,False,2.0,0.0,1.0,0.0,0.5
546,missense,,-0.019557347464191403,-0.021432881468198148,0.0018755340040067445,False,2.0,0.0,1.0,0.0,0.5
546,missense,,-0.016519580481297157,-0.01258497811287108,-0.003934602368426077,False,2.0,0.0,1.0,0.0,0.5
546,missense,,0.0034997676791079786,-0.007415820815841421,0.0109155884949494,False,2.0,0.0,1.0,0.0,0.5
546,missense,,0.0029666204943824964,-0.013292266709090617,0.016258887203473113,False,2.0,0.0,1.0,0.0,0.5
546,missense,,-0.013331223516997883,-0.017661751236162718,0.004330527719164834,False,2.0,0.0,1.0,0.0,0.5
546,synonymous,,-0.027912624435253372,-0.02418076560366907,-0.0037318588315843025,False,2.0,0.0,1.0,0.0,0.5
546,synonymous,,0.03126672798095364,-0.021432881468198148,0.05269960944915179,False,2.0,0.0,1.0,0.0,0.5
546,synonymous,,-0.08845178967516217,-0.01258497811287108,-0.07586681156229108,False,2.0,0.0,1.0,0.0,0.5
546,synonymous,,0.010369510602723422,-0.007415820815841421,0.017785331418564844,False,2.0,0.0,1.0,0.0,0.5
546,synonymous,,-0.00018869793893474957,-0.013292266709090617,0.013103568770155867,False,2.0,0.0,1.0,0.0,0.5
546,synonymous,,0.012478206445147117,-0.017661751236162718,0.030139957681309837,False,2.0,0.0,1.0,0.0,0.5
550,missense,,0.010284590242646425,-0.02418076560366907,0.03446535584631549,False,1.0,0.0,0.0,0.0,0.0
550,missense,,-0.013390022744441598,-0.021432881468198148,0.00804285872375655,False,1.0,0.0,0.0,0.0,0.0
550,missense,,-0.015331791160645682,-0.01258497811287108,-0.002746813047774601,False,1.0,0.0,0.0,0.0,0.0
550,missense,,-0.018542215266262773,-0.007415820815841421,-0.01112639445042135,False,1.0,0.0,0.0,0.0,0.0
550,missense,,0.006540032137592481,-0.013292266709090617,0.019832298846683097,False,1.0,0.0,0.0,0.0,0.0
550,missense,,0.004089830259605684,-0.017661751236162718,0.0217515814957684,False,1.0,0.0,0.0,0.0,0.0
552,missense,,0.0049918005074325675,-0.02418076560366907,0.02917256611110164,False,5.0,1.0,1.0,0.2,0.2
552,missense,,-0.04876122309526841,-0.021432881468198148,-0.027328341627070263,False,5.0,1.0,1.0,0.2,0.2
552,missense,,-0.008502936103047351,-0.01258497811287108,0.00408204200982373,False,5.0,1.0,1.0,0.2,0.2
552,missense,,0.014294141789440546,-0.007415820815841421,0.021709962605281966,False,5.0,1.0,1.0,0.2,0.2
552,missense,,0.0014837788539147853,-0.013292266709090617,0.014776045563005403,False,5.0,1.0,1.0,0.2,0.2
552,missense,,-0.008745725277065238,-0.017661751236162718,0.00891602595909748,False,5.0,1.0,1.0,0.2,0.2
552,synonymous,,-0.012715087644161793,-0.02418076560366907,0.011465677959507276,False,9.0,1.0,6.0,0.1111111111111111,0.6666666666666666
552,synonymous,,-0.014944440374348151,-0.021432881468198148,0.0064884410938499965,False,9.0,1.0,6.0,0.1111111111111111,0.6666666666666666
552,synonymous,,-0.04110686054050138,-0.01258497811287108,-0.0285218824276303,False,9.0,1.0,6.0,0.1111111111111111,0.6666666666666666
552,synonymous,,-0.006074364916269379,-0.007415820815841421,0.0013414558995720428,False,9.0,1.0,6.0,0.1111111111111111,0.6666666666666666
552,synonymous,,-0.020292369319522413,-0.013292266709090617,-0.0070001026104317965,False,9.0,1.0,6.0,0.1111111111111111,0.6666666666666666
552,synonymous,,-0.06764521537490993,-0.017661751236162718,-0.04998346413874721,False,9.0,1.0,6.0,0.1111111111111111,0.6666666666666666
553,missense,,0.013571265228692182,-0.02418076560366907,0.037752030832361255,False,5.0,1.0,2.0,0.2,0.4
553,missense,,-0.014718543545129428,-0.021432881468198148,0.0067143379230687195,False,5.0,1.0,2.0,0.2,0.4
553,missense,,-0.009953785410661232,-0.01258497811287108,0.0026311927022098485,False,5.0,1.0,2.0,0.2,0.4
553,missense,,-0.005461099367592252,-0.007415820815841421,0.001954721448249169,False,5.0,1.0,2.0,0.2,0.4
553,missense,,-0.08065546262487408,-0.013292266709090617,-0.06736319591578346,False,5.0,1.0,2.0,0.2,0.4
553,missense,,0.013849153885782712,-0.017661751236162718,0.03151090512194543,False,5.0,1.0,2.0,0.2,0.4
553,synonymous,,-0.0015353408031869129,-0.02418076560366907,0.022645424800482157,False,21.0,4.0,9.0,0.19047619047619047,0.42857142857142855
553,synonymous,,-0.009992904987948218,-0.021432881468198148,0.01143997648024993,False,21.0,4.0,9.0,0.19047619047619047,0.42857142857142855
553,synonymous,,-0.013541795874140972,-0.01258497811287108,-0.0009568177612698913,False,21.0,4.0,9.0,0.19047619047619047,0.42857142857142855
553,synonymous,,-0.007326304559516184,-0.007415820815841421,8.95162563252375e-05,False,21.0,4.0,9.0,0.19047619047619047,0.42857142857142855
553,synonymous,,-0.0011898571432194622,-0.013292266709090617,0.012102409565871153,False,21.0,4.0,9.0,0.19047619047619047,0.42857142857142855
553,synonymous,,-0.02566051356530052,-0.017661751236162718,-0.007998762329137803,False,21.0,4.0,9.0,0.19047619047619047,0.42857142857142855
554,missense,,-0.014308411534983093,-0.02418076560366907,0.009872354068685977,False,7.0,1.0,2.0,0.14285714285714285,0.2857142857142857
554,missense,,0.010020107354767835,-0.021432881468198148,0.03145298882296598,False,7.0,1.0,2.0,0.14285714285714285,0.2857142857142857
554,missense,,0.004166099976290012,-0.01258497811287108,0.01675107808916109,False,7.0,1.0,2.0,0.14285714285714285,0.2857142857142857
554,missense,,0.012093638566281536,-0.007415820815841421,0.019509459382122958,False,7.0,1.0,2.0,0.14285714285714285,0.2857142857142857
554,missense,,0.009629717577883164,-0.013292266709090617,0.02292198428697378,False,7.0,1.0,2.0,0.14285714285714285,0.2857142857142857
554,missense,,0.0099699060708699,-0.017661751236162718,0.02763165730703262,False,7.0,1.0,2.0,0.14285714285714285,0.2857142857142857
554,synonymous,,-0.008322495891911265,-0.02418076560366907,0.015858269711757807,False,4.0,0.0,1.0,0.0,0.25
554,synonymous,,0.008746027972013858,-0.021432881468198148,0.030178909440212006,False,4.0,0.0,1.0,0.0,0.25
554,synonymous,,-0.01938342437159884,-0.01258497811287108,-0.006798446258727758,False,4.0,0.0,1.0,0.0,0.25
554,synonymous,,-0.003690392333287976,-0.007415820815841421,0.0037254284825534454,False,4.0,0.0,1.0,0.0,0.25
554,synonymous,,0.013130125757068484,-0.013292266709090617,0.0264223924661591,False,4.0,0.0,1.0,0.0,0.25
554,synonymous,,-0.015758682805257256,-0.017661751236162718,0.0019030684309054614,False,4.0,0.0,1.0,0.0,0.25
555,missense,,-0.058389000049827125,-0.02418076560366907,-0.03420823444615806,False,6.0,1.0,2.0,0.16666666666666666,0.3333333333333333
555,missense,,-0.034374490264085206,-0.021432881468198148,-0.012941608795887058,False,6.0,1.0,2.0,0.16666666666666666,0.3333333333333333
555,missense,,-0.024965655497879338,-0.01258497811287108,-0.012380677385008258,False,6.0,1.0,2.0,0.16666666666666666,0.3333333333333333
555,missense,,0.0015631197460142575,-0.007415820815841421,0.00897894056185568,False,6.0,1.0,2.0,0.16666666666666666,0.3333333333333333
555,missense,,0.010737609393154069,-0.013292266709090617,0.024029876102244684,False,6.0,1.0,2.0,0.16666666666666666,0.3333333333333333
555,missense,,-0.006747111918549401,-0.017661751236162718,0.010914639317613318,False,6.0,1.0,2.0,0.16666666666666666,0.3333333333333333
555,synonymous,,-0.002289737215129456,-0.02418076560366907,0.021891028388539614,False,6.0,1.0,2.0,0.16666666666666666,0.3333333333333333
555,synonymous,,0.0019186388722021,-0.021432881468198148,0.023351520340400247,False,6.0,1.0,2.0,0.16666666666666666,0.3333333333333333
555,synonymous,,-0.010526590057003946,-0.01258497811287108,0.002058388055867135,False,6.0,1.0,2.0,0.16666666666666666,0.3333333333333333
555,synonymous,,0.005033670683887638,-0.007415820815841421,0.01244949149972906,False,6.0,1.0,2.0,0.16666666666666666,0.3333333333333333
555,synonymous,,-0.0007070005113813668,-0.013292266709090617,0.01258526619770925,False,6.0,1.0,2.0,0.16666666666666666,0.3333333333333333
555,synonymous,,-0.007619005915980887,-0.017661751236162718,0.010042745320181831,False,6.0,1.0,2.0,0.16666666666666666,0.3333333333333333
556,missense,,-0.016592542894613586,-0.02418076560366907,0.007588222709055483,False,8.0,0.0,2.0,0.0,0.25
556,missense,,-0.04612225688973529,-0.021432881468198148,-0.024689375421537145,False,8.0,0.0,2.0,0.0,0.25
556,missense,,0.04095501776531544,-0.01258497811287108,0.053539995878186517,False,8.0,0.0,2.0,0.0,0.25
556,missense,,-0.025635738708094838,-0.007415820815841421,-0.018219917892253416,False,8.0,0.0,2.0,0.0,0.25
556,missense,,-0.036144441044658276,-0.013292266709090617,-0.02285217433556766,False,8.0,0.0,2.0,0.0,0.25
556,missense,,-0.006639525297604578,-0.017661751236162718,0.01102222593855814,False,8.0,0.0,2.0,0.0,0.25
557,missense,,-0.020723439292792984,-0.02418076560366907,0.0034573263108760854,False,6.0,0.0,2.0,0.0,0.3333333333333333
557,missense,,0.01841445429643532,-0.021432881468198148,0.039847335764633465,False,6.0,0.0,2.0,0.0,0.3333333333333333
557,missense,,-0.028867182613350716,-0.01258497811287108,-0.016282204500479635,False,6.0,0.0,2.0,0.0,0.3333333333333333
557,missense,,-0.05118326961492303,-0.007415820815841421,-0.043767448799081614,False,6.0,0.0,2.0,0.0,0.3333333333333333
557,missense,,0.013962493941615837,-0.013292266709090617,0.027254760650706453,False,6.0,0.0,2.0,0.0,0.3333333333333333
557,missense,,-0.06892446538729607,-0.017661751236162718,-0.05126271415113336,False,6.0,0.0,2.0,0.0,0.3333333333333333
557,synonymous,,-0.012406073760817558,-0.02418076560366907,0.011774691842851511,False,5.0,0.0,2.0,0.0,0.4
557,synonymous,,-0.06515579437326344,-0.021432881468198148,-0.04372291290506529,False,5.0,0.0,2.0,0.0,0.4
557,synonymous,,0.011207578920978739,-0.01258497811287108,0.023792557033849818,False,5.0,0.0,2.0,0.0,0.4
557,synonymous,,0.017853964918492553,-0.007415820815841421,0.025269785734333975,False,5.0,0.0,2.0,0.0,0.4
557,synonymous,,-0.02016296328601274,-0.013292266709090617,-0.006870696576922124,False,5.0,0.0,2.0,0.0,0.4
557,synonymous,,-0.008076311737954854,-0.017661751236162718,0.009585439498207863,False,5.0,0.0,2.0,0.0,0.4
558,missense,,-0.052806467894643175,-0.02418076560366907,-0.028625702290974105,False,7.0,1.0,3.0,0.14285714285714285,0.42857142857142855
558,missense,,0.010841272663263204,-0.021432881468198148,0.032274154131461355,False,7.0,1.0,3.0,0.14285714285714285,0.42857142857142855
558,missense,,-0.0874584856897286,-0.01258497811287108,-0.07487350757685751,False,7.0,1.0,3.0,0.14285714285714285,0.42857142857142855
558,missense,,-0.0484797814172873,-0.007415820815841421,-0.04106396060144588,False,7.0,1.0,3.0,0.14285714285714285,0.42857142857142855
558,missense,,-0.23420660602478122,-0.013292266709090617,-0.2209143393156906,False,7.0,1.0,3.0,0.14285714285714285,0.42857142857142855
558,missense,,-0.06656849139195824,-0.017661751236162718,-0.04890674015579552,False,7.0,1.0,3.0,0.14285714285714285,0.42857142857142855
558,synonymous,,-0.010870084579037946,-0.02418076560366907,0.013310681024631123,False,6.0,0.0,2.0,0.0,0.3333333333333333
558,synonymous,,0.003453773585896391,-0.021432881468198148,0.02488665505409454,False,6.0,0.0,2.0,0.0,0.3333333333333333
558,synonymous,,-0.036568637163626724,-0.01258497811287108,-0.023983659050755644,False,6.0,0.0,2.0,0.0,0.3333333333333333
558,synonymous,,-0.03389115368311327,-0.007415820815841421,-0.026475332867271845,False,6.0,0.0,2.0,0.0,0.3333333333333333
558,synonymous,,-0.021108052132862945,-0.013292266709090617,-0.007815785423772328,False,6.0,0.0,2.0,0.0,0.3333333333333333
558,synonymous,,-0.009230216824210435,-0.017661751236162718,0.008431534411952282,False,6.0,0.0,2.0,0.0,0.3333333333333333
559,missense,,-0.0950372452698043,-0.02418076560366907,-0.07085647966613523,False,4.0,0.0,2.0,0.0,0.5
559,missense,,0.0833724467057071,-0.021432881468198148,0.10480532817390525,False,4.0,0.0,2.0,0.0,0.5
559,missense,,0.01903945780243287,-0.01258497811287108,0.03162443591530395,False,4.0,0.0,2.0,0.0,0.5
559,missense,,-0.07135345462767574,-0.007415820815841421,-0.06393763381183432,False,4.0,0.0,2.0,0.0,0.5
559,missense,,0.0005633347341056202,-0.013292266709090617,0.013855601443196237,False,4.0,0.0,2.0,0.0,0.5
559,missense,,-0.07276172466965418,-0.017661751236162718,-0.05509997343349146,False,4.0,0.0,2.0,0.0,0.5
559,synonymous,,0.014442385262640052,-0.02418076560366907,0.038623150866309124,False,4.0,1.0,2.0,0.25,0.5
559,synonymous,,-0.008989857293905994,-0.021432881468198148,0.012443024174292154,False,4.0,1.0,2.0,0.25,0.5
559,synonymous,,0.032784251882222434,-0.01258497811287108,0.04536922999509352,False,4.0,1.0,2.0,0.25,0.5
559,synonymous,,-0.0036467809738695055,-0.007415820815841421,0.003769039841971916,False,4.0,1.0,2.0,0.25,0.5
559,synonymous,,-0.07444422939246009,-0.013292266709090617,-0.061151962683369476,False,4.0,1.0,2.0,0.25,0.5
559,synonymous,,-0.05461718485019248,-0.017661751236162718,-0.03695543361402976,False,4.0,1.0,2.0,0.25,0.5
560,missense,,-0.02071668389502347,-0.02418076560366907,0.003464081708645598,False,5.0,2.0,2.0,0.4,0.4
560,missense,,0.016885270496444296,-0.021432881468198148,0.038318151964642444,False,5.0,2.0,2.0,0.4,0.4
560,missense,,0.02327993950145779,-0.01258497811287108,0.035864917614328876,False,5.0,2.0,2.0,0.4,0.4
560,missense,,0.022824522393284995,-0.007415820815841421,0.030240343209126417,False,5.0,2.0,2.0,0.4,0.4
560,missense,,-0.06377775848447337,-0.013292266709090617,-0.05048549177538275,False,5.0,2.0,2.0,0.4,0.4
560,missense,,-0.20587340255659553,-0.017661751236162718,-0.18821165132043283,False,5.0,2.0,2.0,0.4,0.4
560,synonymous,,-0.06067411640862955,-0.02418076560366907,-0.03649335080496048,False,4.0,0.0,1.0,0.0,0.25
560,synonymous,,-0.0056517458852882035,-0.021432881468198148,0.015781135582909944,False,4.0,0.0,1.0,0.0,0.25
560,synonymous,,0.0025722739572165048,-0.01258497811287108,0.015157252070087585,False,4.0,0.0,1.0,0.0,0.25
560,synonymous,,-0.007808218472015331,-0.007415820815841421,-0.00039239765617390954,False,4.0,0.0,1.0,0.0,0.25
560,synonymous,,-0.003206988763945352,-0.013292266709090617,0.010085277945145264,False,4.0,0.0,1.0,0.0,0.25
560,synonymous,,-0.0014639910182727225,-0.017661751236162718,0.016197760217889996,False,4.0,0.0,1.0,0.0,0.25
561,missense,,-0.02096060229549273,-0.02418076560366907,0.00322016330817634,False,10.0,1.0,4.0,0.1,0.4
561,missense,,-0.03386828792306583,-0.021432881468198148,-0.012435406454867681,False,10.0,1.0,4.0,0.1,0.4
561,missense,,-0.03453791732280533,-0.01258497811287108,-0.02195293920993425,False,10.0,1.0,4.0,0.1,0.4
561,missense,,-0.04760715358835696,-0.007415820815841421,-0.04019133277251554,False,10.0,1.0,4.0,0.1,0.4
561,missense,,-0.14820182616233266,-0.013292266709090617,-0.13490955945324204,False,10.0,1.0,4.0,0.1,0.4
561,missense,,-0.03979416749259726,-0.017661751236162718,-0.022132416256434542,False,10.0,1.0,4.0,0.1,0.4
561,synonymous,,0.021547202357014156,-0.02418076560366907,0.04572796796068322,False,4.0,1.0,3.0,0.25,0.75
561,synonymous,,-0.025859757985361585,-0.021432881468198148,-0.004426876517163437,False,4.0,1.0,3.0,0.25,0.75
561,synonymous,,0.0029838684419403083,-0.01258497811287108,0.015568846554811389,False,4.0,1.0,3.0,0.25,0.75
561,synonymous,,0.0072789642357938425,-0.007415820815841421,0.014694785051635264,False,4.0,1.0,3.0,0.25,0.75
561,synonymous,,-0.0400831127201467,-0.013292266709090617,-0.026790846011056087,False,4.0,1.0,3.0,0.25,0.75
561,synonymous,,0.00804721863616877,-0.017661751236162718,0.02570896987233149,False,4.0,1.0,3.0,0.25,0.75
562,missense,,-0.11250462457829496,-0.02418076560366907,-0.0883238589746259,False,2.0,0.0,2.0,0.0,1.0
562,missense,,-0.08703190561751017,-0.021432881468198148,-0.06559902414931203,False,2.0,0.0,2.0,0.0,1.0
562,missense,,0.06773736063362844,-0.01258497811287108,0.08032233874649952,False,2.0,0.0,2.0,0.0,1.0
562,missense,,-0.19301777015295063,-0.007415820815841421,-0.18560194933710922,False,2.0,0.0,2.0,0.0,1.0
562,missense,,-0.4786105874746078,-0.013292266709090617,-0.46531832076551716,False,2.0,0.0,2.0,0.0,1.0
562,missense,,-0.3218907059805165,-0.017661751236162718,-0.3042289547443538,False,2.0,0.0,2.0,0.0,1.0
562,synonymous,,0.012368056221578022,-0.02418076560366907,0.03654882182524709,False,3.0,0.0,1.0,0.0,0.3333333333333333
562,synonymous,,0.01051042631008541,-0.021432881468198148,0.03194330777828356,False,3.0,0.0,1.0,0.0,0.3333333333333333
562,synonymous,,-0.01970020464335135,-0.01258497811287108,-0.00711522653048027,False,3.0,0.0,1.0,0.0,0.3333333333333333
562,synonymous,,0.005963075939704466,-0.007415820815841421,0.013378896755545888,False,3.0,0.0,1.0,0.0,0.3333333333333333
562,synonymous,,-0.030989623295494626,-0.013292266709090617,-0.01769735658640401,False,3.0,0.0,1.0,0.0,0.3333333333333333
562,synonymous,,-0.011082895601574282,-0.017661751236162718,0.006578855634588435,False,3.0,0.0,1.0,0.0,0.3333333333333333
563,missense,,-0.001974512071290684,-0.02418076560366907,0.022206253532378387,False,3.0,0.0,0.0,0.0,0.0
563,missense,,0.009765798329027539,-0.021432881468198148,0.031198679797225688,False,3.0,0.0,0.0,0.0,0.0
563,missense,,-0.021812407968129714,-0.01258497811287108,-0.009227429855258634,False,3.0,0.0,0.0,0.0,0.0
563,missense,,-0.002462191903049336,-0.007415820815841421,0.004953628912792085,False,3.0,0.0,0.0,0.0,0.0
563,missense,,0.010128325426828556,-0.013292266709090617,0.023420592135919172,False,3.0,0.0,0.0,0.0,0.0
563,missense,,-0.009564342421648053,-0.017661751236162718,0.008097408814514664,False,3.0,0.0,0.0,0.0,0.0
563,synonymous,,0.023693877604940124,-0.02418076560366907,0.047874643208609194,False,1.0,0.0,0.0,0.0,0.0
563,synonymous,,-0.09687344394756597,-0.021432881468198148,-0.07544056247936783,False,1.0,0.0,0.0,0.0,0.0
563,synonymous,,0.029423072813314757,-0.01258497811287108,0.04200805092618584,False,1.0,0.0,0.0,0.0,0.0
563,synonymous,,0.029102836022251742,-0.007415820815841421,0.03651865683809316,False,1.0,0.0,0.0,0.0,0.0
563,synonymous,,-0.009487245789267438,-0.013292266709090617,0.0038050209198231787,False,1.0,0.0,0.0,0.0,0.0
563,synonymous,,-0.05535001071360576,-0.017661751236162718,-0.037688259477443045,False,1.0,0.0,0.0,0.0,0.0
564,missense,,-0.38996981992853824,-0.02418076560366907,-0.3657890543248692,False,1.0,0.0,0.0,0.0,0.0
564,missense,,0.0073693171421443,-0.021432881468198148,0.028802198610342448,False,1.0,0.0,0.0,0.0,0.0
564,missense,,0.2900398834647407,-0.01258497811287108,0.30262486157761176,False,1.0,0.0,0.0,0.0,0.0
564,missense,,0.02565740895738627,-0.007415820815841421,0.03307322977322769,False,1.0,0.0,0.0,0.0,0.0
564,missense,,-0.036724629831603656,-0.013292266709090617,-0.02343236312251304,False,1.0,0.0,0.0,0.0,0.0
564,missense,,-0.070262650209253,-0.017661751236162718,-0.05260089897309028,False,1.0,0.0,0.0,0.0,0.0
565,missense,,-0.04926532211430434,-0.02418076560366907,-0.025084556510635268,False,2.0,1.0,1.0,0.5,0.5
565,missense,,-0.054400358543203665,-0.021432881468198148,-0.03296747707500552,False,2.0,1.0,1.0,0.5,0.5
565,missense,,0.0131518883695287,-0.01258497811287108,0.02573686648239978,False,2.0,1.0,1.0,0.5,0.5
565,missense,,-0.16007920830047284,-0.007415820815841421,-0.15266338748463143,False,2.0,1.0,1.0,0.5,0.5
565,missense,,-0.11056524459908833,-0.013292266709090617,-0.09727297788999771,False,2.0,1.0,1.0,0.5,0.5
565,missense,,0.013194098184533452,-0.017661751236162718,0.03085584942069617,False,2.0,1.0,1.0,0.5,0.5
565,synonymous,,0.0019417701149230726,-0.02418076560366907,0.026122535718592143,False,2.0,0.0,0.0,0.0,0.0
565,synonymous,,0.006186097793880297,-0.021432881468198148,0.027618979262078444,False,2.0,0.0,0.0,0.0,0.0
565,synonymous,,-0.014551347616626176,-0.01258497811287108,-0.0019663695037550957,False,2.0,0.0,0.0,0.0,0.0
565,synonymous,,0.016921084267620456,-0.007415820815841421,0.02433690508346188,False,2.0,0.0,0.0,0.0,0.0
565,synonymous,,-0.005159297356316188,-0.013292266709090617,0.008132969352774428,False,2.0,0.0,0.0,0.0,0.0
565,synonymous,,-0.019784576781150802,-0.017661751236162718,-0.0021228255449880842,False,2.0,0.0,0.0,0.0,0.0
566,missense,,-2.0969712722249647,-0.02418076560366907,-2.0727905066212955,True,1.0,1.0,1.0,1.0,1.0
566,missense,,-2.015532826300085,-0.021432881468198148,-1.994099944831887,True,1.0,1.0,1.0,1.0,1.0
566,missense,,-1.041301107074277,-0.01258497811287108,-1.028716128961406,True,1.0,1.0,1.0,1.0,1.0
566,missense,,-1.6640793788831432,-0.007415820815841421,-1.6566635580673017,True,1.0,1.0,1.0,1.0,1.0
566,missense,,-1.8874914519335433,-0.013292266709090617,-1.8741991852244526,True,1.0,1.0,1.0,1.0,1.0
566,missense,,-0.25135200442192474,-0.017661751236162718,-0.23369025318576203,True,1.0,1.0,1.0,1.0,1.0
566,synonymous,,-0.12002410846456062,-0.02418076560366907,-0.09584334286089155,False,2.0,0.0,1.0,0.0,0.5
566,synonymous,,-0.011537634305788538,-0.021432881468198148,0.00989524716240961,False,2.0,0.0,1.0,0.0,0.5
566,synonymous,,0.04217963746001589,-0.01258497811287108,0.05476461557288698,False,2.0,0.0,1.0,0.0,0.5
566,synonymous,,0.07270115110102328,-0.007415820815841421,0.0801169719168647,False,2.0,0.0,1.0,0.0,0.5
566,synonymous,,-0.022672463923956776,-0.013292266709090617,-0.00938019721486616,False,2.0,0.0,1.0,0.0,0.5
566,synonymous,,0.0070377037212751336,-0.017661751236162718,0.02469945495743785,False,2.0,0.0,1.0,0.0,0.5
567,missense,,0.020752242933326715,-0.02418076560366907,0.044933008536995785,False,1.0,0.0,0.0,0.0,0.0
567,missense,,-0.023246042588763352,-0.021432881468198148,-0.0018131611205652043,False,1.0,0.0,0.0,0.0,0.0
567,missense,,-0.003985132844110807,-0.01258497811287108,0.008599845268760273,False,1.0,0.0,0.0,0.0,0.0
567,missense,,-0.002494732573850166,-0.007415820815841421,0.004921088241991256,False,1.0,0.0,0.0,0.0,0.0
567,missense,,-0.020478517981500615,-0.013292266709090617,-0.0071862512724099985,False,1.0,0.0,0.0,0.0,0.0
567,missense,,-0.0035725855570930124,-0.017661751236162718,0.014089165679069706,False,1.0,0.0,0.0,0.0,0.0
567,synonymous,,-0.3489292338216522,-0.02418076560366907,-0.32474846821798314,False,2.0,1.0,1.0,0.5,0.5
567,synonymous,,-0.34376814375275283,-0.021432881468198148,-0.32233526228455467,False,2.0,1.0,1.0,0.5,0.5
567,synonymous,,-0.45824314863599014,-0.01258497811287108,-0.44565817052311907,False,2.0,1.0,1.0,0.5,0.5
567,synonymous,,-0.37782140613353415,-0.007415820815841421,-0.37040558531769274,False,2.0,1.0,1.0,0.5,0.5
567,synonymous,,-0.35212514435778747,-0.013292266709090617,-0.33883287764869685,False,2.0,1.0,1.0,0.5,0.5
567,synonymous,,-0.5221318516250187,-0.017661751236162718,-0.504470100388856,False,2.0,1.0,1.0,0.5,0.5
568,missense,,-0.027923219074207507,-0.02418076560366907,-0.003742453470538438,False,3.0,0.0,1.0,0.0,0.3333333333333333
568,missense,,0.004942065419428495,-0.021432881468198148,0.026374946887626642,False,3.0,0.0,1.0,0.0,0.3333333333333333
568,missense,,0.0029981537248294603,-0.01258497811287108,0.015583131837700541,False,3.0,0.0,1.0,0.0,0.3333333333333333
568,missense,,-0.0012192174912465088,-0.007415820815841421,0.006196603324594913,False,3.0,0.0,1.0,0.0,0.3333333333333333
568,missense,,0.0013300617318708088,-0.013292266709090617,0.014622328440961426,False,3.0,0.0,1.0,0.0,0.3333333333333333
568,missense,,-0.021844586663474448,-0.017661751236162718,-0.0041828354273117305,False,3.0,0.0,1.0,0.0,0.3333333333333333
569,missense,,-0.6068149507578443,-0.02418076560366907,-0.5826341851541752,False,1.0,0.0,1.0,0.0,1.0
569,missense,,-0.7209871123139533,-0.021432881468198148,-0.6995542308457552,False,1.0,0.0,1.0,0.0,1.0
569,missense,,-0.7649110105755932,-0.01258497811287108,-0.7523260324627221,False,1.0,0.0,1.0,0.0,1.0
569,missense,,-0.8803786131832172,-0.007415820815841421,-0.8729627923673757,False,1.0,0.0,1.0,0.0,1.0
569,missense,,-0.11432699566558051,-0.013292266709090617,-0.10103472895648989,False,1.0,0.0,1.0,0.0,1.0
569,missense,,-0.16106830760769775,-0.017661751236162718,-0.14340655637153504,False,1.0,0.0,1.0,0.0,1.0
569,synonymous,,0.03282958899025511,-0.02418076560366907,0.05701035459392417,False,2.0,0.0,0.0,0.0,0.0
569,synonymous,,0.00440155588466619,-0.021432881468198148,0.025834437352864337,False,2.0,0.0,0.0,0.0,0.0
569,synonymous,,-0.009032876059756252,-0.01258497811287108,0.003552102053114828,False,2.0,0.0,0.0,0.0,0.0
569,synonymous,,-0.004576472437798923,-0.007415820815841421,0.0028393483780424986,False,2.0,0.0,0.0,0.0,0.0
569,synonymous,,-0.028162083406037302,-0.013292266709090617,-0.014869816696946685,False,2.0,0.0,0.0,0.0,0.0
569,synonymous,,0.015449175778837447,-0.017661751236162718,0.033110927015000166,False,2.0,0.0,0.0,0.0,0.0
572,synonymous,,0.029576291173191178,-0.02418076560366907,0.05375705677686025,False,1.0,0.0,0.0,0.0,0.0
572,synonymous,,-0.4561825732240918,-0.021432881468198148,-0.4347496917558936,False,1.0,0.0,0.0,0.0,0.0
572,synonymous,,0.015199527585011259,-0.01258497811287108,0.02778450569788234,False,1.0,0.0,0.0,0.0,0.0
572,synonymous,,0.004749510987891297,-0.007415820815841421,0.012165331803732717,False,1.0,0.0,0.0,0.0,0.0
572,synonymous,,-0.0017622323882196026,-0.013292266709090617,0.011530034320871014,False,1.0,0.0,0.0,0.0,0.0
572,synonymous,,-0.06227987858688646,-0.017661751236162718,-0.04461812735072374,False,1.0,0.0,0.0,0.0,0.0
575,missense,,-0.4300104843634126,-0.02418076560366907,-0.40582971875974355,False,1.0,0.0,0.0,0.0,0.0
575,missense,,-0.1868709286474386,-0.021432881468198148,-0.16543804717924043,False,1.0,0.0,0.0,0.0,0.0
575,missense,,-0.2648022856895824,-0.01258497811287108,-0.25221730757671135,False,1.0,0.0,0.0,0.0,0.0
575,missense,,-0.25793180015636136,-0.007415820815841421,-0.25051597934051995,False,1.0,0.0,0.0,0.0,0.0
575,missense,,-0.46738839962114603,-0.013292266709090617,-0.4540961329120554,False,1.0,0.0,0.0,0.0,0.0
575,missense,,-0.02407867487011963,-0.017661751236162718,-0.006416923633956913,False,1.0,0.0,0.0,0.0,0.0
575,synonymous,,-2.0466167495153536,-0.02418076560366907,-2.0224359839116843,False,1.0,0.0,0.0,0.0,0.0
575,synonymous,,-0.7138369988234026,-0.021432881468198148,-0.6924041173552045,False,1.0,0.0,0.0,0.0,0.0
575,synonymous,,0.32373229163510003,-0.01258497811287108,0.3363172697479711,False,1.0,0.0,0.0,0.0,0.0
575,synonymous,,0.004410123805160815,-0.007415820815841421,0.011825944621002237,False,1.0,0.0,0.0,0.0,0.0
575,synonymous,,0.03332832780600509,-0.013292266709090617,0.046620594515095704,False,1.0,0.0,0.0,0.0,0.0
575,synonymous,,-0.5003330739448143,-0.017661751236162718,-0.4826713227086516,False,1.0,0.0,0.0,0.0,0.0
